qid,cand,sig_gliclass,tax_uses_a_wrong_column,tax_misses_a_filter_condition,tax_joins_the_wrong_tables,tax_wrong_aggregation,tax_returns_extra_columns,tax_wrong_ordering_or_limit,tax_the_result_is_empty,tax_the_query_is_correct,sig_nli
1471,0,0.8456583,0.0006641694,0.00026154192,6.0341892e-05,0.00016647235,0.00014522087,0.00052638445,0.007943524,0.99959594,0.37856337
1471,1,0.8456583,0.0006641694,0.00026154192,6.0341892e-05,0.00016647235,0.00014522087,0.00052638445,0.007943524,0.99959594,0.37856337
1471,2,0.8866005,0.0006433793,0.00026888167,6.0070157e-05,0.00017171884,0.00015283973,0.00053933286,0.008837985,0.9995933,0.39366007
1471,3,0.8456583,0.0006641694,0.00026154192,6.0341892e-05,0.00016647235,0.00014522087,0.00052638445,0.007943524,0.99959594,0.37856337
1471,4,0.8866005,0.0006433793,0.00026888167,6.0070157e-05,0.00017171884,0.00015283973,0.00053933286,0.008837985,0.9995933,0.39366007
1471,5,0.8866005,0.0006433793,0.00026888167,6.0070157e-05,0.00017171884,0.00015283973,0.00053933286,0.008837985,0.9995933,0.39366007
1471,6,0.8866005,0.0006433793,0.00026888167,6.0070157e-05,0.00017171884,0.00015283973,0.00053933286,0.008837985,0.9995933,0.39366007
1471,7,0.8866005,0.0006433793,0.00026888167,6.0070157e-05,0.00017171884,0.00015283973,0.00053933286,0.008837985,0.9995933,0.39366007
1471,8,0.8866005,0.0006433793,0.00026888167,6.0070157e-05,0.00017171884,0.00015283973,0.00053933286,0.008837985,0.9995933,0.39366007
1472,0,0.5549751,0.00042163377,5.9486818e-05,4.7555906e-05,0.00010219056,0.00015636104,0.0004788171,0.31548157,0.9993507,0.3803405
1472,1,0.5549751,0.00042163377,5.9486818e-05,4.7555906e-05,0.00010219056,0.00015636104,0.0004788171,0.31548157,0.9993507,0.38037145
1472,2,0.5549751,0.00042163377,5.9486818e-05,4.7555906e-05,0.00010219056,0.00015636104,0.0004788171,0.31548157,0.9993507,0.38057813
1472,3,0.5549751,0.00042163377,5.9486818e-05,4.7555906e-05,0.00010219056,0.00015636104,0.0004788171,0.31548157,0.9993507,0.38057813
1472,4,0.5549751,0.00042163377,5.9486818e-05,4.7555906e-05,0.00010219056,0.00015636104,0.0004788171,0.31548157,0.9993507,0.38057813
1472,5,0.5549751,0.00042163377,5.9486818e-05,4.7555906e-05,0.00010219056,0.00015636104,0.0004788171,0.31548157,0.9993507,0.38057813
1472,6,0.5549751,0.00042163377,5.9486818e-05,4.7555906e-05,0.00010219056,0.00015636104,0.0004788171,0.31548157,0.9993507,0.38057813
1472,7,0.5549748,0.00042163377,5.9486818e-05,4.7555906e-05,0.00010219056,0.00015636104,0.0004788171,0.31548157,0.9993507,0.38035396
1472,8,0.5549748,0.00042163377,5.9486818e-05,4.7555906e-05,0.00010219056,0.00015636104,0.0004788171,0.31548157,0.9993507,0.38035396
1473,0,0.8491996,0.00032754402,6.018145e-05,3.4086133e-05,7.361521e-05,0.00019466014,0.00030917788,0.0019452326,0.9996331,0.36215866
1473,1,0.8491996,0.00032754402,6.018145e-05,3.4086133e-05,7.361521e-05,0.00019466014,0.00030917788,0.0019452326,0.9996331,0.36215866
1473,2,0.8491996,0.00032754402,6.018145e-05,3.4086133e-05,7.361521e-05,0.00019466014,0.00030917788,0.0019452326,0.9996331,0.36215866
1473,3,0.0020380395,0.04593105,0.36303177,0.00036365524,0.42496613,0.00056042866,0.20530762,0.041188054,0.000578549,0.028153377
1473,4,0.8491996,0.00032754402,6.018145e-05,3.4086133e-05,7.361521e-05,0.00019466014,0.00030917788,0.0019452326,0.9996331,0.36216486
1473,5,0.84887743,0.00031126474,5.913147e-05,3.2993183e-05,6.891524e-05,0.00018491446,0.0003078528,0.0017909406,0.99960667,0.35762957
1473,6,0.84887743,0.00031126474,5.913147e-05,3.2993183e-05,6.891524e-05,0.00018491446,0.0003078528,0.0017909406,0.99960667,0.35762957
1473,7,0.84887743,0.00031126474,5.913147e-05,3.2993183e-05,6.891524e-05,0.00018491446,0.0003078528,0.0017909406,0.99960667,0.35762957
1473,8,0.8491996,0.00032754402,6.018145e-05,3.4086133e-05,7.361521e-05,0.00019466014,0.00030917788,0.0019452326,0.9996331,0.36218366
1476,0,0.5401748,0.00032964448,5.2173797e-05,4.6049954e-05,8.502441e-05,0.00014548448,0.00036161605,0.00622374,0.9996723,0.3625696
1476,1,0.5401748,0.00032964448,5.2173797e-05,4.6049954e-05,8.502441e-05,0.00014548448,0.00036161605,0.00622374,0.9996723,0.3625696
1476,2,0.0002398037,0.07664272,0.24825028,0.009126784,0.71719134,0.00037965574,0.21170723,0.9026676,0.00014246187,0.02286434
1476,3,0.0002398037,0.07664272,0.24825028,0.009126784,0.71719134,0.00037965574,0.21170723,0.9026676,0.00014246187,0.02286434
1476,4,0.60180074,0.00038253906,6.568801e-05,5.704576e-05,0.000109987996,0.00018505062,0.00047239516,0.017213842,0.9996032,0.3612651
1476,5,0.5401748,0.00032964448,5.2173797e-05,4.6049954e-05,8.502441e-05,0.00014548448,0.00036161605,0.00622374,0.9996723,0.3625696
1476,6,0.0002398037,0.07664272,0.24825028,0.009126784,0.71719134,0.00037965574,0.21170723,0.9026676,0.00014246187,0.02286434
1476,7,0.5401748,0.00032964448,5.2173797e-05,4.6049954e-05,8.502441e-05,0.00014548448,0.00036161605,0.00622374,0.9996723,0.3625696
1476,8,0.5401748,0.00032964448,5.2173797e-05,4.6049954e-05,8.502441e-05,0.00014548448,0.00036161605,0.00622374,0.9996723,0.3625696
1479,0,0.7215922,0.0004413932,6.1799525e-05,3.2879478e-05,8.332097e-05,8.5139705e-05,0.00037357814,0.025016863,0.9995701,0.34179315
1479,1,0.7215922,0.0004413932,6.1799525e-05,3.2879478e-05,8.332097e-05,8.5139705e-05,0.00037357814,0.025016863,0.9995701,0.34178662
1479,2,0.7215922,0.0004413932,6.1799525e-05,3.2879478e-05,8.332097e-05,8.5139705e-05,0.00037357814,0.025016863,0.9995701,0.3417746
1479,3,0.55604607,0.00048125966,6.770579e-05,3.7790847e-05,9.036265e-05,0.00011160764,0.0004502173,0.005011573,0.9996024,0.34153745
1479,4,0.7215922,0.0004413932,6.1799525e-05,3.2879478e-05,8.332097e-05,8.5139705e-05,0.00037357814,0.025016863,0.9995701,0.3417746
1479,5,0.7215922,0.0004413932,6.1799525e-05,3.2879478e-05,8.332097e-05,8.5139705e-05,0.00037357814,0.025016863,0.9995701,0.3417746
1479,6,0.7416336,0.00045628438,6.1641724e-05,3.300684e-05,8.2869075e-05,8.7489156e-05,0.00038214927,0.021888167,0.9996132,0.34099802
1479,7,0.7215922,0.0004413932,6.1799525e-05,3.2879478e-05,8.332097e-05,8.5139705e-05,0.00037357814,0.025016863,0.9995701,0.3418024
1479,8,0.7416336,0.00045628438,6.1641724e-05,3.300684e-05,8.2869075e-05,8.7489156e-05,0.00038214927,0.021888167,0.9996132,0.3409301
1480,0,0.64074415,0.00028099376,2.8041599e-05,2.220517e-05,5.708189e-05,7.593734e-05,0.00022989063,0.08956007,0.9994772,0.33164665
1480,1,0.64074415,0.00028099376,2.8041599e-05,2.220517e-05,5.708189e-05,7.593734e-05,0.00022989063,0.08956007,0.9994772,0.33164665
1480,2,0.7152521,0.0003292409,3.292372e-05,2.8280347e-05,6.1680534e-05,8.292236e-05,0.00027229034,0.023606557,0.99961543,0.3304263
1480,3,0.64074415,0.00028099376,2.8041599e-05,2.220517e-05,5.708189e-05,7.593734e-05,0.00022989063,0.08956007,0.9994772,0.33164665
1480,4,0.6175421,0.00026009665,2.5062485e-05,2.3550127e-05,4.9883503e-05,7.197844e-05,0.00021892379,0.05310022,0.9994579,0.33592296
1480,5,0.6272671,0.0002605255,2.8113842e-05,2.1418235e-05,5.379401e-05,7.783977e-05,0.00022703363,0.065799624,0.9995302,0.33402768
1480,6,0.7152521,0.0003292409,3.292372e-05,2.8280347e-05,6.1680534e-05,8.292236e-05,0.00027229034,0.023606557,0.99961543,0.3304263
1480,7,0.6175421,0.00026009665,2.5062485e-05,2.3550127e-05,4.9883503e-05,7.197844e-05,0.00021892379,0.05310022,0.9994579,0.33592296
1480,8,0.6175421,0.00026009665,2.5062485e-05,2.3550127e-05,4.9883503e-05,7.197844e-05,0.00021892379,0.05310022,0.9994579,0.33592296
1481,0,0.6143711,0.00047063123,7.2526534e-05,0.00011049194,0.00011752249,0.0006906415,0.00043371043,0.0021505787,0.9988336,0.35740057
1481,1,0.6358893,0.0004096321,5.7110585e-05,0.000100918485,0.00011135176,0.0004242702,0.00037715654,0.0037947837,0.99892896,0.331605
1481,2,0.5798914,0.00031031005,6.104517e-05,9.709717e-05,0.00013503114,0.00058218156,0.00042448848,0.0043804003,0.9990433,0.4512669
1481,3,0.6651564,0.00031619324,6.192335e-05,0.00010336052,7.7257566e-05,0.0005270985,0.00035387976,0.012343307,0.9992951,0.670484
1481,4,0.59558636,0.00048138856,7.154833e-05,0.00012203092,0.0001376352,0.00051339244,0.0004195229,0.0038812195,0.99870944,0.330482
1481,5,0.6114333,0.0004404528,7.112594e-05,0.00013584035,0.00011774111,0.0005541529,0.000448685,0.0018605606,0.99909997,0.3468438
1481,6,0.60034436,0.00041216938,6.1014434e-05,9.4276606e-05,9.7842676e-05,0.0006448953,0.00038321305,0.0027788628,0.9991547,0.33825898
1481,7,0.6600226,0.00028369128,7.200164e-05,0.0001429996,0.00011499871,0.0005321811,0.0003834104,0.005322172,0.9987947,0.4578879
1481,8,0.59559757,0.0003137908,6.4492684e-05,9.922774e-05,0.0001388817,0.0006094107,0.00044222816,0.004203968,0.9990514,0.46101007
1482,0,0.6871659,0.00037162696,6.512026e-05,0.0001241691,6.777755e-05,0.00032332024,0.00037906336,0.00023464223,0.99869555,0.5690429
1482,1,0.6821246,0.0003803897,6.92676e-05,0.00012394435,7.03598e-05,0.0003190092,0.00039117085,0.00025225838,0.99863005,0.5623507
1482,2,0.67487335,0.00038014376,6.0184604e-05,0.00011812267,7.121241e-05,0.0003190667,0.0003984286,0.00024969608,0.9987218,0.47099444
1482,3,0.67487335,0.00038014376,6.0184604e-05,0.00011812267,7.121241e-05,0.0003190667,0.0003984286,0.00024969608,0.9987218,0.47099444
1482,4,0.6871659,0.00037162696,6.512026e-05,0.0001241691,6.777755e-05,0.00032332024,0.00037906336,0.00023464223,0.99869555,0.566789
1482,5,0.6871659,0.00037162696,6.512026e-05,0.0001241691,6.777755e-05,0.00032332024,0.00037906336,0.00023464223,0.99869555,0.566789
1482,6,0.6871659,0.00037162696,6.512026e-05,0.0001241691,6.777755e-05,0.00032332024,0.00037906336,0.00023464223,0.99869555,0.566789
1482,7,0.7273719,0.0003507461,6.404064e-05,5.7916317e-05,7.147808e-05,0.00035744775,0.00035428736,0.00014219397,0.99915886,0.55989754
1482,8,0.6871659,0.00037162696,6.512026e-05,0.0001241691,6.777755e-05,0.00032332024,0.00037906336,0.00023464223,0.99869555,0.566789
1483,0,0.90155554,0.00038026174,5.4717122e-05,2.4665658e-05,7.848779e-05,0.00017436534,0.00034750163,0.007178792,0.9997304,0.36151972
1483,1,0.9055743,0.00041932755,5.2981883e-05,2.6263877e-05,8.3495564e-05,0.0001933007,0.0003696532,0.013569604,0.99970454,0.35380065
1483,2,0.90155554,0.00038026174,5.4717122e-05,2.4665658e-05,7.848779e-05,0.00017436534,0.00034750163,0.007178792,0.9997304,0.36153153
1483,3,0.9129613,0.00038909723,4.4900535e-05,2.6347665e-05,8.422977e-05,0.00018524428,0.00037302848,0.015902705,0.9996742,0.35200867
1483,4,0.9055743,0.00041932755,5.2981883e-05,2.6263877e-05,8.3495564e-05,0.0001933007,0.0003696532,0.013569604,0.99970454,0.35370386
1483,5,0.9129613,0.00038909723,4.4900535e-05,2.6347665e-05,8.422977e-05,0.00018524428,0.00037302848,0.015902705,0.9996742,0.35200867
1483,6,0.9129613,0.00038909723,4.4900535e-05,2.6347665e-05,8.422977e-05,0.00018524428,0.00037302848,0.015902705,0.9996742,0.35200867
1483,7,0.89423877,0.00047897638,5.4462715e-05,2.5606578e-05,9.4558236e-05,0.00019266037,0.00042883304,0.012588452,0.9997595,0.3556718
1483,8,0.9129613,0.00038909723,4.4900535e-05,2.6347665e-05,8.422977e-05,0.00018524428,0.00037302848,0.015902705,0.9996742,0.3520467
1484,0,0.9049235,0.0004704996,0.00010395954,0.000113471644,9.844971e-05,0.002396562,0.0004299888,0.0028121006,0.9996538,0.3667557
1484,1,0.9049235,0.0004704996,0.00010395954,0.000113471644,9.844971e-05,0.002396562,0.0004299888,0.0028121006,0.9996538,0.3667557
1484,2,0.890356,0.0005555305,7.962486e-05,6.658108e-05,0.0001357299,0.0014305905,0.00060122187,0.01090081,0.9996038,0.35213557
1484,3,0.9049235,0.0004704996,0.00010395954,0.000113471644,9.844971e-05,0.002396562,0.0004299888,0.0028121006,0.9996538,0.3667557
1484,4,0.9049235,0.0004704996,0.00010395954,0.000113471644,9.844971e-05,0.002396562,0.0004299888,0.0028121006,0.9996538,0.3667557
1484,5,0.9049235,0.0004704996,0.00010395954,0.000113471644,9.844971e-05,0.002396562,0.0004299888,0.0028121006,0.9996538,0.3667557
1484,6,0.9049235,0.0004704996,0.00010395954,0.000113471644,9.844971e-05,0.002396562,0.0004299888,0.0028121006,0.9996538,0.3667557
1484,7,0.9049235,0.0004704996,0.00010395954,0.000113471644,9.844971e-05,0.002396562,0.0004299888,0.0028121006,0.9996538,0.3667557
1484,8,0.9049235,0.0004704996,0.00010395954,0.000113471644,9.844971e-05,0.002396562,0.0004299888,0.0028121006,0.9996538,0.3667557
1486,0,0.9468152,0.0006017918,0.000108439206,8.121973e-05,0.00021169978,0.0002496399,0.00083687104,0.04357143,0.9995254,0.33733425
1486,1,0.9468152,0.0006017918,0.000108439206,8.121973e-05,0.00021169978,0.0002496399,0.00083687104,0.04357143,0.9995254,0.33739975
1486,2,0.9468152,0.0006017918,0.000108439206,8.121973e-05,0.00021169978,0.0002496399,0.00083687104,0.04357143,0.9995254,0.33739975
1486,3,0.9468152,0.0006017918,0.000108439206,8.121973e-05,0.00021169978,0.0002496399,0.00083687104,0.04357143,0.9995254,0.33739975
1486,4,0.94447374,0.0005569981,0.00011386335,8.132328e-05,0.00020259908,0.00029273803,0.0008314775,0.037732273,0.99954647,0.3366063
1486,5,0.94447374,0.0005569981,0.00011386335,8.132328e-05,0.00020259908,0.00029273803,0.0008314775,0.037732273,0.99954647,0.3366063
1486,6,0.9165683,0.00056597113,0.00011792347,0.00012697194,0.00017549506,0.00022290421,0.0007446716,0.008446509,0.9995078,0.3345882
1486,7,0.9468152,0.0006017918,0.000108439206,8.121973e-05,0.00021169978,0.0002496399,0.00083687104,0.04357143,0.9995254,0.33735964
1486,8,0.9165683,0.00056597113,0.00011792347,0.00012697194,0.00017549506,0.00022290421,0.0007446716,0.008446509,0.9995078,0.3345882
1490,0,0.93669033,0.0004424708,8.829526e-05,0.00014592266,0.00011081693,0.00010952122,0.00060591084,0.6110121,0.99940443,0.49838066
1490,1,0.9482706,0.00043440473,9.360386e-05,0.00015308637,0.000110154884,0.00013379188,0.000596089,0.27697182,0.9994779,0.47540393
1490,2,0.94417316,0.0004868249,9.3818686e-05,0.000165428,0.00012365925,0.00026789884,0.0005648976,0.0039409976,0.99965525,0.37219635
1490,3,0.95037204,0.00043097843,8.899925e-05,0.00015227677,0.00011058196,0.00013134329,0.0005771044,0.3276738,0.9994832,0.4766686
1490,4,0.935396,0.00044277566,9.470054e-05,0.00015695959,0.000116830626,0.0001133289,0.00063661096,0.54575247,0.9994005,0.48462477
1490,5,0.9191189,0.00044584254,0.00011699997,7.375939e-05,0.00012988261,0.00016750717,0.0005868138,0.0019267778,0.9996842,0.3682647
1490,6,0.935396,0.00044277566,9.470054e-05,0.00015695959,0.000116830626,0.0001133289,0.00063661096,0.54575247,0.9994005,0.48462477
1490,7,0.9191189,0.00044584254,0.00011699997,7.375939e-05,0.00012988261,0.00016750717,0.0005868138,0.0019267778,0.9996842,0.3682572
1490,8,0.93669033,0.0004424708,8.829526e-05,0.00014592266,0.00011081693,0.00010952122,0.00060591084,0.6110121,0.99940443,0.49774703
1493,0,0.828664,0.00040789906,6.5838896e-05,2.1256425e-05,0.00010763493,0.00013259929,0.0003428777,0.0007668662,0.9997867,0.36213097
1493,1,0.828664,0.00040789906,6.5838896e-05,2.1256425e-05,0.00010763493,0.00013259929,0.0003428777,0.0007668662,0.9997867,0.36213097
1493,2,0.828664,0.00040789906,6.5838896e-05,2.1256425e-05,0.00010763493,0.00013259929,0.0003428777,0.0007668662,0.9997867,0.36213097
1493,3,0.828664,0.00040789906,6.5838896e-05,2.1256425e-05,0.00010763493,0.00013259929,0.0003428777,0.0007668662,0.9997867,0.36213097
1493,4,0.8286641,0.00040789906,6.5838896e-05,2.1256425e-05,0.00010763493,0.00013259929,0.0003428777,0.0007668662,0.9997867,0.36219576
1493,5,0.8286641,0.00040789906,6.5838896e-05,2.1256425e-05,0.00010763493,0.00013259929,0.0003428777,0.0007668662,0.9997867,0.36219576
1493,6,0.8286641,0.00040789906,6.5838896e-05,2.1256425e-05,0.00010763493,0.00013259929,0.0003428777,0.0007668662,0.9997867,0.36219576
1493,7,0.8286641,0.00040789906,6.5838896e-05,2.1256425e-05,0.00010763493,0.00013259929,0.0003428777,0.0007668662,0.9997867,0.36219576
1493,8,0.8286641,0.00040789906,6.5838896e-05,2.1256425e-05,0.00010763493,0.00013259929,0.0003428777,0.0007668662,0.9997867,0.36219576
1498,0,0.913809,0.00049290305,5.1224717e-05,2.194382e-05,8.9107096e-05,0.00015160265,0.00043634,0.014272781,0.9996743,0.40005282
1498,1,0.913809,0.00049290305,5.1224717e-05,2.194382e-05,8.9107096e-05,0.00015160265,0.00043634,0.014272781,0.9996743,0.3998836
1498,2,0.913809,0.00049290305,5.1224717e-05,2.194382e-05,8.9107096e-05,0.00015160265,0.00043634,0.014272781,0.9996743,0.3998836
1498,3,0.9138091,0.0004929056,5.122462e-05,2.1943863e-05,8.910726e-05,0.00015160251,0.00043633772,0.014272612,0.9996743,0.3998836
1498,4,0.9138091,0.0004929056,5.122462e-05,2.1943863e-05,8.910726e-05,0.00015160251,0.00043633772,0.014272612,0.9996743,0.3998836
1498,5,0.9138091,0.0004929056,5.122462e-05,2.1943863e-05,8.910726e-05,0.00015160251,0.00043633772,0.014272612,0.9996743,0.3998836
1498,6,0.9138091,0.0004929056,5.122462e-05,2.1943863e-05,8.910726e-05,0.00015160251,0.00043633772,0.014272612,0.9996743,0.39997706
1498,7,0.9138091,0.0004929056,5.122462e-05,2.1943863e-05,8.910726e-05,0.00015160251,0.00043633772,0.014272612,0.9996743,0.39997706
1498,8,0.9138091,0.0004929056,5.122462e-05,2.1943863e-05,8.910726e-05,0.00015160251,0.00043633772,0.014272612,0.9996743,0.39997706
1500,0,0.63579303,0.0010832972,0.00029645977,0.00015205114,0.00021215927,0.0005303773,0.001292418,5.891028e-05,0.9992797,0.32959828
1500,1,0.63579303,0.0010832972,0.00029645977,0.00015205114,0.00021215927,0.0005303773,0.001292418,5.891028e-05,0.9992797,0.32959828
1500,2,0.63579303,0.0010832972,0.00029645977,0.00015205114,0.00021215927,0.0005303773,0.001292418,5.891028e-05,0.9992797,0.32959828
1500,3,0.63579303,0.0010832972,0.00029645977,0.00015205114,0.00021215927,0.0005303773,0.001292418,5.891028e-05,0.9992797,0.32959828
1500,4,0.63579303,0.0010832972,0.00029645977,0.00015205114,0.00021215927,0.0005303773,0.001292418,5.891028e-05,0.9992797,0.32959828
1500,5,0.63579303,0.0010832972,0.00029645977,0.00015205114,0.00021215927,0.0005303773,0.001292418,5.891028e-05,0.9992797,0.32959828
1500,6,0.63579303,0.0010832972,0.00029645977,0.00015205114,0.00021215927,0.0005303773,0.001292418,5.891028e-05,0.9992797,0.32959828
1500,7,0.63579303,0.0010832972,0.00029645977,0.00015205114,0.00021215927,0.0005303773,0.001292418,5.891028e-05,0.9992797,0.32959828
1500,8,0.63579303,0.0010832972,0.00029645977,0.00015205114,0.00021215927,0.0005303773,0.001292418,5.891028e-05,0.9992797,0.32959828
1501,0,0.59678906,0.00094468385,0.00017384309,0.00018393235,0.00020402372,0.0002664596,0.0010002528,0.00011635601,0.9994006,0.3550683
1501,1,0.59678906,0.0009446862,0.00017384309,0.00018393218,0.00020402372,0.0002664596,0.0010002533,0.000116356685,0.9994006,0.3550683
1501,2,0.59678906,0.0009446862,0.00017384309,0.00018393218,0.00020402372,0.0002664596,0.0010002533,0.000116356685,0.9994006,0.3550683
1501,3,0.59678906,0.0009446862,0.00017384309,0.00018393218,0.00020402372,0.0002664596,0.0010002533,0.000116356685,0.9994006,0.35490787
1501,4,0.59678906,0.0009446862,0.00017384309,0.00018393218,0.00020402372,0.0002664596,0.0010002533,0.000116356685,0.9994006,0.35490787
1501,5,0.59678906,0.0009446862,0.00017384309,0.00018393218,0.00020402372,0.0002664596,0.0010002533,0.000116356685,0.9994006,0.35490787
1501,6,0.59678906,0.0009446862,0.00017384309,0.00018393218,0.00020402372,0.0002664596,0.0010002533,0.000116356685,0.9994006,0.35490787
1501,7,0.59678906,0.0009446862,0.00017384309,0.00018393218,0.00020402372,0.0002664596,0.0010002533,0.000116356685,0.9994006,0.35490787
1501,8,0.59678906,0.0009446862,0.00017384309,0.00018393218,0.00020402372,0.0002664596,0.0010002533,0.000116356685,0.9994006,0.35490787
1505,0,0.76192635,0.00038537744,0.00013127693,7.01309e-05,0.00011654534,0.00018310083,0.00090072723,0.0010340125,0.99949443,0.36933303
1505,1,0.79260486,0.00037697572,0.00013462962,8.283083e-05,0.00010820391,0.00019124923,0.0008648282,0.0006634163,0.99951875,0.37753916
1505,2,0.76192635,0.00038537744,0.00013127693,7.01309e-05,0.00011654534,0.00018310083,0.00090072723,0.0010340125,0.99949443,0.36933303
1505,3,0.76192635,0.00038537744,0.00013127693,7.01309e-05,0.00011654534,0.00018310083,0.00090072723,0.0010340125,0.99949443,0.36933303
1505,4,0.76192635,0.00038537744,0.00013127693,7.01309e-05,0.00011654534,0.00018310083,0.00090072723,0.0010340125,0.99949443,0.36933303
1505,5,0.79260486,0.00037697572,0.00013462962,8.283083e-05,0.00010820391,0.00019124923,0.0008648282,0.0006634163,0.99951875,0.37750387
1505,6,0.80644655,0.00038047187,0.00012990157,9.147323e-05,0.00010943759,0.00018065666,0.0008302938,0.0006409431,0.999532,0.3820142
1505,7,0.76192635,0.00038537744,0.00013127693,7.01309e-05,0.00011654534,0.00018310083,0.00090072723,0.0010340125,0.99949443,0.36935648
1505,8,0.7619252,0.00038537744,0.00013127693,7.01309e-05,0.00011654534,0.00018310083,0.00090072723,0.0010340125,0.99949443,0.36935648
1506,0,0.6634967,0.0007005639,9.889881e-05,7.970029e-05,7.828806e-05,0.00037476528,0.00038859903,2.9437739e-05,0.99961424,0.35736525
1506,1,0.6634967,0.0007005639,9.889881e-05,7.970029e-05,7.828806e-05,0.00037476528,0.00038859903,2.9437739e-05,0.99961424,0.35736525
1506,2,0.6634967,0.0007005639,9.889881e-05,7.970029e-05,7.828806e-05,0.00037476528,0.00038859903,2.9437739e-05,0.99961424,0.35736525
1506,3,0.6634967,0.0007005639,9.889881e-05,7.970029e-05,7.828806e-05,0.00037476528,0.00038859903,2.9437739e-05,0.99961424,0.35736525
1506,4,0.6634967,0.0007005639,9.889881e-05,7.970029e-05,7.828806e-05,0.00037476528,0.00038859903,2.9437739e-05,0.99961424,0.35736525
1506,5,0.6634967,0.0007005639,9.889881e-05,7.970029e-05,7.828806e-05,0.00037476528,0.00038859903,2.9437739e-05,0.99961424,0.35736525
1506,6,0.6634967,0.0007005639,9.889881e-05,7.970029e-05,7.828806e-05,0.00037476528,0.00038859903,2.9437739e-05,0.99961424,0.35736525
1506,7,0.6634967,0.0007005639,9.889881e-05,7.970029e-05,7.828806e-05,0.00037476528,0.00038859903,2.9437739e-05,0.99961424,0.35736525
1506,8,0.6634967,0.0007005639,9.889881e-05,7.970029e-05,7.828806e-05,0.00037476528,0.00038859903,2.9437739e-05,0.99961424,0.35736525
1507,0,0.371276,0.00096894527,0.00066012534,0.00022697043,0.00055811193,0.00022886906,0.0020095673,0.001333262,0.9828913,0.29894984
1507,1,0.348007,0.0008009643,0.0006472921,0.00024352963,0.000536003,0.00019937466,0.0019903395,0.0022706932,0.95136946,0.2909713
1507,2,0.348007,0.0008009643,0.0006472921,0.00024352963,0.000536003,0.00019937466,0.0019903395,0.0022706932,0.95136946,0.2909713
1507,3,0.348007,0.0008009643,0.0006472921,0.00024352963,0.000536003,0.00019937466,0.0019903395,0.0022706932,0.95136946,0.29068053
1507,4,0.348007,0.0008009643,0.0006472921,0.00024352963,0.000536003,0.00019937466,0.0019903395,0.0022706932,0.95136946,0.2906747
1507,5,0.348007,0.0008009643,0.0006472921,0.00024352963,0.000536003,0.00019937466,0.0019903395,0.0022706932,0.95136946,0.2906747
1507,6,0.34800717,0.0008009643,0.0006472921,0.00024352963,0.000536003,0.00019937466,0.0019903395,0.0022706932,0.95136946,0.2906747
1507,7,0.37127575,0.00096894527,0.00066012534,0.00022697043,0.00055811193,0.00022886906,0.0020095673,0.001333262,0.9828913,0.2989976
1507,8,0.34800717,0.0008009643,0.0006472921,0.00024352963,0.000536003,0.00019937466,0.0019903395,0.0022706932,0.95136946,0.29073295
1509,0,0.9389792,0.00032177044,8.280541e-05,8.413424e-05,9.515387e-05,0.00014218,0.00044870275,0.00028857592,0.9997129,0.39133796
1509,1,0.9389792,0.00032177044,8.280541e-05,8.413424e-05,9.515387e-05,0.00014218,0.00044870275,0.00028857592,0.9997129,0.39133796
1509,2,0.9389792,0.00032177044,8.280541e-05,8.413424e-05,9.515387e-05,0.00014218,0.00044870275,0.00028857592,0.9997129,0.39133796
1509,3,0.9389792,0.00032177044,8.280541e-05,8.413424e-05,9.515387e-05,0.00014218,0.00044870275,0.00028857592,0.9997129,0.39133796
1509,4,0.9389792,0.00032177044,8.280541e-05,8.413424e-05,9.515387e-05,0.00014218,0.00044870275,0.00028857592,0.9997129,0.39133796
1509,5,0.9389792,0.00032177044,8.280541e-05,8.413424e-05,9.515387e-05,0.00014218,0.00044870275,0.00028857592,0.9997129,0.39133796
1509,6,0.9389792,0.00032177044,8.280541e-05,8.413424e-05,9.515387e-05,0.00014218,0.00044870275,0.00028857592,0.9997129,0.39133796
1509,7,0.9389792,0.00032177044,8.280541e-05,8.413424e-05,9.515387e-05,0.00014218,0.00044870275,0.00028857592,0.9997129,0.39133796
1509,8,0.9389792,0.00032177044,8.280541e-05,8.413424e-05,9.515387e-05,0.00014218,0.00044870275,0.00028857592,0.9997129,0.39133796
1514,0,0.84653276,0.0006685189,0.00010030217,0.00010483757,0.000118008174,0.0001946774,0.000583766,0.0009715136,0.9997327,0.34470597
1514,1,0.84653276,0.0006685189,0.00010030217,0.00010483757,0.000118008174,0.0001946774,0.000583766,0.0009715136,0.9997327,0.34469953
1514,2,0.84653276,0.0006685189,0.00010030217,0.00010483757,0.000118008174,0.0001946774,0.000583766,0.0009715136,0.9997327,0.34468463
1514,3,0.84653276,0.0006685189,0.00010030217,0.00010483757,0.000118008174,0.0001946774,0.000583766,0.0009715136,0.9997327,0.34468463
1514,4,0.84653276,0.0006685189,0.00010030236,0.000104837374,0.00011800841,0.00019467795,0.0005837676,0.00097151083,0.9997327,0.34468463
1514,5,0.84653276,0.0006685189,0.00010030236,0.000104837374,0.00011800841,0.00019467795,0.0005837676,0.00097151083,0.9997327,0.34468463
1514,6,0.84653276,0.0006685189,0.00010030236,0.000104837374,0.00011800841,0.00019467795,0.0005837676,0.00097151083,0.9997327,0.34467825
1514,7,0.7954902,0.000471984,8.0059835e-05,8.7360015e-05,7.89055e-05,0.00017060936,0.00039694266,3.2942502e-05,0.99971265,0.35477898
1514,8,0.84653276,0.0006685189,0.00010030236,0.000104837374,0.00011800841,0.00019467795,0.0005837676,0.00097151083,0.9997327,0.34477183
1515,0,0.96008474,0.00062929094,0.00013905582,0.00015219518,0.00015909292,0.0002858039,0.000885912,0.0076532834,0.99965775,0.3286967
1515,1,0.96008474,0.00062929094,0.00013905582,0.00015219518,0.00015909292,0.0002858039,0.000885912,0.0076532834,0.99965775,0.3286967
1515,2,0.95391893,0.000595897,0.00014257658,0.00014942122,0.00013563248,0.00019740229,0.0008106511,0.004201735,0.9997023,0.3313072
1515,3,0.96008474,0.0006292921,0.00013905556,0.00015219563,0.00015909324,0.00028580445,0.000885912,0.0076532774,0.99965775,0.32866707
1515,4,0.95391893,0.0005958984,0.00014257642,0.00014942151,0.00013563261,0.00019740286,0.00081065303,0.0042017708,0.9997023,0.33125868
1515,5,0.95391893,0.0005958984,0.00014257642,0.00014942151,0.00013563261,0.00019740286,0.00081065303,0.0042017708,0.9997023,0.33125868
1515,6,0.96008474,0.0006292921,0.00013905556,0.00015219563,0.00015909324,0.00028580445,0.000885912,0.0076532774,0.99965775,0.32866707
1515,7,0.96008474,0.0006292921,0.00013905556,0.00015219563,0.00015909324,0.00028580445,0.000885912,0.0076532774,0.99965775,0.32866707
1515,8,0.91227454,0.00076813664,0.00012748256,0.00016581712,0.0001331954,0.00039392128,0.00070246327,9.6646836e-05,0.99952245,0.3269243
1521,0,0.85133153,0.00048295953,7.283885e-05,0.000120740566,8.866456e-05,0.00013445104,0.00035830922,0.00093092443,0.9998259,0.3583056
1521,1,0.85133153,0.00048295953,7.283885e-05,0.000120740566,8.866456e-05,0.00013445104,0.00035830922,0.00093092443,0.9998259,0.3583056
1521,2,0.85133153,0.00048295953,7.283885e-05,0.000120740566,8.866456e-05,0.00013445104,0.00035830922,0.00093092443,0.9998259,0.3583056
1521,3,0.85133153,0.00048295953,7.283885e-05,0.000120740566,8.866456e-05,0.00013445104,0.00035830922,0.00093092443,0.9998259,0.3583056
1521,4,0.85133153,0.00048295953,7.283885e-05,0.000120740566,8.866456e-05,0.00013445104,0.00035830922,0.00093092443,0.9998259,0.3583056
1521,5,0.85133153,0.00048295953,7.283885e-05,0.000120740566,8.866456e-05,0.00013445104,0.00035830922,0.00093092443,0.9998259,0.3583056
1521,6,0.85133153,0.00048295953,7.283885e-05,0.000120740566,8.866456e-05,0.00013445104,0.00035830922,0.00093092443,0.9998259,0.3583056
1521,7,0.85133153,0.00048295953,7.283885e-05,0.000120740566,8.866456e-05,0.00013445104,0.00035830922,0.00093092443,0.9998259,0.3583056
1521,8,0.85133153,0.00048295953,7.283885e-05,0.000120740566,8.866456e-05,0.00013445104,0.00035830922,0.00093092443,0.9998259,0.3583056
1524,0,0.965144,0.0004553732,9.016511e-05,0.00010652096,0.00010623459,0.00014524303,0.00059248746,0.0017949577,0.9997199,0.335204
1524,1,0.96951085,0.00050985295,9.2093425e-05,0.00010804182,9.671128e-05,0.00015821926,0.0005445788,0.0024841193,0.99972135,0.33716854
1524,2,0.96951085,0.00050985295,9.2093425e-05,0.00010804182,9.671128e-05,0.00015821926,0.0005445788,0.0024841193,0.99972135,0.33716854
1524,3,0.96951085,0.00050985295,9.2093425e-05,0.00010804182,9.671128e-05,0.00015821926,0.0005445788,0.0024841193,0.99972135,0.33716854
1524,4,0.965144,0.00045537122,9.016553e-05,0.00010652096,0.00010623479,0.0001452433,0.0005924905,0.0017950005,0.9997199,0.33522794
1524,5,0.96951085,0.00050985295,9.2093425e-05,0.00010804182,9.671128e-05,0.00015821926,0.0005445788,0.0024841193,0.99972135,0.33716854
1524,6,0.965144,0.00045537122,9.016553e-05,0.00010652096,0.00010623479,0.0001452433,0.0005924905,0.0017950005,0.9997199,0.3352622
1524,7,0.9425907,0.00048805945,7.3121955e-05,8.407377e-05,0.00011522318,0.000109186076,0.0004993163,0.012627054,0.9996319,0.33436814
1524,8,0.965144,0.00045537122,9.016553e-05,0.00010652096,0.00010623479,0.0001452433,0.0005924905,0.0017950005,0.9997199,0.3352622
1525,0,0.7449425,0.0005999054,8.439234e-05,0.00015268402,0.00013731745,0.00024123464,0.00037908865,0.004681105,0.9995709,0.34061792
1525,1,0.77548546,0.0007088775,0.00010546547,0.00011796599,0.0001651207,0.00021476546,0.00045399732,0.004907913,0.99960905,0.3393501
1525,2,0.7531366,0.00057628955,9.0323956e-05,0.00017881028,0.00013163002,0.00019096532,0.00050075905,0.005239095,0.99952924,0.34136418
1525,3,0.7449425,0.0005999054,8.439234e-05,0.00015268402,0.00013731745,0.00024123464,0.00037908865,0.004681105,0.9995709,0.34064138
1525,4,0.7531366,0.00057628955,9.0323956e-05,0.00017881028,0.00013163002,0.00019096532,0.00050075905,0.005239095,0.99952924,0.34130892
1525,5,0.72041607,0.0006222448,8.666907e-05,0.00015931517,0.00013543435,0.00025795156,0.00038788322,0.002225024,0.99960667,0.33959147
1525,6,0.7449425,0.0005999054,8.439234e-05,0.00015268402,0.00013731745,0.00024123464,0.00037908865,0.004681105,0.9995709,0.34064138
1525,7,0.7449425,0.0005999054,8.439234e-05,0.00015268402,0.00013731745,0.00024123464,0.00037908865,0.004681105,0.9995709,0.34064138
1525,8,0.7449425,0.0005999054,8.439234e-05,0.00015268402,0.00013731745,0.00024123464,0.00037908865,0.004681105,0.9995709,0.34056354
1526,0,0.3545251,0.00057959376,7.841994e-05,0.0001329666,0.0002681283,0.00015597566,0.00056800497,0.12602916,0.99873334,0.32836697
1526,1,0.3333452,0.0014989668,0.0002818827,9.5723124e-05,0.0010601662,0.00015100594,0.0018878739,0.9990332,0.96617115,0.3218474
1526,2,0.37252066,0.00084125675,0.00015404004,0.0001354921,0.00055017124,0.0003425495,0.0011063742,0.010422321,0.99936754,0.33419275
1526,3,0.34761846,0.0006929979,0.00013924131,0.000121574805,0.0004039041,0.00032881612,0.0011845507,0.04999401,0.99890184,0.3320039
1526,4,0.35125855,0.0006271447,8.027939e-05,0.00014259058,0.00028257206,0.00014459796,0.00057814934,0.2455053,0.9983852,0.3261167
1526,5,0.3763512,0.00079262373,0.000120225755,0.00011139392,0.00047201416,0.00027494022,0.0009163019,0.021593073,0.9992586,0.3327821
1526,6,0.3914821,0.00072504545,0.000151952,0.00013177758,0.0004372119,0.00026727072,0.0010012959,0.016772967,0.9992072,0.3320911
1526,7,0.33338296,0.0015767721,0.00036310236,0.00024276348,0.0010144322,0.000106033796,0.0020946458,0.99869007,0.8478243,0.27967265
1526,8,0.33317116,0.0013734238,0.00021055194,0.00010169595,0.0008631426,0.0001403141,0.0014242566,0.99908197,0.96637005,0.31307486
1528,0,0.38199666,0.000774448,0.00026300226,7.844679e-05,0.00034718905,0.00013758207,0.0014679884,0.04729319,0.99539584,0.33252716
1528,1,0.38199666,0.000774448,0.00026300226,7.844679e-05,0.00034718905,0.00013758207,0.0014679884,0.04729319,0.99539584,0.332513
1528,2,0.38199666,0.000774448,0.00026300226,7.844679e-05,0.00034718905,0.00013758207,0.0014679884,0.04729319,0.99539584,0.332513
1528,3,0.38199666,0.000774448,0.00026300226,7.844679e-05,0.00034718905,0.00013758207,0.0014679884,0.04729319,0.99539584,0.332513
1528,4,0.38199666,0.000774448,0.00026300226,7.844679e-05,0.00034718905,0.00013758207,0.0014679884,0.04729319,0.99539584,0.332513
1528,5,0.38199666,0.000774448,0.00026300226,7.844679e-05,0.00034718905,0.00013758207,0.0014679884,0.04729319,0.99539584,0.332513
1528,6,0.38199666,0.000774448,0.00026300226,7.844679e-05,0.00034718905,0.00013758207,0.0014679884,0.04729319,0.99539584,0.3325251
1528,7,0.38199666,0.000774448,0.00026300226,7.844679e-05,0.00034718905,0.00013758207,0.0014679884,0.04729319,0.99539584,0.3325251
1528,8,0.38199666,0.000774448,0.00026300226,7.844679e-05,0.00034718905,0.00013758207,0.0014679884,0.04729319,0.99539584,0.3325251
1529,0,0.78444856,0.0006735647,0.00019295432,5.8089554e-05,0.00016077254,0.00032313258,0.0007284679,0.0040193903,0.9996087,0.33811322
1529,1,0.78444856,0.0006735647,0.00019295432,5.8089554e-05,0.00016077254,0.00032313258,0.0007284679,0.0040193903,0.9996087,0.33811322
1529,2,0.7760034,0.00069347356,0.00019620548,5.643186e-05,0.00016363329,0.00031462958,0.0007326919,0.0039269174,0.99959964,0.33797762
1529,3,0.67876023,0.0006050608,0.00017089803,5.5815737e-05,0.00016951609,0.00025583588,0.00073800044,0.0010547407,0.9996401,0.33345473
1529,4,0.78444856,0.0006735647,0.00019295432,5.8089554e-05,0.00016077254,0.00032313258,0.0007284679,0.0040193903,0.9996087,0.33809504
1529,5,0.78444856,0.0006735647,0.00019295432,5.8089554e-05,0.00016077254,0.00032313258,0.0007284679,0.0040193903,0.9996087,0.33809504
1529,6,0.78444856,0.0006735647,0.00019295432,5.8089554e-05,0.00016077254,0.00032313258,0.0007284679,0.0040193903,0.9996087,0.33809504
1529,7,0.68310636,0.0005915629,0.00016523503,5.418716e-05,0.00016962702,0.00024897934,0.0007115622,0.0010376825,0.9996524,0.33448264
1529,8,0.8977008,0.0006469492,0.00019409246,7.095475e-05,0.0001610988,0.00025843998,0.00072204665,0.002885402,0.9996835,0.34266642
1531,0,0.8650327,0.0004927774,9.879729e-05,0.0001377317,7.441927e-05,0.00026910278,0.00018973659,0.0002402039,0.9997255,0.34847403
1531,1,0.8650327,0.0004927774,9.879729e-05,0.0001377317,7.441927e-05,0.00026910278,0.00018973659,0.0002402039,0.9997255,0.34847403
1531,2,0.8668633,0.00048270455,9.8768935e-05,0.00013621598,7.402427e-05,0.00026266795,0.00018869739,0.00023537873,0.9997303,0.34803784
1531,3,0.8650327,0.0004927774,9.879729e-05,0.0001377317,7.441927e-05,0.00026910278,0.00018973659,0.0002402039,0.9997255,0.34847403
1531,4,0.8650327,0.0004927774,9.879729e-05,0.0001377317,7.441927e-05,0.00026910278,0.00018973659,0.0002402039,0.9997255,0.34847403
1531,5,0.8650327,0.0004927774,9.879729e-05,0.0001377317,7.441927e-05,0.00026910278,0.00018973659,0.0002402039,0.9997255,0.34847403
1531,6,0.8668633,0.00048270455,9.8768935e-05,0.00013621598,7.402427e-05,0.00026266795,0.00018869739,0.00023537873,0.9997303,0.34803784
1531,7,0.8650327,0.0004927774,9.879729e-05,0.0001377317,7.441927e-05,0.00026910278,0.00018973659,0.0002402039,0.9997255,0.34847403
1531,8,0.8650327,0.0004927774,9.879729e-05,0.0001377317,7.441927e-05,0.00026910278,0.00018973659,0.0002402039,0.9997255,0.34847403
1533,0,0.4119871,0.00043211793,8.951529e-05,8.645066e-05,8.505531e-05,0.0005291664,0.0006837793,2.1025222e-05,0.99948335,0.33191192
1533,1,0.4119871,0.00043211793,8.951529e-05,8.645066e-05,8.505531e-05,0.0005291664,0.0006837793,2.1025222e-05,0.99948335,0.33185762
1533,2,0.41786408,0.0004564947,8.2114144e-05,7.710308e-05,7.407045e-05,0.00052253425,0.0006441137,2.2380476e-05,0.99951553,0.32961008
1533,3,0.4061068,0.00045480992,8.69502e-05,8.815358e-05,8.060825e-05,0.0005468493,0.0006414161,2.1327698e-05,0.9994487,0.3300015
1533,4,0.46466175,0.0004938312,0.00010116003,8.250542e-05,9.8764416e-05,0.0009007436,0.0006588981,1.8874664e-05,0.9995969,0.33170122
1533,5,0.41786408,0.0004564947,8.2114144e-05,7.710308e-05,7.407045e-05,0.00052253425,0.0006441137,2.2380476e-05,0.99951553,0.32955495
1533,6,0.41786408,0.0004564947,8.2114144e-05,7.710308e-05,7.407045e-05,0.00052253425,0.0006441137,2.2380476e-05,0.99951553,0.32962444
1533,7,0.4061068,0.00045480992,8.69502e-05,8.815358e-05,8.060825e-05,0.0005468493,0.0006414161,2.1327698e-05,0.9994487,0.32988432
1533,8,0.41786408,0.0004564947,8.2114144e-05,7.710308e-05,7.407045e-05,0.00052253425,0.0006441137,2.2380476e-05,0.99951553,0.32962444
1312,0,0.93591577,0.00058350037,9.581711e-05,0.00017164942,0.0001169034,0.00015397088,0.0006002683,0.0022630966,0.9998202,0.35568488
1312,1,0.93591577,0.00058350037,9.581711e-05,0.00017164942,0.0001169034,0.00015397088,0.0006002683,0.0022630966,0.9998202,0.35568488
1312,2,0.93591577,0.00058350037,9.581711e-05,0.00017164942,0.0001169034,0.00015397088,0.0006002683,0.0022630966,0.9998202,0.35580683
1312,3,0.93591577,0.00058350037,9.581711e-05,0.00017164942,0.0001169034,0.00015397088,0.0006002683,0.0022630966,0.9998202,0.35580683
1312,4,0.93591577,0.00058350037,9.581711e-05,0.00017164942,0.0001169034,0.00015397088,0.0006002683,0.0022630966,0.9998202,0.35580683
1312,5,0.93591577,0.00058350037,9.581711e-05,0.00017164942,0.0001169034,0.00015397088,0.0006002683,0.0022630966,0.9998202,0.35580683
1312,6,0.93591577,0.00058350037,9.581711e-05,0.00017164942,0.0001169034,0.00015397088,0.0006002683,0.0022630966,0.9998202,0.35580683
1312,7,0.93591577,0.00058350037,9.581711e-05,0.00017164942,0.0001169034,0.00015397088,0.0006002683,0.0022630966,0.9998202,0.35580015
1312,8,0.93591577,0.00058350037,9.581711e-05,0.00017164942,0.0001169034,0.00015397088,0.0006002683,0.0022630966,0.9998202,0.35575962
1317,0,0.7399439,0.0006578828,0.00017339214,0.00012634776,0.00013175911,0.000199284,0.0008333761,0.0019966166,0.99965274,0.3645419
1317,1,0.7399439,0.0006578828,0.00017339214,0.00012634776,0.00013175911,0.000199284,0.0008333761,0.0019966166,0.99965274,0.3645419
1317,2,0.7399439,0.0006578828,0.00017339214,0.00012634776,0.00013175911,0.000199284,0.0008333761,0.0019966166,0.99965274,0.3645419
1317,3,0.7399439,0.0006578828,0.00017339214,0.00012634776,0.00013175911,0.000199284,0.0008333761,0.0019966166,0.99965274,0.3645419
1317,4,0.7399439,0.0006578828,0.00017339214,0.00012634776,0.00013175911,0.000199284,0.0008333761,0.0019966166,0.99965274,0.3645419
1317,5,0.7399439,0.0006578828,0.00017339214,0.00012634776,0.00013175911,0.000199284,0.0008333761,0.0019966166,0.99965274,0.3645419
1317,6,0.7399439,0.0006578828,0.00017339214,0.00012634776,0.00013175911,0.000199284,0.0008333761,0.0019966166,0.99965274,0.3645419
1317,7,0.7399439,0.0006578828,0.00017339214,0.00012634776,0.00013175911,0.000199284,0.0008333761,0.0019966166,0.99965274,0.3645419
1317,8,0.7399439,0.0006578828,0.00017339214,0.00012634776,0.00013175911,0.000199284,0.0008333761,0.0019966166,0.99965274,0.3645419
1322,0,0.88457316,0.0005230817,0.00013224775,9.646812e-05,0.00013353265,0.0003590009,0.0010118517,0.0015094847,0.99948525,0.34600773
1322,1,0.88457316,0.0005230817,0.00013224775,9.646812e-05,0.00013353265,0.0003590009,0.0010118517,0.0015094847,0.99948525,0.34600773
1322,2,0.88457316,0.0005230817,0.00013224775,9.646812e-05,0.00013353265,0.0003590009,0.0010118517,0.0015094847,0.99948525,0.34600773
1322,3,0.8906655,0.0005437207,0.00014172602,9.694655e-05,0.00012743955,0.00038310932,0.00093703775,0.0019209381,0.99940646,0.34635496
1322,4,0.7549334,0.00055765174,0.00010798921,0.0001042676,0.00010791808,0.0003056795,0.00084072544,0.0005273442,0.9995246,0.37233225
1322,5,0.88457316,0.0005230817,0.00013224775,9.646812e-05,0.00013353265,0.0003590009,0.0010118517,0.0015094847,0.99948525,0.34600052
1322,6,0.8758881,0.0005529486,0.00014416319,0.00010043559,0.00013141394,0.00052557787,0.0010152318,0.0023369696,0.99943286,0.348832
1322,7,0.88457316,0.0005230817,0.00013224775,9.646812e-05,0.00013353265,0.0003590009,0.0010118517,0.0015094847,0.99948525,0.3461037
1322,8,0.8758881,0.0005529486,0.00014416319,0.00010043559,0.00013141394,0.00052557787,0.0010152318,0.0023369696,0.99943286,0.348832
1323,0,0.72017384,0.0005427134,9.9287936e-05,0.00030526394,0.00013044973,0.0010859754,0.0011391937,5.206505e-05,0.99969685,0.49762344
1323,1,0.72017384,0.0005427134,9.9287936e-05,0.00030526394,0.00013044973,0.0010859754,0.0011391937,5.206505e-05,0.99969685,0.497637
1323,2,0.72017384,0.0005427134,9.9287936e-05,0.00030526394,0.00013044973,0.0010859754,0.0011391937,5.206505e-05,0.99969685,0.49770108
1323,3,0.72017384,0.0005427134,9.9287936e-05,0.00030526394,0.00013044973,0.0010859754,0.0011391937,5.206505e-05,0.99969685,0.49770108
1323,4,0.7430276,0.00039468642,7.758108e-05,0.00024731114,0.000102293125,0.0008352423,0.0006823104,4.5181918e-05,0.9997459,0.5162144
1323,5,0.72017384,0.0005427134,9.9287936e-05,0.00030526394,0.00013044973,0.0010859754,0.0011391937,5.206505e-05,0.99969685,0.49770108
1323,6,0.74974704,0.00048547037,0.00010110401,0.0002989997,0.00012487893,0.0009919925,0.0009919377,5.225925e-05,0.9997241,0.5063934
1323,7,0.72017384,0.0005427134,9.9287936e-05,0.00030526394,0.00013044973,0.0010859754,0.0011391937,5.206505e-05,0.99969685,0.49770108
1323,8,0.7430276,0.00039468642,7.758108e-05,0.00024731114,0.000102293125,0.0008352423,0.0006823104,4.5181918e-05,0.9997459,0.5162144
1331,0,0.937746,0.0003969264,0.00011751879,7.344804e-05,8.809434e-05,0.000110588706,0.00051966583,0.0077390927,0.99954885,0.3420101
1331,1,0.937746,0.0003969264,0.00011751879,7.344804e-05,8.809434e-05,0.000110588706,0.00051966583,0.0077390927,0.99954885,0.3420101
1331,2,0.937746,0.0003969264,0.00011751879,7.344804e-05,8.809434e-05,0.000110588706,0.00051966583,0.0077390927,0.99954885,0.3420101
1331,3,0.937746,0.0003969264,0.00011751879,7.344804e-05,8.809434e-05,0.000110588706,0.00051966583,0.0077390927,0.99954885,0.3419815
1331,4,0.937746,0.0003969264,0.00011751879,7.344804e-05,8.809434e-05,0.000110588706,0.00051966583,0.0077390927,0.99954885,0.34201849
1331,5,0.937746,0.0003969264,0.00011751879,7.344804e-05,8.809434e-05,0.000110588706,0.00051966583,0.0077390927,0.99954885,0.34201849
1331,6,0.937746,0.0003969264,0.00011751879,7.344804e-05,8.809434e-05,0.000110588706,0.00051966583,0.0077390927,0.99954885,0.34201849
1331,7,0.937746,0.0003969264,0.00011751879,7.344804e-05,8.809434e-05,0.000110588706,0.00051966583,0.0077390927,0.99954885,0.34201849
1331,8,0.937746,0.0003969264,0.00011751879,7.344804e-05,8.809434e-05,0.000110588706,0.00051966583,0.0077390927,0.99954885,0.34202564
1334,0,0.76160216,0.00064458686,0.00023634302,0.00020497915,0.00012304878,0.00035519578,0.00086426595,4.68287e-05,0.9995215,0.39171162
1334,1,0.76160216,0.00064458686,0.00023634302,0.00020497915,0.00012304878,0.00035519578,0.00086426595,4.68287e-05,0.9995215,0.39171162
1334,2,0.72918564,0.0005994496,0.00017614568,0.00016058363,0.0001574187,0.00032503586,0.0010475498,3.609826e-05,0.9996426,0.35766578
1334,3,0.76160216,0.00064458686,0.00023634302,0.00020497915,0.00012304878,0.00035519578,0.00086426595,4.68287e-05,0.9995215,0.39171162
1334,4,0.76160216,0.00064458686,0.00023634302,0.00020497915,0.00012304878,0.00035519578,0.00086426595,4.68287e-05,0.9995215,0.39171162
1334,5,0.72918564,0.0005994496,0.00017614568,0.00016058363,0.0001574187,0.00032503586,0.0010475498,3.609826e-05,0.9996426,0.35770616
1334,6,0.76160216,0.00064458686,0.00023634302,0.00020497915,0.00012304878,0.00035519578,0.00086426595,4.68287e-05,0.9995215,0.3920242
1334,7,0.76160216,0.00064458686,0.00023634302,0.00020497915,0.00012304878,0.00035519578,0.00086426595,4.68287e-05,0.9995215,0.3920242
1334,8,0.76160216,0.00064458686,0.00023634302,0.00020497915,0.00012304878,0.00035519578,0.00086426595,4.68287e-05,0.9995215,0.3920242
1338,0,0.46040034,0.0020069422,0.0021235552,0.00061816524,0.0016538281,7.7561475e-05,0.0027172666,0.99868387,0.5519553,0.33430538
1338,1,0.3478533,0.0013061283,0.00030200556,0.00023680273,0.0006472141,0.00011492943,0.0016844133,0.99874866,0.9832328,0.33663967
1338,2,0.46040034,0.0020069422,0.0021235552,0.00061816524,0.0016538281,7.7561475e-05,0.0027172666,0.99868387,0.5519553,0.33431277
1338,3,0.34730732,0.0015235585,0.0004230818,0.00026896628,0.001011881,8.4536754e-05,0.0017716173,0.9987363,0.954586,0.332402
1338,4,0.33541036,0.0016674092,0.0010555983,0.00044775358,0.0011988316,7.874734e-05,0.0018033638,0.99808085,0.68380255,0.32951492
1338,5,0.33541036,0.0016674092,0.0010555983,0.00044775358,0.0011988316,7.874734e-05,0.0018033638,0.99808085,0.68380255,0.32951492
1338,6,0.33541036,0.0016674092,0.0010555983,0.00044775358,0.0011988316,7.874734e-05,0.0018033638,0.99808085,0.68380255,0.32948717
1338,7,0.35184836,0.0012105089,0.00043281462,0.000279018,0.0006889458,7.3650175e-05,0.0016208006,0.9985587,0.96109605,0.33780697
1338,8,0.00059735944,0.016730774,0.49375907,0.011386126,0.2804624,0.00048790593,0.4009952,0.05869257,0.0005885429,0.1307014
1339,0,0.8903771,0.00039602912,5.130729e-05,5.880139e-05,8.888551e-05,0.0001472348,0.000435162,0.004021397,0.9996215,0.3048682
1339,1,0.8903771,0.00039602912,5.130729e-05,5.880139e-05,8.888551e-05,0.0001472348,0.000435162,0.004021397,0.9996215,0.3048682
1339,2,0.8903771,0.00039602912,5.130729e-05,5.880139e-05,8.888551e-05,0.0001472348,0.000435162,0.004021397,0.9996215,0.3048682
1339,3,0.8903771,0.00039602912,5.130729e-05,5.880139e-05,8.888551e-05,0.0001472348,0.000435162,0.004021397,0.9996215,0.3047971
1339,4,0.8957985,0.00038606397,5.493357e-05,5.9949805e-05,9.069829e-05,0.00016085074,0.0004635341,0.005753824,0.9996106,0.32175872
1339,5,0.8903771,0.00039602912,5.130729e-05,5.880139e-05,8.888551e-05,0.0001472348,0.000435162,0.004021397,0.9996215,0.3047971
1339,6,0.8957985,0.00038606397,5.493357e-05,5.9949805e-05,9.069829e-05,0.00016085074,0.0004635341,0.005753824,0.9996106,0.32175872
1339,7,0.8903771,0.00039602912,5.130729e-05,5.880139e-05,8.888551e-05,0.0001472348,0.000435162,0.004021397,0.9996215,0.3047971
1339,8,0.8884453,0.00037433158,5.12954e-05,5.832263e-05,8.89402e-05,0.0001484313,0.00043254156,0.00433318,0.9996233,0.30870086
1340,0,0.8312643,0.00041874836,5.9800557e-05,5.5597615e-05,8.716969e-05,0.00018283809,0.00031307695,0.041443583,0.99912256,0.36103705
1340,1,0.81484956,0.00045527576,7.747365e-05,4.57154e-05,0.00010652867,0.0002173854,0.0005114048,0.030950544,0.99935836,0.3494041
1340,2,0.80869836,0.0004348572,7.09191e-05,6.407461e-05,9.732483e-05,0.00018628934,0.00036973815,0.025016349,0.99898094,0.3464601
1340,3,0.80869836,0.0004348572,7.09191e-05,6.407461e-05,9.732483e-05,0.00018628934,0.00036973815,0.025016349,0.99898094,0.3464601
1340,4,0.81484956,0.00045527576,7.747365e-05,4.57154e-05,0.00010652867,0.0002173854,0.0005114048,0.030950544,0.99935836,0.3494041
1340,5,0.88520837,0.00040800677,7.734927e-05,6.0981747e-05,9.116863e-05,0.00019634304,0.00043557616,0.015624788,0.9993311,0.35423282
1340,6,0.82410455,0.0004555423,7.4686235e-05,3.8763403e-05,9.8236545e-05,0.00022691244,0.00055453595,0.028174985,0.9993698,0.3636136
1340,7,0.80869836,0.0004348572,7.09191e-05,6.407461e-05,9.732483e-05,0.00018628934,0.00036973815,0.025016349,0.99898094,0.3464601
1340,8,0.8320093,0.00043141266,6.9704925e-05,5.3787087e-05,9.396696e-05,0.00024998648,0.00053881283,0.028585825,0.9993956,0.36411726
1344,0,0.9740274,0.0004357967,0.00011400568,7.362222e-05,0.00013331891,0.00017491936,0.00056891446,0.0010442472,0.9998265,0.35249314
1344,1,0.9740274,0.0004357967,0.00011400568,7.362222e-05,0.00013331891,0.00017491936,0.00056891446,0.0010442472,0.9998265,0.35230613
1344,2,0.9740274,0.0004357967,0.00011400568,7.362222e-05,0.00013331891,0.00017491936,0.00056891446,0.0010442472,0.9998265,0.35230613
1344,3,0.9740274,0.0004357967,0.00011400568,7.362222e-05,0.00013331891,0.00017491936,0.00056891446,0.0010442472,0.9998265,0.35230613
1344,4,0.9740274,0.0004357967,0.00011400568,7.362222e-05,0.00013331891,0.00017491936,0.00056891446,0.0010442472,0.9998265,0.35230613
1344,5,0.9740274,0.0004357967,0.00011400568,7.362222e-05,0.00013331891,0.00017491936,0.00056891446,0.0010442472,0.9998265,0.35230613
1344,6,0.9740274,0.0004357967,0.00011400568,7.362222e-05,0.00013331891,0.00017491936,0.00056891446,0.0010442472,0.9998265,0.35230613
1344,7,0.9740274,0.0004357967,0.00011400568,7.362222e-05,0.00013331891,0.00017491936,0.00056891446,0.0010442472,0.9998265,0.35230613
1344,8,0.9740274,0.0004357967,0.00011400568,7.362222e-05,0.00013331891,0.00017491936,0.00056891446,0.0010442472,0.9998265,0.35230613
1346,0,0.9635234,0.0004592177,0.00010387748,4.502334e-05,8.8502115e-05,0.00013025198,0.00050138216,6.307052e-05,0.99982977,0.35105407
1346,1,0.9635234,0.0004592177,0.00010387748,4.502334e-05,8.8502115e-05,0.00013025198,0.00050138216,6.307052e-05,0.99982977,0.35105407
1346,2,0.9635234,0.0004592177,0.00010387748,4.502334e-05,8.8502115e-05,0.00013025198,0.00050138216,6.307052e-05,0.99982977,0.35105407
1346,3,0.9635234,0.0004592177,0.00010387748,4.502334e-05,8.8502115e-05,0.00013025198,0.00050138216,6.307052e-05,0.99982977,0.35071573
1346,4,0.9635234,0.0004592177,0.00010387748,4.502334e-05,8.8502115e-05,0.00013025198,0.00050138216,6.307052e-05,0.99982977,0.35071573
1346,5,0.9635234,0.0004592177,0.00010387748,4.502334e-05,8.8502115e-05,0.00013025198,0.00050138216,6.307052e-05,0.99982977,0.35071573
1346,6,0.9635234,0.0004592177,0.00010387748,4.502334e-05,8.8502115e-05,0.00013025198,0.00050138216,6.307052e-05,0.99982977,0.35071573
1346,7,0.9635234,0.0004592177,0.00010387748,4.502334e-05,8.8502115e-05,0.00013025198,0.00050138216,6.307052e-05,0.99982977,0.35071573
1346,8,0.9635234,0.0004592177,0.00010387748,4.502334e-05,8.8502115e-05,0.00013025198,0.00050138216,6.307052e-05,0.99982977,0.35086098
1350,0,0.33329538,0.0016842865,0.0007897061,0.0003999925,0.0006825338,0.00012615383,0.0019836957,0.99947685,0.9120368,0.02121471
1350,1,0.33329538,0.0016842865,0.0007897061,0.0003999925,0.0006825338,0.00012615383,0.0019836957,0.99947685,0.9120368,0.02121471
1350,2,0.33329538,0.0016842865,0.0007897061,0.0003999925,0.0006825338,0.00012615383,0.0019836957,0.99947685,0.9120368,0.02121471
1350,3,0.33329538,0.0016842865,0.0007897061,0.0003999925,0.0006825338,0.00012615383,0.0019836957,0.99947685,0.9120368,0.02121471
1350,4,0.33329538,0.0016842865,0.0007897061,0.0003999925,0.0006825338,0.00012615383,0.0019836957,0.99947685,0.9120368,0.02121471
1350,5,0.33329538,0.0016842865,0.0007897061,0.0003999925,0.0006825338,0.00012615383,0.0019836957,0.99947685,0.9120368,0.02121471
1350,6,0.33329538,0.0016842865,0.0007897061,0.0003999925,0.0006825338,0.00012615383,0.0019836957,0.99947685,0.9120368,0.02121471
1350,7,0.33329538,0.0016842865,0.0007897061,0.0003999925,0.0006825338,0.00012615383,0.0019836957,0.99947685,0.9120368,0.02121471
1350,8,0.33329538,0.0016842865,0.0007897061,0.0003999925,0.0006825338,0.00012615383,0.0019836957,0.99947685,0.9120368,0.02121471
1351,0,0.89723283,0.00048540745,6.9194844e-05,0.00013771713,7.2396484e-05,0.00014150012,0.0003853389,0.00020378128,0.99986136,0.3440967
1351,1,0.89723283,0.00048540745,6.9194844e-05,0.00013771713,7.2396484e-05,0.00014150012,0.0003853389,0.00020378128,0.99986136,0.34399438
1351,2,0.89723283,0.00048540745,6.9194844e-05,0.00013771713,7.2396484e-05,0.00014150012,0.0003853389,0.00020378128,0.99986136,0.34399438
1351,3,0.89723283,0.00048540745,6.9194844e-05,0.00013771713,7.2396484e-05,0.00014150012,0.0003853389,0.00020378128,0.99986136,0.34399438
1351,4,0.89723283,0.00048540745,6.9194844e-05,0.00013771713,7.2396484e-05,0.00014150012,0.0003853389,0.00020378128,0.99986136,0.34399438
1351,5,0.89723283,0.00048540745,6.9194844e-05,0.00013771713,7.2396484e-05,0.00014150012,0.0003853389,0.00020378128,0.99986136,0.34399438
1351,6,0.89723283,0.00048540745,6.9194844e-05,0.00013771713,7.2396484e-05,0.00014150012,0.0003853389,0.00020378128,0.99986136,0.34411657
1351,7,0.89723283,0.00048540745,6.9194844e-05,0.00013771713,7.2396484e-05,0.00014150012,0.0003853389,0.00020378128,0.99986136,0.34411657
1351,8,0.89723283,0.00048540745,6.9194844e-05,0.00013771713,7.2396484e-05,0.00014150012,0.0003853389,0.00020378128,0.99986136,0.34411657
1352,0,0.92475986,0.0006092425,9.649737e-05,0.00011099164,0.000100723795,7.497345e-05,0.00072747853,0.33254504,0.9995523,0.3533381
1352,1,0.9202576,0.0006087866,9.4287396e-05,0.00011153061,0.00010362134,7.507347e-05,0.0007462231,0.29674438,0.9995472,0.353978
1352,2,0.92475986,0.0006092425,9.649737e-05,0.00011099164,0.000100723795,7.497345e-05,0.00072747853,0.33254504,0.9995523,0.3533381
1352,3,0.92475986,0.0006092425,9.649737e-05,0.00011099164,0.000100723795,7.497345e-05,0.00072747853,0.33254504,0.9995523,0.3533381
1352,4,0.92475986,0.0006092425,9.649737e-05,0.00011099164,0.000100723795,7.497345e-05,0.00072747853,0.33254504,0.9995523,0.3533381
1352,5,0.92475986,0.0006092425,9.649737e-05,0.00011099164,0.000100723795,7.497345e-05,0.00072747853,0.33254504,0.9995523,0.3533381
1352,6,0.92475986,0.0006092425,9.649737e-05,0.00011099164,0.000100723795,7.497345e-05,0.00072747853,0.33254504,0.9995523,0.3533381
1352,7,0.92475986,0.0006092425,9.649737e-05,0.00011099164,0.000100723795,7.497345e-05,0.00072747853,0.33254504,0.9995523,0.3533381
1352,8,0.92475986,0.0006092425,9.649737e-05,0.00011099164,0.000100723795,7.497345e-05,0.00072747853,0.33254504,0.9995523,0.3533381
1356,0,0.9024903,0.00048833055,0.00013362945,0.00014604058,9.940673e-05,0.00021915788,0.00074653706,0.00038030883,0.9997249,0.35100546
1356,1,0.8949186,0.0005001585,0.00017969751,0.00014498287,9.362422e-05,0.00018273266,0.0007543636,0.00028403552,0.9997253,0.35351455
1356,2,0.8949186,0.0005001585,0.00017969751,0.00014498287,9.362422e-05,0.00018273266,0.0007543636,0.00028403552,0.9997253,0.35351455
1356,3,0.9024903,0.00048833055,0.00013362945,0.00014604058,9.940673e-05,0.00021915788,0.00074653706,0.00038030883,0.9997249,0.35100546
1356,4,0.9024906,0.00048833055,0.00013362945,0.00014604058,9.940673e-05,0.00021915788,0.00074653706,0.00038030883,0.9997249,0.35110667
1356,5,0.894918,0.0005001585,0.00017969751,0.00014498287,9.362422e-05,0.00018273266,0.0007543636,0.00028403552,0.9997253,0.35343537
1356,6,0.9024906,0.00048833055,0.00013362945,0.00014604058,9.940673e-05,0.00021915788,0.00074653706,0.00038030883,0.9997249,0.35110667
1356,7,0.894918,0.0005001585,0.00017969751,0.00014498287,9.362422e-05,0.00018273266,0.0007543636,0.00028403552,0.9997253,0.35343537
1356,8,0.9024906,0.00048833055,0.00013362945,0.00014604058,9.940673e-05,0.00021915788,0.00074653706,0.00038030883,0.9997249,0.35110667
1357,0,0.79558367,0.00048165297,7.096626e-05,0.000108676264,9.664352e-05,0.00013775259,0.00043415595,4.170796e-05,0.99971515,0.3410978
1357,1,0.79558367,0.00048165297,7.096626e-05,0.000108676264,9.664352e-05,0.00013775259,0.00043415595,4.170796e-05,0.99971515,0.3410978
1357,2,0.79558367,0.00048165297,7.096626e-05,0.000108676264,9.664352e-05,0.00013775259,0.00043415595,4.170796e-05,0.99971515,0.3410978
1357,3,0.7955844,0.00048165297,7.096626e-05,0.000108676264,9.664352e-05,0.00013775259,0.00043415595,4.170796e-05,0.99971515,0.3410978
1357,4,0.7955844,0.00048165297,7.096626e-05,0.000108676264,9.664352e-05,0.00013775259,0.00043415595,4.170796e-05,0.99971515,0.3410978
1357,5,0.7955844,0.00048165297,7.096626e-05,0.000108676264,9.664352e-05,0.00013775259,0.00043415595,4.170796e-05,0.99971515,0.3410978
1357,6,0.7955844,0.00048165297,7.096626e-05,0.000108676264,9.664352e-05,0.00013775259,0.00043415595,4.170796e-05,0.99971515,0.34096673
1357,7,0.7955844,0.00048165297,7.096626e-05,0.000108676264,9.664352e-05,0.00013775259,0.00043415595,4.170796e-05,0.99971515,0.34096673
1357,8,0.7955844,0.00048165297,7.096626e-05,0.000108676264,9.664352e-05,0.00013775259,0.00043415595,4.170796e-05,0.99971515,0.34096673
1359,0,0.7464722,0.00053070957,0.00013970533,5.6168356e-05,0.00020696603,0.00029189666,0.0011030277,0.0114548355,0.99961287,0.34158692
1359,1,0.7464722,0.00053070957,0.00013970533,5.6168356e-05,0.00020696603,0.00029189666,0.0011030277,0.0114548355,0.99961287,0.34158692
1359,2,0.7464722,0.00053070957,0.00013970533,5.6168356e-05,0.00020696603,0.00029189666,0.0011030277,0.0114548355,0.99961287,0.34176168
1359,3,0.7264754,0.0005262548,0.00014439116,5.818064e-05,0.00021138694,0.0003019863,0.0010986615,0.0063076634,0.99964476,0.33960918
1359,4,0.7464722,0.00053070957,0.00013970533,5.6168356e-05,0.00020696603,0.00029189666,0.0011030277,0.0114548355,0.99961287,0.34176168
1359,5,0.7464722,0.00053070957,0.00013970533,5.6168356e-05,0.00020696603,0.00029189666,0.0011030277,0.0114548355,0.99961287,0.34176168
1359,6,0.68465585,0.0005196359,9.2304865e-05,5.215355e-05,0.00019065096,0.00021703992,0.0006025562,0.007232586,0.9996495,0.3402842
1359,7,0.7264754,0.0005262548,0.00014439116,5.818064e-05,0.00021138694,0.0003019863,0.0010986615,0.0063076634,0.99964476,0.33962885
1359,8,0.7464722,0.00053070957,0.00013970533,5.6168356e-05,0.00020696603,0.00029189666,0.0011030277,0.0114548355,0.99961287,0.34158692
1361,0,0.9877741,0.00063109,0.0001348627,3.1428306e-05,0.00015550596,0.0002566401,0.00063990394,0.02316995,0.9997173,0.4173104
1361,1,0.9822511,0.0007039996,0.00012236148,2.6460119e-05,0.00014705381,0.00020079501,0.0005946681,0.054229304,0.9997181,0.4230105
1361,2,0.9877741,0.00063109,0.0001348627,3.1428306e-05,0.00015550596,0.0002566401,0.00063990394,0.02316995,0.9997173,0.4173104
1361,3,0.9877741,0.00063109,0.0001348627,3.1428306e-05,0.00015550596,0.0002566401,0.00063990394,0.02316995,0.9997173,0.4173104
1361,4,0.9877741,0.00063109,0.0001348627,3.1428306e-05,0.00015550596,0.0002566401,0.00063990394,0.02316995,0.9997173,0.4173104
1361,5,0.9877741,0.00063109,0.0001348627,3.1428306e-05,0.00015550596,0.0002566401,0.00063990394,0.02316995,0.9997173,0.4173104
1361,6,0.9822511,0.0007039996,0.00012236148,2.6460119e-05,0.00014705381,0.00020079501,0.0005946681,0.054229304,0.9997181,0.4230105
1361,7,0.9877741,0.00063109,0.0001348627,3.1428306e-05,0.00015550596,0.0002566401,0.00063990394,0.02316995,0.9997173,0.4173104
1361,8,0.9841811,0.0006685144,0.00013045868,2.8494453e-05,0.00015564822,0.00021206887,0.000620792,0.037562743,0.99973935,0.4252784
1362,0,0.8785456,0.00035906647,0.00021930442,9.417391e-05,0.000115104034,0.00016984729,0.0009024703,0.0026209499,0.9996476,0.4842274
1362,1,0.8785456,0.00035906647,0.00021930442,9.417391e-05,0.000115104034,0.00016984729,0.0009024703,0.0026209499,0.9996476,0.4842274
1362,2,0.8785456,0.00035906647,0.00021930442,9.417391e-05,0.000115104034,0.00016984729,0.0009024703,0.0026209499,0.9996476,0.4842274
1362,3,0.8785456,0.00035906647,0.00021930442,9.417391e-05,0.000115104034,0.00016984729,0.0009024703,0.0026209499,0.9996476,0.4842274
1362,4,0.8785456,0.00035906647,0.00021930442,9.417391e-05,0.000115104034,0.00016984729,0.0009024703,0.0026209499,0.9996476,0.4842274
1362,5,0.8785456,0.00035906647,0.00021930442,9.417391e-05,0.000115104034,0.00016984729,0.0009024703,0.0026209499,0.9996476,0.484188
1362,6,0.8785456,0.00035906647,0.00021930442,9.417391e-05,0.000115104034,0.00016984729,0.0009024703,0.0026209499,0.9996476,0.48469266
1362,7,0.8785456,0.00035906647,0.00021930442,9.417391e-05,0.000115104034,0.00016984729,0.0009024703,0.0026209499,0.9996476,0.48469266
1362,8,0.8785455,0.00035906647,0.00021930442,9.417391e-05,0.000115104034,0.00016984729,0.0009024703,0.0026209499,0.9996476,0.48469266
1368,0,0.86011213,0.0006559701,0.00012974064,0.00020457225,8.7928674e-05,0.00012568088,0.00054372405,0.00015098823,0.9997807,0.3941821
1368,1,0.86011213,0.0006559701,0.00012974064,0.00020457225,8.7928674e-05,0.00012568088,0.00054372405,0.00015098823,0.9997807,0.3941821
1368,2,0.86011213,0.0006559701,0.00012974064,0.00020457225,8.7928674e-05,0.00012568088,0.00054372405,0.00015098823,0.9997807,0.3941821
1368,3,0.86011213,0.0006559701,0.00012974064,0.00020457225,8.7928674e-05,0.00012568088,0.00054372405,0.00015098823,0.9997807,0.3941821
1368,4,0.86011213,0.0006559701,0.00012974064,0.00020457225,8.7928674e-05,0.00012568088,0.00054372405,0.00015098823,0.9997807,0.3941821
1368,5,0.86011213,0.0006559701,0.00012974064,0.00020457225,8.7928674e-05,0.00012568088,0.00054372405,0.00015098823,0.9997807,0.3941821
1368,6,0.86011213,0.0006559701,0.00012974064,0.00020457225,8.7928674e-05,0.00012568088,0.00054372405,0.00015098823,0.9997807,0.3941821
1368,7,0.86011213,0.0006559701,0.00012974064,0.00020457225,8.7928674e-05,0.00012568088,0.00054372405,0.00015098823,0.9997807,0.3941821
1368,8,0.86011213,0.0006559701,0.00012974064,0.00020457225,8.7928674e-05,0.00012568088,0.00054372405,0.00015098823,0.9997807,0.3941821
1371,0,0.7844255,0.00056801934,0.00026123863,0.00015800248,0.00015498606,0.00025779568,0.0011935902,0.005403295,0.99951243,0.3921087
1371,1,0.7844255,0.00056801934,0.00026123863,0.00015800248,0.00015498606,0.00025779568,0.0011935902,0.005403295,0.99951243,0.3921087
1371,2,0.7844255,0.00056801934,0.00026123863,0.00015800248,0.00015498606,0.00025779568,0.0011935902,0.005403295,0.99951243,0.3921087
1371,3,0.7844255,0.00056801934,0.00026123863,0.00015800248,0.00015498606,0.00025779568,0.0011935902,0.005403295,0.99951243,0.39210388
1371,4,0.7844255,0.00056801934,0.00026123863,0.00015800248,0.00015498606,0.00025779568,0.0011935902,0.005403295,0.99951243,0.39195907
1371,5,0.7844255,0.00056801934,0.00026123863,0.00015800248,0.00015498606,0.00025779568,0.0011935902,0.005403295,0.99951243,0.39195907
1371,6,0.7844251,0.00056801934,0.00026123863,0.00015800248,0.00015498606,0.00025779568,0.0011935902,0.005403295,0.99951243,0.39195907
1371,7,0.7844251,0.00056801934,0.00026123863,0.00015800248,0.00015498606,0.00025779568,0.0011935902,0.005403295,0.99951243,0.39195907
1371,8,0.7844251,0.00056801934,0.00026123863,0.00015800248,0.00015498606,0.00025779568,0.0011935902,0.005403295,0.99951243,0.3919494
1375,0,0.8442294,0.0006344552,0.00015764433,0.00020130779,7.71072e-05,0.00039864687,0.00067039527,1.6199056e-05,0.9996561,0.41327748
1375,1,0.8442294,0.0006344552,0.00015764433,0.00020130779,7.71072e-05,0.00039864687,0.00067039527,1.6199056e-05,0.9996561,0.41327748
1375,2,0.8442294,0.0006344552,0.00015764433,0.00020130779,7.71072e-05,0.00039864687,0.00067039527,1.6199056e-05,0.9996561,0.41327748
1375,3,0.8442294,0.0006344552,0.00015764433,0.00020130779,7.71072e-05,0.00039864687,0.00067039527,1.6199056e-05,0.9996561,0.41327748
1375,4,0.8442294,0.0006344552,0.00015764433,0.00020130779,7.71072e-05,0.00039864687,0.00067039527,1.6199056e-05,0.9996561,0.41327748
1375,5,0.8442292,0.0006344552,0.00015764433,0.00020130779,7.71072e-05,0.00039864687,0.00067039527,1.6199056e-05,0.9996561,0.41394034
1375,6,0.8442292,0.0006344552,0.00015764433,0.00020130779,7.71072e-05,0.00039864687,0.00067039527,1.6199056e-05,0.9996561,0.41394034
1375,7,0.8442292,0.0006344552,0.00015764433,0.00020130779,7.71072e-05,0.00039864687,0.00067039527,1.6199056e-05,0.9996561,0.41394034
1375,8,0.8442292,0.0006344552,0.00015764433,0.00020130779,7.71072e-05,0.00039864687,0.00067039527,1.6199056e-05,0.9996561,0.41394034
1376,0,0.7222745,0.0004519411,4.4098266e-05,8.118039e-05,0.00010055835,0.00013032515,0.00048587483,0.060057934,0.99970394,0.3464036
1376,1,0.7222745,0.0004519411,4.4098266e-05,8.118039e-05,0.00010055835,0.00013032515,0.00048587483,0.060057934,0.99970394,0.3464036
1376,2,0.7222745,0.0004519411,4.4098266e-05,8.118039e-05,0.00010055835,0.00013032515,0.00048587483,0.060057934,0.99970394,0.3464036
1376,3,0.7222745,0.0004519411,4.4098266e-05,8.118039e-05,0.00010055835,0.00013032515,0.00048587483,0.060057934,0.99970394,0.3464036
1376,4,0.7222745,0.0004519411,4.4098266e-05,8.118039e-05,0.00010055835,0.00013032515,0.00048587483,0.060057934,0.99970394,0.3464036
1376,5,0.7222745,0.0004519411,4.4098266e-05,8.118039e-05,0.00010055835,0.00013032515,0.00048587483,0.060057934,0.99970394,0.3464036
1376,6,0.7222745,0.0004519411,4.4098266e-05,8.118039e-05,0.00010055835,0.00013032515,0.00048587483,0.060057934,0.99970394,0.3464036
1376,7,0.7222745,0.0004519411,4.4098266e-05,8.118039e-05,0.00010055835,0.00013032515,0.00048587483,0.060057934,0.99970394,0.3464036
1376,8,0.7222745,0.0004519411,4.4098266e-05,8.118039e-05,0.00010055835,0.00013032515,0.00048587483,0.060057934,0.99970394,0.3464036
1378,0,0.9852682,0.001053052,0.00024712636,4.9825074e-05,0.0001723992,0.00020413482,0.0010311058,0.058118097,0.99972194,0.5013973
1378,1,0.9821744,0.00079256145,0.00020600997,4.5823734e-05,0.00015699268,0.00018048071,0.00089859706,0.038492437,0.99970824,0.48740852
1378,2,0.9821744,0.00079256145,0.00020600997,4.5823734e-05,0.00015699268,0.00018048071,0.00089859706,0.038492437,0.99970824,0.48740852
1378,3,0.9871343,0.00093854824,0.00021670123,4.3048356e-05,0.00014642082,0.00019227865,0.0008523778,0.047278292,0.99972516,0.4704986
1378,4,0.9852682,0.001053052,0.00024712636,4.9825074e-05,0.0001723992,0.00020413482,0.0010311058,0.058118097,0.99972194,0.501087
1378,5,0.9821744,0.00079256145,0.00020600997,4.5823734e-05,0.00015699268,0.00018048071,0.00089859706,0.038492437,0.99970824,0.48694876
1378,6,0.9852682,0.001053052,0.00024712636,4.9825074e-05,0.0001723992,0.00020413482,0.0010311058,0.058118097,0.99972194,0.501087
1378,7,0.9871343,0.00093854824,0.00021670123,4.3048356e-05,0.00014642082,0.00019227865,0.0008523778,0.047278292,0.99972516,0.4704986
1378,8,0.9852682,0.001053052,0.00024712636,4.9825074e-05,0.0001723992,0.00020413482,0.0010311058,0.058118097,0.99972194,0.5011005
1380,0,0.9794945,0.0007054953,8.4594e-05,2.778629e-05,0.00012800648,0.00026439357,0.0005808807,0.01748572,0.9997099,0.42872795
1380,1,0.9794945,0.0007054953,8.4594e-05,2.778629e-05,0.00012800648,0.00026439357,0.0005808807,0.01748572,0.9997099,0.42872795
1380,2,0.9794945,0.0007054953,8.4594e-05,2.778629e-05,0.00012800648,0.00026439357,0.0005808807,0.01748572,0.9997099,0.42872795
1380,3,0.9794945,0.0007054953,8.4594e-05,2.778629e-05,0.00012800648,0.00026439357,0.0005808807,0.01748572,0.9997099,0.42872795
1380,4,0.9794945,0.0007054953,8.4594e-05,2.778629e-05,0.00012800648,0.00026439357,0.0005808807,0.01748572,0.9997099,0.42872047
1380,5,0.9794945,0.0007054953,8.4594e-05,2.778629e-05,0.00012800648,0.00026439357,0.0005808807,0.01748572,0.9997099,0.42906272
1380,6,0.9794945,0.0007054953,8.4594e-05,2.778629e-05,0.00012800648,0.00026439357,0.0005808807,0.01748572,0.9997099,0.42906272
1380,7,0.9794945,0.0007054953,8.4594e-05,2.778629e-05,0.00012800648,0.00026439357,0.0005808807,0.01748572,0.9997099,0.42906272
1380,8,0.9794945,0.0007054953,8.4594e-05,2.778629e-05,0.00012800648,0.00026439357,0.0005808807,0.01748572,0.9997099,0.42906272
1381,0,0.875886,0.00051504985,8.142928e-05,9.208288e-05,6.6272274e-05,0.0005704103,0.00051605015,1.2603196e-05,0.9997147,0.43959045
1381,1,0.875886,0.00051504985,8.142928e-05,9.208288e-05,6.6272274e-05,0.0005704103,0.00051605015,1.2603196e-05,0.9997147,0.43959045
1381,2,0.875886,0.00051504985,8.142928e-05,9.208288e-05,6.6272274e-05,0.0005704103,0.00051605015,1.2603196e-05,0.9997147,0.43959045
1381,3,0.875886,0.00051504985,8.142928e-05,9.208288e-05,6.6272274e-05,0.0005704103,0.00051605015,1.2603196e-05,0.9997147,0.43959045
1381,4,0.875886,0.00051504985,8.142928e-05,9.208288e-05,6.6272274e-05,0.0005704103,0.00051605015,1.2603196e-05,0.9997147,0.43959045
1381,5,0.875886,0.00051504985,8.142928e-05,9.208288e-05,6.6272274e-05,0.0005704103,0.00051605015,1.2603196e-05,0.9997147,0.43959045
1381,6,0.875886,0.00051504985,8.142928e-05,9.208288e-05,6.6272274e-05,0.0005704103,0.00051605015,1.2603196e-05,0.9997147,0.4396175
1381,7,0.875886,0.00051504985,8.142928e-05,9.208288e-05,6.6272274e-05,0.0005704103,0.00051605015,1.2603196e-05,0.9997147,0.44038
1381,8,0.875886,0.00051504985,8.142928e-05,9.208288e-05,6.6272274e-05,0.0005704103,0.00051605015,1.2603196e-05,0.9997147,0.44038
1387,0,0.7969589,0.00044727256,0.00012700002,0.00014674425,8.2125196e-05,0.00041490362,0.0005716474,1.5439697e-05,0.99966097,0.33187512
1387,1,0.5836532,0.00061357394,0.00018769233,0.00019815833,0.00010809594,0.00045135152,0.000839192,2.0144325e-05,0.99954766,0.32373747
1387,2,0.5836532,0.00061357394,0.00018769233,0.00019815833,0.00010809594,0.00045135152,0.000839192,2.0144325e-05,0.99954766,0.32373747
1387,3,0.5836532,0.00061357394,0.00018769233,0.00019815833,0.00010809594,0.00045135152,0.000839192,2.0144325e-05,0.99954766,0.32373747
1387,4,0.5836532,0.00061357394,0.00018769233,0.00019815833,0.00010809594,0.00045135152,0.000839192,2.0144325e-05,0.99954766,0.32373747
1387,5,0.5836532,0.00061357394,0.00018769233,0.00019815833,0.00010809594,0.00045135152,0.000839192,2.0144325e-05,0.99954766,0.32373747
1387,6,0.5836532,0.00061357394,0.00018769233,0.00019815833,0.00010809594,0.00045135152,0.000839192,2.0144325e-05,0.99954766,0.32373747
1387,7,0.7969589,0.00044727256,0.00012700002,0.00014674425,8.2125196e-05,0.00041490362,0.0005716474,1.5439697e-05,0.99966097,0.33187512
1387,8,0.5836532,0.00061357394,0.00018769233,0.00019815833,0.00010809594,0.00045135152,0.000839192,2.0144325e-05,0.99954766,0.32381782
1389,0,0.33376774,0.001695221,0.00041721453,0.00015412159,0.00032768332,8.042958e-05,0.0020762319,0.99964476,0.97799563,0.28012562
1389,1,0.3339891,0.001789257,0.0004493392,0.0001579835,0.00038319625,8.788198e-05,0.002373221,0.9996536,0.97589284,0.26671746
1389,2,0.33376774,0.001695221,0.00041721453,0.00015412159,0.00032768332,8.042958e-05,0.0020762319,0.99964476,0.97799563,0.28012562
1389,3,0.3339891,0.001789257,0.0004493392,0.0001579835,0.00038319625,8.788198e-05,0.002373221,0.9996536,0.97589284,0.26671746
1389,4,0.33376774,0.001695221,0.00041721453,0.00015412159,0.00032768332,8.042958e-05,0.0020762319,0.99964476,0.97799563,0.28007796
1389,5,0.33376774,0.001695221,0.00041721453,0.00015412159,0.00032768332,8.042958e-05,0.0020762319,0.99964476,0.97799563,0.28007528
1389,6,0.3339891,0.001789257,0.0004493392,0.0001579835,0.00038319625,8.788198e-05,0.002373221,0.9996536,0.97589284,0.26633865
1389,7,0.33376774,0.001695221,0.00041721453,0.00015412159,0.00032768332,8.042958e-05,0.0020762319,0.99964476,0.97799563,0.28007528
1389,8,0.33376774,0.001695221,0.00041721453,0.00015412159,0.00032768332,8.042958e-05,0.0020762319,0.99964476,0.97799563,0.28007528
1390,0,0.89429307,0.00048579052,8.853656e-05,9.696522e-05,0.00010976651,0.0001417329,0.00042833274,0.002610469,0.9996773,0.33409396
1390,1,0.90912527,0.00045373358,8.452483e-05,9.907646e-05,0.0001046527,0.00013985607,0.00040007185,0.0018592984,0.9997193,0.33411744
1390,2,0.9114819,0.000501478,8.782242e-05,9.67168e-05,0.00010056659,0.00013199868,0.00041137566,0.0016666331,0.99975127,0.3337879
1390,3,0.89429307,0.00048579052,8.853656e-05,9.696522e-05,0.00010976651,0.0001417329,0.00042833274,0.002610469,0.9996773,0.33409396
1390,4,0.89429307,0.00048579052,8.853656e-05,9.696522e-05,0.00010976651,0.0001417329,0.00042833274,0.002610469,0.9996773,0.33409396
1390,5,0.89429307,0.00048579052,8.853656e-05,9.696522e-05,0.00010976651,0.0001417329,0.00042833274,0.002610469,0.9996773,0.33409396
1390,6,0.9114819,0.000501478,8.782242e-05,9.67168e-05,0.00010056659,0.00013199868,0.00041137566,0.0016666331,0.99975127,0.3337879
1390,7,0.90912527,0.00045373358,8.452483e-05,9.907646e-05,0.0001046527,0.00013985607,0.00040007185,0.0018592984,0.9997193,0.33411744
1390,8,0.89429307,0.00048579052,8.853656e-05,9.696522e-05,0.00010976651,0.0001417329,0.00042833274,0.002610469,0.9996773,0.33409396
1392,0,0.85107034,0.00093131117,8.466826e-05,6.0436454e-05,0.00015538529,0.00016365247,0.00051724195,0.0043619345,0.9997806,0.3143288
1392,1,0.85107034,0.00093131117,8.466826e-05,6.0436454e-05,0.00015538529,0.00016365247,0.00051724195,0.0043619345,0.9997806,0.3143288
1392,2,0.85107034,0.00093131117,8.466826e-05,6.0436454e-05,0.00015538529,0.00016365247,0.00051724195,0.0043619345,0.9997806,0.31446484
1392,3,0.85107034,0.00093131117,8.466826e-05,6.0436454e-05,0.00015538529,0.00016365247,0.00051724195,0.0043619345,0.9997806,0.31441703
1392,4,0.85107034,0.00093131117,8.466826e-05,6.0436454e-05,0.00015538529,0.00016365247,0.00051724195,0.0043619345,0.9997806,0.31441703
1392,5,0.85107034,0.0009313134,8.4667765e-05,6.043657e-05,0.00015538574,0.00016365215,0.0005172421,0.004362053,0.9997806,0.31441703
1392,6,0.85107034,0.0009313134,8.4667765e-05,6.043657e-05,0.00015538574,0.00016365215,0.0005172421,0.004362053,0.9997806,0.31441703
1392,7,0.85107034,0.0009313134,8.4667765e-05,6.043657e-05,0.00015538574,0.00016365215,0.0005172421,0.004362053,0.9997806,0.31441703
1392,8,0.85107034,0.0009313134,8.4667765e-05,6.043657e-05,0.00015538574,0.00016365215,0.0005172421,0.004362053,0.9997806,0.31441703
1394,0,0.9368913,0.0004683408,0.00016043731,0.000119142474,0.00013532024,7.003687e-05,0.00088204263,0.046520174,0.9996126,0.43150797
1394,1,0.95922184,0.00062723947,0.00016020647,7.5995726e-05,0.00012888933,6.0817914e-05,0.0009948423,0.1261661,0.99966705,0.5300243
1394,2,0.9325931,0.0004534545,0.00015371315,0.00012716957,0.00013667095,7.074181e-05,0.00086205144,0.035458684,0.9996176,0.4286296
1394,3,0.95922184,0.00062723947,0.00016020647,7.5995726e-05,0.00012888933,6.0817914e-05,0.0009948423,0.1261661,0.99966705,0.5300243
1394,4,0.95922184,0.00062723947,0.00016020647,7.5995726e-05,0.00012888933,6.0817914e-05,0.0009948423,0.1261661,0.99966705,0.5297489
1394,5,0.95922184,0.00062723947,0.00016020647,7.5995726e-05,0.00012888933,6.0817914e-05,0.0009948423,0.1261661,0.99966705,0.5297489
1394,6,0.9325931,0.0004534545,0.00015371315,0.00012716957,0.00013667095,7.074181e-05,0.00086205144,0.035458684,0.9996176,0.4277964
1394,7,0.95922184,0.00062723947,0.00016020647,7.5995726e-05,0.00012888933,6.0817914e-05,0.0009948423,0.1261661,0.99966705,0.5297489
1394,8,0.9368913,0.0004683408,0.00016043731,0.000119142474,0.00013532024,7.003687e-05,0.00088204263,0.046520174,0.9996126,0.43138197
1398,0,0.9565564,0.0007566563,0.000107872795,0.00012501584,0.000105522,0.00015335417,0.0003638862,0.0020056819,0.99985313,0.42681417
1398,1,0.9565564,0.0007566563,0.000107872795,0.00012501584,0.000105522,0.00015335417,0.0003638862,0.0020056819,0.99985313,0.4261926
1398,2,0.9565564,0.0007566563,0.000107872795,0.00012501584,0.000105522,0.00015335417,0.0003638862,0.0020056819,0.99985313,0.4261926
1398,3,0.9565564,0.0007566592,0.0001078731,0.00012501572,0.000105521605,0.00015335329,0.00036388414,0.0020057068,0.99985313,0.4261926
1398,4,0.9565564,0.0007566592,0.0001078731,0.00012501572,0.000105521605,0.00015335329,0.00036388414,0.0020057068,0.99985313,0.4261926
1398,5,0.9565564,0.0007566592,0.0001078731,0.00012501572,0.000105521605,0.00015335329,0.00036388414,0.0020057068,0.99985313,0.4261926
1398,6,0.9565564,0.0007566592,0.0001078731,0.00012501572,0.000105521605,0.00015335329,0.00036388414,0.0020057068,0.99985313,0.42725313
1398,7,0.9565564,0.0007566592,0.0001078731,0.00012501572,0.000105521605,0.00015335329,0.00036388414,0.0020057068,0.99985313,0.42725313
1398,8,0.9565564,0.0007566592,0.0001078731,0.00012501572,0.000105521605,0.00015335329,0.00036388414,0.0020057068,0.99985313,0.42725313
1399,0,0.96231645,0.00043116475,7.0658745e-05,0.0001432962,0.0001081383,0.00015637312,0.00063017884,0.00029625383,0.9997944,0.5925352
1399,1,0.96231645,0.00043116475,7.0658745e-05,0.0001432962,0.0001081383,0.00015637312,0.00063017884,0.00029625383,0.9997944,0.5925352
1399,2,0.96231645,0.00043116475,7.0658745e-05,0.0001432962,0.0001081383,0.00015637312,0.00063017884,0.00029625383,0.9997944,0.5925352
1399,3,0.96231645,0.00043116475,7.0658745e-05,0.0001432962,0.0001081383,0.00015637312,0.00063017884,0.00029625383,0.9997944,0.5925352
1399,4,0.96231645,0.00043116475,7.0658745e-05,0.0001432962,0.0001081383,0.00015637312,0.00063017884,0.00029625383,0.9997944,0.5925352
1399,5,0.96231645,0.00043116475,7.0658745e-05,0.0001432962,0.0001081383,0.00015637312,0.00063017884,0.00029625383,0.9997944,0.5925352
1399,6,0.96231645,0.00043116475,7.0658745e-05,0.0001432962,0.0001081383,0.00015637312,0.00063017884,0.00029625383,0.9997944,0.5925352
1399,7,0.96231645,0.00043116475,7.0658745e-05,0.0001432962,0.0001081383,0.00015637312,0.00063017884,0.00029625383,0.9997944,0.5925352
1399,8,0.96231645,0.00043116475,7.0658745e-05,0.0001432962,0.0001081383,0.00015637312,0.00063017884,0.00029625383,0.9997944,0.5925352
1401,0,0.80821824,0.00036315602,0.00011874029,0.00016477342,0.00011558821,0.00016718454,0.0008540729,0.0023927984,0.99963284,0.28648746
1401,1,0.80821824,0.00036315602,0.000118740856,0.00016477326,0.000115588315,0.0001671847,0.00085407007,0.0023928166,0.99963284,0.28648746
1401,2,0.80821824,0.00036315602,0.000118740856,0.00016477326,0.000115588315,0.0001671847,0.00085407007,0.0023928166,0.99963284,0.28648746
1401,3,0.80821824,0.00036315602,0.000118740856,0.00016477326,0.000115588315,0.0001671847,0.00085407007,0.0023928166,0.99963284,0.28684556
1401,4,0.80821824,0.00036315602,0.000118740856,0.00016477326,0.000115588315,0.0001671847,0.00085407007,0.0023928166,0.99963284,0.2868648
1401,5,0.80821824,0.00036315602,0.000118740856,0.00016477326,0.000115588315,0.0001671847,0.00085407007,0.0023928166,0.99963284,0.2868648
1401,6,0.80821824,0.00036315602,0.000118740856,0.00016477326,0.000115588315,0.0001671847,0.00085407007,0.0023928166,0.99963284,0.2868648
1401,7,0.80821824,0.00036315602,0.000118740856,0.00016477326,0.000115588315,0.0001671847,0.00085407007,0.0023928166,0.99963284,0.2868648
1401,8,0.80821824,0.00036315602,0.000118740856,0.00016477326,0.000115588315,0.0001671847,0.00085407007,0.0023928166,0.99963284,0.2868648
1403,0,0.90423363,0.0006272873,6.820405e-05,0.00010229986,0.00014589916,0.00020218805,0.0006620412,0.0126862,0.9995376,0.30987018
1403,1,0.90423363,0.0006272873,6.820405e-05,0.00010229986,0.00014589916,0.00020218805,0.0006620412,0.0126862,0.9995376,0.30987018
1403,2,0.90423363,0.0006272873,6.820405e-05,0.00010229986,0.00014589916,0.00020218805,0.0006620412,0.0126862,0.9995376,0.30987018
1403,3,0.90423363,0.0006272873,6.820405e-05,0.00010229986,0.00014589916,0.00020218805,0.0006620412,0.0126862,0.9995376,0.30987018
1403,4,0.90423363,0.0006272873,6.820405e-05,0.00010229986,0.00014589916,0.00020218805,0.0006620412,0.0126862,0.9995376,0.30987018
1403,5,0.90423363,0.0006272873,6.820405e-05,0.00010229986,0.00014589916,0.00020218805,0.0006620412,0.0126862,0.9995376,0.30970153
1403,6,0.90423363,0.0006272873,6.820405e-05,0.00010229986,0.00014589916,0.00020218805,0.0006620412,0.0126862,0.9995376,0.30972382
1403,7,0.90423363,0.0006272873,6.820405e-05,0.00010229986,0.00014589916,0.00020218805,0.0006620412,0.0126862,0.9995376,0.30972382
1403,8,0.9042333,0.0006272873,6.820405e-05,0.00010229986,0.00014589916,0.00020218805,0.0006620412,0.0126862,0.9995376,0.30972382
1404,0,0.8807141,0.0003250631,4.7520818e-05,5.1748597e-05,3.570838e-05,9.663956e-05,0.00015766686,2.7415974e-05,0.99963677,0.31979242
1404,1,0.8807141,0.0003250631,4.7520818e-05,5.1748597e-05,3.570838e-05,9.663956e-05,0.00015766686,2.7415974e-05,0.99963677,0.31979242
1404,2,0.8807141,0.0003250631,4.7520818e-05,5.1748597e-05,3.570838e-05,9.663956e-05,0.00015766686,2.7415974e-05,0.99963677,0.31979242
1404,3,0.87715816,0.0003055813,4.735434e-05,5.0975214e-05,3.5659887e-05,9.852587e-05,0.00015579641,2.7699005e-05,0.99964786,0.31902793
1404,4,0.8807141,0.0003250631,4.7520818e-05,5.1748597e-05,3.570838e-05,9.663956e-05,0.00015766686,2.7415974e-05,0.99963677,0.31979242
1404,5,0.87715816,0.0003055813,4.735434e-05,5.0975214e-05,3.5659887e-05,9.852587e-05,0.00015579641,2.7699005e-05,0.99964786,0.31902793
1404,6,0.87715816,0.0003055813,4.735434e-05,5.0975214e-05,3.5659887e-05,9.852587e-05,0.00015579641,2.7699005e-05,0.99964786,0.31902793
1404,7,0.8807141,0.0003250631,4.7520818e-05,5.1748597e-05,3.570838e-05,9.663956e-05,0.00015766686,2.7415974e-05,0.99963677,0.3197162
1404,8,0.8807141,0.0003250631,4.7520818e-05,5.1748597e-05,3.570838e-05,9.663956e-05,0.00015766686,2.7415974e-05,0.99963677,0.3197162
1405,0,0.88363457,0.00024147119,4.464487e-05,3.449137e-05,3.116929e-05,0.0001425487,0.00013782039,1.7037759e-05,0.9997732,0.43906555
1405,1,0.914979,0.00024540717,4.3529777e-05,3.412087e-05,3.273044e-05,0.00014327462,0.00013130433,1.6247017e-05,0.9997726,0.45831037
1405,2,0.88363457,0.00024147119,4.464487e-05,3.449137e-05,3.116929e-05,0.0001425487,0.00013782039,1.7037759e-05,0.9997732,0.43906555
1405,3,0.88363457,0.00024147119,4.464487e-05,3.449137e-05,3.116929e-05,0.0001425487,0.00013782039,1.7037759e-05,0.9997732,0.43906555
1405,4,0.914979,0.00024540717,4.3529777e-05,3.412087e-05,3.273044e-05,0.00014327462,0.00013130433,1.6247017e-05,0.9997726,0.45831037
1405,5,0.914979,0.00024540717,4.3529777e-05,3.412087e-05,3.273044e-05,0.00014327462,0.00013130433,1.6247017e-05,0.9997726,0.45831037
1405,6,0.914979,0.00024540717,4.3529777e-05,3.412087e-05,3.273044e-05,0.00014327462,0.00013130433,1.6247017e-05,0.9997726,0.45831037
1405,7,0.914979,0.00024540717,4.3529777e-05,3.412087e-05,3.273044e-05,0.00014327462,0.00013130433,1.6247017e-05,0.9997726,0.45831037
1405,8,0.88363457,0.00024147119,4.464487e-05,3.449137e-05,3.116929e-05,0.0001425487,0.00013782039,1.7037759e-05,0.9997732,0.43901768
1409,0,0.8942613,0.00092011417,0.00012295072,2.78672e-05,0.00018734993,0.00014482965,0.0008528425,0.020532902,0.99971694,0.28047222
1409,1,0.8942613,0.00092011417,0.00012295072,2.78672e-05,0.00018734993,0.00014482965,0.0008528425,0.020532902,0.99971694,0.28047222
1409,2,0.8942613,0.00092011417,0.00012295072,2.78672e-05,0.00018734993,0.00014482965,0.0008528425,0.020532902,0.99971694,0.28047222
1409,3,0.8942613,0.00092011417,0.00012295072,2.78672e-05,0.00018734993,0.00014482965,0.0008528425,0.020532902,0.99971694,0.28047222
1409,4,0.8942613,0.00092011417,0.00012295072,2.78672e-05,0.00018734993,0.00014482965,0.0008528425,0.020532902,0.99971694,0.28047222
1409,5,0.8942613,0.00092011417,0.00012295072,2.78672e-05,0.00018734993,0.00014482965,0.0008528425,0.020532902,0.99971694,0.2804639
1409,6,0.8942613,0.00092011417,0.00012295072,2.78672e-05,0.00018734993,0.00014482965,0.0008528425,0.020532902,0.99971694,0.2804639
1409,7,0.8942613,0.00092011417,0.00012295072,2.78672e-05,0.00018734993,0.00014482965,0.0008528425,0.020532902,0.99971694,0.2804639
1409,8,0.8942613,0.00092011417,0.00012295072,2.78672e-05,0.00018734993,0.00014482965,0.0008528425,0.020532902,0.99971694,0.2804639
1410,0,0.85846657,0.00069507473,0.00017940254,0.00015703564,0.00016054123,0.00029039913,0.00078403065,0.00095902116,0.9994301,0.31424245
1410,1,0.85846657,0.00069507473,0.00017940254,0.00015703564,0.00016054123,0.00029039913,0.00078403065,0.00095902116,0.9994301,0.31424245
1410,2,0.85846657,0.00069507473,0.00017940254,0.00015703564,0.00016054123,0.00029039913,0.00078403065,0.00095902116,0.9994301,0.31424245
1410,3,0.8432691,0.000919831,0.00021203469,0.00016695689,0.00017250082,0.00043025636,0.00091321435,0.0030069437,0.99917513,0.3213794
1410,4,0.85846657,0.00069507473,0.00017940254,0.00015703564,0.00016054123,0.00029039913,0.00078403065,0.00095902116,0.9994301,0.31424245
1410,5,0.85846657,0.00069507473,0.00017940254,0.00015703564,0.00016054123,0.00029039913,0.00078403065,0.00095902116,0.9994301,0.31424245
1410,6,0.8432691,0.000919831,0.00021203469,0.00016695689,0.00017250082,0.00043025636,0.00091321435,0.0030069437,0.99917513,0.3213794
1410,7,0.8432691,0.000919831,0.00021203469,0.00016695689,0.00017250082,0.00043025636,0.00091321435,0.0030069437,0.99917513,0.3213794
1410,8,0.8432691,0.000919831,0.00021203469,0.00016695689,0.00017250082,0.00043025636,0.00091321435,0.0030069437,0.99917513,0.3213794
1411,0,0.82395315,0.000717579,9.017327e-05,0.0001425899,0.00013763297,0.00051232456,0.000645597,3.9233295e-05,0.9994024,0.2777942
1411,1,0.82395315,0.000717579,9.017327e-05,0.0001425899,0.00013763297,0.00051232456,0.000645597,3.9233295e-05,0.9994024,0.2777942
1411,2,0.82395315,0.000717579,9.017327e-05,0.0001425899,0.00013763297,0.00051232456,0.000645597,3.9233295e-05,0.9994024,0.2777942
1411,3,0.82395315,0.000717579,9.017327e-05,0.0001425899,0.00013763297,0.00051232456,0.000645597,3.9233295e-05,0.9994024,0.27786508
1411,4,0.82395315,0.000717579,9.017327e-05,0.0001425899,0.00013763297,0.00051232456,0.000645597,3.9233295e-05,0.9994024,0.27786508
1411,5,0.82395315,0.000717579,9.017327e-05,0.0001425899,0.00013763297,0.00051232456,0.000645597,3.9233295e-05,0.9994024,0.27786508
1411,6,0.82395315,0.000717579,9.017327e-05,0.0001425899,0.00013763297,0.00051232456,0.000645597,3.9233295e-05,0.9994024,0.27786508
1411,7,0.82395315,0.000717579,9.017327e-05,0.0001425899,0.00013763297,0.00051232456,0.000645597,3.9233295e-05,0.9994024,0.27786508
1411,8,0.82395315,0.000717579,9.017327e-05,0.0001425899,0.00013763297,0.00051232456,0.000645597,3.9233295e-05,0.9994024,0.27786508
1422,0,0.778533,0.00061737595,0.0001697147,5.8349608e-05,0.00012909941,0.00019738179,0.0006804029,3.753748e-05,0.9993649,0.36599293
1422,1,0.778533,0.00061737595,0.0001697147,5.8349608e-05,0.00012909941,0.00019738179,0.0006804029,3.753748e-05,0.9993649,0.36599293
1422,2,0.7785327,0.00061737595,0.0001697147,5.8349608e-05,0.00012909941,0.00019738179,0.0006804029,3.753748e-05,0.9993649,0.36599293
1422,3,0.7785327,0.00061737595,0.0001697147,5.8349608e-05,0.00012909941,0.00019738179,0.0006804029,3.753748e-05,0.9993649,0.36599293
1422,4,0.7785327,0.00061737595,0.0001697147,5.8349608e-05,0.00012909941,0.00019738179,0.0006804029,3.753748e-05,0.9993649,0.36606684
1422,5,0.7785327,0.00061737595,0.0001697147,5.8349608e-05,0.00012909941,0.00019738179,0.0006804029,3.753748e-05,0.9993649,0.36596203
1422,6,0.7785327,0.00061737595,0.0001697147,5.8349608e-05,0.00012909941,0.00019738179,0.0006804029,3.753748e-05,0.9993649,0.36596203
1422,7,0.7785327,0.00061737595,0.0001697147,5.8349608e-05,0.00012909941,0.00019738179,0.0006804029,3.753748e-05,0.9993649,0.36596203
1422,8,0.7785327,0.00061737595,0.0001697147,5.8349608e-05,0.00012909941,0.00019738179,0.0006804029,3.753748e-05,0.9993649,0.36596203
1426,0,0.875133,0.00034581107,4.91544e-05,8.97666e-05,4.4714405e-05,0.00017798561,0.00023694275,2.424649e-05,0.9998267,0.5565081
1426,1,0.87806576,0.00034841103,5.0322597e-05,9.781012e-05,4.5575413e-05,0.00017836363,0.00024441566,2.431904e-05,0.9998267,0.5569988
1426,2,0.875133,0.00034581107,4.91544e-05,8.97666e-05,4.4714405e-05,0.00017798561,0.00023694275,2.424649e-05,0.9998267,0.5565081
1426,3,0.875133,0.00034581107,4.91544e-05,8.97666e-05,4.4714405e-05,0.00017798561,0.00023694275,2.424649e-05,0.9998267,0.5565081
1426,4,0.87806576,0.00034841103,5.0322597e-05,9.781012e-05,4.5575413e-05,0.00017836363,0.00024441566,2.431904e-05,0.9998267,0.5569988
1426,5,0.87806576,0.00034841103,5.0322597e-05,9.781012e-05,4.5575413e-05,0.00017836363,0.00024441566,2.431904e-05,0.9998267,0.5569988
1426,6,0.875133,0.00034581107,4.91544e-05,8.97666e-05,4.4714405e-05,0.00017798561,0.00023694275,2.424649e-05,0.9998267,0.5565081
1426,7,0.87806576,0.00034841103,5.0322597e-05,9.781012e-05,4.5575413e-05,0.00017836363,0.00024441566,2.431904e-05,0.9998267,0.5569988
1426,8,0.875133,0.00034581107,4.91544e-05,8.97666e-05,4.4714405e-05,0.00017798561,0.00023694275,2.424649e-05,0.9998267,0.5565081
1427,0,0.9379835,0.00043403407,3.4145214e-05,5.6471807e-05,6.8929694e-05,0.00037103368,0.0002604145,0.00026899323,0.9997794,0.33440056
1427,1,0.9379835,0.00043403407,3.4145214e-05,5.6471807e-05,6.8929694e-05,0.00037103368,0.0002604145,0.00026899323,0.9997794,0.33440056
1427,2,0.9379835,0.00043403407,3.4145214e-05,5.6471807e-05,6.8929694e-05,0.00037103368,0.0002604145,0.00026899323,0.9997794,0.3344215
1427,3,0.9379835,0.00043403407,3.4145214e-05,5.6471807e-05,6.8929694e-05,0.00037103368,0.0002604145,0.00026899323,0.9997794,0.33452103
1427,4,0.9379835,0.00043403407,3.4145214e-05,5.6471807e-05,6.8929694e-05,0.00037103368,0.0002604145,0.00026899323,0.9997794,0.33452103
1427,5,0.9379835,0.00043403407,3.4145214e-05,5.6471807e-05,6.8929694e-05,0.00037103368,0.0002604145,0.00026899323,0.9997794,0.33452103
1427,6,0.9379835,0.00043403407,3.4145214e-05,5.6471807e-05,6.8929694e-05,0.00037103368,0.0002604145,0.00026899323,0.9997794,0.33452103
1427,7,0.9379835,0.00043403407,3.4145214e-05,5.6471807e-05,6.8929694e-05,0.00037103368,0.0002604145,0.00026899323,0.9997794,0.33452103
1427,8,0.9379837,0.00043403407,3.4145214e-05,5.6471807e-05,6.8929694e-05,0.00037103368,0.0002604145,0.00026899323,0.9997794,0.33456385
1432,0,0.78519887,0.0007165225,7.1337134e-05,6.803626e-05,0.00013260954,8.474774e-05,0.00079726113,0.80000246,0.9995844,0.34678674
1432,1,0.78519887,0.0007165225,7.1337134e-05,6.803626e-05,0.00013260954,8.474774e-05,0.00079726113,0.80000246,0.9995844,0.34678674
1432,2,0.9770805,0.0007955772,9.435494e-05,0.000100924066,0.00015202751,0.00011414035,0.0008053048,0.008008311,0.9997472,0.35875878
1432,3,0.8102684,0.00084912335,8.8050496e-05,8.102432e-05,0.00015694839,9.9862205e-05,0.00095101673,0.68098706,0.99944764,0.34679818
1432,4,0.78519887,0.0007165225,7.1337134e-05,6.803626e-05,0.00013260954,8.474774e-05,0.00079726113,0.80000246,0.9995844,0.34678674
1432,5,0.8102684,0.00084912335,8.8050496e-05,8.102432e-05,0.00015694839,9.9862205e-05,0.00095101673,0.68098706,0.99944764,0.34679818
1432,6,0.78519887,0.0007165225,7.1337134e-05,6.803626e-05,0.00013260954,8.474774e-05,0.00079726113,0.80000246,0.9995844,0.34678674
1432,7,0.8102684,0.00084912335,8.8050496e-05,8.102432e-05,0.00015694839,9.9862205e-05,0.00095101673,0.68098706,0.99944764,0.34679818
1432,8,0.78519887,0.0007165225,7.1337134e-05,6.803626e-05,0.00013260954,8.474774e-05,0.00079726113,0.80000246,0.9995844,0.34678674
1435,0,0.84526914,0.00058941887,8.95281e-05,9.457519e-05,0.00012401694,0.00026545493,0.000582232,3.3003158e-05,0.9998098,0.57322305
1435,1,0.84526914,0.00058941887,8.95281e-05,9.457519e-05,0.00012401694,0.00026545493,0.000582232,3.3003158e-05,0.9998098,0.5730991
1435,2,0.84526914,0.00058941887,8.95281e-05,9.457519e-05,0.00012401694,0.00026545493,0.000582232,3.3003158e-05,0.9998098,0.5730991
1435,3,0.84526914,0.00058941887,8.95281e-05,9.457519e-05,0.00012401694,0.00026545493,0.000582232,3.3003158e-05,0.9998098,0.5730991
1435,4,0.84526914,0.00058941887,8.95281e-05,9.457519e-05,0.00012401694,0.00026545493,0.000582232,3.3003158e-05,0.9998098,0.5730991
1435,5,0.84526914,0.00058941887,8.95281e-05,9.457519e-05,0.00012401694,0.00026545493,0.000582232,3.3003158e-05,0.9998098,0.5730991
1435,6,0.84526914,0.00058941887,8.95281e-05,9.457519e-05,0.00012401694,0.00026545493,0.000582232,3.3003158e-05,0.9998098,0.5733319
1435,7,0.84526914,0.00058941887,8.95281e-05,9.457519e-05,0.00012401694,0.00026545493,0.000582232,3.3003158e-05,0.9998098,0.5733319
1435,8,0.84526914,0.00058941887,8.95281e-05,9.457519e-05,0.00012401694,0.00026545493,0.000582232,3.3003158e-05,0.9998098,0.5733319
1457,0,0.85352427,0.0006773898,8.849494e-05,6.9056805e-05,8.138271e-05,0.0004128434,0.00045669585,1.3368269e-05,0.9996972,0.34557673
1457,1,0.79498196,0.000637102,6.912026e-05,6.472557e-05,7.8936355e-05,0.0003581692,0.00024981322,1.3525279e-05,0.9997069,0.33617136
1457,2,0.85352427,0.0006773898,8.849494e-05,6.9056805e-05,8.138271e-05,0.0004128434,0.00045669585,1.3368269e-05,0.9996972,0.3454894
1457,3,0.85352427,0.0006773898,8.849494e-05,6.9056805e-05,8.138271e-05,0.0004128434,0.00045669585,1.3368269e-05,0.9996972,0.34526017
1457,4,0.85352427,0.0006773898,8.849494e-05,6.9056805e-05,8.138271e-05,0.0004128434,0.00045669585,1.3368269e-05,0.9996972,0.34526017
1457,5,0.85352427,0.0006773898,8.849494e-05,6.9056805e-05,8.138271e-05,0.0004128434,0.00045669585,1.3368269e-05,0.9996972,0.34526017
1457,6,0.85352427,0.0006773898,8.849494e-05,6.9056805e-05,8.138271e-05,0.0004128434,0.00045669585,1.3368269e-05,0.9996972,0.34526017
1457,7,0.85352427,0.0006773898,8.849494e-05,6.9056805e-05,8.138271e-05,0.0004128434,0.00045669585,1.3368269e-05,0.9996972,0.34534025
1457,8,0.79498196,0.000637102,6.912026e-05,6.472557e-05,7.8936355e-05,0.0003581692,0.00024981322,1.3525279e-05,0.9997069,0.33617136
1460,0,0.7684322,0.00078622537,0.00014063866,9.855011e-05,9.1772126e-05,0.00017911692,0.0004766281,0.0012106635,0.99953353,0.28951994
1460,1,0.7684322,0.00078622537,0.00014063866,9.855011e-05,9.1772126e-05,0.00017911692,0.0004766281,0.0012106635,0.99953353,0.28951994
1460,2,0.7684322,0.00078622537,0.00014063866,9.855011e-05,9.1772126e-05,0.00017911692,0.0004766281,0.0012106635,0.99953353,0.28951994
1460,3,0.7684322,0.00078622537,0.00014063866,9.855011e-05,9.1772126e-05,0.00017911692,0.0004766281,0.0012106635,0.99953353,0.28951994
1460,4,0.7684331,0.00078622537,0.00014063866,9.855011e-05,9.1772126e-05,0.00017911692,0.0004766281,0.0012106635,0.99953353,0.28948566
1460,5,0.7684331,0.00078622537,0.00014063866,9.855011e-05,9.1772126e-05,0.00017911692,0.0004766281,0.0012106635,0.99953353,0.28948566
1460,6,0.7684331,0.00078622537,0.00014063866,9.855011e-05,9.1772126e-05,0.00017911692,0.0004766281,0.0012106635,0.99953353,0.28948566
1460,7,0.7684331,0.00078622537,0.00014063866,9.855011e-05,9.1772126e-05,0.00017911692,0.0004766281,0.0012106635,0.99953353,0.28948566
1460,8,0.7684331,0.00078622537,0.00014063866,9.855011e-05,9.1772126e-05,0.00017911692,0.0004766281,0.0012106635,0.99953353,0.28948566
1464,0,0.83179355,0.00041976513,6.1117506e-05,9.218647e-05,4.410937e-05,0.00015649752,0.00027153722,2.8595146e-05,0.9996964,0.33287743
1464,1,0.83179355,0.00041976513,6.1117506e-05,9.218647e-05,4.410937e-05,0.00015649752,0.00027153722,2.8595146e-05,0.9996964,0.3330006
1464,2,0.83179355,0.00041976513,6.1117506e-05,9.218647e-05,4.410937e-05,0.00015649752,0.00027153722,2.8595146e-05,0.9996964,0.3330006
1464,3,0.8317924,0.00041976513,6.1117506e-05,9.218647e-05,4.410937e-05,0.00015649752,0.00027153722,2.8595146e-05,0.9996964,0.3330006
1464,4,0.8317924,0.00041976513,6.1117506e-05,9.218647e-05,4.410937e-05,0.00015649752,0.00027153722,2.8595146e-05,0.9996964,0.3330006
1464,5,0.8317924,0.00041976513,6.1117506e-05,9.218647e-05,4.410937e-05,0.00015649752,0.00027153722,2.8595146e-05,0.9996964,0.33306414
1464,6,0.8317924,0.00041976513,6.1117506e-05,9.218647e-05,4.410937e-05,0.00015649752,0.00027153722,2.8595146e-05,0.9996964,0.332947
1464,7,0.8183809,0.00040051903,6.7957735e-05,9.3883755e-05,4.5911038e-05,0.00016231147,0.00027638153,3.161489e-05,0.9996697,0.3197944
1464,8,0.8317924,0.00041976513,6.1117506e-05,9.218647e-05,4.410937e-05,0.00015649752,0.00027153722,2.8595146e-05,0.9996964,0.332947
1149,0,0.865254,0.0004479309,8.790469e-05,5.0351013e-05,0.00013976995,0.00015693357,0.00048497898,0.0031324897,0.9997514,0.37566277
1149,1,0.865254,0.0004479309,8.790469e-05,5.0351013e-05,0.00013976995,0.00015693357,0.00048497898,0.0031324897,0.9997514,0.37566277
1149,2,0.865254,0.0004479309,8.790469e-05,5.0351013e-05,0.00013976995,0.00015693357,0.00048497898,0.0031324897,0.9997514,0.37566277
1149,3,0.865254,0.0004479309,8.790469e-05,5.0351013e-05,0.00013976995,0.00015693357,0.00048497898,0.0031324897,0.9997514,0.37566277
1149,4,0.865254,0.0004479309,8.790469e-05,5.0351013e-05,0.00013976995,0.00015693357,0.00048497898,0.0031324897,0.9997514,0.37566277
1149,5,0.865254,0.0004479309,8.790469e-05,5.0351013e-05,0.00013976995,0.00015693357,0.00048497898,0.0031324897,0.9997514,0.37566277
1149,6,0.865254,0.0004479309,8.790469e-05,5.0351013e-05,0.00013976995,0.00015693357,0.00048497898,0.0031324897,0.9997514,0.37566277
1149,7,0.86355275,0.00050359085,9.306061e-05,5.7800004e-05,0.00014326957,0.00015892887,0.00061659096,0.009331512,0.99970657,0.3748598
1149,8,0.865254,0.0004479309,8.790469e-05,5.0351013e-05,0.00013976995,0.00015693357,0.00048497898,0.0031324897,0.9997514,0.37566277
1150,0,0.9267008,0.00043645749,0.00011564808,3.3403132e-05,0.00012837368,0.00014250833,0.00051720784,0.0016946823,0.9997956,0.36062968
1150,1,0.9267008,0.00043645749,0.00011564808,3.3403132e-05,0.00012837368,0.00014250833,0.00051720784,0.0016946823,0.9997956,0.36062968
1150,2,0.9267008,0.00043645749,0.00011564808,3.3403132e-05,0.00012837368,0.00014250833,0.00051720784,0.0016946823,0.9997956,0.36062968
1150,3,0.9267008,0.00043645749,0.00011564808,3.3403132e-05,0.00012837368,0.00014250833,0.00051720784,0.0016946823,0.9997956,0.36063668
1150,4,0.9383504,0.0004252815,0.00012111705,3.199401e-05,0.00013497449,0.00015495946,0.0005457209,0.0012780756,0.99979955,0.37596583
1150,5,0.9267008,0.00043645749,0.00011564808,3.3403132e-05,0.00012837368,0.00014250833,0.00051720784,0.0016946823,0.9997956,0.36057284
1150,6,0.9267008,0.00043645749,0.00011564808,3.3403132e-05,0.00012837368,0.00014250833,0.00051720784,0.0016946823,0.9997956,0.36057284
1150,7,0.9267008,0.00043645749,0.00011564808,3.3403132e-05,0.00012837368,0.00014250833,0.00051720784,0.0016946823,0.9997956,0.36057284
1150,8,0.9267008,0.00043645749,0.00011564808,3.3403132e-05,0.00012837368,0.00014250833,0.00051720784,0.0016946823,0.9997956,0.36057284
1152,0,0.83516186,0.00040358526,6.942949e-05,4.1459472e-05,0.00012582428,0.000109899614,0.00059543375,0.09276341,0.9995788,0.3503313
1152,1,0.8538992,0.00037851662,6.726233e-05,3.98994e-05,0.00012072271,0.000115987335,0.00048951595,0.04752542,0.9996196,0.34623054
1152,2,0.83516186,0.00040358526,6.942949e-05,4.1459472e-05,0.00012582428,0.000109899614,0.00059543375,0.09276341,0.9995788,0.3503313
1152,3,0.81732494,0.0004508905,6.774344e-05,4.430278e-05,0.00012538784,0.00011233131,0.0005939159,0.11550957,0.9995276,0.3471113
1152,4,0.8538992,0.00037851662,6.726233e-05,3.98994e-05,0.00012072271,0.000115987335,0.00048951595,0.04752542,0.9996196,0.34623054
1152,5,0.81732494,0.0004508905,6.774344e-05,4.430278e-05,0.00012538784,0.00011233131,0.0005939159,0.11550957,0.9995276,0.3471113
1152,6,0.81732494,0.0004508905,6.774344e-05,4.430278e-05,0.00012538784,0.00011233131,0.0005939159,0.11550957,0.9995276,0.3471113
1152,7,0.83516186,0.00040358526,6.942949e-05,4.1459472e-05,0.00012582428,0.000109899614,0.00059543375,0.09276341,0.9995788,0.3503313
1152,8,0.83516186,0.00040358526,6.942949e-05,4.1459472e-05,0.00012582428,0.000109899614,0.00059543375,0.09276341,0.9995788,0.3503313
1153,0,0.6229938,0.0007712444,0.00022025955,0.00012334516,0.00016807338,0.0003784748,0.0011909431,5.026159e-05,0.9974456,0.3154369
1153,1,0.6229938,0.0007712444,0.00022025955,0.00012334516,0.00016807338,0.0003784748,0.0011909431,5.026159e-05,0.9974456,0.31534427
1153,2,0.6229938,0.0007712444,0.00022025955,0.00012334516,0.00016807338,0.0003784748,0.0011909431,5.026159e-05,0.9974456,0.31536254
1153,3,0.6229938,0.0007712444,0.00022025955,0.00012334516,0.00016807338,0.0003784748,0.0011909431,5.026159e-05,0.9974456,0.31536254
1153,4,0.6229938,0.0007712444,0.00022025955,0.00012334516,0.00016807338,0.0003784748,0.0011909431,5.026159e-05,0.9974456,0.31536254
1153,5,0.6229938,0.0007712444,0.00022025955,0.00012334516,0.00016807338,0.0003784748,0.0011909431,5.026159e-05,0.9974456,0.31536254
1153,6,0.6229938,0.0007712444,0.00022025955,0.00012334516,0.00016807338,0.0003784748,0.0011909431,5.026159e-05,0.9974456,0.31536254
1153,7,0.6229938,0.0007712444,0.00022025955,0.00012334516,0.00016807338,0.0003784748,0.0011909431,5.026159e-05,0.9974456,0.3153466
1153,8,0.6229938,0.0007712444,0.00022025955,0.00012334516,0.00016807338,0.0003784748,0.0011909431,5.026159e-05,0.9974456,0.3153466
1155,0,0.80223626,0.00042723276,9.16295e-05,8.505426e-05,6.381411e-05,0.0010587908,0.0006967507,1.6807595e-05,0.99952865,0.35472128
1155,1,0.80223626,0.00042723276,9.16295e-05,8.505426e-05,6.381411e-05,0.0010587908,0.0006967507,1.6807595e-05,0.99952865,0.35472128
1155,2,0.80223626,0.00042723276,9.16295e-05,8.505426e-05,6.381411e-05,0.0010587908,0.0006967507,1.6807595e-05,0.99952865,0.35472128
1155,3,0.80223626,0.00042723276,9.16295e-05,8.505426e-05,6.381411e-05,0.0010587908,0.0006967507,1.6807595e-05,0.99952865,0.35472128
1155,4,0.80223626,0.00042723276,9.16295e-05,8.505426e-05,6.381411e-05,0.0010587908,0.0006967507,1.6807595e-05,0.99952865,0.35472128
1155,5,0.80223626,0.00042723276,9.16295e-05,8.505426e-05,6.381411e-05,0.0010587908,0.0006967507,1.6807595e-05,0.99952865,0.35472128
1155,6,0.80223626,0.00042723276,9.16295e-05,8.505426e-05,6.381411e-05,0.0010587908,0.0006967507,1.6807595e-05,0.99952865,0.35472128
1155,7,0.80223626,0.00042723276,9.16295e-05,8.505426e-05,6.381411e-05,0.0010587908,0.0006967507,1.6807595e-05,0.99952865,0.35472128
1155,8,0.80223626,0.00042723276,9.16295e-05,8.505426e-05,6.381411e-05,0.0010587908,0.0006967507,1.6807595e-05,0.99952865,0.35470963
1156,0,0.8709106,0.0004374157,8.497757e-05,9.727788e-05,7.407038e-05,0.0005889643,0.00066223374,2.4885197e-05,0.9993979,0.3311505
1156,1,0.8709106,0.0004374157,8.497757e-05,9.727788e-05,7.407038e-05,0.0005889643,0.00066223374,2.4885197e-05,0.9993979,0.3311505
1156,2,0.8709106,0.0004374157,8.497757e-05,9.727788e-05,7.407038e-05,0.0005889643,0.00066223374,2.4885197e-05,0.9993979,0.3311505
1156,3,0.8709106,0.0004374157,8.497757e-05,9.727788e-05,7.407038e-05,0.0005889643,0.00066223374,2.4885197e-05,0.9993979,0.3311505
1156,4,0.860514,0.00046002117,8.3677296e-05,9.796189e-05,7.59653e-05,0.00054951716,0.00071217516,2.9047407e-05,0.9992562,0.32927635
1156,5,0.860514,0.00046002117,8.3677296e-05,9.796189e-05,7.59653e-05,0.00054951716,0.00071217516,2.9047407e-05,0.9992562,0.32927635
1156,6,0.8709106,0.0004374157,8.497757e-05,9.727788e-05,7.407038e-05,0.0005889643,0.00066223374,2.4885197e-05,0.9993979,0.3311505
1156,7,0.8709106,0.0004374157,8.497757e-05,9.727788e-05,7.407038e-05,0.0005889643,0.00066223374,2.4885197e-05,0.9993979,0.3311505
1156,8,0.8709106,0.0004374157,8.497757e-05,9.727788e-05,7.407038e-05,0.0005889643,0.00066223374,2.4885197e-05,0.9993979,0.3311505
1157,0,0.80164164,0.00058806123,0.00011833767,9.119975e-05,5.9265036e-05,0.00019368758,0.0005638115,2.6323805e-05,0.99956065,0.32594445
1157,1,0.80164164,0.00058806123,0.00011833767,9.119975e-05,5.9265036e-05,0.00019368758,0.0005638115,2.6323805e-05,0.99956065,0.32600603
1157,2,0.80164164,0.00058806123,0.00011833767,9.119975e-05,5.9265036e-05,0.00019368758,0.0005638115,2.6323805e-05,0.99956065,0.3261467
1157,3,0.80164164,0.00058806123,0.00011833767,9.119975e-05,5.9265036e-05,0.00019368758,0.0005638115,2.6323805e-05,0.99956065,0.3261467
1157,4,0.80164164,0.00058806123,0.00011833767,9.119975e-05,5.9265036e-05,0.00019368758,0.0005638115,2.6323805e-05,0.99956065,0.3261467
1157,5,0.80164164,0.00058806123,0.00011833767,9.119975e-05,5.9265036e-05,0.00019368758,0.0005638115,2.6323805e-05,0.99956065,0.3261467
1157,6,0.80164164,0.00058806123,0.00011833767,9.119975e-05,5.9265036e-05,0.00019368758,0.0005638115,2.6323805e-05,0.99956065,0.3261467
1157,7,0.80164164,0.00058806123,0.00011833767,9.119975e-05,5.9265036e-05,0.00019368758,0.0005638115,2.6323805e-05,0.99956065,0.3261467
1157,8,0.80164164,0.00058806123,0.00011833767,9.119975e-05,5.9265036e-05,0.00019368758,0.0005638115,2.6323805e-05,0.99956065,0.3261467
1162,0,0.00014042069,0.63597304,0.95328826,0.00034801583,0.9959369,0.0004405832,0.9689774,0.9899621,1.5493593e-05,0.009843941
1162,1,0.6501682,0.000628811,0.00022364974,7.339587e-05,0.000222699,0.00016622506,0.0017518371,0.010533786,0.99943894,0.36539218
1162,2,0.6501682,0.000628811,0.00022364974,7.339587e-05,0.000222699,0.00016622506,0.0017518371,0.010533786,0.99943894,0.36539218
1162,3,0.00014042069,0.63597304,0.95328826,0.00034801583,0.9959369,0.0004405832,0.9689774,0.9899621,1.5493593e-05,0.009843941
1162,4,0.00014042069,0.63597304,0.95328826,0.00034801583,0.9959369,0.0004405832,0.9689774,0.9899621,1.5493593e-05,0.009843941
1162,5,0.00014042069,0.63597304,0.95328826,0.00034801583,0.9959369,0.0004405832,0.9689774,0.9899621,1.5493593e-05,0.009843941
1162,6,0.6501682,0.000628811,0.00022364974,7.339587e-05,0.000222699,0.00016622506,0.0017518371,0.010533786,0.99943894,0.36539218
1162,7,0.6501682,0.000628811,0.00022364974,7.339587e-05,0.000222699,0.00016622506,0.0017518371,0.010533786,0.99943894,0.36539218
1162,8,0.6501682,0.000628811,0.00022364974,7.339587e-05,0.000222699,0.00016622506,0.0017518371,0.010533786,0.99943894,0.36539218
1164,0,0.9681813,0.00049660413,9.990745e-05,9.659975e-05,0.00010843942,6.175216e-05,0.00080545177,0.1344828,0.9994993,0.34844768
1164,1,0.9649594,0.00044441657,9.741471e-05,9.0231246e-05,0.00010436251,6.053462e-05,0.0007702983,0.09223556,0.9995029,0.3496249
1164,2,0.9681813,0.00049660413,9.990745e-05,9.659975e-05,0.00010843942,6.175216e-05,0.00080545177,0.1344828,0.9994993,0.34844768
1164,3,0.9681813,0.00049660413,9.990745e-05,9.659975e-05,0.00010843942,6.175216e-05,0.00080545177,0.1344828,0.9994993,0.34844768
1164,4,0.9649594,0.00044441657,9.741471e-05,9.0231246e-05,0.00010436251,6.053462e-05,0.0007702983,0.09223556,0.9995029,0.34965467
1164,5,0.9681813,0.00049660413,9.990745e-05,9.659975e-05,0.00010843942,6.175216e-05,0.00080545177,0.1344828,0.9994993,0.34844676
1164,6,0.9649594,0.00044441657,9.741471e-05,9.0231246e-05,0.00010436251,6.053462e-05,0.0007702983,0.09223556,0.9995029,0.3496364
1164,7,0.9649594,0.00044441657,9.741471e-05,9.0231246e-05,0.00010436251,6.053462e-05,0.0007702983,0.09223556,0.9995029,0.3496364
1164,8,0.9649594,0.00044441657,9.741471e-05,9.0231246e-05,0.00010436251,6.053462e-05,0.0007702983,0.09223556,0.9995029,0.3496364
1166,0,0.3329823,0.0014819553,0.0003649813,0.00012831298,0.00025168253,0.00014702689,0.0013589031,0.99791116,0.78953874,0.23026042
1166,1,0.33317342,0.0008664263,0.00022155682,0.000104156206,0.00025643368,0.00013537213,0.0015025996,0.9984999,0.9480263,0.17144698
1166,2,0.3329823,0.0014819553,0.0003649813,0.00012831298,0.00025168253,0.00014702689,0.0013589031,0.99791116,0.78953874,0.22888346
1166,3,0.3329823,0.0014819553,0.0003649813,0.00012831298,0.00025168253,0.00014702689,0.0013589031,0.99791116,0.78953874,0.22888346
1166,4,0.33317342,0.0008664263,0.00022155682,0.000104156206,0.00025643368,0.00013537213,0.0015025996,0.9984999,0.9480263,0.17144698
1166,5,0.33317342,0.0008664263,0.00022155682,0.000104156206,0.00025643368,0.00013537213,0.0015025996,0.9984999,0.9480263,0.17144698
1166,6,0.3329823,0.0014819553,0.0003649813,0.00012831298,0.00025168253,0.00014702689,0.0013589031,0.99791116,0.78953874,0.23020345
1166,7,0.3329823,0.0014819553,0.0003649813,0.00012831298,0.00025168253,0.00014702689,0.0013589031,0.99791116,0.78953874,0.23020345
1166,8,0.33317342,0.0008664263,0.00022155682,0.000104156206,0.00025643368,0.00013537213,0.0015025996,0.9984999,0.9480263,0.1713037
1168,0,0.76840883,0.0006406411,7.1145005e-05,7.1528e-05,0.0001215296,0.00016530312,0.00024025199,0.003244529,0.9997726,0.37188205
1168,1,0.7666175,0.0005884789,7.643624e-05,7.567515e-05,0.00012815108,0.00016718853,0.0002550244,0.0043698424,0.9997626,0.36669466
1168,2,0.7713588,0.0006211427,7.126628e-05,6.888915e-05,0.00011918133,0.00016009211,0.00024194107,0.003555407,0.9997725,0.36876824
1168,3,0.76111346,0.00059928367,8.0178936e-05,7.832801e-05,0.00013215371,0.00016904995,0.00026153395,0.0047246567,0.99975187,0.3684753
1168,4,0.76840883,0.0006406411,7.1145005e-05,7.1528e-05,0.0001215296,0.00016530312,0.00024025199,0.003244529,0.9997726,0.37188205
1168,5,0.76840883,0.0006406411,7.1145005e-05,7.1528e-05,0.0001215296,0.00016530312,0.00024025199,0.003244529,0.9997726,0.37188205
1168,6,0.7713588,0.0006211427,7.126628e-05,6.888915e-05,0.00011918133,0.00016009211,0.00024194107,0.003555407,0.9997725,0.36876824
1168,7,0.7713588,0.0006211427,7.126628e-05,6.888915e-05,0.00011918133,0.00016009211,0.00024194107,0.003555407,0.9997725,0.36876824
1168,8,0.76840883,0.0006406411,7.1145005e-05,7.1528e-05,0.0001215296,0.00016530312,0.00024025199,0.003244529,0.9997726,0.37188205
1169,0,0.6374047,0.00039601044,8.5289386e-05,8.753112e-05,0.00012740564,0.0001664303,0.0006234605,0.008705637,0.9994863,0.33728495
1169,1,0.6374047,0.00039601044,8.5289386e-05,8.753112e-05,0.00012740564,0.0001664303,0.0006234605,0.008705637,0.9994863,0.33728495
1169,2,0.6374047,0.00039601044,8.5289386e-05,8.753112e-05,0.00012740564,0.0001664303,0.0006234605,0.008705637,0.9994863,0.33728495
1169,3,0.6374047,0.00039601044,8.5289386e-05,8.753112e-05,0.00012740564,0.0001664303,0.0006234605,0.008705637,0.9994863,0.33728495
1169,4,0.5943572,0.00040852596,8.26507e-05,9.279149e-05,0.000119289456,0.00015614426,0.0005845619,0.021710677,0.99940395,0.3392503
1169,5,0.6374047,0.00039601044,8.5289386e-05,8.753112e-05,0.00012740564,0.0001664303,0.0006234605,0.008705637,0.9994863,0.33732042
1169,6,0.5943572,0.00040852596,8.26507e-05,9.279149e-05,0.000119289456,0.00015614426,0.0005845619,0.021710677,0.99940395,0.3392401
1169,7,0.5943572,0.00040852596,8.26507e-05,9.279149e-05,0.000119289456,0.00015614426,0.0005845619,0.021710677,0.99940395,0.3392401
1169,8,0.5943572,0.00040852596,8.26507e-05,9.279149e-05,0.000119289456,0.00015614426,0.0005845619,0.021710677,0.99940395,0.3392401
1171,0,0.68935746,0.0005771118,0.00013547284,9.09361e-05,0.00016183009,0.00010280161,0.0011328054,0.053839963,0.99932146,0.36104664
1171,1,0.68935746,0.0005771118,0.00013547284,9.09361e-05,0.00016183009,0.00010280161,0.0011328054,0.053839963,0.99932146,0.36104664
1171,2,0.68935746,0.0005771118,0.00013547284,9.09361e-05,0.00016183009,0.00010280161,0.0011328054,0.053839963,0.99932146,0.36104664
1171,3,0.68935746,0.0005771118,0.00013547284,9.09361e-05,0.00016183009,0.00010280161,0.0011328054,0.053839963,0.99932146,0.36104664
1171,4,0.68935746,0.0005771118,0.00013547284,9.09361e-05,0.00016183009,0.00010280161,0.0011328054,0.053839963,0.99932146,0.36104664
1171,5,0.68935746,0.0005771118,0.00013547284,9.09361e-05,0.00016183009,0.00010280161,0.0011328054,0.053839963,0.99932146,0.36104664
1171,6,0.68935746,0.0005771118,0.00013547284,9.09361e-05,0.00016183009,0.00010280161,0.0011328054,0.053839963,0.99932146,0.36109945
1171,7,0.68935746,0.0005771118,0.00013547284,9.09361e-05,0.00016183009,0.00010280161,0.0011328054,0.053839963,0.99932146,0.36109945
1171,8,0.68935746,0.0005771118,0.00013547284,9.09361e-05,0.00016183009,0.00010280161,0.0011328054,0.053839963,0.99932146,0.36109945
1175,0,0.94242996,0.0005508242,8.1215556e-05,0.00014618254,0.00012844066,0.00041817114,0.0009435869,0.0014113836,0.99947804,0.3861345
1175,1,0.84235936,0.0006417506,6.387524e-05,0.00013628758,0.00012563798,0.00028356147,0.0005873627,0.002122658,0.99934393,0.38996458
1175,2,0.94242996,0.0005508242,8.1215556e-05,0.00014618254,0.00012844066,0.00041817114,0.0009435869,0.0014113836,0.99947804,0.3861345
1175,3,0.87002754,0.0006152645,6.747915e-05,0.00013629992,0.00011285892,0.00035864327,0.0006616461,0.00093374564,0.9994711,0.3893334
1175,4,0.85115457,0.0006853822,6.788189e-05,0.00013656465,0.00013920387,0.0002758253,0.0006331188,0.003074896,0.99919814,0.3875686
1175,5,0.9257557,0.00055984297,8.056775e-05,0.00012752452,0.00013448001,0.00041217054,0.00088923576,0.0016086164,0.9994128,0.37286785
1175,6,0.9257557,0.00055984297,8.056775e-05,0.00012752452,0.00013448001,0.00041217054,0.00088923576,0.0016086164,0.9994128,0.37286785
1175,7,0.84235936,0.0006417506,6.387524e-05,0.00013628758,0.00012563798,0.00028356147,0.0005873627,0.002122658,0.99934393,0.38996458
1175,8,0.94242996,0.0005508242,8.1215556e-05,0.00014618254,0.00012844066,0.00041817114,0.0009435869,0.0014113836,0.99947804,0.3861345
1179,0,0.79421276,0.00056437094,9.332455e-05,0.000118831485,0.00012336104,0.00016439537,0.00077575096,0.018870808,0.99945635,0.33470312
1179,1,0.79421276,0.00056437094,9.332455e-05,0.000118831485,0.00012336104,0.00016439537,0.00077575096,0.018870808,0.99945635,0.33470312
1179,2,0.79421276,0.00056437094,9.332455e-05,0.000118831485,0.00012336104,0.00016439537,0.00077575096,0.018870808,0.99945635,0.33470312
1179,3,0.79421276,0.00056437094,9.332455e-05,0.000118831485,0.00012336104,0.00016439537,0.00077575096,0.018870808,0.99945635,0.33470312
1179,4,0.79421276,0.00056437094,9.332455e-05,0.000118831485,0.00012336104,0.00016439537,0.00077575096,0.018870808,0.99945635,0.33466372
1179,5,0.79421276,0.00056437094,9.332455e-05,0.000118831485,0.00012336104,0.00016439537,0.00077575096,0.018870808,0.99945635,0.33466372
1179,6,0.79421276,0.00056437094,9.332455e-05,0.000118831485,0.00012336104,0.00016439537,0.00077575096,0.018870808,0.99945635,0.33466372
1179,7,0.79421276,0.00056437094,9.332455e-05,0.000118831485,0.00012336104,0.00016439537,0.00077575096,0.018870808,0.99945635,0.33466372
1179,8,0.79421276,0.00056437094,9.332455e-05,0.000118831485,0.00012336104,0.00016439537,0.00077575096,0.018870808,0.99945635,0.33466372
1185,0,0.00039015562,0.21221131,0.19251983,0.0005027151,0.9997247,0.00090355607,0.47001776,0.2605805,0.00022219103,0.038364626
1185,1,0.0006428352,0.22037058,0.17227627,0.0004579941,0.9996538,0.0008611805,0.4101171,0.26431316,0.00018033157,0.044027228
1185,2,0.79434365,0.00046543064,9.718479e-05,9.502811e-05,0.00015745113,0.0003414488,0.00058986596,0.00473625,0.99963915,0.33495888
1185,3,0.79434365,0.00046543064,9.718479e-05,9.502811e-05,0.00015745113,0.0003414488,0.00058986596,0.00473625,0.99963915,0.33495888
1185,4,0.0011559996,0.23924159,0.14605348,0.0004888729,0.99954575,0.00062105653,0.37023956,0.20976773,0.00022349371,0.04918058
1185,5,0.75910395,0.0005000915,9.473694e-05,0.00010478611,0.00016075798,0.00027254486,0.0005967802,0.004201252,0.99958557,0.33464655
1185,6,0.75793713,0.0005049331,9.6922144e-05,0.000104744046,0.0001701436,0.0002713827,0.00062848657,0.0038803294,0.9995883,0.33387837
1185,7,0.0010322816,0.21743573,0.15461567,0.0005030622,0.9995521,0.0006612571,0.38661334,0.20729753,0.00022602367,0.043995094
1185,8,0.0006428352,0.22037058,0.17227627,0.0004579941,0.9996538,0.0008611805,0.4101171,0.26431316,0.00018033157,0.043953564
1187,0,0.70281416,0.0005127943,9.228049e-05,0.00014574315,0.00013039251,0.00043670743,0.00080811174,0.00012020903,0.99934,0.34524682
1187,1,0.70281416,0.0005127943,9.228049e-05,0.00014574315,0.00013039251,0.00043670743,0.00080811174,0.00012020903,0.99934,0.34524682
1187,2,0.70281416,0.0005127943,9.228049e-05,0.00014574315,0.00013039251,0.00043670743,0.00080811174,0.00012020903,0.99934,0.34547862
1187,3,0.70281416,0.0005127943,9.228049e-05,0.00014574315,0.00013039251,0.00043670743,0.00080811174,0.00012020903,0.99934,0.34547862
1187,4,0.70281416,0.0005127943,9.228049e-05,0.00014574315,0.00013039251,0.00043670743,0.00080811174,0.00012020903,0.99934,0.34547862
1187,5,0.70983034,0.0003830463,6.5814354e-05,9.963867e-05,0.000110626366,0.001201502,0.00041894,1.900913e-05,0.99946815,0.35684797
1187,6,0.70281416,0.0005127943,9.228049e-05,0.00014574315,0.00013039251,0.00043670743,0.00080811174,0.00012020903,0.99934,0.34547862
1187,7,0.70209867,0.00037192984,7.016234e-05,0.000112654416,0.00010822321,0.0013484585,0.00065812137,2.610845e-05,0.9992849,0.34779266
1187,8,0.70281416,0.0005127943,9.228049e-05,0.00014574315,0.00013039251,0.00043670743,0.00080811174,0.00012020903,0.99934,0.34541094
1189,0,0.7954641,0.0008686768,0.00023085489,5.9331873e-05,0.00034202888,0.00052833965,0.0010426502,0.0042614928,0.999,0.35250822
1189,1,0.7954641,0.0008686768,0.00023085489,5.9331873e-05,0.00034202888,0.00052833965,0.0010426502,0.0042614928,0.999,0.35250822
1189,2,0.7954641,0.0008686768,0.00023085489,5.9331873e-05,0.00034202888,0.00052833965,0.0010426502,0.0042614928,0.999,0.35250822
1189,3,0.7954641,0.0008686768,0.00023085489,5.9331873e-05,0.00034202888,0.00052833965,0.0010426502,0.0042614928,0.999,0.35250822
1189,4,0.7954641,0.0008686768,0.00023085489,5.9331873e-05,0.00034202888,0.00052833965,0.0010426502,0.0042614928,0.999,0.35253587
1189,5,0.7954641,0.0008686768,0.00023085489,5.9331873e-05,0.00034202888,0.00052833965,0.0010426502,0.0042614928,0.999,0.35253587
1189,6,0.7954641,0.0008686768,0.00023085489,5.9331873e-05,0.00034202888,0.00052833965,0.0010426502,0.0042614928,0.999,0.35253587
1189,7,0.7954641,0.0008686768,0.00023085489,5.9331873e-05,0.00034202888,0.00052833965,0.0010426502,0.0042614928,0.999,0.35253587
1189,8,0.7954641,0.0008686768,0.00023085489,5.9331873e-05,0.00034202888,0.00052833965,0.0010426502,0.0042614928,0.999,0.35253587
1192,0,0.7855343,0.00036431052,8.065692e-05,9.704941e-05,7.057914e-05,0.0004781411,0.0006553721,3.972123e-05,0.99958736,0.44471368
1192,1,0.7855343,0.00036431052,8.065692e-05,9.704941e-05,7.057914e-05,0.0004781411,0.0006553721,3.972123e-05,0.99958736,0.44471368
1192,2,0.7855343,0.00036431052,8.065692e-05,9.704941e-05,7.057914e-05,0.0004781411,0.0006553721,3.972123e-05,0.99958736,0.44471368
1192,3,0.7855343,0.00036431052,8.065692e-05,9.704941e-05,7.057914e-05,0.0004781411,0.0006553721,3.972123e-05,0.99958736,0.44471368
1192,4,0.7855343,0.00036431052,8.065692e-05,9.704941e-05,7.057914e-05,0.0004781411,0.0006553721,3.972123e-05,0.99958736,0.44471368
1192,5,0.7855343,0.00036431052,8.065692e-05,9.704941e-05,7.057914e-05,0.0004781411,0.0006553721,3.972123e-05,0.99958736,0.44471368
1192,6,0.7855343,0.00036431052,8.065692e-05,9.704941e-05,7.057914e-05,0.0004781411,0.0006553721,3.972123e-05,0.99958736,0.44471368
1192,7,0.7855343,0.00036431052,8.065692e-05,9.704941e-05,7.057914e-05,0.0004781411,0.0006553721,3.972123e-05,0.99958736,0.44471368
1192,8,0.7855343,0.00036431052,8.065692e-05,9.704941e-05,7.057914e-05,0.0004781411,0.0006553721,3.972123e-05,0.99958736,0.44471368
1195,0,0.8249819,0.00033226164,4.364317e-05,5.098465e-05,7.7787685e-05,9.2076916e-05,0.00040835154,0.02515717,0.9994727,0.340304
1195,1,0.8249819,0.00033226164,4.364317e-05,5.098465e-05,7.7787685e-05,9.2076916e-05,0.00040835154,0.02515717,0.9994727,0.34032813
1195,2,0.8249819,0.00033226164,4.364317e-05,5.098465e-05,7.7787685e-05,9.2076916e-05,0.00040835154,0.02515717,0.9994727,0.34033772
1195,3,0.8249819,0.00033226164,4.364317e-05,5.098465e-05,7.7787685e-05,9.2076916e-05,0.00040835154,0.02515717,0.9994727,0.34033772
1195,4,0.8249819,0.00033226164,4.364317e-05,5.098465e-05,7.7787685e-05,9.2076916e-05,0.00040835154,0.02515717,0.9994727,0.34033772
1195,5,0.8249819,0.00033226164,4.364317e-05,5.098465e-05,7.7787685e-05,9.2076916e-05,0.00040835154,0.02515717,0.9994727,0.34033772
1195,6,0.8249819,0.00033226164,4.364317e-05,5.098465e-05,7.7787685e-05,9.2076916e-05,0.00040835154,0.02515717,0.9994727,0.34033772
1195,7,0.824982,0.00033226164,4.364317e-05,5.098465e-05,7.7787685e-05,9.2076916e-05,0.00040835154,0.02515717,0.9994727,0.34033772
1195,8,0.824982,0.00033226164,4.364317e-05,5.098465e-05,7.7787685e-05,9.2076916e-05,0.00040835154,0.02515717,0.9994727,0.34033772
1198,0,0.81913716,0.0005566685,0.00032023355,7.1885624e-05,0.00020479024,0.0001243932,0.0017043581,0.012125275,0.99936503,0.3927472
1198,1,0.81913716,0.0005566685,0.00032023355,7.1885624e-05,0.00020479024,0.0001243932,0.0017043581,0.012125275,0.99936503,0.3927472
1198,2,0.81913716,0.0005566685,0.00032023355,7.1885624e-05,0.00020479024,0.0001243932,0.0017043581,0.012125275,0.99936503,0.3927472
1198,3,0.81913716,0.0005566685,0.00032023355,7.1885624e-05,0.00020479024,0.0001243932,0.0017043581,0.012125275,0.99936503,0.3927218
1198,4,0.81913716,0.0005566685,0.00032023355,7.1885624e-05,0.00020479024,0.0001243932,0.0017043581,0.012125275,0.99936503,0.39304933
1198,5,0.81913716,0.0005566685,0.00032023355,7.1885624e-05,0.00020479024,0.0001243932,0.0017043581,0.012125275,0.99936503,0.39304933
1198,6,0.81913716,0.0005566685,0.00032023355,7.1885624e-05,0.00020479024,0.0001243932,0.0017043581,0.012125275,0.99936503,0.39304933
1198,7,0.81913716,0.0005566685,0.00032023355,7.1885624e-05,0.00020479024,0.0001243932,0.0017043581,0.012125275,0.99936503,0.39304933
1198,8,0.81913716,0.0005566685,0.00032023355,7.1885624e-05,0.00020479024,0.0001243932,0.0017043581,0.012125275,0.99936503,0.39304283
1201,0,0.72744113,0.00038657847,5.9246613e-05,1.6186856e-05,0.00010950158,4.9011735e-05,0.00034920665,0.7236371,0.99974245,0.36809182
1201,1,0.72744113,0.00038657847,5.9246613e-05,1.6186856e-05,0.00010950158,4.9011735e-05,0.00034920665,0.7236371,0.99974245,0.36809182
1201,2,0.72744113,0.00038657847,5.9246613e-05,1.6186856e-05,0.00010950158,4.9011735e-05,0.00034920665,0.7236371,0.99974245,0.36809182
1201,3,0.72744113,0.00038657847,5.9246613e-05,1.6186856e-05,0.00010950158,4.9011735e-05,0.00034920665,0.7236371,0.99974245,0.36809182
1201,4,0.72744113,0.00038657847,5.9246613e-05,1.6186856e-05,0.00010950158,4.9011735e-05,0.00034920665,0.7236371,0.99974245,0.36809182
1201,5,0.72744113,0.00038657847,5.9246613e-05,1.6186856e-05,0.00010950158,4.9011735e-05,0.00034920665,0.7236371,0.99974245,0.3682101
1201,6,0.72744113,0.00038657847,5.9246613e-05,1.6186856e-05,0.00010950158,4.9011735e-05,0.00034920665,0.7236371,0.99974245,0.3682101
1201,7,0.72744113,0.00038657847,5.9246613e-05,1.6186856e-05,0.00010950158,4.9011735e-05,0.00034920665,0.7236371,0.99974245,0.3682101
1201,8,0.72744113,0.00038657847,5.9246613e-05,1.6186856e-05,0.00010950158,4.9011735e-05,0.00034920665,0.7236371,0.99974245,0.3682101
1205,0,0.33321932,0.0042104167,0.0037975246,0.0006609352,0.0037625958,0.00047875635,0.006488211,0.0046537733,0.27004158,0.32958794
1205,1,0.33322278,0.0033842397,0.0028505153,0.00048247914,0.0031192016,0.00035253738,0.00530159,0.0034831823,0.35861138,0.3299079
1205,2,0.33321932,0.0042104167,0.0037975246,0.0006609352,0.0037625958,0.00047875635,0.006488211,0.0046537733,0.27004158,0.32958794
1205,3,0.33321932,0.0042104167,0.0037975246,0.0006609352,0.0037625958,0.00047875635,0.006488211,0.0046537733,0.27004158,0.32958794
1205,4,0.33321932,0.0042104167,0.0037975246,0.0006609352,0.0037625958,0.00047875635,0.006488211,0.0046537733,0.27004158,0.32958794
1205,5,0.33322278,0.0033842397,0.0028505153,0.00048247914,0.0031192016,0.00035253738,0.00530159,0.0034831823,0.35861138,0.3299079
1205,6,0.33321932,0.0042104167,0.0037975246,0.0006609352,0.0037625958,0.00047875635,0.006488211,0.0046537733,0.27004158,0.32958794
1205,7,0.33320448,0.0035487488,0.0027287991,0.00047258227,0.0034534743,0.0003508222,0.0049415804,0.0029891403,0.32932636,0.33111167
1205,8,0.33321932,0.0042104167,0.0037975246,0.0006609352,0.0037625958,0.00047875635,0.006488211,0.0046537733,0.27004158,0.32958794
1208,0,0.48671332,0.0005181375,0.00010539499,0.00011154359,0.00011702965,0.0017346605,0.0009975529,2.0447074e-05,0.99807894,0.27589837
1208,1,0.48671332,0.0005181375,0.00010539499,0.00011154359,0.00011702965,0.0017346605,0.0009975529,2.0447074e-05,0.99807894,0.27589837
1208,2,0.48671332,0.0005181375,0.00010539499,0.00011154359,0.00011702965,0.0017346605,0.0009975529,2.0447074e-05,0.99807894,0.27589837
1208,3,0.48671332,0.0005181375,0.00010539499,0.00011154359,0.00011702965,0.0017346605,0.0009975529,2.0447074e-05,0.99807894,0.27624786
1208,4,0.48671332,0.0005181375,0.00010539499,0.00011154359,0.00011702965,0.0017346605,0.0009975529,2.0447074e-05,0.99807894,0.27624786
1208,5,0.48671332,0.0005181375,0.00010539499,0.00011154359,0.00011702965,0.0017346605,0.0009975529,2.0447074e-05,0.99807894,0.27624786
1208,6,0.48671332,0.0005181375,0.00010539499,0.00011154359,0.00011702965,0.0017346605,0.0009975529,2.0447074e-05,0.99807894,0.27624786
1208,7,0.48671332,0.0005181375,0.00010539499,0.00011154359,0.00011702965,0.0017346605,0.0009975529,2.0447074e-05,0.99807894,0.27624786
1208,8,0.48671332,0.0005181375,0.00010539499,0.00011154359,0.00011702965,0.0017346605,0.0009975529,2.0447074e-05,0.99807894,0.27624786
1209,0,0.5467836,0.00086561224,0.000120931254,0.00013707504,0.00010487577,0.00024112196,0.00035129508,7.047772e-05,0.99932337,0.3073897
1209,1,0.00020172342,0.26560915,0.5942531,0.003709906,0.3572302,0.0007092259,0.90667087,0.06824175,7.541523e-05,0.0037144786
1209,2,0.49643767,0.0008289886,0.00012064034,0.00011942559,8.423933e-05,0.00026872457,0.0003544181,2.7475126e-05,0.999226,0.30499783
1209,3,0.5467836,0.00086561224,0.000120931254,0.00013707504,0.00010487577,0.00024112196,0.00035129508,7.047772e-05,0.99932337,0.3073897
1209,4,0.00020172342,0.26560915,0.5942531,0.003709906,0.3572302,0.0007092259,0.90667087,0.06824175,7.541523e-05,0.0037144786
1209,5,0.5467836,0.00086561224,0.000120931254,0.00013707504,0.00010487577,0.00024112196,0.00035129508,7.047772e-05,0.99932337,0.30736673
1209,6,0.0002449415,0.20965993,0.4563539,0.0034565872,0.2756026,0.00070175424,0.86716855,0.0369897,0.00010602652,0.004616196
1209,7,0.0002449415,0.20965993,0.4563539,0.0034565872,0.2756026,0.00070175424,0.86716855,0.0369897,0.00010602652,0.004616196
1209,8,0.5467836,0.00086561224,0.000120931254,0.00013707504,0.00010487577,0.00024112196,0.00035129508,7.047772e-05,0.99932337,0.30736673
1220,0,0.75256926,0.0009824535,0.00024580522,0.00014990386,0.00023726103,0.0010117216,0.0016096124,2.9503277e-05,0.99904066,0.2938847
1220,1,0.75256926,0.0009824535,0.00024580522,0.00014990386,0.00023726103,0.0010117216,0.0016096124,2.9503277e-05,0.99904066,0.2938847
1220,2,0.75256926,0.0009824535,0.00024580522,0.00014990386,0.00023726103,0.0010117216,0.0016096124,2.9503277e-05,0.99904066,0.2938847
1220,3,0.75256926,0.0009824535,0.00024580522,0.00014990386,0.00023726103,0.0010117216,0.0016096124,2.9503277e-05,0.99904066,0.2938847
1220,4,0.75256926,0.0009824535,0.00024580522,0.00014990386,0.00023726103,0.0010117216,0.0016096124,2.9503277e-05,0.99904066,0.2938847
1220,5,0.75256926,0.0009824535,0.00024580522,0.00014990386,0.00023726103,0.0010117216,0.0016096124,2.9503277e-05,0.99904066,0.2938847
1220,6,0.75256926,0.0009824535,0.00024580522,0.00014990386,0.00023726103,0.0010117216,0.0016096124,2.9503277e-05,0.99904066,0.2938847
1220,7,0.75256926,0.0009824535,0.00024580522,0.00014990386,0.00023726103,0.0010117216,0.0016096124,2.9503277e-05,0.99904066,0.29386383
1220,8,0.75256926,0.0009824535,0.00024580522,0.00014990386,0.00023726103,0.0010117216,0.0016096124,2.9503277e-05,0.99904066,0.29386383
1225,0,0.81993383,0.0005924959,9.276469e-05,7.498525e-05,0.00011724289,0.00022973199,0.0005037966,7.5581615e-05,0.99957436,0.39361426
1225,1,0.81993383,0.0005924959,9.276469e-05,7.498525e-05,0.00011724289,0.00022973199,0.0005037966,7.5581615e-05,0.99957436,0.39361426
1225,2,0.81993383,0.0005924959,9.276469e-05,7.498525e-05,0.00011724289,0.00022973199,0.0005037966,7.5581615e-05,0.99957436,0.39361426
1225,3,0.81993383,0.0005924959,9.276469e-05,7.498525e-05,0.00011724289,0.00022973199,0.0005037966,7.5581615e-05,0.99957436,0.39361426
1225,4,0.81993383,0.0005924959,9.276469e-05,7.498525e-05,0.00011724289,0.00022973199,0.0005037966,7.5581615e-05,0.99957436,0.39361426
1225,5,0.81993383,0.0005924959,9.276469e-05,7.498525e-05,0.00011724289,0.00022973199,0.0005037966,7.5581615e-05,0.99957436,0.39361426
1225,6,0.82316464,0.00058308116,9.346936e-05,7.586416e-05,0.000120471224,0.0002384903,0.0004956116,7.571117e-05,0.9995701,0.4071436
1225,7,0.81993383,0.0005924959,9.276469e-05,7.498525e-05,0.00011724289,0.00022973199,0.0005037966,7.5581615e-05,0.99957436,0.39361426
1225,8,4.3832017e-05,0.83030224,0.5471819,0.001437982,0.9694381,0.0012541417,0.78398293,0.2606558,4.349061e-05,0.004023911
1227,0,0.78145534,0.0005194175,7.0087786e-05,8.7371096e-05,9.886336e-05,0.00026079145,0.0006368315,0.0026992627,0.9996345,0.3487037
1227,1,0.78159946,0.0005050147,6.570085e-05,8.603149e-05,9.786638e-05,0.00024194548,0.00061941106,0.002393741,0.9996556,0.3460106
1227,2,0.76289576,0.000502105,6.567711e-05,8.648637e-05,8.6511274e-05,0.00017792081,0.0005276172,0.004128291,0.9995939,0.34681323
1227,3,0.78145534,0.0005194175,7.0087786e-05,8.7371096e-05,9.886336e-05,0.00026079145,0.0006368315,0.0026992627,0.9996345,0.3487037
1227,4,0.78159946,0.0005050147,6.570085e-05,8.603149e-05,9.786638e-05,0.00024194548,0.00061941106,0.002393741,0.9996556,0.3460106
1227,5,0.78145534,0.0005194175,7.0087786e-05,8.7371096e-05,9.886336e-05,0.00026079145,0.0006368315,0.0026992627,0.9996345,0.3487037
1227,6,0.76289576,0.000502105,6.567711e-05,8.648637e-05,8.6511274e-05,0.00017792081,0.0005276172,0.004128291,0.9995939,0.34681323
1227,7,0.78159946,0.0005050147,6.570085e-05,8.603149e-05,9.786638e-05,0.00024194548,0.00061941106,0.002393741,0.9996556,0.3460106
1227,8,0.78159946,0.0005050147,6.570085e-05,8.603149e-05,9.786638e-05,0.00024194548,0.00061941106,0.002393741,0.9996556,0.3460106
1229,0,0.9311212,0.00032380762,0.00012100346,7.7490644e-05,0.00014675852,0.00041135133,0.0009187208,0.00061206066,0.99945265,0.32674935
1229,1,0.9311212,0.00032380762,0.00012100346,7.7490644e-05,0.00014675852,0.00041135133,0.0009187208,0.00061206066,0.99945265,0.32675287
1229,2,0.9311212,0.00032380762,0.00012100346,7.7490644e-05,0.00014675852,0.00041135133,0.0009187208,0.00061206066,0.99945265,0.32675287
1229,3,0.9311212,0.00032380762,0.00012100346,7.7490644e-05,0.00014675852,0.00041135133,0.0009187208,0.00061206066,0.99945265,0.32675287
1229,4,0.9311212,0.00032380762,0.00012100346,7.7490644e-05,0.00014675852,0.00041135133,0.0009187208,0.00061206066,0.99945265,0.32675287
1229,5,0.9311212,0.00032380762,0.00012100346,7.7490644e-05,0.00014675852,0.00041135133,0.0009187208,0.00061206066,0.99945265,0.32675287
1229,6,0.9311212,0.00032380762,0.00012100346,7.7490644e-05,0.00014675852,0.00041135133,0.0009187208,0.00061206066,0.99945265,0.32674935
1229,7,0.9311212,0.00032380762,0.00012100346,7.7490644e-05,0.00014675852,0.00041135133,0.0009187208,0.00061206066,0.99945265,0.32674935
1229,8,0.9298727,0.00032584532,0.0001210547,7.800846e-05,0.00014661529,0.00041027614,0.0009131909,0.000645428,0.99944896,0.32761008
1231,0,0.7678922,0.00041213323,7.919142e-05,5.9381797e-05,0.00012987443,0.0002195448,0.0004969956,0.0009904419,0.99949515,0.34122053
1231,1,0.7678922,0.00041213323,7.919142e-05,5.9381797e-05,0.00012987443,0.0002195448,0.0004969956,0.0009904419,0.99949515,0.34122053
1231,2,0.7678922,0.00041213323,7.919142e-05,5.9381797e-05,0.00012987443,0.0002195448,0.0004969956,0.0009904419,0.99949515,0.34122053
1231,3,0.7678922,0.00041213323,7.919142e-05,5.9381797e-05,0.00012987443,0.0002195448,0.0004969956,0.0009904419,0.99949515,0.34122053
1231,4,0.7678922,0.00041213323,7.919142e-05,5.9381797e-05,0.00012987443,0.0002195448,0.0004969956,0.0009904419,0.99949515,0.34122053
1231,5,0.7678922,0.00041213323,7.919142e-05,5.9381797e-05,0.00012987443,0.0002195448,0.0004969956,0.0009904419,0.99949515,0.34122053
1231,6,0.7678922,0.00041213323,7.919142e-05,5.9381797e-05,0.00012987443,0.0002195448,0.0004969956,0.0009904419,0.99949515,0.34122053
1231,7,0.7678922,0.00041213323,7.919142e-05,5.9381797e-05,0.00012987443,0.0002195448,0.0004969956,0.0009904419,0.99949515,0.3412104
1231,8,0.7678922,0.00041213323,7.919142e-05,5.9381797e-05,0.00012987443,0.0002195448,0.0004969956,0.0009904419,0.99949515,0.34114704
1232,0,0.68003386,0.00038783828,0.000100221376,0.00011167236,0.00011145682,0.0008066661,0.0010097947,2.6578018e-05,0.9992878,0.3291205
1232,1,0.6798508,0.00042278867,0.0001019102,0.000114912,0.00012457304,0.0011739129,0.0013640631,8.741026e-05,0.9991522,0.3319215
1232,2,0.68003386,0.00038783828,0.000100221376,0.00011167236,0.00011145682,0.0008066661,0.0010097947,2.6578018e-05,0.9992878,0.3291205
1232,3,0.6798508,0.00042278867,0.0001019102,0.000114912,0.00012457304,0.0011739129,0.0013640631,8.741026e-05,0.9991522,0.3319215
1232,4,0.6798508,0.00042278867,0.0001019102,0.000114912,0.00012457304,0.0011739129,0.0013640631,8.741026e-05,0.9991522,0.3319215
1232,5,0.6798508,0.00042278867,0.0001019102,0.000114912,0.00012457304,0.0011739129,0.0013640631,8.741026e-05,0.9991522,0.3319215
1232,6,0.6798508,0.00042278867,0.0001019102,0.000114912,0.00012457304,0.0011739129,0.0013640631,8.741026e-05,0.9991522,0.3319215
1232,7,0.6798508,0.00042278867,0.0001019102,0.000114912,0.00012457304,0.0011739129,0.0013640631,8.741026e-05,0.9991522,0.3319215
1232,8,0.6798508,0.00042278867,0.0001019102,0.000114912,0.00012457304,0.0011739129,0.0013640631,8.741026e-05,0.9991522,0.3319215
1235,0,0.6750014,0.00040113466,6.258462e-05,9.2670874e-05,7.237364e-05,0.000501989,0.00031641158,2.0701236e-05,0.9996724,0.32210562
1235,1,0.6908703,0.00041229982,6.246639e-05,9.2409406e-05,7.31168e-05,0.0004742942,0.0003380031,2.04315e-05,0.99965,0.323131
1235,2,0.6750014,0.00040113466,6.258462e-05,9.2670874e-05,7.237364e-05,0.000501989,0.00031641158,2.0701236e-05,0.9996724,0.32208705
1235,3,0.67098695,0.00039715914,6.110352e-05,9.067217e-05,7.2171984e-05,0.00048896467,0.00031491285,2.0226369e-05,0.9996679,0.3227547
1235,4,0.6750014,0.00040113466,6.258462e-05,9.2670874e-05,7.237364e-05,0.000501989,0.00031641158,2.0701236e-05,0.9996724,0.32208705
1235,5,0.67098695,0.00039715914,6.110352e-05,9.067217e-05,7.2171984e-05,0.00048896467,0.00031491285,2.0226369e-05,0.9996679,0.322742
1235,6,0.67098695,0.00039715914,6.110352e-05,9.067217e-05,7.2171984e-05,0.00048896467,0.00031491285,2.0226369e-05,0.9996679,0.32272765
1235,7,0.6828003,0.00040655606,6.122064e-05,9.662067e-05,7.302907e-05,0.00047047203,0.00032491933,2.0272251e-05,0.9996542,0.3184763
1235,8,0.67098695,0.00039715914,6.110352e-05,9.067217e-05,7.2171984e-05,0.00048896467,0.00031491285,2.0226369e-05,0.9996679,0.32272765
1238,0,0.71565413,0.00025224924,4.494663e-05,7.587509e-05,5.254117e-05,0.00017307731,0.0002631668,0.0141627425,0.9992493,0.32826024
1238,1,0.71565413,0.00025224924,4.494663e-05,7.587509e-05,5.254117e-05,0.00017307731,0.0002631668,0.0141627425,0.9992493,0.32826024
1238,2,0.7126215,0.00026105912,5.1090366e-05,5.241716e-05,6.0662278e-05,0.00018680838,0.00032086184,0.012164044,0.9993278,0.3285511
1238,3,0.71565413,0.00025224924,4.494663e-05,7.587509e-05,5.254117e-05,0.00017307731,0.0002631668,0.0141627425,0.9992493,0.32820085
1238,4,0.71565413,0.00025224924,4.494663e-05,7.587509e-05,5.254117e-05,0.00017307731,0.0002631668,0.0141627425,0.9992493,0.32820085
1238,5,0.7126215,0.00026105912,5.1090366e-05,5.241716e-05,6.0662278e-05,0.00018680838,0.00032086184,0.012164044,0.9993278,0.3285511
1238,6,0.71565413,0.00025224924,4.494663e-05,7.587509e-05,5.254117e-05,0.00017307731,0.0002631668,0.0141627425,0.9992493,0.32820085
1238,7,0.71565413,0.00025224924,4.494663e-05,7.587509e-05,5.254117e-05,0.00017307731,0.0002631668,0.0141627425,0.9992493,0.32826936
1238,8,0.7126215,0.00026105912,5.1090366e-05,5.241716e-05,6.0662278e-05,0.00018680838,0.00032086184,0.012164044,0.9993278,0.32850352
1239,0,0.70033187,0.00035955472,8.739726e-05,0.00011230947,7.602066e-05,0.000823257,0.00062884396,2.5475147e-05,0.9993799,0.33654132
1239,1,0.70033187,0.00035955472,8.739726e-05,0.00011230947,7.602066e-05,0.000823257,0.00062884396,2.5475147e-05,0.9993799,0.33654132
1239,2,0.70033187,0.00035955472,8.739726e-05,0.00011230947,7.602066e-05,0.000823257,0.00062884396,2.5475147e-05,0.9993799,0.33654132
1239,3,0.70033187,0.00035955472,8.739726e-05,0.00011230947,7.602066e-05,0.000823257,0.00062884396,2.5475147e-05,0.9993799,0.33654132
1239,4,0.70033187,0.00035955472,8.739726e-05,0.00011230947,7.602066e-05,0.000823257,0.00062884396,2.5475147e-05,0.9993799,0.33654132
1239,5,0.70033187,0.00035955472,8.739726e-05,0.00011230947,7.602066e-05,0.000823257,0.00062884396,2.5475147e-05,0.9993799,0.33654132
1239,6,0.70033187,0.00035955472,8.739726e-05,0.00011230947,7.602066e-05,0.000823257,0.00062884396,2.5475147e-05,0.9993799,0.33654132
1239,7,0.70033187,0.00035955472,8.739726e-05,0.00011230947,7.602066e-05,0.000823257,0.00062884396,2.5475147e-05,0.9993799,0.33654132
1239,8,0.70033187,0.00035955472,8.739726e-05,0.00011230947,7.602066e-05,0.000823257,0.00062884396,2.5475147e-05,0.9993799,0.33654132
1241,0,0.33725193,0.00046840598,0.00011410029,1.7289694e-05,0.00023510982,0.00020672579,0.00071979495,0.9690309,0.9981211,0.35372946
1241,1,0.33996615,0.00043900847,0.00015697173,1.4615541e-05,0.00021985083,0.00017696925,0.0005895754,0.97791195,0.99866676,0.3511677
1241,2,0.33996615,0.00043900847,0.00015697173,1.4615541e-05,0.00021985083,0.00017696925,0.0005895754,0.97791195,0.99866676,0.3511677
1241,3,0.3386898,0.0004976248,0.000119525954,2.2247754e-05,0.000230913,0.00017363302,0.0006732842,0.9671398,0.99807227,0.3580749
1241,4,0.33996615,0.00043900847,0.00015697173,1.4615541e-05,0.00021985083,0.00017696925,0.0005895754,0.97791195,0.99866676,0.3511677
1241,5,0.33996615,0.00043900847,0.00015697173,1.4615541e-05,0.00021985083,0.00017696925,0.0005895754,0.97791195,0.99866676,0.3511865
1241,6,0.33996615,0.00043900847,0.00015697173,1.4615541e-05,0.00021985083,0.00017696925,0.0005895754,0.97791195,0.99866676,0.3512821
1241,7,0.3386898,0.0004976248,0.000119525954,2.2247754e-05,0.000230913,0.00017363302,0.0006732842,0.9671398,0.99807227,0.35817805
1241,8,0.3386898,0.0004976248,0.000119525954,2.2247754e-05,0.000230913,0.00017363302,0.0006732842,0.9671398,0.99807227,0.35817805
1242,0,0.78888637,0.0003711858,8.015639e-05,9.513156e-05,6.7479545e-05,0.00047178587,0.0006548011,3.4591445e-05,0.9995697,0.3441263
1242,1,0.78888637,0.0003711858,8.015639e-05,9.513156e-05,6.7479545e-05,0.00047178587,0.0006548011,3.4591445e-05,0.9995697,0.3441263
1242,2,0.78888637,0.0003711858,8.015639e-05,9.513156e-05,6.7479545e-05,0.00047178587,0.0006548011,3.4591445e-05,0.9995697,0.3441263
1242,3,0.78888637,0.0003711858,8.015639e-05,9.513156e-05,6.7479545e-05,0.00047178587,0.0006548011,3.4591445e-05,0.9995697,0.3441263
1242,4,0.78888637,0.0003711858,8.015639e-05,9.513156e-05,6.7479545e-05,0.00047178587,0.0006548011,3.4591445e-05,0.9995697,0.3441263
1242,5,0.78888637,0.0003711858,8.015639e-05,9.513156e-05,6.7479545e-05,0.00047178587,0.0006548011,3.4591445e-05,0.9995697,0.3441263
1242,6,0.78888637,0.0003711858,8.015639e-05,9.513156e-05,6.7479545e-05,0.00047178587,0.0006548011,3.4591445e-05,0.9995697,0.3441263
1242,7,0.78888637,0.0003711858,8.015639e-05,9.513156e-05,6.7479545e-05,0.00047178587,0.0006548011,3.4591445e-05,0.9995697,0.3441485
1242,8,0.78888637,0.0003711858,8.015639e-05,9.513156e-05,6.7479545e-05,0.00047178587,0.0006548011,3.4591445e-05,0.9995697,0.3441485
1243,0,0.64470714,0.0003420615,7.031231e-05,6.989549e-05,0.000101143734,7.832682e-05,0.00037462288,0.16258591,0.9995408,0.340827
1243,1,0.9016169,0.00038274992,9.3025126e-05,0.00017473767,0.00011628414,0.0001634926,0.00045264862,0.005581206,0.99963367,0.34578767
1243,2,0.41203466,0.0004447728,0.00015165788,7.712706e-05,0.00016424543,0.00021556781,0.0005749243,0.030540818,0.99913114,0.3524851
1243,3,0.84930366,0.00037735686,8.3178005e-05,0.0002007881,0.000105077685,0.00013735541,0.00043752577,0.0067872345,0.9996138,0.3441979
1243,4,0.9016169,0.00038274992,9.3025126e-05,0.00017473767,0.00011628414,0.0001634926,0.00045264862,0.005581206,0.99963367,0.345827
1243,5,0.9270919,0.00037419153,6.9878166e-05,0.00021207392,9.0615824e-05,0.00018238887,0.0004035487,0.001521494,0.99976736,0.35273668
1243,6,0.6154364,0.00035520422,7.895164e-05,7.095475e-05,9.544585e-05,7.6951765e-05,0.0003453956,0.054531813,0.99958044,0.33821127
1243,7,0.62865525,0.0003320533,6.7818866e-05,7.03543e-05,9.9558136e-05,7.524103e-05,0.00036874603,0.098417394,0.99959034,0.34166798
1243,8,0.6166833,0.000329746,6.491497e-05,6.811091e-05,9.932373e-05,7.505679e-05,0.00036901803,0.10792234,0.9995875,0.34274033
1247,0,0.7526577,0.00047416385,0.0001722551,9.795088e-05,0.00026137117,0.00019530953,0.0017644789,0.003659556,0.9987703,0.37141073
1247,1,0.7526577,0.00047416385,0.0001722551,9.795088e-05,0.00026137117,0.00019530953,0.0017644789,0.003659556,0.9987703,0.37141073
1247,2,0.7526577,0.00047416385,0.0001722551,9.795088e-05,0.00026137117,0.00019530953,0.0017644789,0.003659556,0.9987703,0.37141073
1247,3,0.7526577,0.00047416385,0.0001722551,9.795088e-05,0.00026137117,0.00019530953,0.0017644789,0.003659556,0.9987703,0.37141073
1247,4,0.7526577,0.00047416385,0.0001722551,9.795088e-05,0.00026137117,0.00019530953,0.0017644789,0.003659556,0.9987703,0.37141073
1247,5,0.7526577,0.00047416385,0.0001722551,9.795088e-05,0.00026137117,0.00019530953,0.0017644789,0.003659556,0.9987703,0.37136087
1247,6,0.7526577,0.00047416385,0.0001722551,9.795088e-05,0.00026137117,0.00019530953,0.0017644789,0.003659556,0.9987703,0.37136087
1247,7,0.7526577,0.00047416385,0.0001722551,9.795088e-05,0.00026137117,0.00019530953,0.0017644789,0.003659556,0.9987703,0.37136087
1247,8,0.7526577,0.00047416385,0.0001722551,9.795088e-05,0.00026137117,0.00019530953,0.0017644789,0.003659556,0.9987703,0.37136087
1251,0,0.86032957,0.00095353805,0.00027137704,3.5822814e-05,0.00034574958,0.0007504763,0.0015442838,0.0011048102,0.99905103,0.3398665
1251,1,0.87479097,0.0007079351,0.00026289947,0.00010602177,0.00031533558,0.00054859085,0.0016387181,0.00092067104,0.99893695,0.33282748
1251,2,0.9063415,0.00059827213,0.00021874266,7.245685e-05,0.00026034302,0.00063327054,0.0012116353,0.0013142725,0.99908376,0.33528125
1251,3,0.86032957,0.00095353805,0.00027137704,3.5822814e-05,0.00034574958,0.0007504763,0.0015442838,0.0011048102,0.99905103,0.33987662
1251,4,0.9063415,0.000598269,0.00021874227,7.245685e-05,0.00026034302,0.00063327054,0.0012116359,0.0013142651,0.99908376,0.33528125
1251,5,0.87479097,0.0007079317,0.0002628987,0.00010602167,0.0003153353,0.0005485922,0.0016387197,0.0009206614,0.99893695,0.33285478
1251,6,0.89938325,0.0006811263,0.00035195274,4.1984185e-05,0.0003824864,0.00051255926,0.0016962561,0.0008601381,0.9990578,0.33638513
1251,7,0.87479097,0.0007079317,0.0002628987,0.00010602167,0.0003153353,0.0005485922,0.0016387197,0.0009206614,0.99893695,0.3328779
1251,8,0.90007085,0.00095029216,0.00027657422,4.5716795e-05,0.00034151145,0.00057354284,0.0015114335,0.0007544423,0.99928063,0.3363767
1252,0,0.84158665,0.00039955537,0.00010574179,7.733349e-05,0.000104204984,0.00014786907,0.00058204564,0.002145847,0.9995047,0.38255355
1252,1,0.84158665,0.00039955537,0.00010574179,7.733349e-05,0.000104204984,0.00014786907,0.00058204564,0.002145847,0.9995047,0.38255355
1252,2,0.84158665,0.00039955537,0.00010574179,7.733349e-05,0.000104204984,0.00014786907,0.00058204564,0.002145847,0.9995047,0.38255355
1252,3,3.5458044e-05,0.98245734,0.97553205,0.0011976189,0.9616009,3.567812e-05,0.90411085,0.9966793,1.4335056e-05,0.0036789386
1252,4,0.84158665,0.00039955464,0.000105741485,7.733341e-05,0.00010420489,0.00014786876,0.0005820481,0.002145837,0.9995047,0.3827741
1252,5,3.5458044e-05,0.98245734,0.97553205,0.0011976189,0.9616009,3.567812e-05,0.90411085,0.9966793,1.4335056e-05,0.0036789386
1252,6,2.8236647e-05,0.97450405,0.96480954,0.001849592,0.9677567,5.507247e-05,0.87442434,0.99759823,9.513665e-06,0.0063094697
1252,7,0.84158665,0.00039955464,0.000105741485,7.733341e-05,0.00010420489,0.00014786876,0.0005820481,0.002145837,0.9995047,0.3827741
1252,8,0.84158665,0.00039955464,0.000105741485,7.733341e-05,0.00010420489,0.00014786876,0.0005820481,0.002145837,0.9995047,0.3827729
1254,0,0.83081466,0.00042078955,0.00019405711,0.00012631525,0.00016470651,0.0002406718,0.0012990166,0.004869196,0.999252,0.39511037
1254,1,0.83081466,0.00042078955,0.00019405711,0.00012631525,0.00016470651,0.0002406718,0.0012990166,0.004869196,0.999252,0.39511037
1254,2,0.7988181,0.0004930135,0.00027234148,0.00014267708,0.00021943702,0.0002604391,0.0016771724,0.0065319273,0.99911445,0.39291897
1254,3,0.83081466,0.00042078955,0.00019405711,0.00012631525,0.00016470651,0.0002406718,0.0012990166,0.004869196,0.999252,0.39511037
1254,4,0.7988181,0.0004930135,0.00027234148,0.00014267708,0.00021943702,0.0002604391,0.0016771724,0.0065319273,0.99911445,0.39291897
1254,5,0.83081466,0.00042078955,0.00019405711,0.00012631525,0.00016470651,0.0002406718,0.0012990166,0.004869196,0.999252,0.39511037
1254,6,0.83081466,0.00042078955,0.00019405711,0.00012631525,0.00016470651,0.0002406718,0.0012990166,0.004869196,0.999252,0.39511037
1254,7,0.83081466,0.00042078955,0.00019405711,0.00012631525,0.00016470651,0.0002406718,0.0012990166,0.004869196,0.999252,0.39511037
1254,8,0.83081466,0.00042078955,0.00019405711,0.00012631525,0.00016470651,0.0002406718,0.0012990166,0.004869196,0.999252,0.39511037
1255,0,0.43731353,0.0006496865,0.00011499859,1.8667904e-05,9.280893e-05,3.8429163e-05,0.00037034493,0.99976414,0.99960583,0.33427736
1255,1,0.43731347,0.0006496865,0.00011499859,1.8667904e-05,9.280893e-05,3.8429163e-05,0.00037034493,0.99976414,0.99960583,0.33410034
1255,2,0.43731347,0.0006496865,0.00011499859,1.8667904e-05,9.280893e-05,3.8429163e-05,0.00037034493,0.99976414,0.99960583,0.33410034
1255,3,0.43731347,0.0006496865,0.00011499859,1.8667904e-05,9.280893e-05,3.8429163e-05,0.00037034493,0.99976414,0.99960583,0.33410034
1255,4,0.43731347,0.0006496865,0.00011499859,1.8667904e-05,9.280893e-05,3.8429163e-05,0.00037034493,0.99976414,0.99960583,0.33410034
1255,5,0.43731347,0.0006496865,0.00011499859,1.8667904e-05,9.280893e-05,3.8429163e-05,0.00037034493,0.99976414,0.99960583,0.33410034
1255,6,0.43731347,0.0006496865,0.00011499859,1.8667904e-05,9.280893e-05,3.8429163e-05,0.00037034493,0.99976414,0.99960583,0.33410034
1255,7,0.43731347,0.0006496865,0.00011499859,1.8667904e-05,9.280893e-05,3.8429163e-05,0.00037034493,0.99976414,0.99960583,0.33410034
1255,8,0.43731347,0.0006496865,0.00011499859,1.8667904e-05,9.280893e-05,3.8429163e-05,0.00037034493,0.99976414,0.99960583,0.33410034
1256,0,0.55575114,0.00081868994,0.0003833369,0.00013703112,0.00037278762,0.00023085291,0.0021652705,0.24258636,0.9969914,0.3674117
1256,1,0.5720536,0.00085100264,0.0003820418,0.00013912213,0.00034005207,0.000257282,0.002066758,0.2567761,0.9973558,0.36978075
1256,2,0.55575114,0.00081868994,0.0003833369,0.00013703112,0.00037278762,0.00023085291,0.0021652705,0.24258636,0.9969914,0.36740646
1256,3,0.55575114,0.00081868994,0.0003833369,0.00013703112,0.00037278762,0.00023085291,0.0021652705,0.24258636,0.9969914,0.36732122
1256,4,0.5720536,0.00085100264,0.0003820418,0.00013912213,0.00034005207,0.000257282,0.002066758,0.2567761,0.9973558,0.36955878
1256,5,0.5720536,0.00085100264,0.0003820418,0.00013912213,0.00034005207,0.000257282,0.002066758,0.2567761,0.9973558,0.36955878
1256,6,0.5720536,0.00085100264,0.0003820418,0.00013912213,0.00034005207,0.000257282,0.002066758,0.2567761,0.9973558,0.36955878
1256,7,0.55575114,0.00081868994,0.0003833369,0.00013703112,0.00037278762,0.00023085291,0.0021652705,0.24258636,0.9969914,0.36732122
1256,8,0.5720536,0.0008510038,0.00038204307,0.00013912187,0.0003400516,0.00025728153,0.002066757,0.25677574,0.9973558,0.3697931
1257,0,0.746548,0.0005257845,0.0001943975,0.00012771264,0.00019185871,0.00024346045,0.002014668,0.00201525,0.9993794,0.3732686
1257,1,0.746548,0.0005257845,0.0001943975,0.00012771264,0.00019185871,0.00024346045,0.002014668,0.00201525,0.9993794,0.3732686
1257,2,0.7454748,0.00044620797,0.00014340173,0.000109563,0.00014902437,0.0002562147,0.0016260947,0.0020164233,0.9994671,0.37056956
1257,3,0.746548,0.0005257845,0.0001943975,0.00012771264,0.00019185871,0.00024346045,0.002014668,0.00201525,0.9993794,0.3732686
1257,4,0.746548,0.0005257845,0.0001943975,0.00012771264,0.00019185871,0.00024346045,0.002014668,0.00201525,0.9993794,0.3732923
1257,5,0.746548,0.0005257845,0.0001943975,0.00012771264,0.00019185871,0.00024346045,0.002014668,0.00201525,0.9993794,0.37325728
1257,6,0.746548,0.0005257845,0.0001943975,0.00012771264,0.00019185871,0.00024346045,0.002014668,0.00201525,0.9993794,0.37325728
1257,7,0.746548,0.0005257845,0.0001943975,0.00012771264,0.00019185871,0.00024346045,0.002014668,0.00201525,0.9993794,0.37325728
1257,8,0.746548,0.0005257845,0.0001943975,0.00012771264,0.00019185871,0.00024346045,0.002014668,0.00201525,0.9993794,0.37325728
1265,0,0.72232836,0.000566163,0.00011054759,4.7972044e-05,0.00021514422,0.00011018745,0.0012422878,0.997165,0.999198,0.34441146
1265,1,0.72232836,0.000566163,0.00011054759,4.7972044e-05,0.00021514422,0.00011018745,0.0012422878,0.997165,0.999198,0.34441146
1265,2,0.72232836,0.000566163,0.00011054759,4.7972044e-05,0.00021514422,0.00011018745,0.0012422878,0.997165,0.999198,0.34441146
1265,3,0.72232836,0.000566163,0.00011054759,4.7972044e-05,0.00021514422,0.00011018745,0.0012422878,0.997165,0.999198,0.34441146
1265,4,0.72232836,0.000566163,0.00011054759,4.7972044e-05,0.00021514422,0.00011018745,0.0012422878,0.997165,0.999198,0.34441146
1265,5,0.72232836,0.000566163,0.00011054759,4.7972044e-05,0.00021514422,0.00011018745,0.0012422878,0.997165,0.999198,0.34441146
1265,6,0.72232836,0.000566163,0.00011054759,4.7972044e-05,0.00021514422,0.00011018745,0.0012422878,0.997165,0.999198,0.34441146
1265,7,0.72232836,0.000566163,0.00011054759,4.7972044e-05,0.00021514422,0.00011018745,0.0012422878,0.997165,0.999198,0.34441146
1265,8,0.72232836,0.000566163,0.00011054759,4.7972044e-05,0.00021514422,0.00011018745,0.0012422878,0.997165,0.999198,0.34441146
1267,0,0.9136119,0.00028899245,0.00010886638,1.4907755e-05,8.095644e-05,5.6900808e-05,0.00050731585,0.99853635,0.9996555,0.34612176
1267,1,0.9136119,0.00028899245,0.00010886638,1.4907755e-05,8.095644e-05,5.6900808e-05,0.00050731585,0.99853635,0.9996555,0.34612176
1267,2,0.9136119,0.00028899245,0.00010886638,1.4907755e-05,8.095644e-05,5.6900808e-05,0.00050731585,0.99853635,0.9996555,0.34612778
1267,3,0.9136119,0.00028899245,0.00010886638,1.4907755e-05,8.095644e-05,5.6900808e-05,0.00050731585,0.99853635,0.9996555,0.3461738
1267,4,0.9136119,0.00028899245,0.00010886638,1.4907755e-05,8.095644e-05,5.6900808e-05,0.00050731585,0.99853635,0.9996555,0.3461738
1267,5,0.9136119,0.00028899245,0.00010886638,1.4907755e-05,8.095644e-05,5.6900808e-05,0.00050731585,0.99853635,0.9996555,0.3461738
1267,6,0.9136119,0.00028899245,0.00010886638,1.4907755e-05,8.095644e-05,5.6900808e-05,0.00050731585,0.99853635,0.9996555,0.3461738
1267,7,0.9136119,0.00028899245,0.00010886638,1.4907755e-05,8.095644e-05,5.6900808e-05,0.00050731585,0.99853635,0.9996555,0.34616777
1267,8,0.9136119,0.00028899245,0.00010886638,1.4907755e-05,8.095644e-05,5.6900808e-05,0.00050731585,0.99853635,0.9996555,0.34612176
1270,0,0.55151886,0.00087733153,0.00014711887,6.41591e-05,0.00024267436,9.979271e-05,0.0014254085,0.99107134,0.99776185,0.3140986
1270,1,0.55151886,0.00087733153,0.00014711887,6.41591e-05,0.00024267436,9.979271e-05,0.0014254085,0.99107134,0.99776185,0.3140986
1270,2,0.55151886,0.00087733153,0.00014711887,6.41591e-05,0.00024267436,9.979271e-05,0.0014254085,0.99107134,0.99776185,0.3140986
1270,3,0.55151886,0.00087733153,0.00014711887,6.41591e-05,0.00024267436,9.979271e-05,0.0014254085,0.99107134,0.99776185,0.3140986
1270,4,0.55151886,0.00087733153,0.00014711887,6.41591e-05,0.00024267436,9.979271e-05,0.0014254085,0.99107134,0.99776185,0.3140986
1270,5,0.55151886,0.00087733153,0.00014711887,6.41591e-05,0.00024267436,9.979271e-05,0.0014254085,0.99107134,0.99776185,0.3140986
1270,6,0.55151886,0.00087733153,0.00014711887,6.41591e-05,0.00024267436,9.979271e-05,0.0014254085,0.99107134,0.99776185,0.3140986
1270,7,0.55151886,0.00087733153,0.00014711887,6.41591e-05,0.00024267436,9.979271e-05,0.0014254085,0.99107134,0.99776185,0.3140986
1270,8,0.55151886,0.00087733153,0.00014711887,6.41591e-05,0.00024267436,9.979271e-05,0.0014254085,0.99107134,0.99776185,0.3140986
1275,0,0.960591,0.00035226313,5.1917446e-05,6.405194e-05,0.00011335128,0.00010011068,0.00042804764,0.12693135,0.9996166,0.3497876
1275,1,0.9595051,0.00040243266,6.127858e-05,7.031808e-05,0.00011463729,0.000107519925,0.00046287946,0.1339762,0.99957675,0.351562
1275,2,0.960591,0.00035226313,5.1917446e-05,6.405194e-05,0.00011335128,0.00010011068,0.00042804764,0.12693135,0.9996166,0.34985283
1275,3,0.9595051,0.00040243266,6.127858e-05,7.031808e-05,0.00011463729,0.000107519925,0.00046287946,0.1339762,0.99957675,0.351562
1275,4,0.960591,0.00035226313,5.1917446e-05,6.405194e-05,0.00011335128,0.00010011068,0.00042804764,0.12693135,0.9996166,0.34985283
1275,5,0.960591,0.00035226313,5.1917446e-05,6.405194e-05,0.00011335128,0.00010011068,0.00042804764,0.12693135,0.9996166,0.34985283
1275,6,0.960591,0.00035226313,5.1917446e-05,6.405194e-05,0.00011335128,0.00010011068,0.00042804764,0.12693135,0.9996166,0.34989643
1275,7,0.960591,0.00035226313,5.1917446e-05,6.405194e-05,0.00011335128,0.00010011068,0.00042804764,0.12693135,0.9996166,0.34989643
1275,8,0.960591,0.00035226313,5.1917446e-05,6.405194e-05,0.00011335128,0.00010011068,0.00042804764,0.12693135,0.9996166,0.34989643
1281,0,0.8468519,0.0004641931,0.000112199,9.80503e-05,0.00010291499,0.00022728271,0.0011688203,0.003173479,0.999395,0.36574617
1281,1,0.8777724,0.0005374864,0.000102526516,9.782598e-05,0.000109949404,0.00023611556,0.001148303,0.0039617396,0.99947745,0.38195112
1281,2,0.8912681,0.00046016945,0.00013135093,6.0908926e-05,0.00012790765,0.00019384739,0.0010520392,0.0034860587,0.9995389,0.3969884
1281,3,0.8782708,0.000566361,0.00012222295,8.394504e-05,0.00014237007,0.00026263765,0.001166023,0.006493731,0.9995334,0.3785343
1281,4,0.8468519,0.0004641931,0.000112199,9.80503e-05,0.00010291499,0.00022728271,0.0011688203,0.003173479,0.999395,0.36574554
1281,5,0.8782708,0.000566361,0.00012222295,8.394504e-05,0.00014237007,0.00026263765,0.001166023,0.006493731,0.9995334,0.3785343
1281,6,0.8468519,0.0004641931,0.000112199,9.80503e-05,0.00010291499,0.00022728271,0.0011688203,0.003173479,0.999395,0.36574554
1281,7,0.8468519,0.0004641931,0.000112199,9.80503e-05,0.00010291499,0.00022728271,0.0011688203,0.003173479,0.999395,0.36574674
1281,8,0.8782708,0.000566361,0.00012222295,8.394504e-05,0.00014237007,0.00026263765,0.001166023,0.006493731,0.9995334,0.37869945
1302,0,0.7207963,0.00031535813,0.00017451306,0.000106571555,0.000105636274,0.00015879527,0.00062787347,0.0019945295,0.9993261,0.36282933
1302,1,0.7207963,0.00031535813,0.00017451306,0.000106571555,0.000105636274,0.00015879527,0.00062787347,0.0019945295,0.9993261,0.36282933
1302,2,0.7207963,0.00031535813,0.00017451306,0.000106571555,0.000105636274,0.00015879527,0.00062787347,0.0019945295,0.9993261,0.36282933
1302,3,0.7207963,0.00031535813,0.00017451306,0.000106571555,0.000105636274,0.00015879527,0.00062787347,0.0019945295,0.9993261,0.36282933
1302,4,0.7207963,0.00031535813,0.00017451306,0.000106571555,0.000105636274,0.00015879527,0.00062787347,0.0019945295,0.9993261,0.36282933
1302,5,0.7207963,0.00031535813,0.00017451306,0.000106571555,0.000105636274,0.00015879527,0.00062787347,0.0019945295,0.9993261,0.36282933
1302,6,0.7207963,0.00031535813,0.00017451306,0.000106571555,0.000105636274,0.00015879527,0.00062787347,0.0019945295,0.9993261,0.36282933
1302,7,0.7207963,0.00031535813,0.00017451306,0.000106571555,0.000105636274,0.00015879527,0.00062787347,0.0019945295,0.9993261,0.36282933
1302,8,0.7207963,0.00031535813,0.00017451306,0.000106571555,0.000105636274,0.00015879527,0.00062787347,0.0019945295,0.9993261,0.36282933
1025,0,0.8712065,0.00051094196,6.5361404e-05,9.5592324e-05,9.031422e-05,0.00017425699,0.00037377566,0.0011172018,0.9998035,0.38181385
1025,1,0.8712065,0.00051094196,6.5361404e-05,9.5592324e-05,9.031422e-05,0.00017425699,0.00037377566,0.0011172018,0.9998035,0.38181385
1025,2,0.8712065,0.00051094196,6.5361404e-05,9.5592324e-05,9.031422e-05,0.00017425699,0.00037377566,0.0011172018,0.9998035,0.38181385
1025,3,0.8712065,0.00051094196,6.5361404e-05,9.5592324e-05,9.031422e-05,0.00017425699,0.00037377566,0.0011172018,0.9998035,0.38181385
1025,4,0.8712065,0.00051094196,6.5361404e-05,9.5592324e-05,9.031422e-05,0.00017425699,0.00037377566,0.0011172018,0.9998035,0.38181385
1025,5,0.8712065,0.00051094196,6.5361404e-05,9.5592324e-05,9.031422e-05,0.00017425699,0.00037377566,0.0011172018,0.9998035,0.38154867
1025,6,0.8712065,0.00051094196,6.5361404e-05,9.5592324e-05,9.031422e-05,0.00017425699,0.00037377566,0.0011172018,0.9998035,0.38208333
1025,7,0.8712065,0.00051094196,6.5361404e-05,9.5592324e-05,9.031422e-05,0.00017425699,0.00037377566,0.0011172018,0.9998035,0.38208333
1025,8,0.8712058,0.00051094196,6.5361404e-05,9.5592324e-05,9.031422e-05,0.00017425699,0.00037377566,0.0011172018,0.9998035,0.38208333
1028,0,0.970149,0.0005473966,6.522803e-05,0.00010940046,0.00010935144,0.00020794098,0.00053482305,0.0011475574,0.99984026,0.3522586
1028,1,0.970149,0.0005473966,6.522803e-05,0.00010940046,0.00010935144,0.00020794098,0.00053482305,0.0011475574,0.99984026,0.3522586
1028,2,0.970149,0.0005473966,6.522803e-05,0.00010940046,0.00010935144,0.00020794098,0.00053482305,0.0011475574,0.99984026,0.3522586
1028,3,0.970149,0.0005473966,6.522803e-05,0.00010940046,0.00010935144,0.00020794098,0.00053482305,0.0011475574,0.99984026,0.3522586
1028,4,0.970149,0.0005473966,6.522803e-05,0.00010940046,0.00010935144,0.00020794098,0.00053482305,0.0011475574,0.99984026,0.3522586
1028,5,0.970149,0.0005473966,6.522803e-05,0.00010940046,0.00010935144,0.00020794098,0.00053482305,0.0011475574,0.99984026,0.3522586
1028,6,0.970149,0.0005473966,6.522803e-05,0.00010940046,0.00010935144,0.00020794098,0.00053482305,0.0011475574,0.99984026,0.3522586
1028,7,0.970149,0.0005473966,6.522803e-05,0.00010940046,0.00010935144,0.00020794098,0.00053482305,0.0011475574,0.99984026,0.3522586
1028,8,0.970149,0.0005473966,6.522803e-05,0.00010940046,0.00010935144,0.00020794098,0.00053482305,0.0011475574,0.99984026,0.3522586
1029,0,0.85198194,0.00052437786,5.1609033e-05,9.148057e-05,0.0001040111,0.00031393862,0.00025648848,2.6364907e-05,0.9998442,0.42072892
1029,1,0.85203105,0.00052992505,5.0744155e-05,9.312187e-05,0.00010417786,0.00030879906,0.00025621668,2.6301774e-05,0.999843,0.43038812
1029,2,0.000656233,0.16728976,0.5162273,0.0028677245,0.70144516,0.0012630558,0.9693447,0.20966832,0.00038660277,0.010937445
1029,3,0.000656233,0.16728976,0.5162273,0.0028677245,0.70144516,0.0012630558,0.9693447,0.20966832,0.00038660277,0.010937445
1029,4,0.000656233,0.16728976,0.5162273,0.0028677245,0.70144516,0.0012630558,0.9693447,0.20966832,0.00038660277,0.010937445
1029,5,0.85203105,0.00052992505,5.0744155e-05,9.312187e-05,0.00010417786,0.00030879906,0.00025621668,2.6301774e-05,0.999843,0.429509
1029,6,0.000656233,0.16728976,0.5162273,0.0028677245,0.70144516,0.0012630558,0.9693447,0.20966832,0.00038660277,0.010937445
1029,7,0.6899969,0.00044010737,4.627799e-05,7.9886406e-05,7.107496e-05,0.00026320896,0.00023910549,2.4382787e-05,0.9997925,0.35019395
1029,8,0.000656233,0.16728976,0.5162273,0.0028677245,0.70144516,0.0012630558,0.9693447,0.20966832,0.00038660277,0.010908234
1030,0,0.8788891,0.00047217167,5.471227e-05,0.000100052275,0.00011576734,0.00016310737,0.00042482038,0.0009739622,0.99974173,0.31962544
1030,1,0.8788891,0.00047217167,5.471227e-05,0.000100052275,0.00011576734,0.00016310737,0.00042482038,0.0009739622,0.99974173,0.31962544
1030,2,0.8788891,0.00047217167,5.471227e-05,0.000100052275,0.00011576734,0.00016310737,0.00042482038,0.0009739622,0.99974173,0.31962544
1030,3,0.8788891,0.00047217167,5.471227e-05,0.000100052275,0.00011576734,0.00016310737,0.00042482038,0.0009739622,0.99974173,0.31962544
1030,4,0.8788891,0.00047217167,5.471227e-05,0.000100052275,0.00011576734,0.00016310737,0.00042482038,0.0009739622,0.99974173,0.31962544
1030,5,0.8788891,0.00047217167,5.471227e-05,0.000100052275,0.00011576734,0.00016310737,0.00042482038,0.0009739622,0.99974173,0.31960836
1030,6,0.8788891,0.00047217167,5.471227e-05,0.000100052275,0.00011576734,0.00016310737,0.00042482038,0.0009739622,0.99974173,0.31960836
1030,7,0.8788891,0.00047217167,5.471227e-05,0.000100052275,0.00011576734,0.00016310737,0.00042482038,0.0009739622,0.99974173,0.31960836
1030,8,0.8788891,0.00047217167,5.471227e-05,0.000100052275,0.00011576734,0.00016310737,0.00042482038,0.0009739622,0.99974173,0.31960836
1031,0,0.86442775,0.00060001516,0.00014279944,8.193666e-05,0.00016436024,0.0005729877,0.0008876975,4.7444115e-05,0.99973065,0.3730451
1031,1,0.8434849,0.00069855055,0.00014109643,0.00010152754,0.0001855395,0.0007065295,0.0009994269,4.9502174e-05,0.99967754,0.3526827
1031,2,0.90308493,0.00069947017,0.00012778549,0.0001334592,0.0001666628,0.0006097061,0.0008648414,3.7395348e-05,0.9997726,0.4915395
1031,3,0.90308493,0.00069947017,0.00012778549,0.0001334592,0.0001666628,0.0006097061,0.0008648414,3.7395348e-05,0.9997726,0.4915395
1031,4,0.8434849,0.00069855055,0.00014109643,0.00010152754,0.0001855395,0.0007065295,0.0009994269,4.9502174e-05,0.99967754,0.35258806
1031,5,0.9050428,0.0005152473,0.00010375176,9.639014e-05,0.00012746798,0.00034093243,0.0008583496,0.0033525717,0.9996668,0.35773134
1031,6,0.8777383,0.00067874487,0.00012438478,0.00013040545,0.00015837036,0.00057637,0.0009236804,3.751812e-05,0.9997768,0.48995197
1031,7,0.90917534,0.000496633,0.000100024314,7.701857e-05,0.0001276121,0.00033676106,0.00084223616,0.0032567405,0.99968123,0.35797098
1031,8,0.8602995,0.0007094439,0.0001398118,9.94439e-05,0.0001748495,0.00083012495,0.0010921817,0.00013034776,0.999696,0.36279166
1032,0,0.84300476,0.00057984516,0.00010949428,9.581683e-05,8.6369175e-05,0.00017075388,0.00030300606,0.00036233777,0.99977094,0.40972272
1032,1,0.84300476,0.00057984516,0.00010949428,9.581683e-05,8.6369175e-05,0.00017075388,0.00030300606,0.00036233777,0.99977094,0.40972272
1032,2,0.84300476,0.00057984516,0.00010949428,9.581683e-05,8.6369175e-05,0.00017075388,0.00030300606,0.00036233777,0.99977094,0.40972272
1032,3,0.84300476,0.00057984516,0.00010949428,9.581683e-05,8.6369175e-05,0.00017075388,0.00030300606,0.00036233777,0.99977094,0.4097012
1032,4,0.84300476,0.00057984516,0.00010949428,9.581683e-05,8.6369175e-05,0.00017075388,0.00030300606,0.00036233777,0.99977094,0.4097012
1032,5,0.84300476,0.00057984516,0.00010949428,9.581683e-05,8.6369175e-05,0.00017075388,0.00030300606,0.00036233777,0.99977094,0.4097012
1032,6,0.84300476,0.00057984516,0.00010949428,9.581683e-05,8.6369175e-05,0.00017075388,0.00030300606,0.00036233777,0.99977094,0.4097012
1032,7,0.84300476,0.00057984516,0.00010949428,9.581683e-05,8.6369175e-05,0.00017075388,0.00030300606,0.00036233777,0.99977094,0.4097012
1032,8,0.84300476,0.00057984516,0.00010949428,9.581683e-05,8.6369175e-05,0.00017075388,0.00030300606,0.00036233777,0.99977094,0.40959117
1035,0,0.5981351,0.00045514212,0.00015075473,5.853363e-05,0.00020437865,0.0020962032,0.0010964454,3.719969e-05,0.99925655,0.22805005
1035,1,0.5981351,0.00045514212,0.00015075473,5.853363e-05,0.00020437865,0.0020962032,0.0010964454,3.719969e-05,0.99925655,0.22805005
1035,2,0.5981351,0.00045514212,0.00015075473,5.853363e-05,0.00020437865,0.0020962032,0.0010964454,3.719969e-05,0.99925655,0.22805005
1035,3,0.5981351,0.00045514212,0.00015075473,5.853363e-05,0.00020437865,0.0020962032,0.0010964454,3.719969e-05,0.99925655,0.22805005
1035,4,0.5981351,0.00045514212,0.00015075473,5.853363e-05,0.00020437865,0.0020962032,0.0010964454,3.719969e-05,0.99925655,0.22808649
1035,5,0.5981351,0.00045514212,0.00015075473,5.853363e-05,0.00020437865,0.0020962032,0.0010964454,3.719969e-05,0.99925655,0.2280574
1035,6,0.5981351,0.00045514212,0.00015075473,5.853363e-05,0.00020437865,0.0020962032,0.0010964454,3.719969e-05,0.99925655,0.2280574
1035,7,0.5981351,0.00045514212,0.00015075473,5.853363e-05,0.00020437865,0.0020962032,0.0010964454,3.719969e-05,0.99925655,0.2280574
1035,8,0.5981351,0.00045514212,0.00015075473,5.853363e-05,0.00020437865,0.0020962032,0.0010964454,3.719969e-05,0.99925655,0.2280574
1036,0,0.91154766,0.00038007906,5.6111126e-05,9.642508e-05,7.1673705e-05,0.00086077716,0.00042797663,2.1730635e-05,0.9997944,0.5383311
1036,1,0.8968654,0.00045846406,5.8697187e-05,9.019124e-05,7.479151e-05,0.0007734524,0.0004634596,1.6589067e-05,0.9998122,0.4766253
1036,2,0.91154766,0.00038007906,5.6111126e-05,9.642508e-05,7.1673705e-05,0.00086077716,0.00042797663,2.1730635e-05,0.9997944,0.5383311
1036,3,0.91154766,0.00038007906,5.6111126e-05,9.642508e-05,7.1673705e-05,0.00086077716,0.00042797663,2.1730635e-05,0.9997944,0.5383311
1036,4,0.91154766,0.00038007906,5.6111126e-05,9.642508e-05,7.1673705e-05,0.00086077716,0.00042797663,2.1730635e-05,0.9997944,0.5383311
1036,5,0.8968654,0.00045846406,5.8697187e-05,9.019124e-05,7.479151e-05,0.0007734524,0.0004634596,1.6589067e-05,0.9998122,0.4766253
1036,6,0.91154766,0.00038007906,5.6111126e-05,9.642508e-05,7.1673705e-05,0.00086077716,0.00042797663,2.1730635e-05,0.9997944,0.5383311
1036,7,0.8968654,0.00045846406,5.8697187e-05,9.019124e-05,7.479151e-05,0.0007734524,0.0004634596,1.6589067e-05,0.9998122,0.4766253
1036,8,0.91154766,0.00038007906,5.6111126e-05,9.642508e-05,7.1673705e-05,0.00086077716,0.00042797663,2.1730635e-05,0.9997944,0.5383311
1037,0,0.84103805,0.00050243345,7.569457e-05,7.666144e-05,0.00011016685,0.00025016698,0.00045307423,0.0029441784,0.9996402,0.36615345
1037,1,0.84103805,0.00050243345,7.569457e-05,7.666144e-05,0.00011016685,0.00025016698,0.00045307423,0.0029441784,0.9996402,0.36615345
1037,2,0.84103805,0.00050243345,7.569457e-05,7.666144e-05,0.00011016685,0.00025016698,0.00045307423,0.0029441784,0.9996402,0.36611664
1037,3,0.84103805,0.00050243345,7.569457e-05,7.666144e-05,0.00011016685,0.00025016698,0.00045307423,0.0029441784,0.9996402,0.36582068
1037,4,0.84103805,0.00050243345,7.569457e-05,7.666144e-05,0.00011016685,0.00025016698,0.00045307423,0.0029441784,0.9996402,0.36582068
1037,5,0.84103805,0.00050243345,7.569457e-05,7.666144e-05,0.00011016685,0.00025016698,0.00045307423,0.0029441784,0.9996402,0.36582068
1037,6,0.84103805,0.00050243345,7.569457e-05,7.666144e-05,0.00011016685,0.00025016698,0.00045307423,0.0029441784,0.9996402,0.36582068
1037,7,0.84103805,0.00050243345,7.569457e-05,7.666144e-05,0.00011016685,0.00025016698,0.00045307423,0.0029441784,0.9996402,0.36582068
1037,8,0.84103805,0.00050243345,7.569457e-05,7.666144e-05,0.00011016685,0.00025016698,0.00045307423,0.0029441784,0.9996402,0.36582068
1039,0,0.8396287,0.0006597495,0.00014211427,0.000117873555,0.0001486181,0.00023138706,0.0009969476,0.0075815236,0.99970895,0.36245012
1039,1,0.8396287,0.0006597495,0.00014211427,0.000117873555,0.0001486181,0.00023138706,0.0009969476,0.0075815236,0.99970895,0.36245012
1039,2,0.8370087,0.00068268797,0.00015583145,0.00014716266,0.00014998406,0.00024559768,0.0010578703,0.010066082,0.9996785,0.35666457
1039,3,0.8370087,0.00068268797,0.00015583145,0.00014716266,0.00014998406,0.00024559768,0.0010578703,0.010066082,0.9996785,0.35666457
1039,4,0.8396287,0.0006597495,0.00014211427,0.000117873555,0.0001486181,0.00023138706,0.0009969476,0.0075815236,0.99970895,0.36236385
1039,5,0.8370087,0.00068268797,0.00015583145,0.00014716266,0.00014998406,0.00024559768,0.0010578703,0.010066082,0.9996785,0.3564421
1039,6,0.8396287,0.0006597495,0.00014211427,0.000117873555,0.0001486181,0.00023138706,0.0009969476,0.0075815236,0.99970895,0.36251482
1039,7,0.8396287,0.0006597495,0.00014211427,0.000117873555,0.0001486181,0.00023138706,0.0009969476,0.0075815236,0.99970895,0.36251482
1039,8,0.8396287,0.0006597495,0.00014211427,0.000117873555,0.0001486181,0.00023138706,0.0009969476,0.0075815236,0.99970895,0.36251482
1040,0,0.8334424,0.0004927353,4.631247e-05,6.6675566e-05,6.545253e-05,0.0001909963,0.00022514377,1.1890728e-05,0.99975914,0.5360036
1040,1,0.8334424,0.0004927353,4.631247e-05,6.6675566e-05,6.545253e-05,0.0001909963,0.00022514377,1.1890728e-05,0.99975914,0.5360036
1040,2,0.8334424,0.0004927353,4.631247e-05,6.6675566e-05,6.545253e-05,0.0001909963,0.00022514377,1.1890728e-05,0.99975914,0.5360036
1040,3,0.8334424,0.0004927353,4.631247e-05,6.6675566e-05,6.545253e-05,0.0001909963,0.00022514377,1.1890728e-05,0.99975914,0.5360036
1040,4,0.8334424,0.0004927353,4.631247e-05,6.6675566e-05,6.545253e-05,0.0001909963,0.00022514377,1.1890728e-05,0.99975914,0.5360036
1040,5,0.8334424,0.0004927353,4.631247e-05,6.6675566e-05,6.545253e-05,0.0001909963,0.00022514377,1.1890728e-05,0.99975914,0.5360036
1040,6,0.8334424,0.0004927353,4.631247e-05,6.6675566e-05,6.545253e-05,0.0001909963,0.00022514377,1.1890728e-05,0.99975914,0.5357767
1040,7,0.8334424,0.0004927353,4.631247e-05,6.6675566e-05,6.545253e-05,0.0001909963,0.00022514377,1.1890728e-05,0.99975914,0.5357767
1040,8,0.8334424,0.0004927353,4.631247e-05,6.6675566e-05,6.545253e-05,0.0001909963,0.00022514377,1.1890728e-05,0.99975914,0.5357767
1042,0,0.78595144,0.00039074448,4.1992833e-05,6.5980756e-05,3.816129e-05,0.00038867033,0.00023063357,1.28855045e-05,0.99982375,0.57013863
1042,1,0.78595144,0.00039074448,4.1992833e-05,6.5980756e-05,3.816129e-05,0.00038867033,0.00023063357,1.28855045e-05,0.99982375,0.57013863
1042,2,0.7808759,0.0003828862,4.187918e-05,6.55501e-05,3.9075985e-05,0.00038740798,0.00022567697,1.2705543e-05,0.999821,0.5725687
1042,3,0.78595144,0.00039074448,4.1992833e-05,6.5980756e-05,3.816129e-05,0.00038867033,0.00023063357,1.28855045e-05,0.99982375,0.5701942
1042,4,0.7808759,0.0003828862,4.187918e-05,6.55501e-05,3.9075985e-05,0.00038740798,0.00022567697,1.2705543e-05,0.999821,0.5729658
1042,5,0.78595144,0.00039074448,4.1992833e-05,6.5980756e-05,3.816129e-05,0.00038867033,0.00023063357,1.28855045e-05,0.99982375,0.5701942
1042,6,0.7808759,0.0003828862,4.187918e-05,6.55501e-05,3.9075985e-05,0.00038740798,0.00022567697,1.2705543e-05,0.999821,0.5729658
1042,7,0.78595144,0.00039074448,4.1992833e-05,6.5980756e-05,3.816129e-05,0.00038867033,0.00023063357,1.28855045e-05,0.99982375,0.5701942
1042,8,0.7808759,0.0003828862,4.187918e-05,6.55501e-05,3.9075985e-05,0.00038740798,0.00022567697,1.2705543e-05,0.999821,0.5729658
1044,0,0.9654587,0.0007453219,0.00011322833,8.886203e-05,9.196574e-05,0.00026775736,0.0006041984,2.4927998e-05,0.9998603,0.60077125
1044,1,0.9654587,0.0007453219,0.00011322833,8.886203e-05,9.196574e-05,0.00026775736,0.0006041984,2.4927998e-05,0.9998603,0.60077125
1044,2,0.9654587,0.0007453219,0.00011322833,8.886203e-05,9.196574e-05,0.00026775736,0.0006041984,2.4927998e-05,0.9998603,0.60077125
1044,3,0.9654587,0.0007453219,0.00011322833,8.886203e-05,9.196574e-05,0.00026775736,0.0006041984,2.4927998e-05,0.9998603,0.60077125
1044,4,0.9654587,0.0007453219,0.00011322833,8.886203e-05,9.196574e-05,0.00026775736,0.0006041984,2.4927998e-05,0.9998603,0.6008558
1044,5,0.9654587,0.0007453219,0.00011322833,8.886203e-05,9.196574e-05,0.00026775736,0.0006041984,2.4927998e-05,0.9998603,0.6008558
1044,6,0.9654587,0.0007453219,0.00011322833,8.886203e-05,9.196574e-05,0.00026775736,0.0006041984,2.4927998e-05,0.9998603,0.6008558
1044,7,0.9654587,0.0007453219,0.00011322833,8.886203e-05,9.196574e-05,0.00026775736,0.0006041984,2.4927998e-05,0.9998603,0.6008558
1044,8,0.9654587,0.0007453219,0.00011322833,8.886203e-05,9.196574e-05,0.00026775736,0.0006041984,2.4927998e-05,0.9998603,0.6008558
1048,0,0.8739912,0.0004559696,0.00013475023,9.932941e-05,0.000108462475,0.00021532828,0.00079456915,0.011644046,0.999561,0.33859423
1048,1,0.8739912,0.0004559696,0.00013475023,9.932941e-05,0.000108462475,0.00021532828,0.00079456915,0.011644046,0.999561,0.33859423
1048,2,0.8739912,0.0004559696,0.00013475023,9.932941e-05,0.000108462475,0.00021532828,0.00079456915,0.011644046,0.999561,0.33859423
1048,3,0.8739912,0.0004559696,0.00013475023,9.932941e-05,0.000108462475,0.00021532828,0.00079456915,0.011644046,0.999561,0.33859423
1048,4,0.8739912,0.0004559696,0.00013475023,9.932941e-05,0.000108462475,0.00021532828,0.00079456915,0.011644046,0.999561,0.33859423
1048,5,0.8739912,0.0004559696,0.00013475023,9.932941e-05,0.000108462475,0.00021532828,0.00079456915,0.011644046,0.999561,0.33862957
1048,6,0.8739912,0.0004559696,0.00013475023,9.932941e-05,0.000108462475,0.00021532828,0.00079456915,0.011644046,0.999561,0.33864522
1048,7,0.8739912,0.0004559696,0.00013475023,9.932941e-05,0.000108462475,0.00021532828,0.00079456915,0.011644046,0.999561,0.33864522
1048,8,0.8739912,0.0004559696,0.00013475023,9.932941e-05,0.000108462475,0.00021532828,0.00079456915,0.011644046,0.999561,0.33864522
1057,0,0.7202027,0.0004967717,0.00012956459,0.00010712837,0.00012699107,0.00011158465,0.0009802614,0.42191353,0.99918264,0.36941758
1057,1,0.7202027,0.0004967717,0.00012956459,0.00010712837,0.00012699107,0.00011158465,0.0009802614,0.42191353,0.99918264,0.36941758
1057,2,0.7202027,0.0004967717,0.00012956459,0.00010712837,0.00012699107,0.00011158465,0.0009802614,0.42191353,0.99918264,0.36941758
1057,3,0.7202027,0.0004967717,0.00012956459,0.00010712837,0.00012699107,0.00011158465,0.0009802614,0.42191353,0.99918264,0.36941758
1057,4,0.71430975,0.0005012422,0.00013359505,0.00010674312,0.0001279368,0.00011248138,0.001011857,0.47564498,0.99914503,0.36550018
1057,5,0.71430975,0.0005012422,0.00013359505,0.00010674312,0.0001279368,0.00011248138,0.001011857,0.47564498,0.99914503,0.36550018
1057,6,0.7202027,0.0004967717,0.00012956459,0.00010712837,0.00012699107,0.00011158465,0.0009802614,0.42191353,0.99918264,0.36941758
1057,7,0.71430975,0.0005012422,0.00013359505,0.00010674312,0.0001279368,0.00011248138,0.001011857,0.47564498,0.99914503,0.3655566
1057,8,0.7202027,0.0004967717,0.00012956459,0.00010712837,0.00012699107,0.00011158465,0.0009802614,0.42191353,0.99918264,0.36953542
1058,0,0.7820714,0.00083730137,6.671334e-05,9.432903e-05,0.00011330469,0.00020212638,0.00031678646,0.0070946715,0.99971753,0.4338863
1058,1,0.7820714,0.00083730137,6.671334e-05,9.432903e-05,0.00011330469,0.00020212638,0.00031678646,0.0070946715,0.99971753,0.4338863
1058,2,0.7820714,0.00083730137,6.671334e-05,9.432903e-05,0.00011330469,0.00020212638,0.00031678646,0.0070946715,0.99971753,0.4338863
1058,3,0.7820714,0.00083730137,6.671334e-05,9.432903e-05,0.00011330469,0.00020212638,0.00031678646,0.0070946715,0.99971753,0.4338863
1058,4,0.7820714,0.00083730137,6.671334e-05,9.432903e-05,0.00011330469,0.00020212638,0.00031678646,0.0070946715,0.99971753,0.4338863
1058,5,0.59039384,0.00090577576,6.765422e-05,7.998322e-05,0.00012821256,0.0001711317,0.0003054922,0.010508742,0.9997285,0.41359505
1058,6,0.7820714,0.00083730137,6.671334e-05,9.432903e-05,0.00011330469,0.00020212638,0.00031678646,0.0070946715,0.99971753,0.4338863
1058,7,0.7820714,0.00083730137,6.671334e-05,9.432903e-05,0.00011330469,0.00020212638,0.00031678646,0.0070946715,0.99971753,0.4338863
1058,8,0.59039384,0.00090577576,6.765422e-05,7.998322e-05,0.00012821256,0.0001711317,0.0003054922,0.010508742,0.9997285,0.41359505
1068,0,0.73926383,0.0002607119,5.3972315e-05,7.9456615e-05,7.2536146e-05,0.00022791853,0.00036789858,0.001478982,0.9998073,0.3470242
1068,1,0.7567337,0.00022988293,5.019827e-05,5.5813718e-05,6.868155e-05,0.00019269821,0.0003204348,0.001443925,0.99979156,0.34730795
1068,2,0.7567337,0.00022988293,5.019827e-05,5.5813718e-05,6.868155e-05,0.00019269821,0.0003204348,0.001443925,0.99979156,0.34730795
1068,3,0.73926383,0.0002607119,5.3972315e-05,7.9456615e-05,7.2536146e-05,0.00022791853,0.00036789858,0.001478982,0.9998073,0.3470242
1068,4,0.7578054,0.00024219773,5.423638e-05,5.1871222e-05,6.519812e-05,0.00019328596,0.00031329817,0.00068259524,0.9998254,0.34816396
1068,5,0.7578054,0.00024219773,5.423638e-05,5.1871222e-05,6.519812e-05,0.00019328596,0.00031329817,0.00068259524,0.9998254,0.34816396
1068,6,0.73926383,0.0002607119,5.3972315e-05,7.9456615e-05,7.2536146e-05,0.00022791853,0.00036789858,0.001478982,0.9998073,0.34700498
1068,7,0.73926383,0.0002607119,5.3972315e-05,7.9456615e-05,7.2536146e-05,0.00022791853,0.00036789858,0.001478982,0.9998073,0.34700498
1068,8,0.7567337,0.00022988293,5.019827e-05,5.5813718e-05,6.868155e-05,0.00019269821,0.0003204348,0.001443925,0.99979156,0.3474594
1076,0,0.6978095,0.00063387497,0.00010344196,0.00013922298,0.00021870199,0.00030521795,0.00062789413,0.030264683,0.99931383,0.34893525
1076,1,0.7341588,0.00062399043,0.000118915814,0.00013855433,0.00022475577,0.00034133715,0.00087684306,0.0095422985,0.9993863,0.35192835
1076,2,0.7341588,0.00062399043,0.000118915814,0.00013855433,0.00022475577,0.00034133715,0.00087684306,0.0095422985,0.9993863,0.35192835
1076,3,0.7341588,0.00062399043,0.000118915814,0.00013855433,0.00022475577,0.00034133715,0.00087684306,0.0095422985,0.9993863,0.35192835
1076,4,0.7341588,0.00062399043,0.000118915814,0.00013855433,0.00022475577,0.00034133715,0.00087684306,0.0095422985,0.9993863,0.35192835
1076,5,0.6978095,0.00063387497,0.00010344196,0.00013922298,0.00021870199,0.00030521795,0.00062789413,0.030264683,0.99931383,0.34893525
1076,6,0.7341588,0.00062399043,0.000118915814,0.00013855433,0.00022475577,0.00034133715,0.00087684306,0.0095422985,0.9993863,0.35192835
1076,7,0.6978095,0.00063387497,0.00010344196,0.00013922298,0.00021870199,0.00030521795,0.00062789413,0.030264683,0.99931383,0.34893525
1076,8,0.6978095,0.00063387497,0.00010344196,0.00013922298,0.00021870199,0.00030521795,0.00062789413,0.030264683,0.99931383,0.34893525
1078,0,0.9239287,0.0008550024,0.000104479295,5.8879723e-05,0.00021171046,7.13521e-05,0.0006101598,0.006231991,0.99978536,0.42254555
1078,1,0.9239287,0.0008550024,0.000104479295,5.8879723e-05,0.00021171046,7.13521e-05,0.0006101598,0.006231991,0.99978536,0.42254555
1078,2,0.9239287,0.0008550024,0.000104479295,5.8879723e-05,0.00021171046,7.13521e-05,0.0006101598,0.006231991,0.99978536,0.42254555
1078,3,0.9239287,0.0008550024,0.000104479295,5.8879723e-05,0.00021171046,7.13521e-05,0.0006101598,0.006231991,0.99978536,0.4225615
1078,4,0.9239287,0.0008550024,0.000104479295,5.8879723e-05,0.00021171046,7.13521e-05,0.0006101598,0.006231991,0.99978536,0.42296383
1078,5,0.9239287,0.0008550024,0.000104479295,5.8879723e-05,0.00021171046,7.13521e-05,0.0006101598,0.006231991,0.99978536,0.42296383
1078,6,0.9239287,0.0008550024,0.000104479295,5.8879723e-05,0.00021171046,7.13521e-05,0.0006101598,0.006231991,0.99978536,0.42296383
1078,7,0.9239287,0.0008550024,0.000104479295,5.8879723e-05,0.00021171046,7.13521e-05,0.0006101598,0.006231991,0.99978536,0.42296383
1078,8,0.9239287,0.0008550024,0.000104479295,5.8879723e-05,0.00021171046,7.13521e-05,0.0006101598,0.006231991,0.99978536,0.42296383
1079,0,0.9563337,0.0012522783,0.00016839452,5.4550717e-05,0.0001443855,0.00015678533,0.0011189767,0.0020502557,0.9998456,0.7060115
1079,1,0.9563337,0.0012522783,0.00016839452,5.4550717e-05,0.0001443855,0.00015678533,0.0011189767,0.0020502557,0.9998456,0.7060115
1079,2,0.9563337,0.0012522783,0.00016839452,5.4550717e-05,0.0001443855,0.00015678533,0.0011189767,0.0020502557,0.9998456,0.7060115
1079,3,0.9563337,0.0012522783,0.00016839452,5.4550717e-05,0.0001443855,0.00015678533,0.0011189767,0.0020502557,0.9998456,0.7060115
1079,4,0.9563337,0.0012522783,0.00016839452,5.4550717e-05,0.0001443855,0.00015678533,0.0011189767,0.0020502557,0.9998456,0.7060115
1079,5,0.9563337,0.0012522783,0.00016839452,5.4550717e-05,0.0001443855,0.00015678533,0.0011189767,0.0020502557,0.9998456,0.70630616
1079,6,0.9563337,0.0012522783,0.00016839452,5.4550717e-05,0.0001443855,0.00015678533,0.0011189767,0.0020502557,0.9998456,0.70630616
1079,7,0.9563337,0.0012522783,0.00016839452,5.4550717e-05,0.0001443855,0.00015678533,0.0011189767,0.0020502557,0.9998456,0.70630616
1079,8,0.9563337,0.0012522783,0.00016839452,5.4550717e-05,0.0001443855,0.00015678533,0.0011189767,0.0020502557,0.9998456,0.70630616
1080,0,0.6451979,0.0005593758,9.675638e-05,3.5423447e-05,0.00012561966,0.00022998532,0.00070224237,0.002130055,0.9996331,0.36644897
1080,1,0.6451979,0.0005593758,9.675638e-05,3.5423447e-05,0.00012561966,0.00022998532,0.00070224237,0.002130055,0.9996331,0.36649898
1080,2,0.70126027,0.00072136405,9.5191346e-05,6.7697845e-05,0.00014311624,0.00036278955,0.00079390267,0.0024232203,0.9996898,0.3728093
1080,3,0.6451979,0.0005593758,9.675638e-05,3.5423447e-05,0.00012561966,0.00022998532,0.00070224237,0.002130055,0.9996331,0.36680415
1080,4,0.70126027,0.00072136405,9.5191346e-05,6.7697845e-05,0.00014311624,0.00036278955,0.00079390267,0.0024232203,0.9996898,0.3728093
1080,5,0.7054534,0.0005547701,7.39583e-05,3.1395353e-05,0.00010796819,0.00022534671,0.00061024213,0.0013137332,0.99971527,0.3687656
1080,6,0.7054534,0.0005547701,7.39583e-05,3.1395353e-05,0.00010796819,0.00022534671,0.00061024213,0.0013137332,0.99971527,0.36877227
1080,7,0.6724949,0.000731578,9.303532e-05,6.404138e-05,0.00014254816,0.00035149857,0.0008341729,0.0025703681,0.999686,0.36881736
1080,8,0.6451979,0.0005593758,9.675638e-05,3.5423447e-05,0.00012561966,0.00022998532,0.00070224237,0.002130055,0.9996331,0.36674294
1084,0,5.4764274e-05,0.9930541,0.10206693,0.00039862707,0.9304763,0.00036389698,0.7422478,0.12641242,0.00012599393,0.015499187
1084,1,0.62267476,0.00033068194,5.281632e-05,4.010712e-05,0.00012007315,0.00013709489,0.00072131975,0.9904613,0.99927765,0.3282668
1084,2,0.57494646,0.00038616042,5.6066252e-05,4.7084344e-05,0.00012358098,0.00014424472,0.0008158467,0.99371654,0.99934477,0.3274397
1084,3,0.62267476,0.00033068194,5.281632e-05,4.010712e-05,0.00012007315,0.00013709489,0.00072131975,0.9904613,0.99927765,0.3282668
1084,4,5.4764274e-05,0.9930541,0.10206693,0.00039862707,0.9304763,0.00036389698,0.7422478,0.12641242,0.00012599393,0.015499187
1084,5,0.62267476,0.00033068194,5.281632e-05,4.010712e-05,0.00012007315,0.00013709489,0.00072131975,0.9904613,0.99927765,0.3282668
1084,6,5.4764274e-05,0.9930541,0.10206693,0.00039862707,0.9304763,0.00036389698,0.7422478,0.12641242,0.00012599393,0.015499187
1084,7,0.62267476,0.00033068194,5.281632e-05,4.010712e-05,0.00012007315,0.00013709489,0.00072131975,0.9904613,0.99927765,0.3282668
1084,8,5.4764274e-05,0.9930541,0.10206693,0.00039862707,0.9304763,0.00036389698,0.7422478,0.12641242,0.00012599393,0.015499187
1088,0,0.7275974,0.00035674375,7.544371e-05,0.00010243456,7.5281656e-05,0.0011238117,0.0005673663,1.0706939e-05,0.99954575,0.4289093
1088,1,0.7275974,0.00035674375,7.544371e-05,0.00010243456,7.5281656e-05,0.0011238117,0.0005673663,1.0706939e-05,0.99954575,0.4289093
1088,2,0.7275974,0.00035674375,7.544371e-05,0.00010243456,7.5281656e-05,0.0011238117,0.0005673663,1.0706939e-05,0.99954575,0.4289093
1088,3,0.7275974,0.00035674375,7.544371e-05,0.00010243456,7.5281656e-05,0.0011238117,0.0005673663,1.0706939e-05,0.99954575,0.4289093
1088,4,0.7275974,0.00035674375,7.544371e-05,0.00010243456,7.5281656e-05,0.0011238117,0.0005673663,1.0706939e-05,0.99954575,0.42895117
1088,5,0.7275974,0.00035674375,7.544371e-05,0.00010243456,7.5281656e-05,0.0011238117,0.0005673663,1.0706939e-05,0.99954575,0.42846426
1088,6,0.7275974,0.00035674375,7.544371e-05,0.00010243456,7.5281656e-05,0.0011238117,0.0005673663,1.0706939e-05,0.99954575,0.42846426
1088,7,0.7275974,0.00035674375,7.544371e-05,0.00010243456,7.5281656e-05,0.0011238117,0.0005673663,1.0706939e-05,0.99954575,0.42846426
1088,8,0.7275974,0.00035674375,7.544371e-05,0.00010243456,7.5281656e-05,0.0011238117,0.0005673663,1.0706939e-05,0.99954575,0.42846426
1091,0,0.78414845,0.0007053901,0.00022261472,0.00016110309,0.00017406518,0.00018506314,0.001149979,0.0036754727,0.9996117,0.4235835
1091,1,0.78414845,0.0007053901,0.00022261472,0.00016110309,0.00017406518,0.00018506314,0.001149979,0.0036754727,0.9996117,0.4232521
1091,2,0.78414845,0.0007053901,0.00022261472,0.00016110309,0.00017406518,0.00018506314,0.001149979,0.0036754727,0.9996117,0.4232521
1091,3,0.78414845,0.0007053901,0.00022261472,0.00016110309,0.00017406518,0.00018506314,0.001149979,0.0036754727,0.9996117,0.4232521
1091,4,0.78414845,0.0007053901,0.00022261472,0.00016110309,0.00017406518,0.00018506314,0.001149979,0.0036754727,0.9996117,0.4232521
1091,5,0.78414845,0.0007053901,0.00022261472,0.00016110309,0.00017406518,0.00018506314,0.001149979,0.0036754727,0.9996117,0.4232521
1091,6,0.78414845,0.0007053901,0.00022261472,0.00016110309,0.00017406518,0.00018506314,0.001149979,0.0036754727,0.9996117,0.4232521
1091,7,0.78414845,0.0007053901,0.00022261472,0.00016110309,0.00017406518,0.00018506314,0.001149979,0.0036754727,0.9996117,0.4232521
1091,8,0.78414845,0.0007053901,0.00022261472,0.00016110309,0.00017406518,0.00018506314,0.001149979,0.0036754727,0.9996117,0.4232521
1092,0,0.85619646,0.00052106456,6.62319e-05,8.8017085e-05,8.3169354e-05,0.000117395706,0.00031905237,0.0006786857,0.99979013,0.39068303
1092,1,0.85619646,0.00052106456,6.62319e-05,8.8017085e-05,8.3169354e-05,0.000117395706,0.00031905237,0.0006786857,0.99979013,0.39068303
1092,2,0.85619646,0.00052106456,6.62319e-05,8.8017085e-05,8.3169354e-05,0.000117395706,0.00031905237,0.0006786857,0.99979013,0.39068303
1092,3,0.85619646,0.00052106456,6.62319e-05,8.8017085e-05,8.3169354e-05,0.000117395706,0.00031905237,0.0006786857,0.99979013,0.39079857
1092,4,0.85619646,0.00052106456,6.62319e-05,8.8017085e-05,8.3169354e-05,0.000117395706,0.00031905237,0.0006786857,0.99979013,0.39079857
1092,5,0.85619646,0.00052106456,6.62319e-05,8.8017085e-05,8.3169354e-05,0.000117395706,0.00031905237,0.0006786857,0.99979013,0.39079857
1092,6,0.85619646,0.00052106456,6.62319e-05,8.8017085e-05,8.3169354e-05,0.000117395706,0.00031905237,0.0006786857,0.99979013,0.39079857
1092,7,0.93370205,0.00038102013,5.4259763e-05,0.00010664728,4.3848962e-05,0.0002716214,0.00034244815,1.5302068e-05,0.99980813,0.5362255
1092,8,0.93370205,0.00038102013,5.4259763e-05,0.00010664728,4.3848962e-05,0.0002716214,0.00034244815,1.5302068e-05,0.99980813,0.536187
1094,0,0.34838822,0.0007784635,0.00015924561,0.00011078418,0.00024165476,0.00023522574,0.0015809145,0.9982022,0.9980732,0.33300307
1094,1,0.34838822,0.0007784635,0.00015924561,0.00011078418,0.00024165476,0.00023522574,0.0015809145,0.9982022,0.9980732,0.33300307
1094,2,0.8242362,0.0006248948,0.00014596358,0.00010414647,0.00019880441,0.0003347873,0.0007681857,0.002126861,0.9996468,0.34227493
1094,3,0.34895086,0.0008012624,0.00014764827,0.00011116832,0.00023538212,0.00022188936,0.0015995358,0.998237,0.9979196,0.3326663
1094,4,0.34838822,0.0007784635,0.00015924561,0.00011078418,0.00024165476,0.00023522574,0.0015809145,0.9982022,0.9980732,0.3330228
1094,5,0.34838822,0.0007784635,0.00015924561,0.00011078418,0.00024165476,0.00023522574,0.0015809145,0.9982022,0.9980732,0.3330286
1094,6,0.34838822,0.0007784635,0.00015924561,0.00011078418,0.00024165476,0.00023522574,0.0015809145,0.9982022,0.9980732,0.3330286
1094,7,0.804702,0.0006011033,0.0001285285,0.00017682486,0.00021767284,0.00030150928,0.0011347163,0.0038489192,0.99904996,0.33884564
1094,8,0.9004635,0.00062346325,0.00013292882,0.00020454964,0.00020628357,0.0004524299,0.0008422851,0.0011721256,0.9995316,0.33770692
1096,0,0.7652703,0.0006533266,0.00013958788,0.000110319605,0.00013827583,0.00023404589,0.0007668801,0.005345522,0.99963605,0.3145645
1096,1,0.7652703,0.0006533266,0.00013958788,0.000110319605,0.00013827583,0.00023404589,0.0007668801,0.005345522,0.99963605,0.31457666
1096,2,0.7652703,0.0006533266,0.00013958788,0.000110319605,0.00013827583,0.00023404589,0.0007668801,0.005345522,0.99963605,0.31457666
1096,3,0.7757375,0.0006921359,0.0001245449,0.00010854576,0.00013508792,0.00022705829,0.0007090481,0.006150389,0.9995772,0.31596574
1096,4,0.7652703,0.0006533266,0.00013958788,0.000110319605,0.00013827583,0.00023404589,0.0007668801,0.005345522,0.99963605,0.31457666
1096,5,0.7745115,0.0006688269,0.0001210838,8.334982e-05,0.0001390447,0.00020541291,0.00068605604,0.004950738,0.99961334,0.3193445
1096,6,0.7757375,0.0006921359,0.0001245449,0.00010854576,0.00013508792,0.00022705829,0.0007090481,0.006150389,0.9995772,0.31569496
1096,7,0.7652703,0.0006533266,0.00013958788,0.000110319605,0.00013827583,0.00023404589,0.0007668801,0.005345522,0.99963605,0.31424728
1096,8,0.7652703,0.0006533266,0.00013958788,0.000110319605,0.00013827583,0.00023404589,0.0007668801,0.005345522,0.99963605,0.31424728
1098,0,0.6074505,0.001652719,0.00057210855,0.00016130737,0.00027835666,0.0003514123,0.0018389366,0.0024206985,0.99939334,0.33162954
1098,1,0.6074505,0.001652719,0.00057210855,0.00016130737,0.00027835666,0.0003514123,0.0018389366,0.0024206985,0.99939334,0.33162954
1098,2,0.60681397,0.0016982404,0.00062132324,0.00019407802,0.00028214944,0.00036288743,0.0019052031,0.0027257926,0.9993407,0.3307042
1098,3,0.6074505,0.001652719,0.00057210855,0.00016130737,0.00027835666,0.0003514123,0.0018389366,0.0024206985,0.99939334,0.33155313
1098,4,0.6285383,0.001777222,0.00063286297,0.00019898439,0.00030015182,0.00039079215,0.0020670719,0.0021367802,0.9993831,0.32796845
1098,5,0.6074505,0.001652719,0.00057210855,0.00016130737,0.00027835666,0.0003514123,0.0018389366,0.0024206985,0.99939334,0.33155313
1098,6,0.60681397,0.0016982404,0.00062132324,0.00019407802,0.00028214944,0.00036288743,0.0019052031,0.0027257926,0.9993407,0.3307042
1098,7,0.60681397,0.0016982404,0.00062132324,0.00019407802,0.00028214944,0.00036288743,0.0019052031,0.0027257926,0.9993407,0.33069617
1098,8,0.6074505,0.001652719,0.00057210855,0.00016130737,0.00027835666,0.0003514123,0.0018389366,0.0024206985,0.99939334,0.331523
1102,0,0.9032391,0.00023295631,3.0009052e-05,5.5454755e-05,4.113779e-05,8.293699e-05,0.00012217667,0.00051472476,0.999894,0.5593493
1102,1,0.9032391,0.00023295631,3.0009052e-05,5.5454755e-05,4.113779e-05,8.293699e-05,0.00012217667,0.00051472476,0.999894,0.5593493
1102,2,0.9032391,0.00023295631,3.0009052e-05,5.5454755e-05,4.113779e-05,8.293699e-05,0.00012217667,0.00051472476,0.999894,0.5593493
1102,3,0.9032391,0.00023295631,3.0009052e-05,5.5454755e-05,4.113779e-05,8.293699e-05,0.00012217667,0.00051472476,0.999894,0.5593493
1102,4,0.9032391,0.00023295631,3.0009052e-05,5.5454755e-05,4.113779e-05,8.293699e-05,0.00012217667,0.00051472476,0.999894,0.5593493
1102,5,0.9032391,0.00023295631,3.0009052e-05,5.5454755e-05,4.113779e-05,8.293699e-05,0.00012217667,0.00051472476,0.999894,0.5593493
1102,6,0.9032391,0.00023295631,3.0009052e-05,5.5454755e-05,4.113779e-05,8.293699e-05,0.00012217667,0.00051472476,0.999894,0.5593493
1102,7,0.9032391,0.00023295631,3.0009052e-05,5.5454755e-05,4.113779e-05,8.293699e-05,0.00012217667,0.00051472476,0.999894,0.5593493
1102,8,0.9032391,0.00023295631,3.0009052e-05,5.5454755e-05,4.113779e-05,8.293699e-05,0.00012217667,0.00051472476,0.999894,0.5593493
1103,0,0.9306199,0.00042974256,0.00011423409,8.075359e-05,0.00012252634,0.00018656967,0.0007025844,0.007656015,0.99971205,0.34276482
1103,1,0.9306199,0.00042974256,0.00011423409,8.075359e-05,0.00012252634,0.00018656967,0.0007025844,0.007656015,0.99971205,0.34276482
1103,2,0.9306199,0.00042974256,0.00011423409,8.075359e-05,0.00012252634,0.00018656967,0.0007025844,0.007656015,0.99971205,0.34276482
1103,3,0.9306197,0.00042974256,0.00011423409,8.075359e-05,0.00012252634,0.00018656967,0.0007025844,0.007656015,0.99971205,0.34276482
1103,4,0.9306197,0.00042974256,0.00011423409,8.075359e-05,0.00012252634,0.00018656967,0.0007025844,0.007656015,0.99971205,0.34276482
1103,5,0.9306197,0.00042974256,0.00011423409,8.075359e-05,0.00012252634,0.00018656967,0.0007025844,0.007656015,0.99971205,0.3427832
1103,6,0.9306197,0.00042974256,0.00011423409,8.075359e-05,0.00012252634,0.00018656967,0.0007025844,0.007656015,0.99971205,0.34276173
1103,7,0.9306197,0.00042974256,0.00011423409,8.075359e-05,0.00012252634,0.00018656967,0.0007025844,0.007656015,0.99971205,0.34276173
1103,8,0.9306197,0.00042974256,0.00011423409,8.075359e-05,0.00012252634,0.00018656967,0.0007025844,0.007656015,0.99971205,0.34276173
1105,0,0.59082836,0.0005754445,0.00012281364,0.00011623924,0.00016655793,0.00014620903,0.0008238496,0.0053076237,0.9996517,0.33708847
1105,1,0.47880438,0.0005181291,8.339578e-05,9.893938e-05,0.00015247554,0.00011060211,0.0004900313,0.012202038,0.99959284,0.3367622
1105,2,0.5908278,0.0005754445,0.00012281364,0.00011623924,0.00016655793,0.00014620903,0.0008238496,0.0053076237,0.9996517,0.33708847
1105,3,0.5986578,0.0005674744,0.0001255125,8.762182e-05,0.00016210809,0.00014296293,0.0008109118,0.0044740834,0.9996784,0.33732226
1105,4,0.47880578,0.0005181291,8.339578e-05,9.893938e-05,0.00015247554,0.00011060211,0.0004900313,0.012202038,0.99959284,0.3367622
1105,5,0.5986578,0.0005674744,0.0001255125,8.762182e-05,0.00016210809,0.00014296293,0.0008109118,0.0044740834,0.9996784,0.33732226
1105,6,0.5986578,0.0005674744,0.0001255125,8.762182e-05,0.00016210809,0.00014296293,0.0008109118,0.0044740834,0.9996784,0.33732226
1105,7,0.5986578,0.0005674744,0.0001255125,8.762182e-05,0.00016210809,0.00014296293,0.0008109118,0.0044740834,0.9996784,0.33733103
1105,8,0.47880578,0.0005181291,8.339578e-05,9.893938e-05,0.00015247554,0.00011060211,0.0004900313,0.012202038,0.99959284,0.3367858
1107,0,0.9100852,0.00045760046,5.3661002e-05,9.5940624e-05,8.997254e-05,0.00017853564,0.00040090585,0.0041156323,0.9997626,0.34405944
1107,1,0.9100852,0.00045760046,5.3661002e-05,9.5940624e-05,8.997254e-05,0.00017853564,0.00040090585,0.0041156323,0.9997626,0.34405944
1107,2,0.9100852,0.00045760046,5.3661002e-05,9.5940624e-05,8.997254e-05,0.00017853564,0.00040090585,0.0041156323,0.9997626,0.34405944
1107,3,0.9100852,0.00045760046,5.3661002e-05,9.5940624e-05,8.997254e-05,0.00017853564,0.00040090585,0.0041156323,0.9997626,0.34405944
1107,4,0.9100852,0.00045760046,5.3661002e-05,9.5940624e-05,8.997254e-05,0.00017853564,0.00040090585,0.0041156323,0.9997626,0.34405944
1107,5,0.9100852,0.00045760046,5.3661002e-05,9.5940624e-05,8.997254e-05,0.00017853564,0.00040090585,0.0041156323,0.9997626,0.34405944
1107,6,0.9100852,0.00045760046,5.3661002e-05,9.5940624e-05,8.997254e-05,0.00017853564,0.00040090585,0.0041156323,0.9997626,0.34405944
1107,7,0.9100852,0.00045760046,5.3661002e-05,9.5940624e-05,8.997254e-05,0.00017853564,0.00040090585,0.0041156323,0.9997626,0.34405944
1107,8,0.9100852,0.00045760046,5.3661002e-05,9.5940624e-05,8.997254e-05,0.00017853564,0.00040090585,0.0041156323,0.9997626,0.34405944
1110,0,0.79952735,0.0005955833,0.00014829662,0.00018184881,0.00015680777,0.00021678142,0.00081799907,0.000494451,0.99963665,0.09954663
1110,1,0.79952735,0.0005955833,0.00014829662,0.00018184881,0.00015680777,0.00021678142,0.00081799907,0.000494451,0.99963665,0.09954663
1110,2,0.79952735,0.0005955833,0.00014829662,0.00018184881,0.00015680777,0.00021678142,0.00081799907,0.000494451,0.99963665,0.09954663
1110,3,0.79952735,0.0005955833,0.00014829662,0.00018184881,0.00015680777,0.00021678142,0.00081799907,0.000494451,0.99963665,0.09954663
1110,4,0.79952735,0.0005955833,0.00014829662,0.00018184881,0.00015680777,0.00021678142,0.00081799907,0.000494451,0.99963665,0.09954663
1110,5,0.79952735,0.0005955833,0.00014829662,0.00018184881,0.00015680777,0.00021678142,0.00081799907,0.000494451,0.99963665,0.10022538
1110,6,0.79952735,0.0005955833,0.00014829662,0.00018184881,0.00015680777,0.00021678142,0.00081799907,0.000494451,0.99963665,0.10028606
1110,7,0.79952735,0.0005955833,0.00014829662,0.00018184881,0.00015680777,0.00021678142,0.00081799907,0.000494451,0.99963665,0.10028606
1110,8,0.79952735,0.0005955833,0.00014829662,0.00018184881,0.00015680777,0.00021678142,0.00081799907,0.000494451,0.99963665,0.10028606
1113,0,0.7567939,0.0005586311,0.00014002033,0.00013231498,0.00014155624,0.00012325734,0.0007627833,0.009426507,0.99938095,0.3390528
1113,1,0.7567939,0.0005586311,0.00014002033,0.00013231498,0.00014155624,0.00012325734,0.0007627833,0.009426507,0.99938095,0.3390528
1113,2,0.7567939,0.0005586311,0.00014002033,0.00013231498,0.00014155624,0.00012325734,0.0007627833,0.009426507,0.99938095,0.3390528
1113,3,0.7567939,0.0005586311,0.00014002033,0.00013231498,0.00014155624,0.00012325734,0.0007627833,0.009426507,0.99938095,0.3390528
1113,4,0.7567939,0.0005586311,0.00014002033,0.00013231498,0.00014155624,0.00012325734,0.0007627833,0.009426507,0.99938095,0.3390528
1113,5,0.7567939,0.0005586311,0.00014002033,0.00013231498,0.00014155624,0.00012325734,0.0007627833,0.009426507,0.99938095,0.3390528
1113,6,0.7567939,0.0005586311,0.00014002033,0.00013231498,0.00014155624,0.00012325734,0.0007627833,0.009426507,0.99938095,0.3390528
1113,7,0.7567939,0.0005586311,0.00014002033,0.00013231498,0.00014155624,0.00012325734,0.0007627833,0.009426507,0.99938095,0.33911204
1113,8,0.7567939,0.0005586311,0.00014002033,0.00013231498,0.00014155624,0.00012325734,0.0007627833,0.009426507,0.99938095,0.33911204
1114,0,0.7821687,0.00039983945,6.654928e-05,6.3909836e-05,9.456238e-05,0.00012071857,0.0006972841,0.005529425,0.9997185,0.35752392
1114,1,0.7821687,0.00039983945,6.654928e-05,6.3909836e-05,9.456238e-05,0.00012071857,0.0006972841,0.005529425,0.9997185,0.35752392
1114,2,0.7821687,0.00039983945,6.654928e-05,6.3909836e-05,9.456238e-05,0.00012071857,0.0006972841,0.005529425,0.9997185,0.35752392
1114,3,0.7821687,0.00039983945,6.654928e-05,6.3909836e-05,9.456238e-05,0.00012071857,0.0006972841,0.005529425,0.9997185,0.3575182
1114,4,0.7821687,0.00039983945,6.654928e-05,6.3909836e-05,9.456238e-05,0.00012071857,0.0006972841,0.005529425,0.9997185,0.35739467
1114,5,0.7821687,0.00039983945,6.654928e-05,6.3909836e-05,9.456238e-05,0.00012071857,0.0006972841,0.005529425,0.9997185,0.35739467
1114,6,0.7671666,0.00042387747,6.766118e-05,6.221053e-05,0.000102270984,0.00012639549,0.00074167724,0.0053554648,0.9997347,0.3591455
1114,7,0.7821687,0.00039983945,6.654928e-05,6.3909836e-05,9.456238e-05,0.00012071857,0.0006972841,0.005529425,0.9997185,0.35739467
1114,8,0.7821687,0.00039983945,6.654928e-05,6.3909836e-05,9.456238e-05,0.00012071857,0.0006972841,0.005529425,0.9997185,0.3573885
1115,0,0.73565817,0.00063848274,0.00010165901,9.236509e-05,0.00019170182,0.00036490388,0.00069875823,0.001917459,0.9997931,0.34350204
1115,1,0.73565817,0.00063848274,0.00010165901,9.236509e-05,0.00019170182,0.00036490388,0.00069875823,0.001917459,0.9997931,0.34350204
1115,2,0.73565817,0.00063848274,0.00010165901,9.236509e-05,0.00019170182,0.00036490388,0.00069875823,0.001917459,0.9997931,0.34350204
1115,3,0.7928009,0.0005507717,7.3686e-05,0.00014666158,0.00015750548,0.00025043928,0.0005256397,0.0031174289,0.9997987,0.3418453
1115,4,0.73565817,0.00063848274,0.00010165901,9.236509e-05,0.00019170182,0.00036490388,0.00069875823,0.001917459,0.9997931,0.34350204
1115,5,0.73565817,0.00063848274,0.00010165901,9.236509e-05,0.00019170182,0.00036490388,0.00069875823,0.001917459,0.9997931,0.34350204
1115,6,0.7928009,0.0005507717,7.3686e-05,0.00014666158,0.00015750548,0.00025043928,0.0005256397,0.0031174289,0.9997987,0.3418453
1115,7,0.7145381,0.0005854337,9.478574e-05,9.920201e-05,0.00018489682,0.00029179288,0.00069294707,0.0026105496,0.9997522,0.34062198
1115,8,0.73565817,0.00063848274,0.00010165901,9.236509e-05,0.00019170182,0.00036490388,0.00069875823,0.001917459,0.9997931,0.34350204
1116,0,0.9505038,0.00077985943,0.000101497346,4.6760782e-05,0.00012953988,0.00013992382,0.00053897087,0.003819398,0.9998053,0.49497572
1116,1,0.9505038,0.00077985943,0.000101497346,4.6760782e-05,0.00012953988,0.00013992382,0.00053897087,0.003819398,0.9998053,0.49509367
1116,2,0.9505038,0.00077985943,0.000101497346,4.6760782e-05,0.00012953988,0.00013992382,0.00053897087,0.003819398,0.9998053,0.49545994
1116,3,0.9505038,0.00077985943,0.000101497346,4.6760782e-05,0.00012953988,0.00013992382,0.00053897087,0.003819398,0.9998053,0.49545994
1116,4,0.93230057,0.0008364473,0.00030287867,2.1555608e-05,0.00014486238,6.3562184e-05,0.00045775095,0.0079804,0.9997316,0.4106475
1116,5,0.9505038,0.00077985943,0.00010149667,4.6760648e-05,0.00012953937,0.00013992382,0.000538969,0.0038193804,0.9998053,0.49545994
1116,6,0.9505038,0.00077985943,0.00010149667,4.6760648e-05,0.00012953937,0.00013992382,0.000538969,0.0038193804,0.9998053,0.4955198
1116,7,0.9505038,0.00077985943,0.00010149667,4.6760648e-05,0.00012953937,0.00013992382,0.000538969,0.0038193804,0.9998053,0.49516556
1116,8,0.93230057,0.0008364473,0.00030287867,2.1555608e-05,0.00014486238,6.3562184e-05,0.00045775095,0.0079804,0.9997316,0.41087893
1122,0,0.8744227,0.00071749935,0.00010245635,0.00010531522,7.7052435e-05,0.0004643715,0.000654579,1.1537671e-05,0.9996766,0.38900137
1122,1,0.8744227,0.00071749935,0.00010245635,0.00010531522,7.7052435e-05,0.0004643715,0.000654579,1.1537671e-05,0.9996766,0.38900137
1122,2,0.8744227,0.00071749935,0.00010245635,0.00010531522,7.7052435e-05,0.0004643715,0.000654579,1.1537671e-05,0.9996766,0.38900137
1122,3,0.874424,0.00071749894,0.00010245616,0.00010531482,7.705237e-05,0.00046436902,0.0006545793,1.1537671e-05,0.9996766,0.38900137
1122,4,0.874424,0.00071749894,0.00010245616,0.00010531482,7.705237e-05,0.00046436902,0.0006545793,1.1537671e-05,0.9996766,0.38900137
1122,5,0.874424,0.00071749894,0.00010245616,0.00010531482,7.705237e-05,0.00046436902,0.0006545793,1.1537671e-05,0.9996766,0.38900137
1122,6,0.874424,0.00071749894,0.00010245616,0.00010531482,7.705237e-05,0.00046436902,0.0006545793,1.1537671e-05,0.9996766,0.38900137
1122,7,0.874424,0.00071749894,0.00010245616,0.00010531482,7.705237e-05,0.00046436902,0.0006545793,1.1537671e-05,0.9996766,0.38900137
1122,8,0.874424,0.00071749894,0.00010245616,0.00010531482,7.705237e-05,0.00046436902,0.0006545793,1.1537671e-05,0.9996766,0.38899207
1124,0,0.77642435,0.00042746472,5.0730418e-05,8.152189e-05,5.7629448e-05,0.0007232935,0.00022593902,1.0506833e-05,0.9997632,0.3579221
1124,1,0.77642435,0.00042746472,5.0730418e-05,8.152189e-05,5.7629448e-05,0.0007232935,0.00022593902,1.0506833e-05,0.9997632,0.3579221
1124,2,0.77642435,0.00042746472,5.0730418e-05,8.152189e-05,5.7629448e-05,0.0007232935,0.00022593902,1.0506833e-05,0.9997632,0.3579221
1124,3,0.77642435,0.00042746472,5.0730418e-05,8.152189e-05,5.7629448e-05,0.0007232935,0.00022593902,1.0506833e-05,0.9997632,0.3579221
1124,4,0.77642435,0.00042746472,5.0730418e-05,8.152189e-05,5.7629448e-05,0.0007232935,0.00022593902,1.0506833e-05,0.9997632,0.3579221
1124,5,0.77642435,0.00042746472,5.0730418e-05,8.152189e-05,5.7629448e-05,0.0007232935,0.00022593902,1.0506833e-05,0.9997632,0.3579221
1124,6,0.77642435,0.00042746472,5.0730418e-05,8.152189e-05,5.7629448e-05,0.0007232935,0.00022593902,1.0506833e-05,0.9997632,0.3579221
1124,7,0.77642435,0.00042746472,5.0730418e-05,8.152189e-05,5.7629448e-05,0.0007232935,0.00022593902,1.0506833e-05,0.9997632,0.3579221
1124,8,0.77642435,0.00042746472,5.0730418e-05,8.152189e-05,5.7629448e-05,0.0007232935,0.00022593902,1.0506833e-05,0.9997632,0.3579221
1130,0,0.74900705,0.00088318135,0.00014487896,0.0001309315,0.0001771134,0.0006636935,0.0007283453,7.3446994e-05,0.9995479,0.32634118
1130,1,0.74900603,0.00088318135,0.00014487896,0.0001309315,0.0001771134,0.0006636935,0.0007283453,7.3446994e-05,0.9995479,0.32637763
1130,2,0.74900603,0.00088318135,0.00014487896,0.0001309315,0.0001771134,0.0006636935,0.0007283453,7.3446994e-05,0.9995479,0.32637763
1130,3,0.74900603,0.00088318135,0.00014487896,0.0001309315,0.0001771134,0.0006636935,0.0007283453,7.3446994e-05,0.9995479,0.32637763
1130,4,0.74900603,0.00088318135,0.00014487896,0.0001309315,0.0001771134,0.0006636935,0.0007283453,7.3446994e-05,0.9995479,0.32637763
1130,5,0.74900603,0.00088318135,0.00014487896,0.0001309315,0.0001771134,0.0006636935,0.0007283453,7.3446994e-05,0.9995479,0.32637763
1130,6,0.74900603,0.00088318135,0.00014487896,0.0001309315,0.0001771134,0.0006636935,0.0007283453,7.3446994e-05,0.9995479,0.32637763
1130,7,0.74900603,0.00088318135,0.00014487896,0.0001309315,0.0001771134,0.0006636935,0.0007283453,7.3446994e-05,0.9995479,0.32637763
1130,8,0.74900603,0.00088318135,0.00014487896,0.0001309315,0.0001771134,0.0006636935,0.0007283453,7.3446994e-05,0.9995479,0.32637763
1133,0,0.6398936,0.0005033135,0.0002529778,5.761543e-05,0.00016883007,0.00013699505,0.0011069457,0.0067818807,0.9995065,0.452407
1133,1,0.6398936,0.0005033135,0.0002529778,5.761543e-05,0.00016883007,0.00013699505,0.0011069457,0.0067818807,0.9995065,0.452407
1133,2,0.6398936,0.0005033135,0.0002529778,5.761543e-05,0.00016883007,0.00013699505,0.0011069457,0.0067818807,0.9995065,0.45240095
1133,3,0.6398936,0.0005033135,0.0002529778,5.761543e-05,0.00016883007,0.00013699505,0.0011069457,0.0067818807,0.9995065,0.45186695
1133,4,0.6398936,0.0005033135,0.0002529778,5.761543e-05,0.00016883007,0.00013699505,0.0011069457,0.0067818807,0.9995065,0.45186695
1133,5,0.6398936,0.0005033135,0.0002529778,5.761543e-05,0.00016883007,0.00013699505,0.0011069457,0.0067818807,0.9995065,0.45186695
1133,6,0.6398936,0.0005033135,0.0002529778,5.761543e-05,0.00016883007,0.00013699505,0.0011069457,0.0067818807,0.9995065,0.45186695
1133,7,0.6398936,0.0005033135,0.0002529778,5.761543e-05,0.00016883007,0.00013699505,0.0011069457,0.0067818807,0.9995065,0.45186695
1133,8,0.6398936,0.0005033135,0.0002529778,5.761543e-05,0.00016883007,0.00013699505,0.0011069457,0.0067818807,0.9995065,0.4513309
1134,0,0.9809603,0.00040931336,8.8755165e-05,1.196503e-05,0.00010333411,0.000119299584,0.00042250525,0.2964134,0.999703,0.48286796
1134,1,0.9809603,0.00040931336,8.8755165e-05,1.196503e-05,0.00010333411,0.000119299584,0.00042250525,0.2964134,0.999703,0.48286796
1134,2,0.9390866,0.0004893057,5.6469602e-05,1.2768123e-05,0.00010766028,7.453583e-05,0.00030610646,0.5560687,0.9996563,0.4562063
1134,3,0.9809603,0.00040931336,8.8755165e-05,1.196503e-05,0.00010333411,0.000119299584,0.00042250525,0.2964134,0.999703,0.48286796
1134,4,0.9390866,0.0004893057,5.6469602e-05,1.2768123e-05,0.00010766028,7.453583e-05,0.00030610646,0.5560687,0.9996563,0.4562063
1134,5,0.9809603,0.00040931336,8.8755165e-05,1.196503e-05,0.00010333411,0.000119299584,0.00042250525,0.2964134,0.999703,0.48286796
1134,6,0.9390866,0.0004893057,5.6469602e-05,1.2768123e-05,0.00010766028,7.453583e-05,0.00030610646,0.5560687,0.9996563,0.4562063
1134,7,0.93930453,0.0005153959,6.133459e-05,1.2702564e-05,0.00011937697,8.127288e-05,0.00032538277,0.4943329,0.9996978,0.46686533
1134,8,0.9390866,0.0004893057,5.6469602e-05,1.2768123e-05,0.00010766028,7.453583e-05,0.00030610646,0.5560687,0.9996563,0.4562063
1135,0,0.48832002,0.0012604209,0.00010730606,2.355145e-05,0.00013073625,0.00015993387,0.00036999767,3.9124123e-05,0.99961996,0.31339052
1135,1,0.48832002,0.0012604209,0.00010730606,2.355145e-05,0.00013073625,0.00015993387,0.00036999767,3.9124123e-05,0.99961996,0.31330875
1135,2,0.48832002,0.0012604209,0.00010730606,2.355145e-05,0.00013073625,0.00015993387,0.00036999767,3.9124123e-05,0.99961996,0.31330875
1135,3,0.48832002,0.0012604209,0.00010730606,2.355145e-05,0.00013073625,0.00015993387,0.00036999767,3.9124123e-05,0.99961996,0.31330875
1135,4,0.48832002,0.0012604209,0.00010730606,2.355145e-05,0.00013073625,0.00015993387,0.00036999767,3.9124123e-05,0.99961996,0.31330875
1135,5,0.43674862,0.001032596,0.00012322808,2.615879e-05,0.00015585822,0.0001690174,0.00042305273,4.3941476e-05,0.99955195,0.28117868
1135,6,0.48832002,0.0012604209,0.00010730606,2.355145e-05,0.00013073625,0.00015993387,0.00036999767,3.9124123e-05,0.99961996,0.31330875
1135,7,0.48832002,0.0012604209,0.00010730606,2.355145e-05,0.00013073625,0.00015993387,0.00036999767,3.9124123e-05,0.99961996,0.31330875
1135,8,0.43674862,0.001032596,0.00012322808,2.615879e-05,0.00015585822,0.0001690174,0.00042305273,4.3941476e-05,0.99955195,0.28117868
1136,0,0.88936186,0.0006649158,8.239283e-05,2.7942135e-05,9.344574e-05,0.00016689449,0.00047691958,0.0031834578,0.9996668,0.36961874
1136,1,0.88936186,0.0006649158,8.239283e-05,2.7942135e-05,9.344574e-05,0.00016689449,0.00047691958,0.0031834578,0.9996668,0.36961874
1136,2,0.88936186,0.0006649158,8.239283e-05,2.7942135e-05,9.344574e-05,0.00016689449,0.00047691958,0.0031834578,0.9996668,0.3695849
1136,3,0.88936186,0.0006649158,8.239283e-05,2.7942135e-05,9.344574e-05,0.00016689449,0.00047691958,0.0031834578,0.9996668,0.36960152
1136,4,0.88936186,0.0006649158,8.239283e-05,2.7942135e-05,9.344574e-05,0.00016689449,0.00047691958,0.0031834578,0.9996668,0.36960152
1136,5,0.88936186,0.0006649189,8.239291e-05,2.7942027e-05,9.344521e-05,0.00016689385,0.00047691824,0.0031834093,0.9996668,0.36960152
1136,6,0.88936186,0.0006649189,8.239291e-05,2.7942027e-05,9.344521e-05,0.00016689385,0.00047691824,0.0031834093,0.9996668,0.36960152
1136,7,0.88936186,0.0006649189,8.239291e-05,2.7942027e-05,9.344521e-05,0.00016689385,0.00047691824,0.0031834093,0.9996668,0.36961564
1136,8,0.88936186,0.0006649189,8.239291e-05,2.7942027e-05,9.344521e-05,0.00016689385,0.00047691824,0.0031834093,0.9996668,0.3696021
1139,0,0.97143954,0.00037120155,0.00011023726,0.00010972454,8.9007815e-05,0.00021262708,0.00035026795,0.0007496729,0.9997634,0.35921225
1139,1,0.97143954,0.00037120155,0.00011023726,0.00010972454,8.9007815e-05,0.00021262708,0.00035026795,0.0007496729,0.9997634,0.35921225
1139,2,0.97143954,0.00037120155,0.00011023726,0.00010972454,8.9007815e-05,0.00021262708,0.00035026795,0.0007496729,0.9997634,0.35921225
1139,3,0.97143954,0.00037120155,0.00011023726,0.00010972454,8.9007815e-05,0.00021262708,0.00035026795,0.0007496729,0.9997634,0.35921225
1139,4,0.97143954,0.00037120155,0.00011023726,0.00010972454,8.9007815e-05,0.00021262708,0.00035026795,0.0007496729,0.9997634,0.35921225
1139,5,0.97143954,0.00037120155,0.00011023726,0.00010972454,8.9007815e-05,0.00021262708,0.00035026795,0.0007496729,0.9997634,0.35921225
1139,6,0.97143954,0.00037120155,0.00011023726,0.00010972454,8.9007815e-05,0.00021262708,0.00035026795,0.0007496729,0.9997634,0.35921225
1139,7,0.97143954,0.00037120155,0.00011023726,0.00010972454,8.9007815e-05,0.00021262708,0.00035026795,0.0007496729,0.9997634,0.35921225
1139,8,0.97143954,0.00037120155,0.00011023726,0.00010972454,8.9007815e-05,0.00021262708,0.00035026795,0.0007496729,0.9997634,0.35921225
1141,0,0.9057271,0.0008005488,6.38468e-05,7.939096e-05,6.932865e-05,0.0002521997,0.00030974962,3.9539937e-05,0.99982554,0.3349806
1141,1,0.9057271,0.0008005488,6.38468e-05,7.939096e-05,6.932865e-05,0.0002521997,0.00030974962,3.9539937e-05,0.99982554,0.33493063
1141,2,0.9057271,0.0008005488,6.38468e-05,7.939096e-05,6.932865e-05,0.0002521997,0.00030974962,3.9539937e-05,0.99982554,0.33493063
1141,3,0.9057271,0.0008005488,6.38468e-05,7.939096e-05,6.932865e-05,0.0002521997,0.00030974962,3.9539937e-05,0.99982554,0.33493063
1141,4,0.9057271,0.0008005488,6.38468e-05,7.939096e-05,6.932865e-05,0.0002521997,0.00030974962,3.9539937e-05,0.99982554,0.33493063
1141,5,0.9057271,0.0008005488,6.38468e-05,7.939096e-05,6.932865e-05,0.0002521997,0.00030974962,3.9539937e-05,0.99982554,0.334905
1141,6,0.9057271,0.0008005488,6.38468e-05,7.939096e-05,6.932865e-05,0.0002521997,0.00030974962,3.9539937e-05,0.99982554,0.33495498
1141,7,0.9057271,0.0008005488,6.38468e-05,7.939096e-05,6.932865e-05,0.0002521997,0.00030974962,3.9539937e-05,0.99982554,0.33495498
1141,8,0.9057271,0.0008005488,6.38468e-05,7.939096e-05,6.932865e-05,0.0002521997,0.00030974962,3.9539937e-05,0.99982554,0.33495498
1144,0,0.6309738,0.00058174285,0.00015705317,5.7059744e-05,0.0001494456,0.00045817334,0.00092765805,2.9448294e-05,0.99903405,0.31558958
1144,1,0.6309738,0.00058174285,0.00015705317,5.7059744e-05,0.0001494456,0.00045817334,0.00092765805,2.9448294e-05,0.99903405,0.31558958
1144,2,0.63097423,0.00058174285,0.00015705317,5.7059744e-05,0.0001494456,0.00045817334,0.00092765805,2.9448294e-05,0.99903405,0.31558958
1144,3,0.63097423,0.00058174285,0.00015705317,5.7059744e-05,0.0001494456,0.00045817334,0.00092765805,2.9448294e-05,0.99903405,0.31558958
1144,4,0.63097423,0.00058174285,0.00015705317,5.7059744e-05,0.0001494456,0.00045817334,0.00092765805,2.9448294e-05,0.99903405,0.31558958
1144,5,0.63097423,0.00058174285,0.00015705317,5.7059744e-05,0.0001494456,0.00045817334,0.00092765805,2.9448294e-05,0.99903405,0.31558958
1144,6,0.63097423,0.00058174285,0.00015705317,5.7059744e-05,0.0001494456,0.00045817334,0.00092765805,2.9448294e-05,0.99903405,0.31558958
1144,7,0.63097423,0.00058174285,0.00015705317,5.7059744e-05,0.0001494456,0.00045817334,0.00092765805,2.9448294e-05,0.99903405,0.31572005
1144,8,0.63097423,0.00058174285,0.00015705317,5.7059744e-05,0.0001494456,0.00045817334,0.00092765805,2.9448294e-05,0.99903405,0.31574133
1145,0,0.74942535,0.00037256203,5.7258203e-05,8.660686e-05,6.593691e-05,0.00015019959,0.00036362663,9.886805e-06,0.99982613,0.3744978
1145,1,0.74942535,0.00037256203,5.7258203e-05,8.660686e-05,6.593691e-05,0.00015019959,0.00036362663,9.886805e-06,0.99982613,0.3744978
1145,2,0.74942535,0.00037256203,5.7258203e-05,8.660686e-05,6.593691e-05,0.00015019959,0.00036362663,9.886805e-06,0.99982613,0.3744978
1145,3,0.74931973,0.00036098386,5.6570392e-05,7.970211e-05,7.187335e-05,0.0001364125,0.000390278,1.0703591e-05,0.99982566,0.3973422
1145,4,0.74931973,0.00036098386,5.6570392e-05,7.970211e-05,7.187335e-05,0.0001364125,0.000390278,1.0703591e-05,0.99982566,0.3973422
1145,5,0.74942535,0.00037256203,5.7258203e-05,8.660686e-05,6.593691e-05,0.00015019959,0.00036362663,9.886805e-06,0.99982613,0.3744978
1145,6,0.74931973,0.00036098386,5.6570392e-05,7.970211e-05,7.187335e-05,0.0001364125,0.000390278,1.0703591e-05,0.99982566,0.3973422
1145,7,0.74942535,0.00037256203,5.7258203e-05,8.660686e-05,6.593691e-05,0.00015019959,0.00036362663,9.886805e-06,0.99982613,0.3744978
1145,8,0.74942535,0.00037256203,5.7258203e-05,8.660686e-05,6.593691e-05,0.00015019959,0.00036362663,9.886805e-06,0.99982613,0.3744978
1146,0,0.98139435,0.0007742761,0.00011424923,0.00012991395,0.00010794339,0.0003524465,0.00078190875,0.00039851537,0.99980634,0.7072776
1146,1,0.98139435,0.0007742761,0.00011424923,0.00012991395,0.00010794339,0.0003524465,0.00078190875,0.00039851537,0.99980634,0.7072776
1146,2,0.98139435,0.0007742761,0.00011424923,0.00012991395,0.00010794339,0.0003524465,0.00078190875,0.00039851537,0.99980634,0.7072776
1146,3,0.98139435,0.0007742761,0.00011424923,0.00012991395,0.00010794339,0.0003524465,0.00078190875,0.00039851537,0.99980634,0.7072776
1146,4,0.98139435,0.0007742761,0.00011424923,0.00012991395,0.00010794339,0.0003524465,0.00078190875,0.00039851537,0.99980634,0.7072776
1146,5,0.98139435,0.0007742761,0.00011424923,0.00012991395,0.00010794339,0.0003524465,0.00078190875,0.00039851537,0.99980634,0.7072776
1146,6,0.98139435,0.0007742761,0.00011424923,0.00012991395,0.00010794339,0.0003524465,0.00078190875,0.00039851537,0.99980634,0.7072776
1146,7,0.98139435,0.0007742761,0.00011424923,0.00012991395,0.00010794339,0.0003524465,0.00078190875,0.00039851537,0.99980634,0.7072776
1146,8,0.98139435,0.0007742761,0.00011424923,0.00012991395,0.00010794339,0.0003524465,0.00078190875,0.00039851537,0.99980634,0.7072776
1147,0,0.9927883,0.00038333287,4.9586273e-05,6.346146e-05,5.3455886e-05,0.00012663774,0.00018033381,3.730627e-05,0.99991417,0.8062033
1147,1,0.9927883,0.00038333287,4.9586273e-05,6.346146e-05,5.3455886e-05,0.00012663774,0.00018033381,3.730627e-05,0.99991417,0.80619246
1147,2,0.9927883,0.00038333287,4.9586273e-05,6.346146e-05,5.3455886e-05,0.00012663774,0.00018033381,3.730627e-05,0.99991417,0.80687475
1147,3,0.9927883,0.00038333287,4.9586273e-05,6.346146e-05,5.3455886e-05,0.00012663774,0.00018033381,3.730627e-05,0.99991417,0.80687475
1147,4,0.9927883,0.00038333287,4.9586273e-05,6.346146e-05,5.3455886e-05,0.00012663774,0.00018033381,3.730627e-05,0.99991417,0.80687475
1147,5,0.9927883,0.00038333287,4.9586273e-05,6.346146e-05,5.3455886e-05,0.00012663774,0.00018033381,3.730627e-05,0.99991417,0.80687475
1147,6,0.9927883,0.00038333287,4.9586273e-05,6.346146e-05,5.3455886e-05,0.00012663774,0.00018033381,3.730627e-05,0.99991417,0.80687475
1147,7,0.9927883,0.00038333287,4.9586273e-05,6.346146e-05,5.3455886e-05,0.00012663774,0.00018033381,3.730627e-05,0.99991417,0.8066139
1147,8,0.9927883,0.00038333287,4.9586273e-05,6.346146e-05,5.3455886e-05,0.00012663774,0.00018033381,3.730627e-05,0.99991417,0.8066139
1148,0,0.90061814,0.00036513477,0.00013372736,9.342161e-05,0.0001278212,0.00014298433,0.0006394635,0.00025850403,0.9997696,0.3431035
1148,1,0.90061814,0.00036513477,0.00013372736,9.342161e-05,0.0001278212,0.00014298433,0.0006394635,0.00025850403,0.9997696,0.3431035
1148,2,0.90061814,0.00036513477,0.00013372736,9.342161e-05,0.0001278212,0.00014298433,0.0006394635,0.00025850403,0.9997696,0.3431035
1148,3,0.90061814,0.00036513477,0.00013372736,9.342161e-05,0.0001278212,0.00014298433,0.0006394635,0.00025850403,0.9997696,0.3431035
1148,4,0.90061814,0.00036513477,0.00013372736,9.342161e-05,0.0001278212,0.00014298433,0.0006394635,0.00025850403,0.9997696,0.34315562
1148,5,0.88821226,0.00036416884,0.00012648001,8.5674714e-05,0.00011957634,0.0001321377,0.0006170319,0.0002551144,0.9997476,0.33867618
1148,6,0.88821226,0.00036416884,0.00012648001,8.5674714e-05,0.00011957634,0.0001321377,0.0006170319,0.0002551144,0.9997476,0.33867618
1148,7,0.88821226,0.00036416884,0.00012648001,8.5674714e-05,0.00011957634,0.0001321377,0.0006170319,0.0002551144,0.9997476,0.33867618
1148,8,0.88821226,0.00036416884,0.00012648001,8.5674714e-05,0.00011957634,0.0001321377,0.0006170319,0.0002551144,0.9997476,0.3386902
846,0,0.7271326,0.002075554,0.0003401351,0.00033642782,0.0002919487,0.00038988606,0.0017560548,0.00082740164,0.9991079,0.52469736
846,1,0.7271326,0.002075554,0.0003401351,0.00033642782,0.0002919487,0.00038988606,0.0017560548,0.00082740164,0.9991079,0.52469736
846,2,0.7271326,0.002075554,0.0003401351,0.00033642782,0.0002919487,0.00038988606,0.0017560548,0.00082740164,0.9991079,0.52469736
846,3,0.7271326,0.002075554,0.0003401351,0.00033642782,0.0002919487,0.00038988606,0.0017560548,0.00082740164,0.9991079,0.52469736
846,4,0.7271326,0.002075554,0.0003401351,0.00033642782,0.0002919487,0.00038988606,0.0017560548,0.00082740164,0.9991079,0.52469736
846,5,0.7271326,0.002075554,0.0003401351,0.00033642782,0.0002919487,0.00038988606,0.0017560548,0.00082740164,0.9991079,0.52469736
846,6,0.7271326,0.002075554,0.0003401351,0.00033642782,0.0002919487,0.00038988606,0.0017560548,0.00082740164,0.9991079,0.52469736
846,7,0.7271326,0.002075554,0.0003401351,0.00033642782,0.0002919487,0.00038988606,0.0017560548,0.00082740164,0.9991079,0.52469736
846,8,0.7271326,0.002075554,0.0003401351,0.00033642782,0.0002919487,0.00038988606,0.0017560548,0.00082740164,0.9991079,0.52469736
847,0,0.9191119,0.0003787168,5.578434e-05,6.6310204e-05,7.035819e-05,0.000113083195,0.00024502396,0.00040006093,0.9997559,0.8077526
847,1,0.9191119,0.0003787168,5.578434e-05,6.6310204e-05,7.035819e-05,0.000113083195,0.00024502396,0.00040006093,0.9997559,0.80795985
847,2,0.9191119,0.0003787168,5.578434e-05,6.6310204e-05,7.035819e-05,0.000113083195,0.00024502396,0.00040006093,0.9997559,0.80761987
847,3,0.9191119,0.0003787168,5.578434e-05,6.6310204e-05,7.035819e-05,0.000113083195,0.00024502396,0.00040006093,0.9997559,0.80761987
847,4,0.9191117,0.0003787148,5.578408e-05,6.631008e-05,7.035805e-05,0.00011308277,0.0002450228,0.00040006498,0.9997559,0.80761987
847,5,0.9191117,0.0003787148,5.578408e-05,6.631008e-05,7.035805e-05,0.00011308277,0.0002450228,0.00040006498,0.9997559,0.80761987
847,6,0.9191117,0.0003787148,5.578408e-05,6.631008e-05,7.035805e-05,0.00011308277,0.0002450228,0.00040006498,0.9997559,0.80761987
847,7,0.9191117,0.0003787148,5.578408e-05,6.631008e-05,7.035805e-05,0.00011308277,0.0002450228,0.00040006498,0.9997559,0.80761987
847,8,0.9191117,0.0003787148,5.578408e-05,6.631008e-05,7.035805e-05,0.00011308277,0.0002450228,0.00040006498,0.9997559,0.80761987
850,0,0.65373033,0.0008270032,0.00018949975,0.00010893628,9.714866e-05,0.00034080082,0.0006972339,1.7896027e-05,0.9995534,0.4384863
850,1,0.66659874,0.00067482144,0.000111448746,9.142623e-05,8.416329e-05,0.00017038241,0.00048532858,1.5252518e-05,0.99963987,0.48587498
850,2,0.66659874,0.00067482144,0.000111448746,9.142623e-05,8.416329e-05,0.00017038241,0.00048532858,1.5252518e-05,0.99963987,0.48587498
850,3,0.66659874,0.00067482336,0.000111448964,9.14265e-05,8.4163534e-05,0.00017038274,0.0004853304,1.5252562e-05,0.99963987,0.4850259
850,4,0.65373033,0.0008270012,0.00018949939,0.000108935856,9.714828e-05,0.00034080032,0.00069723354,1.7896009e-05,0.9995534,0.43828842
850,5,0.65373033,0.0008270012,0.00018949939,0.000108935856,9.714828e-05,0.00034080032,0.00069723354,1.7896009e-05,0.9995534,0.43828842
850,6,0.66659874,0.00067482336,0.000111448964,9.14265e-05,8.4163534e-05,0.00017038274,0.0004853304,1.5252562e-05,0.99963987,0.4850259
850,7,0.65373033,0.0008270012,0.00018949939,0.000108935856,9.714828e-05,0.00034080032,0.00069723354,1.7896009e-05,0.9995534,0.43828842
850,8,0.65373033,0.0008270012,0.00018949939,0.000108935856,9.714828e-05,0.00034080032,0.00069723354,1.7896009e-05,0.9995534,0.43835863
854,0,0.7346437,0.0004675985,0.00010464431,0.00011777716,4.1083375e-05,0.0002254948,0.00030878372,3.055609e-05,0.9990841,0.32822388
854,1,0.7346437,0.0004675985,0.00010464431,0.00011777716,4.1083375e-05,0.0002254948,0.00030878372,3.055609e-05,0.9990841,0.32822388
854,2,0.7346437,0.0004675985,0.00010464431,0.00011777716,4.1083375e-05,0.0002254948,0.00030878372,3.055609e-05,0.9990841,0.32822388
854,3,0.7346437,0.0004675985,0.00010464431,0.00011777716,4.1083375e-05,0.0002254948,0.00030878372,3.055609e-05,0.9990841,0.32822388
854,4,0.7346437,0.0004675985,0.00010464431,0.00011777716,4.1083375e-05,0.0002254948,0.00030878372,3.055609e-05,0.9990841,0.32822388
854,5,0.7346437,0.0004675985,0.00010464431,0.00011777716,4.1083375e-05,0.0002254948,0.00030878372,3.055609e-05,0.9990841,0.32822388
854,6,0.7346437,0.0004675985,0.00010464431,0.00011777716,4.1083375e-05,0.0002254948,0.00030878372,3.055609e-05,0.9990841,0.32822388
854,7,0.7346437,0.0004675985,0.00010464431,0.00011777716,4.1083375e-05,0.0002254948,0.00030878372,3.055609e-05,0.9990841,0.32822388
854,8,0.7346437,0.0004675985,0.00010464431,0.00011777716,4.1083375e-05,0.0002254948,0.00030878372,3.055609e-05,0.9990841,0.32822388
857,0,0.79433626,0.00066067063,0.00013427807,0.00018402007,0.00010063096,0.0003894726,0.0007258256,3.6542046e-05,0.998572,0.29217038
857,1,0.79433626,0.00066067063,0.00013427807,0.00018402007,0.00010063096,0.0003894726,0.0007258256,3.6542046e-05,0.998572,0.29217038
857,2,0.79433626,0.00066067063,0.00013427807,0.00018402007,0.00010063096,0.0003894726,0.0007258256,3.6542046e-05,0.998572,0.29217038
857,3,0.79433626,0.00066067063,0.00013427807,0.00018402007,0.00010063096,0.0003894726,0.0007258256,3.6542046e-05,0.998572,0.29217038
857,4,0.79433626,0.00066067063,0.00013427807,0.00018402007,0.00010063096,0.0003894726,0.0007258256,3.6542046e-05,0.998572,0.29217038
857,5,0.79433626,0.00066067063,0.00013427807,0.00018402007,0.00010063096,0.0003894726,0.0007258256,3.6542046e-05,0.998572,0.29217038
857,6,0.79433626,0.00066067063,0.00013427807,0.00018402007,0.00010063096,0.0003894726,0.0007258256,3.6542046e-05,0.998572,0.29217038
857,7,0.79433626,0.00066067063,0.00013427807,0.00018402007,0.00010063096,0.0003894726,0.0007258256,3.6542046e-05,0.998572,0.29217038
857,8,0.79433626,0.00066067063,0.00013427807,0.00018402007,0.00010063096,0.0003894726,0.0007258256,3.6542046e-05,0.998572,0.29217038
859,0,0.9217414,0.00038731142,9.2967304e-05,0.00010448149,9.456581e-05,0.00018584475,0.0005238786,0.0012743451,0.9997458,0.32915547
859,1,0.9217414,0.00038731142,9.2967304e-05,0.00010448149,9.456581e-05,0.00018584475,0.0005238786,0.0012743451,0.9997458,0.32915547
859,2,0.9217414,0.00038731142,9.2967304e-05,0.00010448149,9.456581e-05,0.00018584475,0.0005238786,0.0012743451,0.9997458,0.32906386
859,3,0.9217414,0.00038731142,9.2967304e-05,0.00010448149,9.456581e-05,0.00018584475,0.0005238786,0.0012743451,0.9997458,0.32906
859,4,0.9217414,0.00038731142,9.2967304e-05,0.00010448149,9.456581e-05,0.00018584475,0.0005238786,0.0012743451,0.9997458,0.32906
859,5,0.9217414,0.00038731142,9.2967304e-05,0.00010448149,9.456581e-05,0.00018584475,0.0005238786,0.0012743451,0.9997458,0.32906
859,6,0.9217414,0.00038731142,9.2967304e-05,0.00010448149,9.456581e-05,0.00018584475,0.0005238786,0.0012743451,0.9997458,0.32906
859,7,0.9217414,0.00038731142,9.2967304e-05,0.00010448149,9.456581e-05,0.00018584475,0.0005238786,0.0012743451,0.9997458,0.32906
859,8,0.9217414,0.00038731142,9.2967304e-05,0.00010448149,9.456581e-05,0.00018584475,0.0005238786,0.0012743451,0.9997458,0.32906
861,0,0.33331585,0.0034241942,0.0013392613,8.9281544e-05,0.00074949715,8.623486e-05,0.0038618038,0.99962604,0.8788696,0.25031316
861,1,0.3333321,0.0032903028,0.0008611423,7.5004915e-05,0.00060079346,7.532675e-05,0.0034767499,0.999647,0.95349956,0.2681115
861,2,0.3333321,0.0032903028,0.0008611423,7.5004915e-05,0.00060079346,7.532675e-05,0.0034767499,0.999647,0.95349956,0.2681115
861,3,0.33334574,0.0045359116,0.0015812058,8.1955346e-05,0.0007454966,7.401954e-05,0.0032887955,0.999624,0.8920037,0.2954437
861,4,0.33334574,0.0045359116,0.0015812058,8.1955346e-05,0.0007454966,7.401954e-05,0.0032887955,0.999624,0.8920037,0.29549465
861,5,0.33334574,0.0045359116,0.0015812058,8.1955346e-05,0.0007454966,7.401954e-05,0.0032887955,0.999624,0.8920037,0.29549643
861,6,0.3333321,0.0032903028,0.0008611423,7.5004915e-05,0.00060079346,7.532675e-05,0.0034767499,0.999647,0.95349956,0.26813236
861,7,0.33334574,0.0045359116,0.0015812058,8.1955346e-05,0.0007454966,7.401954e-05,0.0032887955,0.999624,0.8920037,0.29549643
861,8,0.33334574,0.0045359116,0.0015812058,8.1955346e-05,0.0007454966,7.401954e-05,0.0032887955,0.999624,0.8920037,0.29549643
862,0,0.44305947,0.0005949243,0.00019251199,0.00017079085,0.00014648185,0.00027101787,0.0010584536,0.0042340797,0.9995672,0.3520575
862,1,0.46230444,0.0005962819,0.00017276287,0.00013392718,0.00013229404,0.00025012714,0.0009260486,0.0042664637,0.9995977,0.35802606
862,2,0.44305947,0.0005949243,0.00019251199,0.00017079085,0.00014648185,0.00027101787,0.0010584536,0.0042340797,0.9995672,0.35211515
862,3,0.44305947,0.0005949243,0.00019251199,0.00017079085,0.00014648185,0.00027101787,0.0010584536,0.0042340797,0.9995672,0.35211515
862,4,0.44305947,0.0005949243,0.00019251199,0.00017079085,0.00014648185,0.00027101787,0.0010584536,0.0042340797,0.9995672,0.35211515
862,5,0.44305947,0.0005949243,0.00019251199,0.00017079085,0.00014648185,0.00027101787,0.0010584536,0.0042340797,0.9995672,0.35211515
862,6,0.44306064,0.0005949243,0.00019251199,0.00017079085,0.00014648185,0.00027101787,0.0010584536,0.0042340797,0.9995672,0.351976
862,7,0.44306064,0.0005949243,0.00019251199,0.00017079085,0.00014648185,0.00027101787,0.0010584536,0.0042340797,0.9995672,0.351976
862,8,0.44306064,0.0005949243,0.00019251199,0.00017079085,0.00014648185,0.00027101787,0.0010584536,0.0042340797,0.9995672,0.351976
865,0,0.6606432,0.00028372346,4.3990865e-05,6.1030674e-05,6.972686e-05,0.00014846852,0.00021720782,0.0026426103,0.99979895,0.5291231
865,1,0.6606432,0.00028372346,4.3990865e-05,6.1030674e-05,6.972686e-05,0.00014846852,0.00021720782,0.0026426103,0.99979895,0.5291231
865,2,0.66077846,0.00028361904,4.4937122e-05,6.0417664e-05,7.129164e-05,0.00014774108,0.00022439881,0.0018748018,0.9997987,0.5336928
865,3,0.66077846,0.00028361904,4.4937122e-05,6.0417664e-05,7.129164e-05,0.00014774108,0.00022439881,0.0018748018,0.9997987,0.5336928
865,4,0.6606432,0.00028372346,4.3990865e-05,6.1030674e-05,6.972686e-05,0.00014846852,0.00021720782,0.0026426103,0.99979895,0.5291231
865,5,0.66077846,0.00028361904,4.4937122e-05,6.0417664e-05,7.129164e-05,0.00014774108,0.00022439881,0.0018748018,0.9997987,0.5336928
865,6,0.6606432,0.00028372346,4.3990865e-05,6.1030674e-05,6.972686e-05,0.00014846852,0.00021720782,0.0026426103,0.99979895,0.5291231
865,7,0.6606432,0.00028372346,4.3990865e-05,6.1030674e-05,6.972686e-05,0.00014846852,0.00021720782,0.0026426103,0.99979895,0.5291231
865,8,0.66077846,0.00028361904,4.4937122e-05,6.0417664e-05,7.129164e-05,0.00014774108,0.00022439881,0.0018748018,0.9997987,0.5329756
866,0,0.00022414474,0.32424808,0.8921032,0.009763985,0.75610113,0.0010898546,0.884065,0.79786503,0.00027997437,0.006848758
866,1,7.134659e-05,0.24187034,0.8055618,0.0055130115,0.60931545,0.0006142459,0.446922,0.64536726,0.00025855185,0.005634206
866,2,0.74516755,0.00064588495,9.647879e-05,0.00014052367,8.766411e-05,0.00069647183,0.00042445527,1.80788e-05,0.99973625,0.5336357
866,3,7.944828e-05,0.21105298,0.78758377,0.008855382,0.59899616,0.0006344885,0.43298286,0.6271664,0.00025551653,0.005230958
866,4,0.74516755,0.00064588495,9.647879e-05,0.00014052367,8.766411e-05,0.00069647183,0.00042445527,1.80788e-05,0.99973625,0.5351475
866,5,0.00022414474,0.32424808,0.8921032,0.009763985,0.75610113,0.0010898546,0.884065,0.79786503,0.00027997437,0.006885292
866,6,0.7044203,0.0006108068,7.369865e-05,0.00014141998,8.5395106e-05,0.00058583746,0.00037842555,1.51405075e-05,0.99972755,0.49659738
866,7,0.00025092447,0.2906831,0.89365405,0.017084502,0.7541302,0.0011519085,0.88811505,0.7990926,0.0002713848,0.0061841137
866,8,0.7044203,0.0006108068,7.369865e-05,0.00014141998,8.5395106e-05,0.00058583746,0.00037842555,1.51405075e-05,0.99972755,0.49659738
868,0,0.9001538,0.0005935147,0.00012171981,0.000148578,7.188713e-05,0.00033433756,0.00056210096,2.8008406e-05,0.999456,0.3957125
868,1,0.9001538,0.0005935147,0.00012171981,0.000148578,7.188713e-05,0.00033433756,0.00056210096,2.8008406e-05,0.999456,0.3957125
868,2,0.9001538,0.0005935147,0.00012171981,0.000148578,7.188713e-05,0.00033433756,0.00056210096,2.8008406e-05,0.999456,0.3957125
868,3,0.9001538,0.0005935147,0.00012171981,0.000148578,7.188713e-05,0.00033433756,0.00056210096,2.8008406e-05,0.999456,0.3957125
868,4,0.9001538,0.0005935147,0.00012171981,0.000148578,7.188713e-05,0.00033433756,0.00056210096,2.8008406e-05,0.999456,0.3957125
868,5,0.9001538,0.0005935147,0.00012171981,0.000148578,7.188713e-05,0.00033433756,0.00056210096,2.8008406e-05,0.999456,0.39555195
868,6,0.9001538,0.0005935147,0.00012171981,0.000148578,7.188713e-05,0.00033433756,0.00056210096,2.8008406e-05,0.999456,0.39515987
868,7,0.9001538,0.0005935147,0.00012171981,0.000148578,7.188713e-05,0.00033433756,0.00056210096,2.8008406e-05,0.999456,0.39515987
868,8,0.9001538,0.0005935147,0.00012171981,0.000148578,7.188713e-05,0.00033433756,0.00056210096,2.8008406e-05,0.999456,0.39515987
869,0,0.84144074,0.0007914799,9.66803e-05,0.00010838587,0.00010259204,0.00013539201,0.0003044176,0.0012746559,0.9997272,0.32383576
869,1,0.90497756,0.0008281841,0.00011135952,0.00014120412,8.8163164e-05,0.00022584424,0.000566785,0.0012814074,0.9997266,0.33835158
869,2,0.90497756,0.0008281841,0.00011135952,0.00014120412,8.8163164e-05,0.00022584424,0.000566785,0.0012814074,0.9997266,0.33835158
869,3,0.90497756,0.0008281841,0.00011135952,0.00014120412,8.8163164e-05,0.00022584424,0.000566785,0.0012814074,0.9997266,0.33835158
869,4,0.84144074,0.0007914799,9.66803e-05,0.00010838587,0.00010259204,0.00013539201,0.0003044176,0.0012746559,0.9997272,0.32383576
869,5,0.90497756,0.0008281841,0.00011135952,0.00014120412,8.8163164e-05,0.00022584424,0.000566785,0.0012814074,0.9997266,0.33835158
869,6,0.90497756,0.0008281841,0.00011135952,0.00014120412,8.8163164e-05,0.00022584424,0.000566785,0.0012814074,0.9997266,0.33835158
869,7,0.90497756,0.0008281841,0.00011135952,0.00014120412,8.8163164e-05,0.00022584424,0.000566785,0.0012814074,0.9997266,0.33835158
869,8,0.90497756,0.0008281841,0.00011135952,0.00014120412,8.8163164e-05,0.00022584424,0.000566785,0.0012814074,0.9997266,0.33835158
872,0,0.33314043,0.0034516728,0.0017408346,0.00014565492,0.000754241,5.6107972e-05,0.0022305439,0.9995142,0.5718311,0.075412996
872,1,0.33307067,0.0035662754,0.002141808,0.0001846956,0.0008723725,6.8376095e-05,0.0025894677,0.9995285,0.47471866,0.04099822
872,2,0.33317408,0.00268235,0.0010017229,0.00013692584,0.00064847583,5.4819073e-05,0.002739059,0.9994593,0.6882714,0.0760973
872,3,0.33314043,0.0034516728,0.0017408346,0.00014565492,0.000754241,5.6107972e-05,0.0022305439,0.9995142,0.5718311,0.07518656
872,4,0.33317408,0.00268235,0.0010017229,0.00013692584,0.00064847583,5.4819073e-05,0.002739059,0.9994593,0.6882714,0.07623855
872,5,0.33317408,0.00268235,0.0010017229,0.00013692584,0.00064847583,5.4819073e-05,0.002739059,0.9994593,0.6882714,0.07623855
872,6,0.33314043,0.0034516728,0.0017408346,0.00014565492,0.000754241,5.6107972e-05,0.0022305439,0.9995142,0.5718311,0.07518565
872,7,0.33317408,0.00268235,0.0010017229,0.00013692584,0.00064847583,5.4819073e-05,0.002739059,0.9994593,0.6882714,0.07623855
872,8,0.33314043,0.0034516728,0.0017408346,0.00014565492,0.000754241,5.6107972e-05,0.0022305439,0.9995142,0.5718311,0.07518565
875,0,0.8973093,0.0008088937,0.0002878713,0.00029233028,0.00024443664,0.00026438048,0.0015882395,0.0004461669,0.99957305,0.36361042
875,1,0.8973093,0.0008088937,0.0002878713,0.00029233028,0.00024443664,0.00026438048,0.0015882395,0.0004461669,0.99957305,0.36361042
875,2,0.8973093,0.0008088937,0.0002878713,0.00029233028,0.00024443664,0.00026438048,0.0015882395,0.0004461669,0.99957305,0.36361042
875,3,0.8973093,0.0008088937,0.0002878713,0.00029233028,0.00024443664,0.00026438048,0.0015882395,0.0004461669,0.99957305,0.36361042
875,4,0.8973093,0.0008088937,0.0002878713,0.00029233028,0.00024443664,0.00026438048,0.0015882395,0.0004461669,0.99957305,0.36361042
875,5,0.8973093,0.0008088937,0.0002878713,0.00029233028,0.00024443664,0.00026438048,0.0015882395,0.0004461669,0.99957305,0.36356962
875,6,0.8973093,0.0008088937,0.0002878713,0.00029233028,0.00024443664,0.00026438048,0.0015882395,0.0004461669,0.99957305,0.3637271
875,7,0.8973093,0.0008088937,0.0002878713,0.00029233028,0.00024443664,0.00026438048,0.0015882395,0.0004461669,0.99957305,0.3637271
875,8,0.8973093,0.0008088937,0.0002878713,0.00029233028,0.00024443664,0.00026438048,0.0015882395,0.0004461669,0.99957305,0.3637271
877,0,0.87861365,0.00033799472,6.152862e-05,6.1172315e-05,7.60675e-05,0.0002350995,0.00023709146,0.00032455183,0.99982893,0.44692007
877,1,0.8729482,0.00029684074,5.397813e-05,7.91705e-05,6.98089e-05,0.00021946862,0.0002496861,0.00040605853,0.9998104,0.46570933
877,2,0.8764059,0.00029051988,5.3374493e-05,8.827126e-05,6.7622415e-05,0.00021643032,0.00023886078,0.0005339793,0.9998135,0.47490203
877,3,0.8764059,0.00029051988,5.3374493e-05,8.827126e-05,6.7622415e-05,0.00021643032,0.00023886078,0.0005339793,0.9998135,0.47490203
877,4,0.8729482,0.00029684074,5.397813e-05,7.91705e-05,6.98089e-05,0.00021946862,0.0002496861,0.00040605853,0.9998104,0.46570933
877,5,0.8764059,0.00029051988,5.3374493e-05,8.827126e-05,6.7622415e-05,0.00021643032,0.00023886078,0.0005339793,0.9998135,0.47490203
877,6,0.8729482,0.00029684074,5.397813e-05,7.91705e-05,6.98089e-05,0.00021946862,0.0002496861,0.00040605853,0.9998104,0.46570933
877,7,0.8729482,0.00029684074,5.397813e-05,7.91705e-05,6.98089e-05,0.00021946862,0.0002496861,0.00040605853,0.9998104,0.46570933
877,8,0.8729482,0.00029684074,5.397813e-05,7.91705e-05,6.98089e-05,0.00021946862,0.0002496861,0.00040605853,0.9998104,0.46570933
879,0,0.88335675,0.00039862745,6.841497e-05,5.7468536e-05,5.2591047e-05,0.00012877163,0.00024984183,0.0002504142,0.9997048,0.4746156
879,1,0.88335675,0.00039862745,6.841497e-05,5.7468536e-05,5.2591047e-05,0.00012877163,0.00024984183,0.0002504142,0.9997048,0.4746156
879,2,0.88335675,0.00039862745,6.841497e-05,5.7468536e-05,5.2591047e-05,0.00012877163,0.00024984183,0.0002504142,0.9997048,0.4746156
879,3,0.88335675,0.00039862745,6.841497e-05,5.7468536e-05,5.2591047e-05,0.00012877163,0.00024984183,0.0002504142,0.9997048,0.47458804
879,4,0.88335675,0.00039862745,6.841497e-05,5.7468536e-05,5.2591047e-05,0.00012877163,0.00024984183,0.0002504142,0.9997048,0.4738256
879,5,0.88335675,0.00039862745,6.841497e-05,5.7468536e-05,5.2591047e-05,0.00012877163,0.00024984183,0.0002504142,0.9997048,0.4738256
879,6,0.88335675,0.00039862745,6.841497e-05,5.7468536e-05,5.2591047e-05,0.00012877163,0.00024984183,0.0002504142,0.9997048,0.4738256
879,7,0.88335675,0.00039862745,6.841497e-05,5.7468536e-05,5.2591047e-05,0.00012877163,0.00024984183,0.0002504142,0.9997048,0.4738256
879,8,0.88335675,0.00039862745,6.841497e-05,5.7468536e-05,5.2591047e-05,0.00012877163,0.00024984183,0.0002504142,0.9997048,0.47383675
880,0,0.6903346,0.0005647851,7.352428e-05,8.516122e-05,0.00016158848,0.00036926437,0.0005180743,0.002630365,0.99962735,0.3468214
880,1,0.8519635,0.0004777657,5.957561e-05,0.00010268287,0.00013470769,0.00044976687,0.00040582655,0.0032742163,0.9995988,0.34939277
880,2,0.8521556,0.00047110702,5.6957535e-05,9.344824e-05,0.00012678913,0.00042993287,0.00038875887,0.002146328,0.9996624,0.3498118
880,3,0.8519635,0.0004777657,5.957561e-05,0.00010268287,0.00013470769,0.00044976687,0.00040582655,0.0032742163,0.9995988,0.34939277
880,4,0.8521556,0.00047110702,5.6957535e-05,9.344824e-05,0.00012678913,0.00042993287,0.00038875887,0.002146328,0.9996624,0.3498118
880,5,0.7360715,0.0006267202,6.577113e-05,9.218867e-05,0.00016696946,0.0003672055,0.000496563,0.0025988298,0.9996426,0.35274848
880,6,0.8521556,0.00047110702,5.6957535e-05,9.344824e-05,0.00012678913,0.00042993287,0.00038875887,0.002146328,0.9996624,0.34982312
880,7,0.80018806,0.00054648117,5.863727e-05,0.00010674048,0.00012722038,0.00036593573,0.0004230249,0.0035053818,0.99964094,0.3475585
880,8,0.6903346,0.0005647851,7.352428e-05,8.516122e-05,0.00016158848,0.00036926437,0.0005180743,0.002630365,0.99962735,0.3467723
881,0,0.0026699689,0.991184,0.8740414,0.0009280979,0.98208916,3.7115246e-05,0.8222739,0.98691326,4.2212414e-05,0.084860414
881,1,0.0027653782,0.99015933,0.89063376,0.00096952287,0.98770905,3.0989646e-05,0.8026066,0.99111474,3.7099886e-05,0.11442685
881,2,0.0026699689,0.991184,0.8740414,0.0009280979,0.98208916,3.7115246e-05,0.8222739,0.98691326,4.2212414e-05,0.08357338
881,3,0.0015384824,0.99287546,0.91522825,0.0008887008,0.99055535,3.305869e-05,0.89290494,0.99132943,3.2341235e-05,0.16934888
881,4,0.0027653782,0.99015933,0.89063376,0.00096952287,0.98770905,3.0989646e-05,0.8026066,0.99111474,3.7099886e-05,0.11442644
881,5,0.0018737074,0.9887916,0.89180505,0.0009348129,0.98760974,4.0141902e-05,0.81759393,0.989892,4.3837885e-05,0.11143703
881,6,0.0026699689,0.991184,0.8740414,0.0009280979,0.98208916,3.7115246e-05,0.8222739,0.98691326,4.2212414e-05,0.084629625
881,7,0.0015673194,0.9940773,0.9061618,0.0009083616,0.993309,2.7252949e-05,0.8814776,0.99251634,3.0004647e-05,0.15639576
881,8,0.0026699689,0.991184,0.8740414,0.0009280979,0.98208916,3.7115246e-05,0.8222739,0.98691326,4.2212414e-05,0.084629625
884,0,0.904016,0.000469871,7.736771e-05,9.994319e-05,5.8893816e-05,0.0002825096,0.0003453951,3.98535e-05,0.99979943,0.60540295
884,1,0.88110185,0.00050112914,0.00010266475,8.1538295e-05,6.50693e-05,0.00024025542,0.00041773473,3.5932982e-05,0.9997712,0.60677886
884,2,0.904016,0.000469871,7.736771e-05,9.994319e-05,5.8893816e-05,0.0002825096,0.0003453951,3.98535e-05,0.99979943,0.60540295
884,3,3.6145836e-06,0.83788824,0.9271937,0.0013316701,0.7223498,6.3286025e-05,0.7953631,0.99369836,1.6956485e-05,0.0030345854
884,4,0.904016,0.000469871,7.736771e-05,9.994319e-05,5.8893816e-05,0.0002825096,0.0003453951,3.98535e-05,0.99979943,0.60540295
884,5,3.6145836e-06,0.83788824,0.9271937,0.0013316701,0.7223498,6.3286025e-05,0.7953631,0.99369836,1.6956485e-05,0.0030345854
884,6,0.88110185,0.00050112914,0.00010266475,8.1538295e-05,6.50693e-05,0.00024025542,0.00041773473,3.5932982e-05,0.9997712,0.60677886
884,7,0.904016,0.000469871,7.736771e-05,9.994319e-05,5.8893816e-05,0.0002825096,0.0003453951,3.98535e-05,0.99979943,0.60540295
884,8,0.88110185,0.00050112914,0.00010266475,8.1538295e-05,6.50693e-05,0.00024025542,0.00041773473,3.5932982e-05,0.9997712,0.60677886
892,0,0.86733294,0.00033195518,6.650487e-05,4.1344032e-05,4.922645e-05,0.00013587675,0.00021791915,0.0029790634,0.9996631,0.6765328
892,1,0.86733294,0.00033195518,6.650487e-05,4.1344032e-05,4.922645e-05,0.00013587675,0.00021791915,0.0029790634,0.9996631,0.6765328
892,2,0.86918736,0.00034566355,6.58757e-05,3.703672e-05,5.0692983e-05,0.00013509321,0.00022828956,0.0022370203,0.9996592,0.68154144
892,3,0.86918736,0.00034566355,6.58757e-05,3.703672e-05,5.0692983e-05,0.00013509321,0.00022828956,0.0022370203,0.9996592,0.68154144
892,4,0.86918736,0.00034566355,6.58757e-05,3.703672e-05,5.0692983e-05,0.00013509321,0.00022828956,0.0022370203,0.9996592,0.68154144
892,5,0.86733294,0.00033195518,6.650487e-05,4.1344032e-05,4.922645e-05,0.00013587675,0.00021791915,0.0029790634,0.9996631,0.6765234
892,6,0.86918736,0.00034566355,6.58757e-05,3.703672e-05,5.0692983e-05,0.00013509321,0.00022828956,0.0022370203,0.9996592,0.6817042
892,7,0.86918736,0.00034566355,6.58757e-05,3.703672e-05,5.0692983e-05,0.00013509321,0.00022828956,0.0022370203,0.9996592,0.6817042
892,8,0.86918736,0.00034566355,6.58757e-05,3.703672e-05,5.0692983e-05,0.00013509321,0.00022828956,0.0022370203,0.9996592,0.6817042
894,0,0.9691712,0.0008357684,9.183568e-05,0.00016625487,8.1489095e-05,0.00064980134,0.0004697662,0.0003745261,0.99967504,0.37724996
894,1,0.9691712,0.0008357684,9.183568e-05,0.00016625487,8.1489095e-05,0.00064980134,0.0004697662,0.0003745261,0.99967504,0.37724996
894,2,0.9691712,0.0008357684,9.183568e-05,0.00016625487,8.1489095e-05,0.00064980134,0.0004697662,0.0003745261,0.99967504,0.37724996
894,3,0.9691712,0.0008357684,9.183568e-05,0.00016625487,8.1489095e-05,0.00064980134,0.0004697662,0.0003745261,0.99967504,0.37724996
894,4,0.9691712,0.0008357684,9.183568e-05,0.00016625487,8.1489095e-05,0.00064980134,0.0004697662,0.0003745261,0.99967504,0.37724996
894,5,0.9691712,0.0008357684,9.183568e-05,0.00016625487,8.1489095e-05,0.00064980134,0.0004697662,0.0003745261,0.99967504,0.37724996
894,6,0.9691712,0.0008357684,9.183568e-05,0.00016625487,8.1489095e-05,0.00064980134,0.0004697662,0.0003745261,0.99967504,0.37727377
894,7,0.9691712,0.0008357684,9.183568e-05,0.00016625487,8.1489095e-05,0.00064980134,0.0004697662,0.0003745261,0.99967504,0.37732124
894,8,0.9665459,0.00085453485,9.175786e-05,0.00016352005,8.1359496e-05,0.0005845326,0.0004405737,0.00034463807,0.9996625,0.3717936
895,0,0.7758281,0.00040394012,6.481946e-05,0.000109899294,8.485804e-05,0.00031530941,0.0004180743,0.008555777,0.9996082,0.3594811
895,1,0.7758281,0.00040394012,6.481946e-05,0.000109899294,8.485804e-05,0.00031530941,0.0004180743,0.008555777,0.9996082,0.3594811
895,2,0.7758281,0.00040394012,6.481946e-05,0.000109899294,8.485804e-05,0.00031530941,0.0004180743,0.008555777,0.9996082,0.3594811
895,3,0.7758281,0.00040394012,6.481946e-05,0.000109899294,8.485804e-05,0.00031530941,0.0004180743,0.008555777,0.9996082,0.3594811
895,4,0.7758281,0.00040394012,6.481946e-05,0.000109899294,8.485804e-05,0.00031530941,0.0004180743,0.008555777,0.9996082,0.3594811
895,5,0.7758281,0.00040394012,6.481946e-05,0.000109899294,8.485804e-05,0.00031530941,0.0004180743,0.008555777,0.9996082,0.3594811
895,6,0.7642937,0.00038129083,6.5616514e-05,0.000112020476,8.297511e-05,0.00030850538,0.0004183785,0.008505285,0.9996113,0.35777017
895,7,0.7758281,0.00040394012,6.481946e-05,0.000109899294,8.485804e-05,0.00031530941,0.0004180743,0.008555777,0.9996082,0.3594811
895,8,0.7758281,0.00040394012,6.481946e-05,0.000109899294,8.485804e-05,0.00031530941,0.0004180743,0.008555777,0.9996082,0.3594811
896,0,0.72017986,0.00081826764,0.00019772611,0.00020718042,0.00024375241,0.0002444385,0.0010905878,0.003285118,0.9991411,0.34422168
896,1,0.72017986,0.00081826764,0.00019772611,0.00020718042,0.00024375241,0.0002444385,0.0010905878,0.003285118,0.9991411,0.34422168
896,2,0.72017986,0.00081826764,0.00019772611,0.00020718042,0.00024375241,0.0002444385,0.0010905878,0.003285118,0.9991411,0.34422168
896,3,0.72017986,0.00081826764,0.00019772611,0.00020718042,0.00024375241,0.0002444385,0.0010905878,0.003285118,0.9991411,0.34422168
896,4,0.72017986,0.00081826764,0.00019772611,0.00020718042,0.00024375241,0.0002444385,0.0010905878,0.003285118,0.9991411,0.3442395
896,5,0.72017986,0.00081826764,0.00019772611,0.00020718042,0.00024375241,0.0002444385,0.0010905878,0.003285118,0.9991411,0.34430656
896,6,0.72017986,0.00081826764,0.00019772611,0.00020718042,0.00024375241,0.0002444385,0.0010905878,0.003285118,0.9991411,0.34430656
896,7,0.72017986,0.00081826764,0.00019772611,0.00020718042,0.00024375241,0.0002444385,0.0010905878,0.003285118,0.9991411,0.34430656
896,8,0.72017986,0.00081826764,0.00019772611,0.00020718042,0.00024375241,0.0002444385,0.0010905878,0.003285118,0.9991411,0.34430656
897,0,0.79168564,0.00031684866,6.196925e-05,5.0095066e-05,5.0758914e-05,0.00014245129,0.0001680269,0.00065197435,0.99983335,0.52035517
897,1,0.7808843,0.00031779948,6.396374e-05,5.235387e-05,5.2644544e-05,0.00016498787,0.00016391468,0.0006295518,0.99982786,0.4857107
897,2,0.7808843,0.00031779948,6.396374e-05,5.235387e-05,5.2644544e-05,0.00016498787,0.00016391468,0.0006295518,0.99982786,0.4857107
897,3,0.7808843,0.00031779948,6.396374e-05,5.235387e-05,5.2644544e-05,0.00016498787,0.00016391468,0.0006295518,0.99982786,0.4857107
897,4,0.79168564,0.00031684866,6.196925e-05,5.0095066e-05,5.0758914e-05,0.00014245129,0.0001680269,0.00065197435,0.99983335,0.52035517
897,5,0.79168564,0.00031684866,6.196925e-05,5.0095066e-05,5.0758914e-05,0.00014245129,0.0001680269,0.00065197435,0.99983335,0.52035517
897,6,0.7808843,0.00031779948,6.396374e-05,5.235387e-05,5.2644544e-05,0.00016498787,0.00016391468,0.0006295518,0.99982786,0.48623586
897,7,0.7808843,0.00031779948,6.396374e-05,5.235387e-05,5.2644544e-05,0.00016498787,0.00016391468,0.0006295518,0.99982786,0.48623586
897,8,0.7808843,0.00031779948,6.396374e-05,5.235387e-05,5.2644544e-05,0.00016498787,0.00016391468,0.0006295518,0.99982786,0.48623586
898,0,0.7553916,0.00040288872,6.4802094e-05,3.849981e-05,0.0001086428,0.00018207401,0.00018481574,0.00089525135,0.9998709,0.37773308
898,1,0.7553916,0.00040288872,6.4802094e-05,3.849981e-05,0.0001086428,0.00018207401,0.00018481574,0.00089525135,0.9998709,0.37773308
898,2,0.7553916,0.00040288872,6.4802094e-05,3.849981e-05,0.0001086428,0.00018207401,0.00018481574,0.00089525135,0.9998709,0.3777386
898,3,0.7553916,0.00040288872,6.4802094e-05,3.849981e-05,0.0001086428,0.00018207401,0.00018481574,0.00089525135,0.9998709,0.37811694
898,4,0.77294856,0.00039600534,6.91546e-05,4.5371897e-05,0.000112003385,0.00017056381,0.00018605537,0.0010322429,0.9998605,0.3701472
898,5,0.7553916,0.00040288872,6.4802094e-05,3.849981e-05,0.0001086428,0.00018207401,0.00018481574,0.00089525135,0.9998709,0.37811694
898,6,0.7553916,0.00040288872,6.4802094e-05,3.849981e-05,0.0001086428,0.00018207401,0.00018481574,0.00089525135,0.9998709,0.37811694
898,7,0.77294856,0.00039600534,6.91546e-05,4.5371897e-05,0.000112003385,0.00017056381,0.00018605537,0.0010322429,0.9998605,0.3701472
898,8,0.77294856,0.00039600534,6.91546e-05,4.5371897e-05,0.000112003385,0.00017056381,0.00018605537,0.0010322429,0.9998605,0.3701472
901,0,0.86366343,0.00036119935,7.8739984e-05,0.00012560553,4.6927857e-05,0.00030555218,0.00028957386,1.7799232e-05,0.9997669,0.51023746
901,1,0.86366343,0.00036119935,7.8739984e-05,0.00012560553,4.6927857e-05,0.00030555218,0.00028957386,1.7799232e-05,0.9997669,0.51023746
901,2,0.86366343,0.00036119935,7.8739984e-05,0.00012560553,4.6927857e-05,0.00030555218,0.00028957386,1.7799232e-05,0.9997669,0.51023746
901,3,0.86366343,0.00036119935,7.8739984e-05,0.00012560553,4.6927857e-05,0.00030555218,0.00028957386,1.7799232e-05,0.9997669,0.51023746
901,4,0.86366343,0.00036119935,7.8739984e-05,0.00012560553,4.6927857e-05,0.00030555218,0.00028957386,1.7799232e-05,0.9997669,0.51023746
901,5,0.86366343,0.00036119935,7.8739984e-05,0.00012560553,4.6927857e-05,0.00030555218,0.00028957386,1.7799232e-05,0.9997669,0.51023746
901,6,0.86366343,0.00036119935,7.8739984e-05,0.00012560553,4.6927857e-05,0.00030555218,0.00028957386,1.7799232e-05,0.9997669,0.51023746
901,7,0.86366343,0.00036119935,7.8739984e-05,0.00012560553,4.6927857e-05,0.00030555218,0.00028957386,1.7799232e-05,0.9997669,0.51023746
901,8,0.86366343,0.00036119935,7.8739984e-05,0.00012560553,4.6927857e-05,0.00030555218,0.00028957386,1.7799232e-05,0.9997669,0.51023746
902,0,0.7842148,0.0007548602,7.703312e-05,0.00022162168,0.00010072851,0.00036323408,0.0009822522,2.992763e-05,0.9995963,0.32710907
902,1,0.7842148,0.0007548602,7.703312e-05,0.00022162168,0.00010072851,0.00036323408,0.0009822522,2.992763e-05,0.9995963,0.3271326
902,2,0.7842148,0.0007548602,7.703312e-05,0.00022162168,0.00010072851,0.00036323408,0.0009822522,2.992763e-05,0.9995963,0.3271326
902,3,0.7842148,0.0007548602,7.703312e-05,0.00022162168,0.00010072851,0.00036323408,0.0009822522,2.992763e-05,0.9995963,0.3271326
902,4,0.7842148,0.0007548602,7.703312e-05,0.00022162168,0.00010072851,0.00036323408,0.0009822522,2.992763e-05,0.9995963,0.3271326
902,5,0.7842148,0.0007548602,7.703312e-05,0.00022162168,0.00010072851,0.00036323408,0.0009822522,2.992763e-05,0.9995963,0.3271014
902,6,0.7842148,0.0007548602,7.703312e-05,0.00022162168,0.00010072851,0.00036323408,0.0009822522,2.992763e-05,0.9995963,0.32707787
902,7,0.7842148,0.0007548602,7.703312e-05,0.00022162168,0.00010072851,0.00036323408,0.0009822522,2.992763e-05,0.9995963,0.32707787
902,8,0.7842148,0.0007548602,7.703312e-05,0.00022162168,0.00010072851,0.00036323408,0.0009822522,2.992763e-05,0.9995963,0.32707787
904,0,0.9571535,0.00040143688,5.369479e-05,0.00011872739,5.614881e-05,0.00033042446,0.00028384928,0.0002074461,0.9997576,0.57577544
904,1,0.9571535,0.00040143688,5.369479e-05,0.00011872739,5.614881e-05,0.00033042446,0.00028384928,0.0002074461,0.9997576,0.57577544
904,2,0.9571535,0.00040143688,5.369479e-05,0.00011872739,5.614881e-05,0.00033042446,0.00028384928,0.0002074461,0.9997576,0.57577544
904,3,0.9571535,0.00040143688,5.369479e-05,0.00011872739,5.614881e-05,0.00033042446,0.00028384928,0.0002074461,0.9997576,0.57577544
904,4,0.9571535,0.00040143688,5.369479e-05,0.00011872739,5.614881e-05,0.00033042446,0.00028384928,0.0002074461,0.9997576,0.57577544
904,5,0.9571535,0.00040143688,5.369479e-05,0.00011872739,5.614881e-05,0.00033042446,0.00028384928,0.0002074461,0.9997576,0.57577544
904,6,0.9571535,0.00040143688,5.369479e-05,0.00011872739,5.614881e-05,0.00033042446,0.00028384928,0.0002074461,0.9997576,0.57577544
904,7,0.9571535,0.00040143688,5.369479e-05,0.00011872739,5.614881e-05,0.00033042446,0.00028384928,0.0002074461,0.9997576,0.5758412
904,8,0.9571535,0.00040143688,5.369479e-05,0.00011872739,5.614881e-05,0.00033042446,0.00028384928,0.0002074461,0.9997576,0.57570076
906,0,0.8951842,0.00035719038,6.5520035e-05,0.00014942963,5.5499197e-05,0.0002557705,0.00027654442,0.0003906145,0.9997589,0.37304816
906,1,0.8951842,0.00035719038,6.5520035e-05,0.00014942963,5.5499197e-05,0.0002557705,0.00027654442,0.0003906145,0.9997589,0.37304816
906,2,0.8951842,0.00035719038,6.5520035e-05,0.00014942963,5.5499197e-05,0.0002557705,0.00027654442,0.0003906145,0.9997589,0.37304816
906,3,0.8951842,0.00035719038,6.5520035e-05,0.00014942963,5.5499197e-05,0.0002557705,0.00027654442,0.0003906145,0.9997589,0.37304816
906,4,0.8951842,0.00035719038,6.5520035e-05,0.00014942963,5.5499197e-05,0.0002557705,0.00027654442,0.0003906145,0.9997589,0.37304816
906,5,0.8951842,0.00035719038,6.5520035e-05,0.00014942963,5.5499197e-05,0.0002557705,0.00027654442,0.0003906145,0.9997589,0.37304816
906,6,0.8951842,0.00035719038,6.5520035e-05,0.00014942963,5.5499197e-05,0.0002557705,0.00027654442,0.0003906145,0.9997589,0.37304816
906,7,0.8951842,0.00035719038,6.5520035e-05,0.00014942963,5.5499197e-05,0.0002557705,0.00027654442,0.0003906145,0.9997589,0.37304816
906,8,0.8951842,0.00035719038,6.5520035e-05,0.00014942963,5.5499197e-05,0.0002557705,0.00027654442,0.0003906145,0.9997589,0.37304816
909,0,0.8863013,0.000540576,9.956117e-05,9.476549e-05,0.0001262058,0.00015256395,0.0005142032,0.0010264775,0.9997285,0.3483833
909,1,0.8863013,0.000540576,9.956117e-05,9.476549e-05,0.0001262058,0.00015256395,0.0005142032,0.0010264775,0.9997285,0.3483833
909,2,0.8863013,0.000540576,9.956117e-05,9.476549e-05,0.0001262058,0.00015256395,0.0005142032,0.0010264775,0.9997285,0.3483833
909,3,0.8863013,0.000540576,9.956117e-05,9.476549e-05,0.0001262058,0.00015256395,0.0005142032,0.0010264775,0.9997285,0.3483833
909,4,0.8863013,0.000540576,9.956117e-05,9.476549e-05,0.0001262058,0.00015256395,0.0005142032,0.0010264775,0.9997285,0.3483833
909,5,0.8863013,0.000540576,9.956117e-05,9.476549e-05,0.0001262058,0.00015256395,0.0005142032,0.0010264775,0.9997285,0.3483833
909,6,0.8863013,0.000540576,9.956117e-05,9.476549e-05,0.0001262058,0.00015256395,0.0005142032,0.0010264775,0.9997285,0.3483833
909,7,0.8863013,0.000540576,9.956117e-05,9.476549e-05,0.0001262058,0.00015256395,0.0005142032,0.0010264775,0.9997285,0.3483833
909,8,0.8863013,0.000540576,9.956117e-05,9.476549e-05,0.0001262058,0.00015256395,0.0005142032,0.0010264775,0.9997285,0.3483833
910,0,0.92020124,0.00040571165,0.0001396012,6.77804e-05,5.654725e-05,0.00010472447,0.00039258596,0.0017054603,0.9998012,0.39254496
910,1,0.92020124,0.00040571165,0.0001396012,6.77804e-05,5.654725e-05,0.00010472447,0.00039258596,0.0017054603,0.9998012,0.39261258
910,2,0.92020124,0.00040571165,0.0001396012,6.77804e-05,5.654725e-05,0.00010472447,0.00039258596,0.0017054603,0.9998012,0.39230216
910,3,0.92020124,0.00040571165,0.0001396012,6.77804e-05,5.654725e-05,0.00010472447,0.00039258596,0.0017054603,0.9998012,0.39230216
910,4,0.92020124,0.00040571165,0.0001396012,6.77804e-05,5.654725e-05,0.00010472447,0.00039258596,0.0017054603,0.9998012,0.39230216
910,5,0.92020124,0.00040571165,0.0001396012,6.77804e-05,5.654725e-05,0.00010472447,0.00039258596,0.0017054603,0.9998012,0.39230216
910,6,0.92020124,0.00040571165,0.0001396012,6.77804e-05,5.654725e-05,0.00010472447,0.00039258596,0.0017054603,0.9998012,0.39230216
910,7,0.92020124,0.00040571165,0.0001396012,6.77804e-05,5.654725e-05,0.00010472447,0.00039258596,0.0017054603,0.9998012,0.39230216
910,8,0.92020124,0.00040571165,0.0001396012,6.77804e-05,5.654725e-05,0.00010472447,0.00039258596,0.0017054603,0.9998012,0.39230216
912,0,0.98005253,0.00064925593,0.00021317475,0.0001272824,0.00012258011,0.00019033636,0.00068750116,0.00072738907,0.999726,0.39629054
912,1,0.98005253,0.00064925593,0.00021317475,0.0001272824,0.00012258011,0.00019033636,0.00068750116,0.00072738907,0.999726,0.39629054
912,2,0.98005253,0.00064925593,0.00021317475,0.0001272824,0.00012258011,0.00019033636,0.00068750116,0.00072738907,0.999726,0.39629054
912,3,0.98005253,0.00064925593,0.00021317475,0.0001272824,0.00012258011,0.00019033636,0.00068750116,0.00072738907,0.999726,0.3962855
912,4,0.98005253,0.00064925593,0.00021317475,0.0001272824,0.00012258011,0.00019033636,0.00068750116,0.00072738907,0.999726,0.3967053
912,5,0.98005253,0.00064925593,0.00021317475,0.0001272824,0.00012258011,0.00019033636,0.00068750116,0.00072738907,0.999726,0.3967053
912,6,0.98005253,0.00064925593,0.00021317475,0.0001272824,0.00012258011,0.00019033636,0.00068750116,0.00072738907,0.999726,0.3967053
912,7,0.98005253,0.00064925593,0.00021317475,0.0001272824,0.00012258011,0.00019033636,0.00068750116,0.00072738907,0.999726,0.3967053
912,8,0.98005253,0.00064925593,0.00021317475,0.0001272824,0.00012258011,0.00019033636,0.00068750116,0.00072738907,0.999726,0.39668334
915,0,0.85115796,0.00063011586,0.000104004655,4.108302e-05,9.495473e-05,0.0001214206,0.0005610104,0.00055962795,0.9998247,0.42677888
915,1,0.85115796,0.00063011586,0.000104004655,4.108302e-05,9.495473e-05,0.0001214206,0.0005610104,0.00055962795,0.9998247,0.42677888
915,2,0.85115796,0.00063011586,0.000104004655,4.108302e-05,9.495473e-05,0.0001214206,0.0005610104,0.00055962795,0.9998247,0.42677888
915,3,0.85115796,0.00063011586,0.000104004655,4.108302e-05,9.495473e-05,0.0001214206,0.0005610104,0.00055962795,0.9998247,0.42677888
915,4,0.7917247,0.00058267673,0.000100481375,3.9313818e-05,0.00011220178,0.00010886898,0.00046943358,0.0014511164,0.999826,0.37946868
915,5,0.7917251,0.00058267673,0.000100481375,3.9313818e-05,0.00011220178,0.00010886898,0.00046943358,0.0014511164,0.999826,0.3793125
915,6,0.8511567,0.00063011586,0.000104004655,4.108302e-05,9.495473e-05,0.0001214206,0.0005610104,0.00055962795,0.9998247,0.4262782
915,7,0.7917251,0.00058267673,0.000100481375,3.9313818e-05,0.00011220178,0.00010886898,0.00046943358,0.0014511164,0.999826,0.3793125
915,8,0.8511567,0.00063011586,0.000104004655,4.108302e-05,9.495473e-05,0.0001214206,0.0005610104,0.00055962795,0.9998247,0.4262782
928,0,0.98277897,0.0002420179,4.322454e-05,8.233503e-05,3.455494e-05,0.00015706755,0.000110608846,3.969514e-05,0.99986863,0.6203718
928,1,0.98277897,0.0002420179,4.322454e-05,8.233503e-05,3.455494e-05,0.00015706755,0.000110608846,3.969514e-05,0.99986863,0.6203718
928,2,0.98277897,0.0002420179,4.322454e-05,8.233503e-05,3.455494e-05,0.00015706755,0.000110608846,3.969514e-05,0.99986863,0.6203718
928,3,0.98277897,0.0002420179,4.322454e-05,8.233503e-05,3.455494e-05,0.00015706755,0.000110608846,3.969514e-05,0.99986863,0.6203718
928,4,0.98277897,0.0002420179,4.322454e-05,8.233503e-05,3.455494e-05,0.00015706755,0.000110608846,3.969514e-05,0.99986863,0.6203718
928,5,0.98277897,0.0002420179,4.322454e-05,8.233503e-05,3.455494e-05,0.00015706755,0.000110608846,3.969514e-05,0.99986863,0.6203718
928,6,0.98277897,0.0002420179,4.322454e-05,8.233503e-05,3.455494e-05,0.00015706755,0.000110608846,3.969514e-05,0.99986863,0.62034994
928,7,0.98277897,0.0002420179,4.322454e-05,8.233503e-05,3.455494e-05,0.00015706755,0.000110608846,3.969514e-05,0.99986863,0.62137526
928,8,0.98277897,0.0002420179,4.322454e-05,8.233503e-05,3.455494e-05,0.00015706755,0.000110608846,3.969514e-05,0.99986863,0.62137526
930,0,0.82343477,0.00029685092,4.979719e-05,0.00011951456,5.6244415e-05,0.00031401648,0.0002048371,1.4063815e-05,0.99977344,0.37889698
930,1,0.82343477,0.00029685092,4.979719e-05,0.00011951456,5.6244415e-05,0.00031401648,0.0002048371,1.4063815e-05,0.99977344,0.37889698
930,2,0.82343477,0.00029685092,4.979719e-05,0.00011951456,5.6244415e-05,0.00031401648,0.0002048371,1.4063815e-05,0.99977344,0.37889698
930,3,0.82343477,0.00029685092,4.979719e-05,0.00011951456,5.6244415e-05,0.00031401648,0.0002048371,1.4063815e-05,0.99977344,0.37889698
930,4,0.82343477,0.00029685092,4.979719e-05,0.00011951456,5.6244415e-05,0.00031401648,0.0002048371,1.4063815e-05,0.99977344,0.37889698
930,5,0.82343477,0.00029685092,4.979719e-05,0.00011951456,5.6244415e-05,0.00031401648,0.0002048371,1.4063815e-05,0.99977344,0.37889698
930,6,0.82343477,0.00029685092,4.979719e-05,0.00011951456,5.6244415e-05,0.00031401648,0.0002048371,1.4063815e-05,0.99977344,0.37889698
930,7,0.82343477,0.00029685092,4.979719e-05,0.00011951456,5.6244415e-05,0.00031401648,0.0002048371,1.4063815e-05,0.99977344,0.37889698
930,8,0.82343477,0.00029685092,4.979719e-05,0.00011951456,5.6244415e-05,0.00031401648,0.0002048371,1.4063815e-05,0.99977344,0.37889698
931,0,0.92569166,0.0005189654,8.9621026e-05,0.000109087625,0.0001067468,0.0002516444,0.0006060038,0.005335289,0.9996885,0.38309142
931,1,0.92569166,0.0005189654,8.9621026e-05,0.000109087625,0.0001067468,0.0002516444,0.0006060038,0.005335289,0.9996885,0.38309142
931,2,0.92569166,0.0005189654,8.9621026e-05,0.000109087625,0.0001067468,0.0002516444,0.0006060038,0.005335289,0.9996885,0.38309142
931,3,0.92569166,0.0005189654,8.9621026e-05,0.000109087625,0.0001067468,0.0002516444,0.0006060038,0.005335289,0.9996885,0.38309142
931,4,0.92569166,0.0005189654,8.9621026e-05,0.000109087625,0.0001067468,0.0002516444,0.0006060038,0.005335289,0.9996885,0.38308647
931,5,0.92569166,0.0005189654,8.9621026e-05,0.000109087625,0.0001067468,0.0002516444,0.0006060038,0.005335289,0.9996885,0.3829113
931,6,0.92569166,0.0005189654,8.9621026e-05,0.000109087625,0.0001067468,0.0002516444,0.0006060038,0.005335289,0.9996885,0.3829113
931,7,0.92569166,0.0005189654,8.9621026e-05,0.000109087625,0.0001067468,0.0002516444,0.0006060038,0.005335289,0.9996885,0.3829113
931,8,0.92569166,0.0005189654,8.9621026e-05,0.000109087625,0.0001067468,0.0002516444,0.0006060038,0.005335289,0.9996885,0.3829113
933,0,0.87115234,0.00035802953,6.461679e-05,0.00010004873,7.1018316e-05,0.00010046011,0.0001603636,0.020807939,0.99959487,0.327783
933,1,0.90980023,0.00035062755,5.8419646e-05,0.00010141569,6.6237844e-05,9.8122706e-05,0.00013678882,0.01701791,0.9996512,0.32928243
933,2,0.90980023,0.00035062755,5.8419646e-05,0.00010141569,6.6237844e-05,9.8122706e-05,0.00013678882,0.01701791,0.9996512,0.32928243
933,3,0.87115234,0.00035802953,6.461679e-05,0.00010004873,7.1018316e-05,0.00010046011,0.0001603636,0.020807939,0.99959487,0.327783
933,4,0.87115234,0.00035802953,6.461679e-05,0.00010004873,7.1018316e-05,0.00010046011,0.0001603636,0.020807939,0.99959487,0.327783
933,5,0.87115234,0.00035802953,6.461679e-05,0.00010004873,7.1018316e-05,0.00010046011,0.0001603636,0.020807939,0.99959487,0.327783
933,6,0.87115234,0.00035802953,6.461679e-05,0.00010004873,7.1018316e-05,0.00010046011,0.0001603636,0.020807939,0.99959487,0.327783
933,7,0.90980023,0.00035062755,5.8419646e-05,0.00010141569,6.6237844e-05,9.8122706e-05,0.00013678882,0.01701791,0.9996512,0.32928243
933,8,0.87115234,0.00035802953,6.461679e-05,0.00010004873,7.1018316e-05,0.00010046011,0.0001603636,0.020807939,0.99959487,0.327783
937,0,0.907135,0.0003442401,9.075262e-05,0.00010850023,9.9207304e-05,0.00034716952,0.00041409538,0.0019208018,0.99965954,0.35863551
937,1,0.907135,0.0003442401,9.075262e-05,0.00010850023,9.9207304e-05,0.00034716952,0.00041409538,0.0019208018,0.99965954,0.35863551
937,2,0.907135,0.0003442401,9.075262e-05,0.00010850023,9.9207304e-05,0.00034716952,0.00041409538,0.0019208018,0.99965954,0.35862684
937,3,0.907135,0.0003442401,9.075262e-05,0.00010850023,9.9207304e-05,0.00034716952,0.00041409538,0.0019208018,0.99965954,0.35865068
937,4,0.907135,0.0003442401,9.075262e-05,0.00010850023,9.9207304e-05,0.00034716952,0.00041409538,0.0019208018,0.99965954,0.35865068
937,5,0.907135,0.0003442401,9.075262e-05,0.00010850023,9.9207304e-05,0.00034716952,0.00041409538,0.0019208018,0.99965954,0.35865068
937,6,0.907135,0.0003442401,9.075262e-05,0.00010850023,9.9207304e-05,0.00034716952,0.00041409538,0.0019208018,0.99965954,0.35865068
937,7,0.907135,0.0003442401,9.075262e-05,0.00010850023,9.9207304e-05,0.00034716952,0.00041409538,0.0019208018,0.99965954,0.35865068
937,8,0.907135,0.00034423944,9.0752095e-05,0.00010850044,9.920749e-05,0.00034717034,0.000414093,0.0019208075,0.99965954,0.35865068
940,0,0.010875787,0.051256962,0.5426676,0.0105166435,0.32862484,0.00093546876,0.71836567,0.2428338,0.00069541694,0.27748603
940,1,0.97574085,0.00038138154,9.028606e-05,0.0001646076,6.332749e-05,0.00040937992,0.00033489612,0.0001417348,0.9997471,0.39738575
940,2,0.97574085,0.00038138154,9.028606e-05,0.0001646076,6.332749e-05,0.00040937992,0.00033489612,0.0001417348,0.9997471,0.39738575
940,3,0.97574085,0.00038138154,9.028606e-05,0.0001646076,6.332749e-05,0.00040937992,0.00033489612,0.0001417348,0.9997471,0.39738575
940,4,0.97574085,0.00038138154,9.028606e-05,0.0001646076,6.332749e-05,0.00040937992,0.00033489612,0.0001417348,0.9997471,0.39738575
940,5,0.97574085,0.00038138154,9.028606e-05,0.0001646076,6.332749e-05,0.00040937992,0.00033489612,0.0001417348,0.9997471,0.39738575
940,6,0.97574085,0.00038138154,9.028606e-05,0.0001646076,6.332749e-05,0.00040937992,0.00033489612,0.0001417348,0.9997471,0.39738575
940,7,0.97574085,0.00038138154,9.028606e-05,0.0001646076,6.332749e-05,0.00040937992,0.00033489612,0.0001417348,0.9997471,0.39738575
940,8,0.97574085,0.00038138154,9.028606e-05,0.0001646076,6.332749e-05,0.00040937992,0.00033489612,0.0001417348,0.9997471,0.39738575
944,0,0.0060608773,0.051078852,0.69827765,0.008337607,0.8967305,0.004814432,0.8778076,0.2232452,0.0018855339,0.32867923
944,1,0.5984206,0.00030154435,7.9827165e-05,0.00011233432,0.00011300279,0.0015100352,0.0006999559,0.00017485018,0.99691415,0.33149207
944,2,0.78648907,0.00027202102,7.0163485e-05,9.887561e-05,8.4176776e-05,0.0009421523,0.0005360615,0.11990111,0.99926144,0.33085713
944,3,0.023041392,0.05076153,0.65825105,0.009641389,0.8360765,0.0043145404,0.9355501,0.27371287,0.0017802886,0.33271423
944,4,0.0392847,0.06841602,0.7434297,0.017167712,0.8109199,0.009126702,0.9448388,0.1721856,0.002043387,0.3304585
944,5,0.42300126,0.00053899986,9.886524e-05,8.9285626e-05,0.00021045217,0.0003186426,0.00055807846,0.9988508,0.9984884,0.33934757
944,6,0.009474064,0.058543388,0.69339347,0.01305689,0.8946714,0.0051786564,0.8675351,0.25059965,0.0022898004,0.32873294
944,7,0.4738873,0.00051029486,0.00018075418,0.00010901089,0.00022920078,0.0026439,0.0014280989,0.00069918024,0.99023855,0.332736
944,8,0.39510766,0.00047254737,0.000109964916,0.00015025346,0.00015261052,0.0012529476,0.0011774085,0.6637976,0.9965649,0.3351213
945,0,0.8811624,0.0002998364,0.0002381999,6.691187e-05,0.0001197104,5.2796073e-05,0.0008611755,0.3651028,0.9995484,0.46473452
945,1,0.8811624,0.0002998364,0.0002381999,6.691187e-05,0.0001197104,5.2796073e-05,0.0008611755,0.3651028,0.9995484,0.46473452
945,2,0.8811624,0.0002998364,0.0002381999,6.691187e-05,0.0001197104,5.2796073e-05,0.0008611755,0.3651028,0.9995484,0.46473452
945,3,0.8811624,0.0002998364,0.0002381999,6.691187e-05,0.0001197104,5.2796073e-05,0.0008611755,0.3651028,0.9995484,0.46484837
945,4,0.8811624,0.0002998364,0.0002381999,6.691187e-05,0.0001197104,5.2796073e-05,0.0008611755,0.3651028,0.9995484,0.46484837
945,5,0.8811624,0.0002998364,0.0002381999,6.691187e-05,0.0001197104,5.2796073e-05,0.0008611755,0.3651028,0.9995484,0.46484837
945,6,0.8811624,0.0002998364,0.0002381999,6.691187e-05,0.0001197104,5.2796073e-05,0.0008611755,0.3651028,0.9995484,0.46484837
945,7,0.8811624,0.0002998364,0.0002381999,6.691187e-05,0.0001197104,5.2796073e-05,0.0008611755,0.3651028,0.9995484,0.46484837
945,8,0.8811624,0.0002998364,0.0002381999,6.691187e-05,0.0001197104,5.2796073e-05,0.0008611755,0.3651028,0.9995484,0.46473452
948,0,0.9147369,0.0006566547,8.222518e-05,6.888988e-05,0.00010685648,0.00016450231,0.0010041561,0.13930988,0.99947613,0.39441636
948,1,0.8954399,0.0007067399,7.87306e-05,6.566546e-05,0.00010579343,0.00013717388,0.0009206947,0.1659743,0.9995553,0.37901697
948,2,0.9147369,0.0006566547,8.222518e-05,6.888988e-05,0.00010685648,0.00016450231,0.0010041561,0.13930988,0.99947613,0.39441636
948,3,0.9147369,0.0006566547,8.222518e-05,6.888988e-05,0.00010685648,0.00016450231,0.0010041561,0.13930988,0.99947613,0.39441636
948,4,0.8954399,0.0007067399,7.87306e-05,6.566546e-05,0.00010579343,0.00013717388,0.0009206947,0.1659743,0.9995553,0.3790518
948,5,0.9147369,0.0006566547,8.222518e-05,6.888988e-05,0.00010685648,0.00016450231,0.0010041561,0.13930988,0.99947613,0.39421153
948,6,0.8954399,0.0007067399,7.87306e-05,6.566546e-05,0.00010579343,0.00013717388,0.0009206947,0.1659743,0.9995553,0.3790518
948,7,0.8954399,0.0007067399,7.87306e-05,6.566546e-05,0.00010579343,0.00013717388,0.0009206947,0.1659743,0.9995553,0.3790518
948,8,0.9147369,0.0006566547,8.222518e-05,6.888988e-05,0.00010685648,0.00016450231,0.0010041561,0.13930988,0.99947613,0.39421153
950,0,0.6624116,0.0010492521,0.00014460526,0.00013652793,0.00038302442,0.00031896966,0.001491584,0.00019663021,0.99892265,0.31991288
950,1,0.6624116,0.0010492521,0.00014460526,0.00013652793,0.00038302442,0.00031896966,0.001491584,0.00019663021,0.99892265,0.32015345
950,2,0.6624116,0.0010492521,0.00014460526,0.00013652793,0.00038302442,0.00031896966,0.001491584,0.00019663021,0.99892265,0.32015345
950,3,0.6624116,0.0010492521,0.00014460526,0.00013652793,0.00038302442,0.00031896966,0.001491584,0.00019663021,0.99892265,0.32015345
950,4,0.6624116,0.0010492521,0.00014460526,0.00013652793,0.00038302442,0.00031896966,0.001491584,0.00019663021,0.99892265,0.32015345
950,5,0.6624116,0.0010492521,0.00014460526,0.00013652793,0.00038302442,0.00031896966,0.001491584,0.00019663021,0.99892265,0.32023475
950,6,0.6624116,0.0010492521,0.00014460526,0.00013652793,0.00038302442,0.00031896966,0.001491584,0.00019663021,0.99892265,0.32015944
950,7,0.6624116,0.0010492521,0.00014460526,0.00013652793,0.00038302442,0.00031896966,0.001491584,0.00019663021,0.99892265,0.32015944
950,8,0.6624116,0.0010492521,0.00014460526,0.00013652793,0.00038302442,0.00031896966,0.001491584,0.00019663021,0.99892265,0.32015944
951,0,0.5553413,0.0005620707,0.00017168348,0.00012688528,0.0002951633,7.752642e-05,0.0009449701,0.9964706,0.9993087,0.33530045
951,1,0.34016645,0.00068032346,0.0001399911,9.171308e-05,0.0002271605,9.39847e-05,0.0014008183,0.99902546,0.9990687,0.3358384
951,2,0.344027,0.00065414154,0.00013257969,8.874983e-05,0.00024678424,7.342192e-05,0.0011209309,0.99882036,0.99910694,0.33383918
951,3,0.0004921315,0.27198225,0.86914474,0.003336956,0.98323476,0.0003321809,0.8991045,0.9653176,9.841873e-05,0.02333478
951,4,0.6491754,0.0013987389,0.00044732503,0.00014505617,0.0004774771,0.000307057,0.001585559,0.010974131,0.99947673,0.3719232
951,5,0.34016645,0.00068032346,0.0001399911,9.171308e-05,0.0002271605,9.39847e-05,0.0014008183,0.99902546,0.9990687,0.3358384
951,6,0.6491754,0.0013987389,0.00044732503,0.00014505617,0.0004774771,0.000307057,0.001585559,0.010974131,0.99947673,0.3719232
951,7,0.36402193,0.0007113473,0.00023394547,0.00016667963,0.00040996412,0.00012503623,0.0019048561,0.990045,0.99850285,0.33996296
951,8,0.00035857424,0.29512903,0.9196617,0.006310387,0.98165727,0.0003214479,0.9254408,0.965143,9.045575e-05,0.02681818
954,0,1.9492007e-05,0.91236454,0.4998609,0.0008891454,0.9121342,4.6106637e-05,0.262205,0.9577556,8.0554615e-05,0.0024708577
954,1,2.1815622e-05,0.88206756,0.30118877,0.0006890591,0.8854015,5.0379833e-05,0.20105805,0.94956326,0.000111785295,0.0031959477
954,2,1.9492007e-05,0.91236454,0.4998609,0.0008891454,0.9121342,4.6106637e-05,0.262205,0.9577556,8.0554615e-05,0.0024708577
954,3,1.889626e-05,0.8538296,0.25663117,0.0006867334,0.8639591,5.253807e-05,0.17228892,0.9326036,0.00011794147,0.0034297972
954,4,1.9492007e-05,0.91236454,0.4998609,0.0008891454,0.9121342,4.6106637e-05,0.262205,0.9577556,8.0554615e-05,0.0024714072
954,5,1.889626e-05,0.8538296,0.25663117,0.0006867334,0.8639591,5.253807e-05,0.17228892,0.9326036,0.00011794147,0.003429292
954,6,1.9492007e-05,0.91236454,0.4998609,0.0008891454,0.9121342,4.6106637e-05,0.262205,0.9577556,8.0554615e-05,0.0024714072
954,7,1.889626e-05,0.8538296,0.25663117,0.0006867334,0.8639591,5.253807e-05,0.17228892,0.9326036,0.00011794147,0.003429292
954,8,1.889626e-05,0.8538296,0.25663117,0.0006867334,0.8639591,5.253807e-05,0.17228892,0.9326036,0.00011794147,0.003429292
955,0,0.002781718,0.056112267,0.22120428,0.0019918745,0.9197337,0.0019806696,0.70052755,0.04752769,0.00038333854,0.032205045
955,1,0.0037113521,0.037540324,0.115196764,0.0021798622,0.8677678,0.0022564363,0.63533795,0.028824886,0.00047686757,0.027005583
955,2,0.0035937952,0.03775062,0.11576038,0.0021143106,0.85879683,0.0020651075,0.6268799,0.030589972,0.0004820615,0.02758655
955,3,0.002926708,0.061172917,0.22455542,0.0019251473,0.9112238,0.0019260654,0.63422334,0.044081125,0.0003567112,0.027043773
955,4,0.0037113521,0.037540324,0.115196764,0.0021798622,0.8677678,0.0022564363,0.63533795,0.028824886,0.00047686757,0.027005583
955,5,0.0033570295,0.04995176,0.20803861,0.0022106997,0.90447813,0.0017872491,0.71508586,0.046898566,0.0003382202,0.029004952
955,6,0.002926708,0.061172917,0.22455542,0.0019251473,0.9112238,0.0019260654,0.63422334,0.044081125,0.0003567112,0.027043773
955,7,0.004030728,0.04622789,0.19922403,0.002006946,0.9024006,0.0016588871,0.70993006,0.0467856,0.00035504624,0.025328023
955,8,0.0035937952,0.03775062,0.11576038,0.0021143106,0.85879683,0.0020651075,0.6268799,0.030589972,0.0004820615,0.02758655
959,0,0.66519713,0.00069679855,0.00017833352,8.704245e-05,0.0001524863,0.0004959461,0.0006830902,6.498285e-05,0.99940336,0.3293151
959,1,0.664422,0.00069564505,0.00017712456,9.320235e-05,0.00014510888,0.0005982065,0.0007304946,5.98527e-05,0.99946743,0.33129495
959,2,0.6749968,0.0006459665,0.00017130491,8.494637e-05,0.00013390803,0.00047620392,0.00064077333,5.4245585e-05,0.99950755,0.33108753
959,3,0.6749968,0.0006459665,0.00017130491,8.494637e-05,0.00013390803,0.00047620392,0.00064077333,5.4245585e-05,0.99950755,0.33108753
959,4,0.6749968,0.0006459665,0.00017130491,8.494637e-05,0.00013390803,0.00047620392,0.00064077333,5.4245585e-05,0.99950755,0.33108753
959,5,0.647147,0.00073587045,0.00018398462,9.645808e-05,0.0001631388,0.00059886224,0.00075707113,6.5711254e-05,0.99939036,0.32955918
959,6,0.6749968,0.0006459665,0.00017130491,8.494637e-05,0.00013390803,0.00047620392,0.00064077333,5.4245585e-05,0.99950755,0.33108753
959,7,0.67499644,0.0006459665,0.00017130491,8.494637e-05,0.00013390803,0.00047620392,0.00064077333,5.4245585e-05,0.99950755,0.33110186
959,8,0.67499644,0.0006459665,0.00017130491,8.494637e-05,0.00013390803,0.00047620392,0.00064077333,5.4245585e-05,0.99950755,0.33110186
960,0,0.6541961,0.00035364807,0.00010104694,5.82622e-05,8.1778984e-05,0.00017353603,0.00033584665,0.0037631572,0.9997179,0.3664861
960,1,0.6541961,0.00035364807,0.00010104694,5.82622e-05,8.1778984e-05,0.00017353603,0.00033584665,0.0037631572,0.9997179,0.3664861
960,2,0.6541961,0.00035364807,0.00010104694,5.82622e-05,8.1778984e-05,0.00017353603,0.00033584665,0.0037631572,0.9997179,0.3664861
960,3,0.6541961,0.00035364807,0.00010104694,5.82622e-05,8.1778984e-05,0.00017353603,0.00033584665,0.0037631572,0.9997179,0.36646292
960,4,0.6541961,0.00035364807,0.00010104694,5.82622e-05,8.1778984e-05,0.00017353603,0.00033584665,0.0037631572,0.9997179,0.36612844
960,5,0.66829795,0.0003789884,9.590805e-05,6.165672e-05,7.745748e-05,0.00014048225,0.00034691545,0.008893192,0.99969697,0.3626527
960,6,0.65419585,0.00035364807,0.00010104694,5.82622e-05,8.1778984e-05,0.00017353603,0.00033584665,0.0037631572,0.9997179,0.36612844
960,7,0.66829777,0.0003789884,9.590805e-05,6.165672e-05,7.745748e-05,0.00014048225,0.00034691545,0.008893192,0.99969697,0.3626527
960,8,0.65419585,0.00035364807,0.00010104694,5.82622e-05,8.1778984e-05,0.00017353603,0.00033584665,0.0037631572,0.9997179,0.36613622
962,0,0.76438445,0.00033788648,9.87502e-05,9.570815e-05,9.75427e-05,0.00012910261,0.0004863138,0.0039985324,0.9994894,0.34522521
962,1,0.76438445,0.00033788648,9.87502e-05,9.570815e-05,9.75427e-05,0.00012910261,0.0004863138,0.0039985324,0.9994894,0.34522521
962,2,0.76438445,0.00033788648,9.87502e-05,9.570815e-05,9.75427e-05,0.00012910261,0.0004863138,0.0039985324,0.9994894,0.34522521
962,3,0.76438445,0.00033788648,9.87502e-05,9.570815e-05,9.75427e-05,0.00012910261,0.0004863138,0.0039985324,0.9994894,0.34522521
962,4,0.76438445,0.00033788648,9.87502e-05,9.570815e-05,9.75427e-05,0.00012910261,0.0004863138,0.0039985324,0.9994894,0.34522521
962,5,0.76438445,0.00033788648,9.87502e-05,9.570815e-05,9.75427e-05,0.00012910261,0.0004863138,0.0039985324,0.9994894,0.34522521
962,6,0.7727275,0.0003200574,9.1095964e-05,9.4394e-05,9.467047e-05,0.00012450654,0.00044366947,0.0038853067,0.9995086,0.34504747
962,7,0.76438445,0.00033788648,9.87502e-05,9.570815e-05,9.75427e-05,0.00012910261,0.0004863138,0.0039985324,0.9994894,0.34522521
962,8,0.76438445,0.00033788648,9.87502e-05,9.570815e-05,9.75427e-05,0.00012910261,0.0004863138,0.0039985324,0.9994894,0.34522521
963,0,0.43376365,0.00037223488,0.0001312395,7.124556e-05,8.8621025e-05,6.824048e-05,0.0007737701,0.9959533,0.99884796,0.33652607
963,1,0.8195004,0.00036696787,0.00014465381,0.0001238933,0.000110971014,0.00020525353,0.001004213,0.0023153375,0.99965596,0.37545332
963,2,0.43376365,0.00037223488,0.0001312395,7.124556e-05,8.8621025e-05,6.824048e-05,0.0007737701,0.9959533,0.99884796,0.33649263
963,3,0.8195004,0.00036696787,0.00014465381,0.0001238933,0.000110971014,0.00020525353,0.001004213,0.0023153375,0.99965596,0.375302
963,4,0.43376365,0.00037223488,0.0001312395,7.124556e-05,8.8621025e-05,6.824048e-05,0.0007737701,0.9959533,0.99884796,0.33649263
963,5,0.43376365,0.00037223488,0.0001312395,7.124556e-05,8.8621025e-05,6.824048e-05,0.0007737701,0.9959533,0.99884796,0.33649263
963,6,0.43376365,0.00037223488,0.0001312395,7.124556e-05,8.8621025e-05,6.824048e-05,0.0007737701,0.9959533,0.99884796,0.33649263
963,7,0.8195004,0.00036696787,0.00014465381,0.0001238933,0.000110971014,0.00020525353,0.001004213,0.0023153375,0.99965596,0.375302
963,8,0.8195004,0.00036696787,0.00014465381,0.0001238933,0.000110971014,0.00020525353,0.001004213,0.0023153375,0.99965596,0.375302
964,0,0.3344538,0.002304304,0.0046178848,8.3633815e-05,0.00094602007,0.00017557407,0.00578446,0.99963355,0.81443846,0.32565728
964,1,0.3344538,0.002304304,0.0046178848,8.3633815e-05,0.00094602007,0.00017557407,0.00578446,0.99963355,0.81443846,0.32565728
964,2,0.3344538,0.002304304,0.0046178848,8.3633815e-05,0.00094602007,0.00017557407,0.00578446,0.99963355,0.81443846,0.32565728
964,3,0.3344538,0.002304304,0.0046178848,8.3633815e-05,0.00094602007,0.00017557407,0.00578446,0.99963355,0.81443846,0.32564303
964,4,0.3344538,0.002304304,0.0046178848,8.3633815e-05,0.00094602007,0.00017557407,0.00578446,0.99963355,0.81443846,0.32564303
964,5,0.3344538,0.002304304,0.0046178848,8.3633815e-05,0.00094602007,0.00017557407,0.00578446,0.99963355,0.81443846,0.32564303
964,6,0.3344538,0.002304304,0.0046178848,8.3633815e-05,0.00094602007,0.00017557407,0.00578446,0.99963355,0.81443846,0.32564303
964,7,0.3344538,0.002304304,0.0046178848,8.3633815e-05,0.00094602007,0.00017557407,0.00578446,0.99963355,0.81443846,0.32564303
964,8,0.3344538,0.002304304,0.0046178848,8.3633815e-05,0.00094602007,0.00017557407,0.00578446,0.99963355,0.81443846,0.3255144
967,0,0.8580365,0.0005327856,0.00019412392,6.726726e-05,0.00016394095,0.00016001228,0.00045458865,0.0008379008,0.99973184,0.33907065
967,1,0.8580365,0.0005327856,0.00019412392,6.726726e-05,0.00016394095,0.00016001228,0.00045458865,0.0008379008,0.99973184,0.33907065
967,2,0.8656397,0.00055820984,0.00018177356,6.816282e-05,0.0001606138,0.00014924153,0.00043652704,0.0006861884,0.9997422,0.33988127
967,3,0.8580365,0.00053278334,0.00019412335,6.726695e-05,0.00016394,0.00016001228,0.00045458885,0.00083790394,0.99973184,0.33907065
967,4,0.8580365,0.00053278334,0.00019412335,6.726695e-05,0.00016394,0.00016001228,0.00045458885,0.00083790394,0.99973184,0.33907065
967,5,0.8580365,0.00053278334,0.00019412335,6.726695e-05,0.00016394,0.00016001228,0.00045458885,0.00083790394,0.99973184,0.33922815
967,6,0.8580365,0.00053278334,0.00019412335,6.726695e-05,0.00016394,0.00016001228,0.00045458885,0.00083790394,0.99973184,0.33922815
967,7,0.8580365,0.00053278334,0.00019412335,6.726695e-05,0.00016394,0.00016001228,0.00045458885,0.00083790394,0.99973184,0.33922815
967,8,0.8895975,0.00056274154,0.0001860277,8.2680584e-05,0.00016223814,0.00016987433,0.00044045193,0.00082992367,0.9997534,0.34326124
971,0,0.4253501,0.00062615477,9.912428e-05,1.8810153e-05,0.00014218746,0.00010507147,0.00044672567,0.013109094,0.99958354,0.25434747
971,1,0.42535052,0.00062615686,9.912446e-05,1.8810226e-05,0.00014218692,0.00010507167,0.00044672927,0.013109509,0.99958354,0.2542049
971,2,0.42535052,0.00062615686,9.912446e-05,1.8810226e-05,0.00014218692,0.00010507167,0.00044672927,0.013109509,0.99958354,0.2542049
971,3,0.42535052,0.00062615686,9.912446e-05,1.8810226e-05,0.00014218692,0.00010507167,0.00044672927,0.013109509,0.99958354,0.2542049
971,4,0.42535052,0.00062615686,9.912446e-05,1.8810226e-05,0.00014218692,0.00010507167,0.00044672927,0.013109509,0.99958354,0.2542049
971,5,0.42535052,0.00062615686,9.912446e-05,1.8810226e-05,0.00014218692,0.00010507167,0.00044672927,0.013109509,0.99958354,0.2542049
971,6,0.42535052,0.00062615686,9.912446e-05,1.8810226e-05,0.00014218692,0.00010507167,0.00044672927,0.013109509,0.99958354,0.2543827
971,7,0.44691694,0.00059555634,0.00011181344,1.8536344e-05,0.00016885792,0.0001038249,0.00048360397,0.0052333404,0.99951565,0.1513242
971,8,0.42535052,0.00062615686,9.912446e-05,1.8810226e-05,0.00014218692,0.00010507167,0.00044672927,0.013109509,0.99958354,0.2544398
972,0,0.002815717,0.07674613,0.5850595,0.005135846,0.7292805,0.0012088877,0.7565403,0.5443867,0.0004109147,0.013123016
972,1,0.6239427,0.0006148246,0.0001550406,0.00010591819,0.00021444561,0.0004278985,0.0007752078,0.00010140969,0.9986033,0.359203
972,2,0.6239427,0.0006148246,0.0001550406,0.00010591819,0.00021444561,0.0004278985,0.0007752078,0.00010140969,0.9986033,0.359203
972,3,0.6239427,0.0006148246,0.0001550406,0.00010591819,0.00021444561,0.0004278985,0.0007752078,0.00010140969,0.9986033,0.359203
972,4,0.6239427,0.0006148246,0.0001550406,0.00010591819,0.00021444561,0.0004278985,0.0007752078,0.00010140969,0.9986033,0.359203
972,5,0.6239427,0.0006148246,0.0001550406,0.00010591819,0.00021444561,0.0004278985,0.0007752078,0.00010140969,0.9986033,0.359203
972,6,0.002815717,0.07674613,0.5850595,0.005135846,0.7292805,0.0012088877,0.7565403,0.5443867,0.0004109147,0.013123016
972,7,0.002815717,0.07674613,0.5850595,0.005135846,0.7292805,0.0012088877,0.7565403,0.5443867,0.0004109147,0.013123016
972,8,0.002815717,0.07674613,0.5850595,0.005135846,0.7292805,0.0012088877,0.7565403,0.5443867,0.0004109147,0.0131472275
977,0,0.72331476,0.0006980361,0.0001883291,6.9898626e-05,0.0002168271,0.00031332177,0.0013737051,0.00583794,0.9994704,0.35612294
977,1,0.72331476,0.0006980361,0.0001883291,6.9898626e-05,0.0002168271,0.00031332177,0.0013737051,0.00583794,0.9994704,0.35612294
977,2,0.72331476,0.0006980361,0.0001883291,6.9898626e-05,0.0002168271,0.00031332177,0.0013737051,0.00583794,0.9994704,0.35612294
977,3,0.6959646,0.0005854205,0.00013744163,0.0001742922,0.00017784754,0.00022043625,0.0010759502,0.0033124133,0.99942684,0.35050318
977,4,0.6959646,0.0005854205,0.00013744163,0.0001742922,0.00017784754,0.00022043625,0.0010759502,0.0033124133,0.99942684,0.3505
977,5,0.72331476,0.0006980361,0.0001883291,6.9898626e-05,0.0002168271,0.00031332177,0.0013737051,0.00583794,0.9994704,0.35607496
977,6,0.6959646,0.0005854205,0.00013744163,0.0001742922,0.00017784754,0.00022043625,0.0010759502,0.0033124133,0.99942684,0.350561
977,7,0.72331476,0.0006980361,0.00018832929,6.989876e-05,0.00021682688,0.00031332116,0.0013737084,0.0058379704,0.9994704,0.35607496
977,8,0.72331476,0.0006980361,0.00018832929,6.989876e-05,0.00021682688,0.00031332116,0.0013737084,0.0058379704,0.9994704,0.35607496
978,0,0.79500765,0.00027295807,0.000157188,4.660448e-05,5.008494e-05,0.00014992573,0.00044286033,2.6779853e-05,0.99973303,0.562164
978,1,0.79500765,0.00027295807,0.000157188,4.660448e-05,5.008494e-05,0.00014992573,0.00044286033,2.6779853e-05,0.99973303,0.5621831
978,2,0.79500765,0.00027295807,0.000157188,4.660448e-05,5.008494e-05,0.00014992573,0.00044286033,2.6779853e-05,0.99973303,0.5621831
978,3,0.79500765,0.00027295807,0.000157188,4.660448e-05,5.008494e-05,0.00014992573,0.00044286033,2.6779853e-05,0.99973303,0.5621831
978,4,0.79500765,0.00027295807,0.000157188,4.660448e-05,5.008494e-05,0.00014992573,0.00044286033,2.6779853e-05,0.99973303,0.5621831
978,5,0.79500765,0.00027295807,0.000157188,4.660448e-05,5.008494e-05,0.00014992573,0.00044286033,2.6779853e-05,0.99973303,0.5621831
978,6,0.79500765,0.00027295938,0.00015718742,4.660448e-05,5.0084847e-05,0.00014992601,0.00044286033,2.6780004e-05,0.99973303,0.5620432
978,7,0.79500765,0.00027295938,0.00015718742,4.660448e-05,5.0084847e-05,0.00014992601,0.00044286033,2.6780004e-05,0.99973303,0.5620432
978,8,0.79500765,0.00027295938,0.00015718742,4.660448e-05,5.0084847e-05,0.00014992601,0.00044286033,2.6780004e-05,0.99973303,0.5620432
981,0,0.9277746,0.00036069044,5.0972398e-05,0.0001396707,5.702999e-05,0.00030406576,0.00027547553,0.00048509453,0.9997489,0.49722537
981,1,0.9625811,0.0004082155,6.238697e-05,0.00020440631,5.5833523e-05,0.00044007905,0.00029946413,0.0003080137,0.9997726,0.553485
981,2,0.9277746,0.00036069044,5.0972398e-05,0.0001396707,5.702999e-05,0.00030406576,0.00027547553,0.00048509453,0.9997489,0.49721766
981,3,0.9324167,0.00040769883,6.0551487e-05,0.00020343105,6.4541535e-05,0.00036837097,0.0003049908,0.0006293488,0.999729,0.4526212
981,4,0.9187506,0.00038153568,5.4071534e-05,0.00017440676,6.4964144e-05,0.0003381401,0.000309425,0.00029978892,0.9997539,0.46386537
981,5,0.9211109,0.00031627403,5.15159e-05,0.00013035322,5.4770477e-05,0.0002592786,0.000337393,0.00019230267,0.9996563,0.39942312
981,6,0.9346955,0.0004032349,5.9276677e-05,0.00019876026,6.3516374e-05,0.0003560275,0.00030024827,0.00056560634,0.999731,0.45764792
981,7,0.9211109,0.00031627403,5.15159e-05,0.00013035322,5.4770477e-05,0.0002592786,0.000337393,0.00019230267,0.9996563,0.39944878
981,8,0.9323539,0.00041238082,6.1171326e-05,0.00020402078,6.402452e-05,0.00036018138,0.0003008196,0.0005928309,0.99972886,0.46172675
988,0,0.6808617,0.0002114468,3.5056066e-05,6.101583e-05,5.4431355e-05,0.00014601913,0.00016332028,1.6562148e-05,0.99979264,0.47573754
988,1,0.7557583,0.00022893302,2.9640645e-05,5.931139e-05,4.8472597e-05,0.0001729064,0.00013783616,1.5999816e-05,0.9998147,0.50422806
988,2,0.7198283,0.00024094041,3.3673037e-05,5.816045e-05,4.9225047e-05,0.00017048365,0.0001380233,1.635395e-05,0.9998228,0.5044579
988,3,0.7198283,0.00024094041,3.3673037e-05,5.816045e-05,4.9225047e-05,0.00017048365,0.0001380233,1.635395e-05,0.9998228,0.5044579
988,4,0.7557583,0.00022893302,2.9640645e-05,5.931139e-05,4.8472597e-05,0.0001729064,0.00013783616,1.5999816e-05,0.9998147,0.50422806
988,5,0.6808617,0.0002114468,3.5056066e-05,6.101583e-05,5.4431355e-05,0.00014601913,0.00016332028,1.6562148e-05,0.99979264,0.47573754
988,6,0.69293517,0.00019837005,3.114831e-05,5.9669535e-05,5.0591767e-05,0.00014382214,0.0001554228,1.576128e-05,0.9997948,0.49496686
988,7,0.6981743,0.00022740605,2.9670142e-05,6.19615e-05,5.2690146e-05,0.00015776973,0.00014109537,1.6322929e-05,0.99979264,0.47154185
988,8,0.7220967,0.0002506497,3.15332e-05,6.089423e-05,5.3777287e-05,0.00022690464,0.00014149929,1.6225122e-05,0.99983203,0.49062657
989,0,0.7431435,0.0006358363,0.00030838247,0.00012813801,0.00023254933,0.00020201268,0.0012877316,0.003266285,0.9989563,0.34795678
989,1,0.7431435,0.0006358363,0.00030838247,0.00012813801,0.00023254933,0.00020201268,0.0012877316,0.003266285,0.9989563,0.34815177
989,2,0.7431435,0.0006358363,0.00030838247,0.00012813801,0.00023254933,0.00020201268,0.0012877316,0.003266285,0.9989563,0.34815177
989,3,0.7431435,0.0006358363,0.00030838247,0.00012813801,0.00023254933,0.00020201268,0.0012877316,0.003266285,0.9989563,0.34815177
989,4,0.7431435,0.0006358363,0.00030838247,0.00012813801,0.00023254933,0.00020201268,0.0012877316,0.003266285,0.9989563,0.34815177
989,5,0.7431435,0.0006358363,0.00030838247,0.00012813801,0.00023254933,0.00020201268,0.0012877316,0.003266285,0.9989563,0.34822452
989,6,0.7431435,0.0006358363,0.00030838247,0.00012813801,0.00023254933,0.00020201268,0.0012877316,0.003266285,0.9989563,0.34822452
989,7,0.7431435,0.0006358363,0.00030838247,0.00012813801,0.00023254933,0.00020201268,0.0012877316,0.003266285,0.9989563,0.34822452
989,8,0.7368435,0.00062996004,0.0003141081,0.00012241096,0.00023232593,0.00020517937,0.0012809102,0.0036252127,0.99891376,0.3451778
990,0,0.950418,0.0007490291,0.000110852554,0.00018623144,0.000117754586,0.0004025735,0.00058074394,0.00011519472,0.99981636,0.36810723
990,1,0.950418,0.0007490291,0.000110852554,0.00018623144,0.000117754586,0.0004025735,0.00058074394,0.00011519472,0.99981636,0.36810723
990,2,0.950418,0.0007490291,0.000110852554,0.00018623144,0.000117754586,0.0004025735,0.00058074394,0.00011519472,0.99981636,0.3682579
990,3,0.7912056,0.0007492186,9.9531084e-05,0.00019157739,0.00013258969,0.00022095116,0.00052506407,0.00046850354,0.999728,0.36298266
990,4,0.9628971,0.0007190168,0.0001353445,0.0002732049,0.0001135107,0.00033237445,0.00063247373,0.00018263477,0.9997789,0.33106875
990,5,0.950418,0.0007490291,0.000110852554,0.00018623144,0.000117754586,0.0004025735,0.00058074394,0.00011519472,0.99981636,0.3682579
990,6,0.96714956,0.00070268183,0.0001102606,0.00018118713,0.00011043148,0.0004762414,0.0005492357,9.447189e-05,0.99982625,0.350664
990,7,0.7912056,0.0007492186,9.9531084e-05,0.00019157739,0.00013258969,0.00022095116,0.00052506407,0.00046850354,0.999728,0.36306727
990,8,0.9628971,0.0007190168,0.0001353445,0.0002732049,0.0001135107,0.00033237445,0.00063247373,0.00018263477,0.9997789,0.33110157
717,0,0.7345331,0.000632412,0.00014358864,0.00020042965,9.55719e-05,0.00028750105,0.0007092221,2.4835506e-05,0.9997981,0.5326126
717,1,0.7345331,0.000632412,0.00014358864,0.00020042965,9.55719e-05,0.00028750105,0.0007092221,2.4835506e-05,0.9997981,0.5326126
717,2,0.7345331,0.000632412,0.00014358864,0.00020042965,9.55719e-05,0.00028750105,0.0007092221,2.4835506e-05,0.9997981,0.5326126
717,3,0.7345331,0.000632412,0.00014358864,0.00020042965,9.55719e-05,0.00028750105,0.0007092221,2.4835506e-05,0.9997981,0.5326186
717,4,0.7345331,0.000632412,0.00014358864,0.00020042965,9.55719e-05,0.00028750105,0.0007092221,2.4835506e-05,0.9997981,0.531896
717,5,0.7345331,0.000632412,0.00014358864,0.00020042965,9.55719e-05,0.00028750105,0.0007092221,2.4835506e-05,0.9997981,0.531896
717,6,0.7345331,0.000632412,0.00014358864,0.00020042965,9.55719e-05,0.00028750105,0.0007092221,2.4835506e-05,0.9997981,0.531896
717,7,0.7345331,0.000632412,0.00014358864,0.00020042965,9.55719e-05,0.00028750105,0.0007092221,2.4835506e-05,0.9997981,0.531896
717,8,0.7345331,0.000632412,0.00014358864,0.00020042965,9.55719e-05,0.00028750105,0.0007092221,2.4835506e-05,0.9997981,0.531896
994,0,0.33138105,0.0008124588,0.0003335356,0.00014790798,0.00025324617,0.00010897149,0.0011151868,0.9978447,0.7798718,0.25828114
994,1,0.33138105,0.0008124588,0.0003335356,0.00014790798,0.00025324617,0.00010897149,0.0011151868,0.9978447,0.7798718,0.25828114
994,2,0.33138105,0.0008124588,0.0003335356,0.00014790798,0.00025324617,0.00010897149,0.0011151868,0.9978447,0.7798718,0.25828114
994,3,0.33138105,0.0008124588,0.0003335356,0.00014790798,0.00025324617,0.00010897149,0.0011151868,0.9978447,0.7798718,0.25828114
994,4,0.33138105,0.0008124588,0.0003335356,0.00014790798,0.00025324617,0.00010897149,0.0011151868,0.9978447,0.7798718,0.25828114
994,5,0.33138105,0.0008124588,0.0003335356,0.00014790798,0.00025324617,0.00010897149,0.0011151868,0.9978447,0.7798718,0.25863218
994,6,0.33138105,0.0008124588,0.0003335356,0.00014790798,0.00025324617,0.00010897149,0.0011151868,0.9978447,0.7798718,0.25862828
994,7,0.33138105,0.0008124588,0.0003335356,0.00014790798,0.00025324617,0.00010897149,0.0011151868,0.9978447,0.7798718,0.25862828
994,8,0.33138105,0.0008124588,0.0003335356,0.00014790798,0.00025324617,0.00010897149,0.0011151868,0.9978447,0.7798718,0.25862828
1001,0,0.85043734,0.00022692456,3.370192e-05,5.428657e-05,3.0637148e-05,0.00011672184,0.000111176276,7.2105184e-05,0.99981433,0.6440745
1001,1,0.85043734,0.00022692456,3.370192e-05,5.428657e-05,3.0637148e-05,0.00011672184,0.000111176276,7.2105184e-05,0.99981433,0.6440745
1001,2,0.85043734,0.00022692456,3.370192e-05,5.428657e-05,3.0637148e-05,0.00011672184,0.000111176276,7.2105184e-05,0.99981433,0.6440745
1001,3,0.85043734,0.00022692456,3.370192e-05,5.428657e-05,3.0637148e-05,0.00011672184,0.000111176276,7.2105184e-05,0.99981433,0.6440745
1001,4,0.85043734,0.00022692456,3.370192e-05,5.428657e-05,3.0637148e-05,0.00011672184,0.000111176276,7.2105184e-05,0.99981433,0.6440745
1001,5,0.85043734,0.00022692456,3.370192e-05,5.428657e-05,3.0637148e-05,0.00011672184,0.000111176276,7.2105184e-05,0.99981433,0.6440745
1001,6,0.85043734,0.00022692456,3.370192e-05,5.428657e-05,3.0637148e-05,0.00011672184,0.000111176276,7.2105184e-05,0.99981433,0.6440745
1001,7,0.85043734,0.00022692456,3.370192e-05,5.428657e-05,3.0637148e-05,0.00011672184,0.000111176276,7.2105184e-05,0.99981433,0.6431107
1001,8,0.85043734,0.00022692456,3.370192e-05,5.428657e-05,3.0637148e-05,0.00011672184,0.000111176276,7.2105184e-05,0.99981433,0.6431107
1002,0,0.9120315,0.0005449023,8.938129e-05,0.0001296689,5.9699538e-05,0.00029343634,0.00022873729,0.00034473452,0.99964535,0.35732186
1002,1,0.9412417,0.000523933,9.164637e-05,0.00012289306,5.015525e-05,0.00038001855,0.0002760718,0.00021494715,0.9996928,0.35971582
1002,2,0.9412417,0.000523933,9.164637e-05,0.00012289306,5.015525e-05,0.00038001855,0.0002760718,0.00021494715,0.9996928,0.35971582
1002,3,0.9120315,0.0005449023,8.938129e-05,0.0001296689,5.9699538e-05,0.00029343634,0.00022873729,0.00034473452,0.99964535,0.35732186
1002,4,0.9412417,0.000523933,9.164637e-05,0.00012289306,5.015525e-05,0.00038001855,0.0002760718,0.00021494715,0.9996928,0.35971582
1002,5,0.9120315,0.0005449023,8.938129e-05,0.0001296689,5.9699538e-05,0.00029343634,0.00022873729,0.00034473452,0.99964535,0.35732186
1002,6,0.9120315,0.0005449023,8.938129e-05,0.0001296689,5.9699538e-05,0.00029343634,0.00022873729,0.00034473452,0.99964535,0.35732186
1002,7,0.9120315,0.0005449023,8.938129e-05,0.0001296689,5.9699538e-05,0.00029343634,0.00022873729,0.00034473452,0.99964535,0.35732186
1002,8,0.9120315,0.0005449023,8.938129e-05,0.0001296689,5.9699538e-05,0.00029343634,0.00022873729,0.00034473452,0.99964535,0.35732186
1003,0,0.76594776,0.00051344215,9.700444e-05,8.571001e-05,0.00015073518,0.00010784298,0.0005727393,0.0039039575,0.99952066,0.3536328
1003,1,0.76594776,0.00051344215,9.700444e-05,8.571001e-05,0.00015073518,0.00010784298,0.0005727393,0.0039039575,0.99952066,0.3536328
1003,2,0.7259264,0.00044757372,9.049786e-05,7.7362325e-05,0.00013519746,9.825734e-05,0.00053104537,0.0048581595,0.9994634,0.3496739
1003,3,0.82939,0.00048364338,0.000117310316,0.00016394719,0.00015320875,0.00016221247,0.00050327776,0.0015894783,0.9996933,0.36099038
1003,4,0.76594776,0.00051344215,9.700444e-05,8.571001e-05,0.00015073518,0.00010784298,0.0005727393,0.0039039575,0.99952066,0.3536328
1003,5,0.82939,0.00048364338,0.000117310316,0.00016394719,0.00015320875,0.00016221247,0.00050327776,0.0015894783,0.9996933,0.36128035
1003,6,0.7797567,0.0004942201,9.684029e-05,8.829197e-05,0.00014065637,0.000103103994,0.000557677,0.0038392087,0.9995357,0.35116458
1003,7,0.76594776,0.00051344215,9.700444e-05,8.571001e-05,0.00015073518,0.00010784298,0.0005727393,0.0039039575,0.99952066,0.35351643
1003,8,0.76594776,0.00051344215,9.700444e-05,8.571001e-05,0.00015073518,0.00010784298,0.0005727393,0.0039039575,0.99952066,0.35351643
1011,0,0.81417567,0.00029970377,6.240857e-05,7.409468e-05,4.704359e-05,0.00046776253,0.00023725902,1.5177226e-05,0.99952793,0.56198907
1011,1,0.81417567,0.00029970377,6.240857e-05,7.409468e-05,4.704359e-05,0.00046776253,0.00023725902,1.5177226e-05,0.99952793,0.56198907
1011,2,0.81417567,0.00029970377,6.240857e-05,7.409468e-05,4.704359e-05,0.00046776253,0.00023725902,1.5177226e-05,0.99952793,0.56198907
1011,3,0.81417567,0.00029970377,6.240857e-05,7.409468e-05,4.704359e-05,0.00046776253,0.00023725902,1.5177226e-05,0.99952793,0.56198907
1011,4,0.81417567,0.00029970377,6.240857e-05,7.409468e-05,4.704359e-05,0.00046776253,0.00023725902,1.5177226e-05,0.99952793,0.56198907
1011,5,0.81417567,0.00029970377,6.240857e-05,7.409468e-05,4.704359e-05,0.00046776253,0.00023725902,1.5177226e-05,0.99952793,0.56198907
1011,6,0.83347636,0.00028498273,6.160282e-05,7.00505e-05,4.5354333e-05,0.00040924904,0.00024039131,1.4532165e-05,0.9994666,0.58363366
1011,7,0.81417567,0.00029970377,6.240857e-05,7.409468e-05,4.704359e-05,0.00046776253,0.00023725902,1.5177226e-05,0.99952793,0.56198907
1011,8,0.81417567,0.00029970377,6.240857e-05,7.409468e-05,4.704359e-05,0.00046776253,0.00023725902,1.5177226e-05,0.99952793,0.56198907
1014,0,0.8535107,0.00033304942,6.852166e-05,0.000109917746,7.4730764e-05,0.00013097895,0.0003770656,0.008825297,0.9996125,0.37018132
1014,1,0.8263648,0.0004500787,0.00012009995,0.00012218076,7.5792945e-05,0.0001403422,0.00043339678,0.0045399033,0.99951994,0.3761637
1014,2,0.8263648,0.0004500787,0.00012009995,0.00012218076,7.5792945e-05,0.0001403422,0.00043339678,0.0045399033,0.99951994,0.3761637
1014,3,0.82395536,0.00034681655,0.00010497943,0.000110089466,6.848657e-05,0.00012466976,0.00041340827,0.0069541405,0.99954957,0.36790565
1014,4,0.82395536,0.00034681655,0.00010497943,0.000110089466,6.848657e-05,0.00012466976,0.00041340827,0.0069541405,0.99954957,0.36790565
1014,5,0.85351056,0.00033304942,6.852166e-05,0.000109917746,7.4730764e-05,0.00013097895,0.0003770656,0.008825297,0.9996125,0.3704208
1014,6,0.8263642,0.0004500787,0.00012009995,0.00012218076,7.5792945e-05,0.0001403422,0.00043339678,0.0045399033,0.99951994,0.37628093
1014,7,0.82395536,0.00034681655,0.00010497943,0.000110089466,6.848657e-05,0.00012466976,0.00041340827,0.0069541405,0.99954957,0.36790565
1014,8,0.8263642,0.0004500787,0.00012009995,0.00012218076,7.5792945e-05,0.0001403422,0.00043339678,0.0045399033,0.99951994,0.37631157
719,0,0.8373709,0.00028333312,6.7264504e-05,7.93522e-05,6.780639e-05,0.00022304579,0.000465004,0.00057185616,0.99966764,0.37514317
719,1,0.8373709,0.00028333312,6.7264504e-05,7.93522e-05,6.780639e-05,0.00022304579,0.000465004,0.00057185616,0.99966764,0.37514317
719,2,0.8373715,0.00028333312,6.7264504e-05,7.93522e-05,6.780639e-05,0.00022304579,0.000465004,0.00057185616,0.99966764,0.37514317
719,3,0.8373715,0.00028333312,6.7264504e-05,7.93522e-05,6.780639e-05,0.00022304579,0.000465004,0.00057185616,0.99966764,0.37514317
719,4,0.8373715,0.00028333312,6.7264504e-05,7.93522e-05,6.780639e-05,0.00022304579,0.000465004,0.00057185616,0.99966764,0.37514317
719,5,0.8373715,0.00028333312,6.7264504e-05,7.93522e-05,6.780639e-05,0.00022304579,0.000465004,0.00057185616,0.99966764,0.37524068
719,6,0.8373715,0.00028333312,6.7264504e-05,7.93522e-05,6.780639e-05,0.00022304579,0.000465004,0.00057185616,0.99966764,0.37524068
719,7,0.8373715,0.00028333312,6.7264504e-05,7.93522e-05,6.780639e-05,0.00022304579,0.000465004,0.00057185616,0.99966764,0.37524068
719,8,0.8373715,0.00028333312,6.7264504e-05,7.93522e-05,6.780639e-05,0.00022304579,0.000465004,0.00057185616,0.99966764,0.37524068
723,0,0.82893974,0.00054953207,9.241064e-05,0.00012273355,9.8104094e-05,0.0001847627,0.00048890803,0.00078607595,0.9997267,0.40662357
723,1,0.82893974,0.00054953207,9.241064e-05,0.00012273355,9.8104094e-05,0.0001847627,0.00048890803,0.00078607595,0.9997267,0.40662357
723,2,0.82893974,0.00054953207,9.241064e-05,0.00012273355,9.8104094e-05,0.0001847627,0.00048890803,0.00078607595,0.9997267,0.40662357
723,3,0.82893974,0.00054953207,9.241064e-05,0.00012273355,9.8104094e-05,0.0001847627,0.00048890803,0.00078607595,0.9997267,0.40662357
723,4,0.82893974,0.00054953207,9.241064e-05,0.00012273355,9.8104094e-05,0.0001847627,0.00048890803,0.00078607595,0.9997267,0.40662357
723,5,0.82893974,0.00054953207,9.241064e-05,0.00012273355,9.8104094e-05,0.0001847627,0.00048890803,0.00078607595,0.9997267,0.40662357
723,6,0.82893974,0.00054953207,9.241064e-05,0.00012273355,9.8104094e-05,0.0001847627,0.00048890803,0.00078607595,0.9997267,0.4065751
723,7,0.82893974,0.00054953207,9.241064e-05,0.00012273355,9.8104094e-05,0.0001847627,0.00048890803,0.00078607595,0.9997267,0.40624464
723,8,0.82893974,0.00054953207,9.241064e-05,0.00012273355,9.8104094e-05,0.0001847627,0.00048890803,0.00078607595,0.9997267,0.40624464
724,0,0.7326031,0.00044497932,8.7272165e-05,0.00016938135,7.776039e-05,0.0006067497,0.00048794335,2.0039404e-05,0.9997991,0.5777708
724,1,0.7326031,0.00044497932,8.7272165e-05,0.00016938135,7.776039e-05,0.0006067497,0.00048794335,2.0039404e-05,0.9997991,0.5777708
724,2,0.7326031,0.00044497932,8.7272165e-05,0.00016938135,7.776039e-05,0.0006067497,0.00048794335,2.0039404e-05,0.9997991,0.5777708
724,3,0.7326031,0.00044497932,8.7272165e-05,0.00016938135,7.776039e-05,0.0006067497,0.00048794335,2.0039404e-05,0.9997991,0.5777708
724,4,0.7326031,0.00044497932,8.7272165e-05,0.00016938135,7.776039e-05,0.0006067497,0.00048794335,2.0039404e-05,0.9997991,0.5777708
724,5,0.7326031,0.00044497932,8.7272165e-05,0.00016938135,7.776039e-05,0.0006067497,0.00048794335,2.0039404e-05,0.9997991,0.5777708
724,6,0.7326031,0.00044497932,8.7272165e-05,0.00016938135,7.776039e-05,0.0006067497,0.00048794335,2.0039404e-05,0.9997991,0.5777708
724,7,0.7326031,0.00044497932,8.7272165e-05,0.00016938135,7.776039e-05,0.0006067497,0.00048794335,2.0039404e-05,0.9997991,0.5777708
724,8,0.7326031,0.00044497932,8.7272165e-05,0.00016938135,7.776039e-05,0.0006067497,0.00048794335,2.0039404e-05,0.9997991,0.57755464
726,0,0.73205405,0.00058075116,7.556763e-05,5.9769136e-05,9.919009e-05,0.00041319814,0.00045888117,6.4503256e-05,0.99964666,0.3138447
726,1,0.73205405,0.00058075116,7.556763e-05,5.9769136e-05,9.919009e-05,0.00041319814,0.00045888117,6.4503256e-05,0.99964666,0.3138447
726,2,0.78372175,0.00073363684,7.560252e-05,5.9632617e-05,0.00010287232,0.00035465942,0.000452026,7.427529e-05,0.99972874,0.30011007
726,3,0.78372175,0.00073363684,7.560252e-05,5.9632617e-05,0.00010287232,0.00035465942,0.000452026,7.427529e-05,0.99972874,0.30011007
726,4,0.73205405,0.00058075116,7.556763e-05,5.9769136e-05,9.919009e-05,0.00041319814,0.00045888117,6.4503256e-05,0.99964666,0.31400073
726,5,0.78372175,0.00073363684,7.560252e-05,5.9632617e-05,0.00010287232,0.00035465942,0.000452026,7.427529e-05,0.99972874,0.30002168
726,6,0.73205405,0.00058075116,7.556763e-05,5.9769136e-05,9.919009e-05,0.00041319814,0.00045888117,6.4503256e-05,0.99964666,0.31400073
726,7,0.78372175,0.00073363684,7.560252e-05,5.9632617e-05,0.00010287232,0.00035465942,0.000452026,7.427529e-05,0.99972874,0.30002168
726,8,0.78372175,0.00073363684,7.560252e-05,5.9632617e-05,0.00010287232,0.00035465942,0.000452026,7.427529e-05,0.99972874,0.30002168
728,0,0.6872182,0.00041015708,9.6727694e-05,5.6969322e-05,6.215443e-05,0.00026121546,0.00020718931,4.221753e-05,0.9997192,0.49491987
728,1,0.6941224,0.00041907263,9.832453e-05,5.2887783e-05,6.121247e-05,0.00026176646,0.00019887759,4.3241816e-05,0.99973184,0.49396506
728,2,0.6872182,0.00041015708,9.6727694e-05,5.6969322e-05,6.215443e-05,0.00026121546,0.00020718931,4.221753e-05,0.9997192,0.49491987
728,3,0.6941224,0.00041907263,9.832453e-05,5.2887783e-05,6.121247e-05,0.00026176646,0.00019887759,4.3241816e-05,0.99973184,0.49396506
728,4,0.6872182,0.00041015708,9.6727694e-05,5.6969322e-05,6.215443e-05,0.00026121546,0.00020718931,4.221753e-05,0.9997192,0.49491987
728,5,0.6872182,0.00041015708,9.6727694e-05,5.6969322e-05,6.215443e-05,0.00026121546,0.00020718931,4.221753e-05,0.9997192,0.49491987
728,6,0.6941224,0.00041907263,9.832453e-05,5.2887783e-05,6.121247e-05,0.00026176646,0.00019887759,4.3241816e-05,0.99973184,0.49396506
728,7,0.6941224,0.00041907263,9.832453e-05,5.2887783e-05,6.121247e-05,0.00026176646,0.00019887759,4.3241816e-05,0.99973184,0.49396506
728,8,0.6872182,0.00041015708,9.6727694e-05,5.6969322e-05,6.215443e-05,0.00026121546,0.00020718931,4.221753e-05,0.9997192,0.49491987
730,0,0.7365326,0.00048731378,9.9938035e-05,0.00010357147,7.6321376e-05,0.0008771264,0.00047357593,2.2219574e-05,0.99978226,0.40199694
730,1,0.7365326,0.00048731378,9.9938035e-05,0.00010357147,7.6321376e-05,0.0008771264,0.00047357593,2.2219574e-05,0.99978226,0.40199694
730,2,0.7365326,0.00048731378,9.9938035e-05,0.00010357147,7.6321376e-05,0.0008771264,0.00047357593,2.2219574e-05,0.99978226,0.40199694
730,3,0.75301003,0.0004692446,9.184944e-05,0.00010204663,7.340302e-05,0.00077601895,0.00047220406,2.150836e-05,0.9997973,0.40920463
730,4,0.75301003,0.0004692446,9.184944e-05,0.00010204663,7.340302e-05,0.00077601895,0.00047220406,2.150836e-05,0.9997973,0.40920463
730,5,0.7365326,0.00048731378,9.9938035e-05,0.00010357147,7.6321376e-05,0.0008771264,0.00047357593,2.2219574e-05,0.99978226,0.40169528
730,6,0.7365326,0.00048731378,9.9938035e-05,0.00010357147,7.6321376e-05,0.0008771264,0.00047357593,2.2219574e-05,0.99978226,0.40169528
730,7,0.7365326,0.00048731378,9.9938035e-05,0.00010357147,7.6321376e-05,0.0008771264,0.00047357593,2.2219574e-05,0.99978226,0.40169528
730,8,0.75301003,0.0004692446,9.184944e-05,0.00010204663,7.340302e-05,0.00077601895,0.00047220406,2.150836e-05,0.9997973,0.40974903
732,0,0.96688914,0.0011011641,0.000108804634,0.0002597091,0.0002343833,0.00023092887,0.0008157176,0.0032624078,0.99983656,0.42685533
732,1,0.96688914,0.0011011641,0.000108804634,0.0002597091,0.0002343833,0.00023092887,0.0008157176,0.0032624078,0.99983656,0.42685533
732,2,0.96688914,0.0011011641,0.000108804634,0.0002597091,0.0002343833,0.00023092887,0.0008157176,0.0032624078,0.99983656,0.42685533
732,3,0.96688914,0.0011011641,0.000108804634,0.0002597091,0.0002343833,0.00023092887,0.0008157176,0.0032624078,0.99983656,0.42685533
732,4,0.96688914,0.0011011641,0.000108804634,0.0002597091,0.0002343833,0.00023092887,0.0008157176,0.0032624078,0.99983656,0.42685533
732,5,0.9842891,0.0010640145,0.00013150294,0.00026243264,0.00018755655,0.0002806885,0.0011066872,0.001317215,0.9998379,0.4820083
732,6,0.96688914,0.0011011641,0.000108804634,0.0002597091,0.0002343833,0.00023092887,0.0008157176,0.0032624078,0.99983656,0.42685533
732,7,0.9842891,0.0010640145,0.00013150294,0.00026243264,0.00018755655,0.0002806885,0.0011066872,0.001317215,0.9998379,0.4820083
732,8,0.96688914,0.0011011641,0.000108804634,0.0002597091,0.0002343833,0.00023092887,0.0008157176,0.0032624078,0.99983656,0.42685533
733,0,0.89396334,0.0008713731,0.00016758242,0.00012973198,0.00012612328,0.00023379385,0.0008224235,0.0024247225,0.99971443,0.34606138
733,1,0.89396334,0.0008713731,0.00016758242,0.00012973198,0.00012612328,0.00023379385,0.0008224235,0.0024247225,0.99971443,0.34580335
733,2,0.89396334,0.0008713731,0.00016758242,0.00012973198,0.00012612328,0.00023379385,0.0008224235,0.0024247225,0.99971443,0.34580335
733,3,0.89396334,0.0008713731,0.00016758242,0.00012973198,0.00012612328,0.00023379385,0.0008224235,0.0024247225,0.99971443,0.34580335
733,4,0.89396334,0.0008713731,0.00016758242,0.00012973198,0.00012612328,0.00023379385,0.0008224235,0.0024247225,0.99971443,0.34580335
733,5,0.89396334,0.0008713731,0.00016758242,0.00012973198,0.00012612328,0.00023379385,0.0008224235,0.0024247225,0.99971443,0.34580335
733,6,0.89396334,0.0008713731,0.00016758242,0.00012973198,0.00012612328,0.00023379385,0.0008224235,0.0024247225,0.99971443,0.34580335
733,7,0.89396334,0.0008713731,0.00016758242,0.00012973198,0.00012612328,0.00023379385,0.0008224235,0.0024247225,0.99971443,0.34580335
733,8,0.89396334,0.0008713731,0.00016758242,0.00012973198,0.00012612328,0.00023379385,0.0008224235,0.0024247225,0.99971443,0.34580335
736,0,0.64751726,0.0018617202,0.00023492586,0.00029861197,0.00045196095,0.00033301706,0.0030480798,0.00015207798,0.9997149,0.3636311
736,1,0.64751726,0.0018617202,0.00023492586,0.00029861197,0.00045196095,0.00033301706,0.0030480798,0.00015207798,0.9997149,0.3636311
736,2,0.64751726,0.0018617202,0.00023492586,0.00029861197,0.00045196095,0.00033301706,0.0030480798,0.00015207798,0.9997149,0.3636311
736,3,0.64751726,0.0018617202,0.00023492586,0.00029861197,0.00045196095,0.00033301706,0.0030480798,0.00015207798,0.9997149,0.3636311
736,4,0.64751726,0.0018617202,0.00023492586,0.00029861197,0.00045196095,0.00033301706,0.0030480798,0.00015207798,0.9997149,0.3636311
736,5,0.64751726,0.0018617202,0.00023492586,0.00029861197,0.00045196095,0.00033301706,0.0030480798,0.00015207798,0.9997149,0.3636311
736,6,0.64751726,0.0018617202,0.00023492586,0.00029861197,0.00045196095,0.00033301706,0.0030480798,0.00015207798,0.9997149,0.3636311
736,7,0.64751726,0.0018617202,0.00023492586,0.00029861197,0.00045196095,0.00033301706,0.0030480798,0.00015207798,0.9997149,0.3636311
736,8,0.64751726,0.0018617202,0.00023492586,0.00029861197,0.00045196095,0.00033301706,0.0030480798,0.00015207798,0.9997149,0.3636311
737,0,0.9414129,0.0008765244,0.00016760096,0.00016784357,0.00015718381,0.00022205233,0.00066879194,0.00065787026,0.9998274,0.35094678
737,1,0.9414131,0.0008765244,0.00016760096,0.00016784357,0.00015718381,0.00022205233,0.00066879194,0.00065787026,0.9998274,0.35094678
737,2,0.9414131,0.0008765244,0.00016760096,0.00016784357,0.00015718381,0.00022205233,0.00066879194,0.00065787026,0.9998274,0.35094678
737,3,0.9414131,0.0008765244,0.00016760096,0.00016784357,0.00015718381,0.00022205233,0.00066879194,0.00065787026,0.9998274,0.35094678
737,4,0.9414131,0.0008765244,0.00016760096,0.00016784357,0.00015718381,0.00022205233,0.00066879194,0.00065787026,0.9998274,0.35085738
737,5,0.9414131,0.0008765244,0.00016760096,0.00016784357,0.00015718381,0.00022205233,0.00066879194,0.00065787026,0.9998274,0.35085738
737,6,0.9414131,0.0008765244,0.00016760096,0.00016784357,0.00015718381,0.00022205233,0.00066879194,0.00065787026,0.9998274,0.35085738
737,7,0.9414131,0.0008765244,0.00016760096,0.00016784357,0.00015718381,0.00022205233,0.00066879194,0.00065787026,0.9998274,0.35085738
737,8,0.9414131,0.0008765244,0.00016760096,0.00016784357,0.00015718381,0.00022205233,0.00066879194,0.00065787026,0.9998274,0.35085738
738,0,0.64311665,0.0007735533,0.00018747269,0.00021104075,0.00020146831,0.0005351446,0.0012013098,4.5463024e-05,0.9995096,0.36854038
738,1,0.64311665,0.0007735533,0.00018747269,0.00021104075,0.00020146831,0.0005351446,0.0012013098,4.5463024e-05,0.9995096,0.36854038
738,2,0.64311665,0.0007735533,0.00018747269,0.00021104075,0.00020146831,0.0005351446,0.0012013098,4.5463024e-05,0.9995096,0.36854038
738,3,0.64311665,0.0007735533,0.00018747269,0.00021104075,0.00020146831,0.0005351446,0.0012013098,4.5463024e-05,0.9995096,0.36854038
738,4,0.64311665,0.0007735533,0.00018747269,0.00021104075,0.00020146831,0.0005351446,0.0012013098,4.5463024e-05,0.9995096,0.36854038
738,5,0.64311665,0.0007735533,0.00018747269,0.00021104075,0.00020146831,0.0005351446,0.0012013098,4.5463024e-05,0.9995096,0.36854038
738,6,0.64311665,0.0007735533,0.00018747269,0.00021104075,0.00020146831,0.0005351446,0.0012013098,4.5463024e-05,0.9995096,0.36854038
738,7,0.64311665,0.0007735533,0.00018747269,0.00021104075,0.00020146831,0.0005351446,0.0012013098,4.5463024e-05,0.9995096,0.36854038
738,8,0.64311665,0.0007735533,0.00018747269,0.00021104075,0.00020146831,0.0005351446,0.0012013098,4.5463024e-05,0.9995096,0.36854038
739,0,0.6691266,0.00062677485,0.00015065055,0.00015145456,6.471076e-05,0.00029185688,0.00047790306,2.709164e-05,0.9996222,0.35258135
739,1,0.6691266,0.00062677485,0.00015065055,0.00015145456,6.471076e-05,0.00029185688,0.00047790306,2.709164e-05,0.9996222,0.352566
739,2,0.6691266,0.00062677485,0.00015065055,0.00015145456,6.471076e-05,0.00029185688,0.00047790306,2.709164e-05,0.9996222,0.3525702
739,3,0.6691266,0.00062677485,0.00015065055,0.00015145456,6.471076e-05,0.00029185688,0.00047790306,2.709164e-05,0.9996222,0.3525702
739,4,0.6691266,0.00062677485,0.00015065055,0.00015145456,6.471076e-05,0.00029185688,0.00047790306,2.709164e-05,0.9996222,0.3525702
739,5,0.6691266,0.00062677485,0.00015065055,0.00015145456,6.471076e-05,0.00029185688,0.00047790306,2.709164e-05,0.9996222,0.3525702
739,6,0.6691266,0.00062677485,0.00015065055,0.00015145456,6.471076e-05,0.00029185688,0.00047790306,2.709164e-05,0.9996222,0.3525702
739,7,0.66912556,0.00062677485,0.00015065055,0.00015145456,6.471076e-05,0.00029185688,0.00047790306,2.709164e-05,0.9996222,0.3524039
739,8,0.66912556,0.00062677485,0.00015065055,0.00015145456,6.471076e-05,0.00029185688,0.00047790306,2.709164e-05,0.9996222,0.3524039
740,0,0.8884611,0.00039890155,0.000111897694,9.832707e-05,8.997572e-05,0.00015916787,0.00054707524,0.0032361506,0.999681,0.37150562
740,1,0.8884611,0.00039890155,0.000111897694,9.832707e-05,8.997572e-05,0.00015916787,0.00054707524,0.0032361506,0.999681,0.37150562
740,2,0.8884611,0.00039890155,0.000111897694,9.832707e-05,8.997572e-05,0.00015916787,0.00054707524,0.0032361506,0.999681,0.37150562
740,3,0.8884611,0.00039890155,0.000111897694,9.832707e-05,8.997572e-05,0.00015916787,0.00054707524,0.0032361506,0.999681,0.37150562
740,4,0.8884611,0.00039890155,0.000111897694,9.832707e-05,8.997572e-05,0.00015916787,0.00054707524,0.0032361506,0.999681,0.37150562
740,5,0.8884611,0.00039890155,0.000111897694,9.832707e-05,8.997572e-05,0.00015916787,0.00054707524,0.0032361506,0.999681,0.37150562
740,6,0.8884611,0.00039890155,0.000111897694,9.832707e-05,8.997572e-05,0.00015916787,0.00054707524,0.0032361506,0.999681,0.37150562
740,7,0.8884611,0.00039890155,0.000111897694,9.832707e-05,8.997572e-05,0.00015916787,0.00054707524,0.0032361506,0.999681,0.37150562
740,8,0.8884611,0.00039890155,0.000111897694,9.832707e-05,8.997572e-05,0.00015916787,0.00054707524,0.0032361506,0.999681,0.3714852
743,0,0.72875214,0.001161156,9.930148e-05,0.00012784376,0.00016944078,0.00041980896,0.0004239395,0.0009990446,0.99966705,0.34735993
743,1,0.65792155,0.0011790863,0.00010159621,0.00013837451,0.00017074753,0.0004088739,0.00045258953,0.0013488452,0.99965096,0.34516466
743,2,0.72875214,0.001161156,9.930148e-05,0.00012784376,0.00016944078,0.00041980896,0.0004239395,0.0009990446,0.99966705,0.34735993
743,3,0.6995556,0.0011509456,0.00010063298,0.00013129582,0.00016786916,0.0004046269,0.00043483792,0.0011247735,0.9996278,0.3478841
743,4,0.59195876,0.0015233249,0.0001297175,0.00016919717,0.00023296477,0.000836025,0.00056744984,0.0014472482,0.9995245,0.35376504
743,5,0.72875214,0.001161156,9.930148e-05,0.00012784376,0.00016944078,0.00041980896,0.0004239395,0.0009990446,0.99966705,0.3473923
743,6,0.636211,0.001232998,0.00010432191,0.00014188436,0.00017497323,0.00040505914,0.00046577552,0.0013674137,0.999627,0.34585273
743,7,0.72875214,0.001161156,9.930148e-05,0.00012784376,0.00016944078,0.00041980896,0.0004239395,0.0009990446,0.99966705,0.3473923
743,8,0.49354863,0.0016055562,0.00012996215,0.00018550624,0.0002444075,0.0007814819,0.0005922018,0.0020346679,0.999524,0.35048565
744,0,0.94678956,0.0005764496,7.450605e-05,7.922608e-05,0.00011349339,0.00027441175,0.0003275421,0.0025903115,0.9997205,0.3992202
744,1,0.94678956,0.0005764496,7.450605e-05,7.922608e-05,0.00011349339,0.00027441175,0.0003275421,0.0025903115,0.9997205,0.39923814
744,2,0.94678956,0.0005764496,7.450605e-05,7.922608e-05,0.00011349339,0.00027441175,0.0003275421,0.0025903115,0.9997205,0.39923814
744,3,0.94678956,0.0005764496,7.450605e-05,7.922608e-05,0.00011349339,0.00027441175,0.0003275421,0.0025903115,0.9997205,0.39923814
744,4,0.91598207,0.0005977195,6.91988e-05,8.788357e-05,0.00011574163,0.000398935,0.0002862162,0.00049207546,0.9997422,0.3803246
744,5,0.91393703,0.0005937432,6.832754e-05,8.53596e-05,0.00011344091,0.00039495082,0.00027937628,0.00047272217,0.99974185,0.38246498
744,6,0.91401225,0.00057441654,6.849749e-05,8.37902e-05,0.000113350194,0.00041576856,0.00028267477,0.00043960416,0.9997528,0.37889326
744,7,0.94678956,0.0005764496,7.450605e-05,7.922608e-05,0.00011349339,0.00027441175,0.0003275421,0.0025903115,0.9997205,0.39915165
744,8,0.94678956,0.0005764496,7.450605e-05,7.922608e-05,0.00011349339,0.00027441175,0.0003275421,0.0025903115,0.9997205,0.39915165
745,0,0.9960117,0.0005358763,0.00027109488,8.862382e-05,0.00022734511,0.00026089192,0.0009892635,0.00097516185,0.9997638,0.3827739
745,1,0.9960117,0.0005358763,0.00027109488,8.862382e-05,0.00022734511,0.00026089192,0.0009892635,0.00097516185,0.9997638,0.3827739
745,2,0.9960117,0.0005358763,0.00027109488,8.862382e-05,0.00022734511,0.00026089192,0.0009892635,0.00097516185,0.9997638,0.3827739
745,3,0.9960117,0.0005358763,0.00027109488,8.862382e-05,0.00022734511,0.00026089192,0.0009892635,0.00097516185,0.9997638,0.38331947
745,4,0.9960117,0.0005358763,0.00027109488,8.862382e-05,0.00022734511,0.00026089192,0.0009892635,0.00097516185,0.9997638,0.38331947
745,5,0.9960117,0.0005358763,0.00027109488,8.862382e-05,0.00022734511,0.00026089192,0.0009892635,0.00097516185,0.9997638,0.38331947
745,6,0.9960117,0.0005358763,0.00027109488,8.862382e-05,0.00022734511,0.00026089192,0.0009892635,0.00097516185,0.9997638,0.38331947
745,7,0.9960117,0.0005358763,0.00027109488,8.862382e-05,0.00022734511,0.00026089192,0.0009892635,0.00097516185,0.9997638,0.38331947
745,8,0.9960117,0.0005358763,0.00027109488,8.862382e-05,0.00022734511,0.00026089192,0.0009892635,0.00097516185,0.9997638,0.38314283
747,0,0.77576965,0.00095310673,0.00026392716,5.355018e-05,0.00029098196,0.00022831243,0.0011695315,0.12776586,0.99904984,0.38907635
747,1,0.77576965,0.00095310673,0.00026392716,5.355018e-05,0.00029098196,0.00022831243,0.0011695315,0.12776586,0.99904984,0.38907635
747,2,0.77576965,0.00095310673,0.00026392716,5.355018e-05,0.00029098196,0.00022831243,0.0011695315,0.12776586,0.99904984,0.38907635
747,3,0.77576965,0.00095310673,0.00026392716,5.355018e-05,0.00029098196,0.00022831243,0.0011695315,0.12776586,0.99904984,0.38907635
747,4,0.77576965,0.00095310673,0.00026392716,5.355018e-05,0.00029098196,0.00022831243,0.0011695315,0.12776586,0.99904984,0.3890847
747,5,0.77576965,0.00095310673,0.00026392716,5.355018e-05,0.00029098196,0.00022831243,0.0011695315,0.12776586,0.99904984,0.3890576
747,6,0.77576965,0.00095310673,0.00026392716,5.355018e-05,0.00029098196,0.00022831243,0.0011695315,0.12776586,0.99904984,0.3890576
747,7,0.77576965,0.00095310673,0.00026392716,5.355018e-05,0.00029098196,0.00022831243,0.0011695315,0.12776586,0.99904984,0.3890576
747,8,0.77576965,0.00095310673,0.00026392716,5.355018e-05,0.00029098196,0.00022831243,0.0011695315,0.12776586,0.99904984,0.3890576
750,0,0.8246107,0.0004163504,9.00869e-05,6.354836e-05,8.918471e-05,0.00012740844,0.00045275953,0.011059981,0.9997286,0.36799416
750,1,0.8246107,0.0004163504,9.00869e-05,6.354836e-05,8.918471e-05,0.00012740844,0.00045275953,0.011059981,0.9997286,0.36799416
750,2,0.8246107,0.0004163504,9.00869e-05,6.354836e-05,8.918471e-05,0.00012740844,0.00045275953,0.011059981,0.9997286,0.36799416
750,3,0.8246107,0.0004163504,9.00869e-05,6.354836e-05,8.918471e-05,0.00012740844,0.00045275953,0.011059981,0.9997286,0.36799416
750,4,0.8246107,0.0004163504,9.00869e-05,6.354836e-05,8.918471e-05,0.00012740844,0.00045275953,0.011059981,0.9997286,0.36799416
750,5,0.8246107,0.0004163504,9.00869e-05,6.354836e-05,8.918471e-05,0.00012740844,0.00045275953,0.011059981,0.9997286,0.36799416
750,6,0.8246107,0.0004163504,9.00869e-05,6.354836e-05,8.918471e-05,0.00012740844,0.00045275953,0.011059981,0.9997286,0.3680242
750,7,0.8246107,0.0004163504,9.00869e-05,6.354836e-05,8.918471e-05,0.00012740844,0.00045275953,0.011059981,0.9997286,0.3681337
750,8,0.8246107,0.0004163504,9.00869e-05,6.354836e-05,8.918471e-05,0.00012740844,0.00045275953,0.011059981,0.9997286,0.3681337
751,0,0.7417608,0.0004042271,8.324116e-05,0.00016772948,5.0224888e-05,0.0007397276,0.00042283826,1.3914228e-05,0.9997664,0.39992973
751,1,0.7417608,0.0004042271,8.324116e-05,0.00016772948,5.0224888e-05,0.0007397276,0.00042283826,1.3914228e-05,0.9997664,0.39992973
751,2,0.7417608,0.0004042271,8.324116e-05,0.00016772948,5.0224888e-05,0.0007397276,0.00042283826,1.3914228e-05,0.9997664,0.39992973
751,3,0.7417608,0.0004042271,8.324116e-05,0.00016772948,5.0224888e-05,0.0007397276,0.00042283826,1.3914228e-05,0.9997664,0.39992973
751,4,0.7417608,0.0004042271,8.324116e-05,0.00016772948,5.0224888e-05,0.0007397276,0.00042283826,1.3914228e-05,0.9997664,0.39992973
751,5,0.7417608,0.0004042271,8.324116e-05,0.00016772948,5.0224888e-05,0.0007397276,0.00042283826,1.3914228e-05,0.9997664,0.39992973
751,6,0.7417608,0.0004042271,8.324116e-05,0.00016772948,5.0224888e-05,0.0007397276,0.00042283826,1.3914228e-05,0.9997664,0.39992973
751,7,0.7417608,0.0004042271,8.324116e-05,0.00016772948,5.0224888e-05,0.0007397276,0.00042283826,1.3914228e-05,0.9997664,0.39992973
751,8,0.7417608,0.0004042271,8.324116e-05,0.00016772948,5.0224888e-05,0.0007397276,0.00042283826,1.3914228e-05,0.9997664,0.40019667
753,0,0.7899223,0.00082576094,7.41045e-05,9.462841e-05,0.00010336515,0.00041226114,0.0006470377,0.00012221222,0.9997359,0.5469647
753,1,0.7899223,0.00082576094,7.41045e-05,9.462841e-05,0.00010336515,0.00041226114,0.0006470377,0.00012221222,0.9997359,0.5469647
753,2,0.7899223,0.00082576094,7.41045e-05,9.462841e-05,0.00010336515,0.00041226114,0.0006470377,0.00012221222,0.9997359,0.5469647
753,3,0.7899223,0.00082576094,7.41045e-05,9.462841e-05,0.00010336515,0.00041226114,0.0006470377,0.00012221222,0.9997359,0.5469647
753,4,0.7899223,0.00082576094,7.41045e-05,9.462841e-05,0.00010336515,0.00041226114,0.0006470377,0.00012221222,0.9997359,0.5469647
753,5,0.7899223,0.00082576094,7.41045e-05,9.462841e-05,0.00010336515,0.00041226114,0.0006470377,0.00012221222,0.9997359,0.5469647
753,6,0.7899223,0.00082576094,7.41045e-05,9.462841e-05,0.00010336515,0.00041226114,0.0006470377,0.00012221222,0.9997359,0.5469647
753,7,0.7899223,0.00082576094,7.41045e-05,9.462841e-05,0.00010336515,0.00041226114,0.0006470377,0.00012221222,0.9997359,0.5469647
753,8,0.7899223,0.00082576094,7.41045e-05,9.462841e-05,0.00010336515,0.00041226114,0.0006470377,0.00012221222,0.9997359,0.5469647
758,0,2.3644248e-05,0.086973295,0.8363608,0.02897798,0.35857323,0.00087563327,0.9105328,0.695621,0.00024451307,0.0039898567
758,1,2.3644248e-05,0.086973295,0.8363608,0.02897798,0.35857323,0.00087563327,0.9105328,0.695621,0.00024451307,0.0039898567
758,2,1.2813632e-05,0.08332447,0.76419157,0.015957212,0.31896007,0.00059162406,0.41249496,0.611823,0.00015265621,0.0031677578
758,3,2.3644248e-05,0.086973295,0.8363608,0.02897798,0.35857323,0.00087563327,0.9105328,0.695621,0.00024451307,0.0039898567
758,4,1.2813632e-05,0.08332447,0.76419157,0.015957212,0.31896007,0.00059162406,0.41249496,0.611823,0.00015265621,0.0031677578
758,5,1.2813632e-05,0.08332447,0.76419157,0.015957212,0.31896007,0.00059162406,0.41249496,0.611823,0.00015265621,0.0031677578
758,6,2.3644248e-05,0.086973295,0.8363608,0.02897798,0.35857323,0.00087563327,0.9105328,0.695621,0.00024451307,0.0039752824
758,7,2.3644248e-05,0.086973295,0.8363608,0.02897798,0.35857323,0.00087563327,0.9105328,0.695621,0.00024451307,0.0039752824
758,8,2.3644248e-05,0.086973295,0.8363608,0.02897798,0.35857323,0.00087563327,0.9105328,0.695621,0.00024451307,0.0039752824
760,0,0.88641137,0.00045490832,5.0907838e-05,4.9129467e-05,7.6320066e-05,0.00012474445,0.00036394902,0.00048373837,0.9998222,0.35915825
760,1,0.8911107,0.0004452433,4.9456827e-05,5.528473e-05,7.561578e-05,0.00012721954,0.00033660186,0.0007876558,0.9998343,0.3532057
760,2,0.8911107,0.0004452433,4.9456827e-05,5.528473e-05,7.561578e-05,0.00012721954,0.00033660186,0.0007876558,0.9998343,0.3532057
760,3,0.88641137,0.00045490832,5.0907838e-05,4.9129467e-05,7.6320066e-05,0.00012474445,0.00036394902,0.00048373837,0.9998222,0.35915825
760,4,0.8911107,0.0004452433,4.9456827e-05,5.528473e-05,7.561578e-05,0.00012721954,0.00033660186,0.0007876558,0.9998343,0.3532057
760,5,0.88641137,0.00045490832,5.0907838e-05,4.9129467e-05,7.6320066e-05,0.00012474445,0.00036394902,0.00048373837,0.9998222,0.35915825
760,6,0.88641137,0.00045490832,5.0907838e-05,4.9129467e-05,7.6320066e-05,0.00012474445,0.00036394902,0.00048373837,0.9998222,0.35915825
760,7,0.8911107,0.0004452433,4.9456827e-05,5.528473e-05,7.561578e-05,0.00012721954,0.00033660186,0.0007876558,0.9998343,0.3532057
760,8,0.8911107,0.0004452433,4.9456827e-05,5.528473e-05,7.561578e-05,0.00012721954,0.00033660186,0.0007876558,0.9998343,0.3532057
761,0,0.80735666,0.00071906653,0.000103089034,9.944058e-05,0.0001299318,0.0004210564,0.00054464967,0.0011344586,0.9997329,0.543051
761,1,0.80735666,0.00071906653,0.000103089034,9.944058e-05,0.0001299318,0.0004210564,0.00054464967,0.0011344586,0.9997329,0.543051
761,2,0.80735666,0.00071906653,0.000103089034,9.944058e-05,0.0001299318,0.0004210564,0.00054464967,0.0011344586,0.9997329,0.543051
761,3,0.80735666,0.00071906653,0.000103089034,9.944058e-05,0.0001299318,0.0004210564,0.00054464967,0.0011344586,0.9997329,0.543051
761,4,0.80735666,0.00071906653,0.000103089034,9.944058e-05,0.0001299318,0.0004210564,0.00054464967,0.0011344586,0.9997329,0.5421465
761,5,0.80735666,0.00071906653,0.000103089034,9.944058e-05,0.0001299318,0.0004210564,0.00054464967,0.0011344586,0.9997329,0.5421465
761,6,0.80735666,0.00071906653,0.000103089034,9.944058e-05,0.0001299318,0.0004210564,0.00054464967,0.0011344586,0.9997329,0.5421465
761,7,0.80735666,0.00071906653,0.000103089034,9.944058e-05,0.0001299318,0.0004210564,0.00054464967,0.0011344586,0.9997329,0.5421465
761,8,0.80735666,0.00071906653,0.000103089034,9.944058e-05,0.0001299318,0.0004210564,0.00054464967,0.0011344586,0.9997329,0.5421465
764,0,0.78585035,0.0003420633,7.475543e-05,8.1871374e-05,4.4365945e-05,0.0001820518,0.00034113563,1.8206209e-05,0.9997868,0.41793153
764,1,0.78585035,0.0003420633,7.475543e-05,8.1871374e-05,4.4365945e-05,0.0001820518,0.00034113563,1.8206209e-05,0.9997868,0.41796288
764,2,0.78585035,0.0003420633,7.475543e-05,8.1871374e-05,4.4365945e-05,0.0001820518,0.00034113563,1.8206209e-05,0.9997868,0.41796288
764,3,0.78585035,0.0003420633,7.475543e-05,8.1871374e-05,4.4365945e-05,0.0001820518,0.00034113563,1.8206209e-05,0.9997868,0.41796288
764,4,0.78585035,0.0003420633,7.475543e-05,8.1871374e-05,4.4365945e-05,0.0001820518,0.00034113563,1.8206209e-05,0.9997868,0.41796288
764,5,0.78585035,0.0003420633,7.475543e-05,8.1871374e-05,4.4365945e-05,0.0001820518,0.00034113563,1.8206209e-05,0.9997868,0.41796288
764,6,0.78585035,0.0003420633,7.475543e-05,8.1871374e-05,4.4365945e-05,0.0001820518,0.00034113563,1.8206209e-05,0.9997868,0.41796288
764,7,0.78585035,0.0003420633,7.475543e-05,8.1871374e-05,4.4365945e-05,0.0001820518,0.00034113563,1.8206209e-05,0.9997868,0.41796288
764,8,0.78585035,0.0003420633,7.475543e-05,8.1871374e-05,4.4365945e-05,0.0001820518,0.00034113563,1.8206209e-05,0.9997868,0.41796288
765,0,0.8727358,0.00040143458,0.0001639661,0.00010962142,8.792792e-05,0.00028683248,0.0006784658,0.00045529398,0.99974436,0.42883977
765,1,0.8727358,0.00040143458,0.0001639661,0.00010962142,8.792792e-05,0.00028683248,0.0006784658,0.00045529398,0.99974436,0.42883977
765,2,0.8727358,0.00040143458,0.0001639661,0.00010962142,8.792792e-05,0.00028683248,0.0006784658,0.00045529398,0.99974436,0.42867038
765,3,0.8727358,0.00040143458,0.0001639661,0.00010962142,8.792792e-05,0.00028683248,0.0006784658,0.00045529398,0.99974436,0.42867038
765,4,0.84075147,0.00043433974,0.00016717895,0.00012496326,9.8933146e-05,0.0002512105,0.0006835405,0.00056273455,0.99971634,0.4401745
765,5,0.84075147,0.00043433974,0.00016717895,0.00012496326,9.8933146e-05,0.0002512105,0.0006835405,0.00056273455,0.99971634,0.4401745
765,6,0.8727358,0.00040143458,0.0001639661,0.00010962142,8.792792e-05,0.00028683248,0.0006784658,0.00045529398,0.99974436,0.42867038
765,7,0.84075147,0.00043433974,0.00016717895,0.00012496326,9.8933146e-05,0.0002512105,0.0006835405,0.00056273455,0.99971634,0.440196
765,8,0.8727358,0.00040143458,0.0001639661,0.00010962142,8.792792e-05,0.00028683248,0.0006784658,0.00045529398,0.99974436,0.428516
766,0,0.82590085,0.0003154712,6.3144056e-05,0.000116977666,4.3746597e-05,0.00033101975,0.0002851705,2.7608472e-05,0.99982774,0.415133
766,1,0.82590085,0.0003154712,6.3144056e-05,0.000116977666,4.3746597e-05,0.00033101975,0.0002851705,2.7608472e-05,0.99982774,0.415133
766,2,0.82590085,0.0003154712,6.3144056e-05,0.000116977666,4.3746597e-05,0.00033101975,0.0002851705,2.7608472e-05,0.99982774,0.415133
766,3,0.82590085,0.0003154712,6.3144056e-05,0.000116977666,4.3746597e-05,0.00033101975,0.0002851705,2.7608472e-05,0.99982774,0.415133
766,4,0.82590085,0.0003154712,6.3144056e-05,0.000116977666,4.3746597e-05,0.00033101975,0.0002851705,2.7608472e-05,0.99982774,0.415133
766,5,0.82590085,0.0003154712,6.3144056e-05,0.000116977666,4.3746597e-05,0.00033101975,0.0002851705,2.7608472e-05,0.99982774,0.415133
766,6,0.82590085,0.0003154712,6.3144056e-05,0.000116977666,4.3746597e-05,0.00033101975,0.0002851705,2.7608472e-05,0.99982774,0.415133
766,7,0.82590085,0.0003154712,6.3144056e-05,0.000116977666,4.3746597e-05,0.00033101975,0.0002851705,2.7608472e-05,0.99982774,0.415133
766,8,0.82590085,0.0003154712,6.3144056e-05,0.000116977666,4.3746597e-05,0.00033101975,0.0002851705,2.7608472e-05,0.99982774,0.415133
769,0,0.7519967,0.0005271462,8.585054e-05,0.0001066359,0.00011555272,0.00010534746,0.00044496724,0.013739956,0.9997476,0.3618977
769,1,0.7519967,0.0005271462,8.585054e-05,0.0001066359,0.00011555272,0.00010534746,0.00044496724,0.013739956,0.9997476,0.3618977
769,2,0.7519967,0.0005271462,8.585054e-05,0.0001066359,0.00011555272,0.00010534746,0.00044496724,0.013739956,0.9997476,0.3618977
769,3,0.7519967,0.0005271462,8.585054e-05,0.0001066359,0.00011555272,0.00010534746,0.00044496724,0.013739956,0.9997476,0.3618977
769,4,0.7519967,0.0005271462,8.585054e-05,0.0001066359,0.00011555272,0.00010534746,0.00044496724,0.013739956,0.9997476,0.3618977
769,5,0.33330864,0.0014775454,0.000329702,0.00017406601,0.00042834601,0.000110438436,0.0018247935,0.9992244,0.9439277,0.26010817
769,6,0.33330864,0.0014775454,0.000329702,0.00017406601,0.00042834601,0.000110438436,0.0018247935,0.9992244,0.9439277,0.26010817
769,7,0.7519967,0.0005271462,8.585054e-05,0.0001066359,0.00011555272,0.00010534746,0.00044496724,0.013739956,0.9997476,0.3618977
769,8,0.33330864,0.0014775454,0.000329702,0.00017406601,0.00042834601,0.000110438436,0.0018247935,0.9992244,0.9439277,0.26010817
772,0,0.7320476,0.00034710168,7.170611e-05,9.852268e-05,7.309295e-05,0.0009017517,0.00062581565,5.8246314e-05,0.9997125,0.5172984
772,1,0.7320476,0.00034710168,7.170611e-05,9.852268e-05,7.309295e-05,0.0009017517,0.00062581565,5.8246314e-05,0.9997125,0.5172984
772,2,0.7320476,0.00034710168,7.170611e-05,9.852268e-05,7.309295e-05,0.0009017517,0.00062581565,5.8246314e-05,0.9997125,0.51716596
772,3,0.7320476,0.00034710168,7.170611e-05,9.852268e-05,7.309295e-05,0.0009017517,0.00062581565,5.8246314e-05,0.9997125,0.51716596
772,4,0.7161572,0.00026375108,5.608037e-05,7.597007e-05,5.574638e-05,0.00081272895,0.0004995132,4.8974824e-05,0.9997044,0.48069587
772,5,0.7161572,0.00026375108,5.608037e-05,7.597007e-05,5.574638e-05,0.00081272895,0.0004995132,4.8974824e-05,0.9997044,0.48069587
772,6,0.7133107,0.0002716714,7.450676e-05,8.5465e-05,6.23073e-05,0.00084718294,0.00054185535,5.48289e-05,0.9996972,0.46519575
772,7,0.71432954,0.00026904195,7.683731e-05,8.143285e-05,6.383523e-05,0.0009133284,0.0005661322,6.270924e-05,0.9996669,0.47490647
772,8,0.7133107,0.0002716714,7.450676e-05,8.5465e-05,6.23073e-05,0.00084718294,0.00054185535,5.48289e-05,0.9996972,0.46427655
773,0,0.7451499,0.0006122415,0.00012347332,0.0001618781,0.0001303914,0.0010210673,0.0008558986,2.3608725e-05,0.99952686,0.35464302
773,1,0.7451499,0.0006122415,0.00012347332,0.0001618781,0.0001303914,0.0010210673,0.0008558986,2.3608725e-05,0.99952686,0.35464302
773,2,0.7451499,0.0006122415,0.00012347332,0.0001618781,0.0001303914,0.0010210673,0.0008558986,2.3608725e-05,0.99952686,0.35464302
773,3,0.7451499,0.0006122415,0.00012347332,0.0001618781,0.0001303914,0.0010210673,0.0008558986,2.3608725e-05,0.99952686,0.35464302
773,4,0.7451499,0.0006122415,0.00012347332,0.0001618781,0.0001303914,0.0010210673,0.0008558986,2.3608725e-05,0.99952686,0.35464302
773,5,0.7451499,0.0006122415,0.00012347332,0.0001618781,0.0001303914,0.0010210673,0.0008558986,2.3608725e-05,0.99952686,0.35464302
773,6,0.7451499,0.0006122415,0.00012347332,0.0001618781,0.0001303914,0.0010210673,0.0008558986,2.3608725e-05,0.99952686,0.35464302
773,7,0.7451499,0.0006122415,0.00012347332,0.0001618781,0.0001303914,0.0010210673,0.0008558986,2.3608725e-05,0.99952686,0.35464302
773,8,0.7451499,0.0006122415,0.00012347332,0.0001618781,0.0001303914,0.0010210673,0.0008558986,2.3608725e-05,0.99952686,0.35464302
775,0,0.8335169,0.00074230443,0.000120540986,9.442632e-05,0.00016997932,0.00018037164,0.00065888674,0.0056139743,0.9996815,0.35359672
775,1,0.8335169,0.00074230443,0.000120540986,9.442632e-05,0.00016997932,0.00018037164,0.00065888674,0.0056139743,0.9996815,0.35359672
775,2,0.8335169,0.00074230443,0.000120540986,9.442632e-05,0.00016997932,0.00018037164,0.00065888674,0.0056139743,0.9996815,0.35359672
775,3,0.8335169,0.00074230443,0.000120540986,9.442632e-05,0.00016997932,0.00018037164,0.00065888674,0.0056139743,0.9996815,0.35359672
775,4,0.8335169,0.00074230443,0.000120540986,9.442632e-05,0.00016997932,0.00018037164,0.00065888674,0.0056139743,0.9996815,0.35359672
775,5,0.8335169,0.00074230443,0.000120540986,9.442632e-05,0.00016997932,0.00018037164,0.00065888674,0.0056139743,0.9996815,0.3534107
775,6,0.84589696,0.0007958403,0.00012950828,9.61499e-05,0.000182519,0.00017186921,0.0008089539,0.0074986694,0.9996723,0.35503995
775,7,0.8335169,0.00074230443,0.000120540986,9.442632e-05,0.00016997932,0.00018037164,0.00065888674,0.0056139743,0.9996815,0.3534107
775,8,0.8335169,0.00074230443,0.000120540986,9.442632e-05,0.00016997932,0.00018037164,0.00065888674,0.0056139743,0.9996815,0.3534107
779,0,0.7689986,0.0010352979,0.0002475376,0.0001075824,0.00023400839,0.00029125036,0.0014414123,0.004177088,0.9996263,0.3793006
779,1,0.7689986,0.0010352979,0.0002475376,0.0001075824,0.00023400839,0.00029125036,0.0014414123,0.004177088,0.9996263,0.37931183
779,2,0.7689986,0.0010352979,0.0002475376,0.0001075824,0.00023400839,0.00029125036,0.0014414123,0.004177088,0.9996263,0.37944758
779,3,0.7689986,0.0010352979,0.0002475376,0.0001075824,0.00023400839,0.00029125036,0.0014414123,0.004177088,0.9996263,0.37944758
779,4,0.7689986,0.0010353018,0.0002475381,0.000107582906,0.00023400839,0.0002912509,0.0014414218,0.004177131,0.9996263,0.37944758
779,5,0.7689986,0.0010353018,0.0002475381,0.000107582906,0.00023400839,0.0002912509,0.0014414218,0.004177131,0.9996263,0.37944758
779,6,0.7689986,0.0010353018,0.0002475381,0.000107582906,0.00023400839,0.0002912509,0.0014414218,0.004177131,0.9996263,0.37945327
779,7,0.7689986,0.0010353018,0.0002475381,0.000107582906,0.00023400839,0.0002912509,0.0014414218,0.004177131,0.9996263,0.37939504
779,8,0.7689986,0.0010353018,0.0002475381,0.000107582906,0.00023400839,0.0002912509,0.0014414218,0.004177131,0.9996263,0.37939504
781,0,0.6408511,0.0016073742,0.0002926814,0.00022587932,0.00026573447,0.0008473109,0.0013700116,0.00019945642,0.9990356,0.31229416
781,1,0.6408511,0.0016073742,0.0002926814,0.00022587932,0.00026573447,0.0008473109,0.0013700116,0.00019945642,0.9990356,0.31229416
781,2,0.6408511,0.0016073742,0.0002926814,0.00022587932,0.00026573447,0.0008473109,0.0013700116,0.00019945642,0.9990356,0.31229416
781,3,0.6408511,0.0016073702,0.00029268058,0.0002258791,0.00026573447,0.0008473138,0.0013700154,0.00019945718,0.9990356,0.31229416
781,4,0.6408511,0.0016073702,0.00029268058,0.0002258791,0.00026573447,0.0008473138,0.0013700154,0.00019945718,0.9990356,0.31229416
781,5,0.6408511,0.0016073702,0.00029268058,0.0002258791,0.00026573447,0.0008473138,0.0013700154,0.00019945718,0.9990356,0.31229416
781,6,0.6408511,0.0016073702,0.00029268058,0.0002258791,0.00026573447,0.0008473138,0.0013700154,0.00019945718,0.9990356,0.31229416
781,7,0.6408511,0.0016073702,0.00029268058,0.0002258791,0.00026573447,0.0008473138,0.0013700154,0.00019945718,0.9990356,0.31229416
781,8,0.6408511,0.0016073702,0.00029268058,0.0002258791,0.00026573447,0.0008473138,0.0013700154,0.00019945718,0.9990356,0.31232598
782,0,0.87312824,0.0006692261,9.146294e-05,0.00018819375,0.00010132174,0.00064220454,0.0006360399,3.3084678e-05,0.9998222,0.57296246
782,1,0.8848663,0.00061163056,9.451441e-05,0.00027075264,0.000101504695,0.00057288725,0.00062399585,3.0422512e-05,0.99981815,0.56384146
782,2,0.87032586,0.00067482336,9.8396675e-05,0.00021911215,0.000106284046,0.0005899047,0.000678732,3.2194483e-05,0.9998229,0.5728387
782,3,0.8848663,0.00061163056,9.451441e-05,0.00027075264,0.000101504695,0.00057288725,0.00062399585,3.0422512e-05,0.99981815,0.56384146
782,4,0.87032586,0.00067482336,9.8396675e-05,0.00021911215,0.000106284046,0.0005899047,0.000678732,3.2194483e-05,0.9998229,0.5728387
782,5,0.87312824,0.0006692261,9.146294e-05,0.00018819375,0.00010132174,0.00064220454,0.0006360399,3.3084678e-05,0.9998222,0.57296246
782,6,0.87032586,0.00067482336,9.8396675e-05,0.00021911215,0.000106284046,0.0005899047,0.000678732,3.2194483e-05,0.9998229,0.5728387
782,7,0.87032586,0.00067482336,9.8396675e-05,0.00021911215,0.000106284046,0.0005899047,0.000678732,3.2194483e-05,0.9998229,0.5728387
782,8,0.87312824,0.0006692261,9.146294e-05,0.00018819375,0.00010132174,0.00064220454,0.0006360399,3.3084678e-05,0.9998222,0.57296246
785,0,0.75567573,0.0012060116,0.00022263531,0.00012320728,0.000115554154,0.00035018477,0.0007301042,3.06078e-05,0.99965656,0.35534894
785,1,0.75567573,0.0012060116,0.00022263531,0.00012320728,0.000115554154,0.00035018477,0.0007301042,3.06078e-05,0.99965656,0.35524368
785,2,0.75567573,0.0012060116,0.00022263531,0.00012320728,0.000115554154,0.00035018477,0.0007301042,3.06078e-05,0.99965656,0.35524368
785,3,0.75567573,0.0012060116,0.00022263531,0.00012320728,0.000115554154,0.00035018477,0.0007301042,3.06078e-05,0.99965656,0.35524368
785,4,0.75567573,0.0012060116,0.00022263531,0.00012320728,0.000115554154,0.00035018477,0.0007301042,3.06078e-05,0.99965656,0.35524368
785,5,0.75567573,0.0012060116,0.00022263531,0.00012320728,0.000115554154,0.00035018477,0.0007301042,3.06078e-05,0.99965656,0.35524368
785,6,0.75567573,0.0012060116,0.00022263531,0.00012320728,0.000115554154,0.00035018477,0.0007301042,3.06078e-05,0.99965656,0.35534358
785,7,0.75567573,0.0012060116,0.00022263531,0.00012320728,0.000115554154,0.00035018477,0.0007301042,3.06078e-05,0.99965656,0.3554494
785,8,0.75567573,0.0012060116,0.00022263531,0.00012320728,0.000115554154,0.00035018477,0.0007301042,3.06078e-05,0.99965656,0.3554494
786,0,0.9502961,0.0003299545,9.6706484e-05,0.00010729542,8.9520334e-05,0.00016626072,0.00054441503,0.0020666597,0.9997962,0.5656789
786,1,0.9502961,0.0003299545,9.6706484e-05,0.00010729542,8.9520334e-05,0.00016626072,0.00054441503,0.0020666597,0.9997962,0.5656789
786,2,0.9502961,0.0003299545,9.6706484e-05,0.00010729542,8.9520334e-05,0.00016626072,0.00054441503,0.0020666597,0.9997962,0.5656789
786,3,0.9502961,0.0003299545,9.6706484e-05,0.00010729542,8.9520334e-05,0.00016626072,0.00054441503,0.0020666597,0.9997962,0.5656789
786,4,0.9502961,0.0003299545,9.6706484e-05,0.00010729542,8.9520334e-05,0.00016626072,0.00054441503,0.0020666597,0.9997962,0.5656789
786,5,0.9502961,0.0003299545,9.6706484e-05,0.00010729542,8.9520334e-05,0.00016626072,0.00054441503,0.0020666597,0.9997962,0.5656789
786,6,0.9502961,0.0003299545,9.6706484e-05,0.00010729542,8.9520334e-05,0.00016626072,0.00054441503,0.0020666597,0.9997962,0.5656789
786,7,0.9502961,0.0003299545,9.6706484e-05,0.00010729542,8.9520334e-05,0.00016626072,0.00054441503,0.0020666597,0.9997962,0.5656789
786,8,0.9502961,0.0003299545,9.6706484e-05,0.00010729542,8.9520334e-05,0.00016626072,0.00054441503,0.0020666597,0.9997962,0.5657491
788,0,0.8984146,0.00063764566,0.0001345308,0.000116809795,0.00019930166,0.00023965143,0.0009042356,0.0031586678,0.9997727,0.35023057
788,1,0.9015546,0.0005902892,0.00014162726,0.00011465413,0.00018759875,0.0001915122,0.000946681,0.002877452,0.99974746,0.34981236
788,2,0.8984146,0.00063764566,0.0001345308,0.000116809795,0.00019930166,0.00023965143,0.0009042356,0.0031586678,0.9997727,0.35023057
788,3,0.90005237,0.0005842644,0.00014089867,0.00011167512,0.000185257,0.00018393024,0.0009021771,0.0022599504,0.9997626,0.35106894
788,4,0.9015546,0.0005902892,0.00014162726,0.00011465413,0.00018759875,0.0001915122,0.000946681,0.002877452,0.99974746,0.34981236
788,5,0.9015546,0.0005902892,0.00014162726,0.00011465413,0.00018759875,0.0001915122,0.000946681,0.002877452,0.99974746,0.34981236
788,6,0.8984146,0.00063764566,0.0001345308,0.000116809795,0.00019930166,0.00023965143,0.0009042356,0.0031586678,0.9997727,0.35023057
788,7,0.90005237,0.0005842644,0.00014089867,0.00011167512,0.000185257,0.00018393024,0.0009021771,0.0022599504,0.9997626,0.35106894
788,8,0.9015546,0.0005902892,0.00014162726,0.00011465413,0.00018759875,0.0001915122,0.000946681,0.002877452,0.99974746,0.34981236
790,0,8.0005826e-05,0.1682225,0.5022323,0.0007975108,0.9628527,0.0007788976,0.514107,0.10058303,0.00019814547,0.0070279134
790,1,8.0005826e-05,0.1682225,0.5022323,0.0007975108,0.9628527,0.0007788976,0.514107,0.10058303,0.00019814547,0.0070279134
790,2,9.0559035e-05,0.18473269,0.5047257,0.00077934895,0.96246606,0.000824354,0.5680122,0.060375545,0.00022796374,0.007036295
790,3,8.0005826e-05,0.1682225,0.5022323,0.0007975108,0.9628527,0.0007788976,0.514107,0.10058303,0.00019814547,0.0070279134
790,4,8.0005826e-05,0.1682225,0.5022323,0.0007975108,0.9628527,0.0007788976,0.514107,0.10058303,0.00019814547,0.0070279134
790,5,8.0005826e-05,0.1682225,0.5022323,0.0007975108,0.9628527,0.0007788976,0.514107,0.10058303,0.00019814547,0.0070279134
790,6,9.0559035e-05,0.18473269,0.5047257,0.00077934895,0.96246606,0.000824354,0.5680122,0.060375545,0.00022796374,0.007036295
790,7,8.0005826e-05,0.1682225,0.5022323,0.0007975108,0.9628527,0.0007788976,0.514107,0.10058303,0.00019814547,0.0070279134
790,8,0.9883581,0.0006311731,0.00015367006,9.816285e-05,0.00017185265,0.0006263449,0.0007366489,0.04457577,0.9994104,0.49197114
791,0,0.78305554,0.0006044008,0.00031764107,3.0463856e-05,0.000145127,0.00014140784,0.0007539989,0.16320832,0.99907374,0.3627144
791,1,0.78305554,0.0006044008,0.00031764107,3.0463856e-05,0.000145127,0.00014140784,0.0007539989,0.16320832,0.99907374,0.3627144
791,2,0.78305554,0.0006044008,0.00031764107,3.0463856e-05,0.000145127,0.00014140784,0.0007539989,0.16320832,0.99907374,0.36275554
791,3,0.78305554,0.0006044008,0.00031764107,3.0463856e-05,0.000145127,0.00014140784,0.0007539989,0.16320832,0.99907374,0.36261252
791,4,0.78305554,0.0006044008,0.00031764107,3.0463856e-05,0.000145127,0.00014140784,0.0007539989,0.16320832,0.99907374,0.36261252
791,5,0.78305554,0.00060440256,0.0003176402,3.0463798e-05,0.00014512714,0.00014140784,0.0007539996,0.16320798,0.99907374,0.36261252
791,6,0.78305554,0.00060440256,0.0003176402,3.0463798e-05,0.00014512714,0.00014140784,0.0007539996,0.16320798,0.99907374,0.36261252
791,7,0.78305554,0.00060440256,0.0003176402,3.0463798e-05,0.00014512714,0.00014140784,0.0007539996,0.16320798,0.99907374,0.36273566
791,8,0.78305554,0.00060440256,0.0003176402,3.0463798e-05,0.00014512714,0.00014140784,0.0007539996,0.16320798,0.99907374,0.36273566
792,0,0.7604618,0.0005554209,0.00011236282,0.000196754,7.666465e-05,0.000654265,0.00047481674,4.0383104e-05,0.9998196,0.3959072
792,1,0.7604618,0.0005554209,0.00011236282,0.000196754,7.666465e-05,0.000654265,0.00047481674,4.0383104e-05,0.9998196,0.3959072
792,2,0.7604618,0.0005554209,0.00011236282,0.000196754,7.666465e-05,0.000654265,0.00047481674,4.0383104e-05,0.9998196,0.3959072
792,3,0.7604618,0.0005554209,0.00011236282,0.000196754,7.666465e-05,0.000654265,0.00047481674,4.0383104e-05,0.9998196,0.3959072
792,4,0.7604618,0.00055541773,0.00011236292,0.000196754,7.6664284e-05,0.000654265,0.00047481712,4.0382794e-05,0.9998196,0.3959072
792,5,0.7604618,0.00055541773,0.00011236292,0.000196754,7.6664284e-05,0.000654265,0.00047481712,4.0382794e-05,0.9998196,0.3959072
792,6,0.7604618,0.00055541773,0.00011236292,0.000196754,7.6664284e-05,0.000654265,0.00047481712,4.0382794e-05,0.9998196,0.3959072
792,7,0.7604618,0.00055541773,0.00011236292,0.000196754,7.6664284e-05,0.000654265,0.00047481712,4.0382794e-05,0.9998196,0.3959072
792,8,0.7604618,0.00055541773,0.00011236292,0.000196754,7.6664284e-05,0.000654265,0.00047481712,4.0382794e-05,0.9998196,0.3959072
794,0,0.7596037,0.0007572341,0.00015519296,0.00015307746,0.0001585086,0.0001289428,0.00053172326,0.0063327258,0.99978584,0.40893582
794,1,0.7596037,0.0007572341,0.00015519296,0.00015307746,0.0001585086,0.0001289428,0.00053172326,0.0063327258,0.99978584,0.40860307
794,2,0.7596037,0.0007572341,0.00015519296,0.00015307746,0.0001585086,0.0001289428,0.00053172326,0.0063327258,0.99978584,0.40860307
794,3,0.75960374,0.0007572341,0.00015519296,0.00015307746,0.0001585086,0.0001289428,0.00053172326,0.0063327258,0.99978584,0.40860307
794,4,0.75960374,0.0007572341,0.00015519296,0.00015307746,0.0001585086,0.0001289428,0.00053172326,0.0063327258,0.99978584,0.40860307
794,5,0.75960374,0.0007572341,0.00015519296,0.00015307746,0.0001585086,0.0001289428,0.00053172326,0.0063327258,0.99978584,0.40858707
794,6,0.75960374,0.0007572341,0.00015519296,0.00015307746,0.0001585086,0.0001289428,0.00053172326,0.0063327258,0.99978584,0.40889418
794,7,0.75960374,0.0007572341,0.00015519296,0.00015307746,0.0001585086,0.0001289428,0.00053172326,0.0063327258,0.99978584,0.40889418
794,8,0.75960374,0.0007572341,0.00015519296,0.00015307746,0.0001585086,0.0001289428,0.00053172326,0.0063327258,0.99978584,0.40889418
796,0,0.8547099,0.00030128832,9.18433e-05,9.4918156e-05,4.8707472e-05,0.00022248295,0.00032889956,1.960883e-05,0.9995931,0.39096844
796,1,0.8547099,0.00030128832,9.18433e-05,9.4918156e-05,4.8707472e-05,0.00022248295,0.00032889956,1.960883e-05,0.9995931,0.39096844
796,2,0.8547099,0.00030128832,9.18433e-05,9.4918156e-05,4.8707472e-05,0.00022248295,0.00032889956,1.960883e-05,0.9995931,0.39096844
796,3,0.8547099,0.00030128832,9.18433e-05,9.4918156e-05,4.8707472e-05,0.00022248295,0.00032889956,1.960883e-05,0.9995931,0.39096844
796,4,0.8547099,0.00030128832,9.18433e-05,9.4918156e-05,4.8707472e-05,0.00022248295,0.00032889956,1.960883e-05,0.9995931,0.39096844
796,5,0.8547099,0.00030128832,9.18433e-05,9.4918156e-05,4.8707472e-05,0.00022248295,0.00032889956,1.960883e-05,0.9995931,0.39096844
796,6,0.8547099,0.00030128832,9.18433e-05,9.4918156e-05,4.8707472e-05,0.00022248295,0.00032889956,1.960883e-05,0.9995931,0.39096844
796,7,0.8547099,0.00030128832,9.18433e-05,9.4918156e-05,4.8707472e-05,0.00022248295,0.00032889956,1.960883e-05,0.9995931,0.3910801
796,8,0.8547099,0.00030128832,9.18433e-05,9.4918156e-05,4.8707472e-05,0.00022248295,0.00032889956,1.960883e-05,0.9995931,0.39072287
797,0,0.7224054,0.0006250717,0.00017491136,0.0002149275,0.00012150875,0.0004666056,0.0009096252,2.9791545e-05,0.99977523,0.4144257
797,1,0.7224054,0.0006250717,0.00017491136,0.0002149275,0.00012150875,0.0004666056,0.0009096252,2.9791545e-05,0.99977523,0.4144257
797,2,0.72844744,0.0006735207,0.00017075583,0.00019562637,0.00012177043,0.00050734996,0.0009021187,3.2250933e-05,0.9997689,0.4139264
797,3,0.7224054,0.0006250717,0.00017491136,0.0002149275,0.00012150875,0.0004666056,0.0009096252,2.9791545e-05,0.99977523,0.4144257
797,4,0.7224054,0.0006250717,0.00017491136,0.0002149275,0.00012150875,0.0004666056,0.0009096252,2.9791545e-05,0.99977523,0.4144257
797,5,0.7224054,0.0006250717,0.00017491136,0.0002149275,0.00012150875,0.0004666056,0.0009096252,2.9791545e-05,0.99977523,0.4144257
797,6,0.7224054,0.0006250717,0.00017491136,0.0002149275,0.00012150875,0.0004666056,0.0009096252,2.9791545e-05,0.99977523,0.4144257
797,7,0.7224054,0.0006250717,0.00017491136,0.0002149275,0.00012150875,0.0004666056,0.0009096252,2.9791545e-05,0.99977523,0.4144257
797,8,0.72844744,0.0006735207,0.00017075583,0.00019562637,0.00012177043,0.00050734996,0.0009021187,3.2250933e-05,0.9997689,0.4139264
798,0,0.9918124,0.00066440675,0.00010684568,0.00021124892,0.00010269776,0.00027891586,0.00050368166,0.00048139636,0.9998709,0.6783581
798,1,0.9918124,0.00066440675,0.00010684568,0.00021124892,0.00010269776,0.00027891586,0.00050368166,0.00048139636,0.9998709,0.6783581
798,2,0.9918124,0.00066440675,0.00010684568,0.00021124892,0.00010269776,0.00027891586,0.00050368166,0.00048139636,0.9998709,0.6783581
798,3,0.9918124,0.00066440675,0.00010684568,0.00021124892,0.00010269776,0.00027891586,0.00050368166,0.00048139636,0.9998709,0.6783581
798,4,0.9918124,0.00066440675,0.00010684568,0.00021124892,0.00010269776,0.00027891586,0.00050368166,0.00048139636,0.9998709,0.6783581
798,5,0.9918124,0.00066440675,0.00010684568,0.00021124892,0.00010269776,0.00027891586,0.00050368166,0.00048139636,0.9998709,0.6784983
798,6,0.9918124,0.00066440675,0.00010684568,0.00021124892,0.00010269776,0.00027891586,0.00050368166,0.00048139636,0.9998709,0.6784255
798,7,0.9918124,0.00066440675,0.00010684568,0.00021124892,0.00010269776,0.00027891586,0.00050368166,0.00048139636,0.9998709,0.6784255
798,8,0.9918124,0.00066440675,0.00010684568,0.00021124892,0.00010269776,0.00027891586,0.00050368166,0.00048139636,0.9998709,0.6784255
800,0,0.9664545,0.000873878,0.00014996646,9.872958e-05,0.00015545347,0.00018760341,0.0007625914,0.0031197576,0.9997788,0.4649496
800,1,0.9664545,0.000873878,0.00014996646,9.872958e-05,0.00015545347,0.00018760341,0.0007625914,0.0031197576,0.9997788,0.4649551
800,2,0.9570233,0.0008006965,0.00014915103,9.9935365e-05,0.00016793226,0.00021071926,0.000736364,0.0067603854,0.99973935,0.43931922
800,3,0.9664545,0.000873878,0.00014996646,9.872958e-05,0.00015545347,0.00018760341,0.0007625914,0.0031197576,0.9997788,0.46509442
800,4,0.9664545,0.000873878,0.00014996646,9.872958e-05,0.00015545347,0.00018760341,0.0007625914,0.0031197576,0.9997788,0.46509442
800,5,0.9570233,0.0008006965,0.00014915103,9.9935365e-05,0.00016793226,0.00021071926,0.000736364,0.0067603854,0.99973935,0.43931922
800,6,0.9664545,0.000873878,0.00014996646,9.872958e-05,0.00015545347,0.00018760341,0.0007625914,0.0031197576,0.9997788,0.46509442
800,7,0.9664545,0.000873878,0.00014996646,9.872958e-05,0.00015545347,0.00018760341,0.0007625914,0.0031197576,0.9997788,0.4649496
800,8,0.9664545,0.000873878,0.00014996646,9.872958e-05,0.00015545347,0.00018760341,0.0007625914,0.0031197576,0.9997788,0.4649496
801,0,0.8177757,0.0006148832,0.0002734006,3.442391e-05,0.00015027294,0.00018603906,0.000584806,0.014733942,0.9996896,0.3795928
801,1,0.79357433,0.0006081411,0.00013852883,4.0121347e-05,0.00019596673,0.00019033308,0.00074129284,0.023032727,0.99966395,0.3763062
801,2,0.8177757,0.0006148832,0.0002734006,3.442391e-05,0.00015027294,0.00018603906,0.000584806,0.014733942,0.9996896,0.3795928
801,3,0.79357433,0.0006081411,0.00013852883,4.0121347e-05,0.00019596673,0.00019033308,0.00074129284,0.023032727,0.99966395,0.3761861
801,4,0.8177757,0.0006148832,0.0002734006,3.442391e-05,0.00015027294,0.00018603906,0.000584806,0.014733942,0.9996896,0.37957105
801,5,0.8177757,0.0006148832,0.0002734006,3.442391e-05,0.00015027294,0.00018603906,0.000584806,0.014733942,0.9996896,0.37957105
801,6,0.79357433,0.0006081411,0.00013852883,4.0121347e-05,0.00019596673,0.00019033308,0.00074129284,0.023032727,0.99966395,0.37594518
801,7,0.8177757,0.0006148832,0.0002734006,3.442391e-05,0.00015027294,0.00018603906,0.000584806,0.014733942,0.9996896,0.37957105
801,8,0.8177757,0.0006148832,0.0002734006,3.442391e-05,0.00015027294,0.00018603906,0.000584806,0.014733942,0.9996896,0.3795809
806,0,0.85564655,0.000823924,0.00014908549,0.0001344545,0.00012096378,0.00014227534,0.0006257566,0.0009189335,0.9996985,0.29249254
806,1,0.85564655,0.000823924,0.00014908549,0.0001344545,0.00012096378,0.00014227534,0.0006257566,0.0009189335,0.9996985,0.29249254
806,2,0.85564655,0.000823924,0.00014908549,0.0001344545,0.00012096378,0.00014227534,0.0006257566,0.0009189335,0.9996985,0.29249254
806,3,0.85564655,0.000823924,0.00014908549,0.0001344545,0.00012096378,0.00014227534,0.0006257566,0.0009189335,0.9996985,0.29249254
806,4,0.85564655,0.000823924,0.00014908549,0.0001344545,0.00012096378,0.00014227534,0.0006257566,0.0009189335,0.9996985,0.29249254
806,5,0.85564655,0.000823924,0.00014908549,0.0001344545,0.00012096378,0.00014227534,0.0006257566,0.0009189335,0.9996985,0.29277042
806,6,0.85564655,0.000823924,0.00014908549,0.0001344545,0.00012096378,0.00014227534,0.0006257566,0.0009189335,0.9996985,0.29277042
806,7,0.85564655,0.000823924,0.00014908549,0.0001344545,0.00012096378,0.00014227534,0.0006257566,0.0009189335,0.9996985,0.29277042
806,8,0.85564655,0.000823924,0.00014908549,0.0001344545,0.00012096378,0.00014227534,0.0006257566,0.0009189335,0.9996985,0.29277042
819,0,0.34816113,0.0032754273,0.0003012323,2.2283619e-05,0.00076848734,0.00030525084,0.002093464,0.9982547,0.99353,0.34280106
819,1,0.34816113,0.0032754273,0.0003012323,2.2283619e-05,0.00076848734,0.00030525084,0.002093464,0.9982547,0.99353,0.3429623
819,2,0.34816113,0.0032754273,0.0003012323,2.2283619e-05,0.00076848734,0.00030525084,0.002093464,0.9982547,0.99353,0.34313154
819,3,0.34816113,0.0032754273,0.0003012323,2.2283619e-05,0.00076848734,0.00030525084,0.002093464,0.9982547,0.99353,0.34313154
819,4,0.34816113,0.0032754273,0.0003012323,2.2283619e-05,0.00076848734,0.00030525084,0.002093464,0.9982547,0.99353,0.34313154
819,5,0.35500288,0.003809907,0.00037252065,2.5275483e-05,0.00091194134,0.00027895416,0.0024801076,0.9982849,0.99287474,0.3435453
819,6,0.34816113,0.0032754273,0.0003012323,2.2283619e-05,0.00076848734,0.00030525084,0.002093464,0.9982547,0.99353,0.34298423
819,7,0.34816113,0.0032754273,0.0003012323,2.2283619e-05,0.00076848734,0.00030525084,0.002093464,0.9982547,0.99353,0.34280106
819,8,0.34816113,0.0032754273,0.0003012323,2.2283619e-05,0.00076848734,0.00030525084,0.002093464,0.9982547,0.99353,0.34280106
822,0,0.8382028,0.0009677523,0.00015885841,0.00018971886,0.000143905,0.00033443797,0.0011880792,0.0022337013,0.9996506,0.36933592
822,1,0.8382028,0.0009677523,0.00015885841,0.00018971886,0.000143905,0.00033443797,0.0011880792,0.0022337013,0.9996506,0.36933592
822,2,0.8382028,0.0009677523,0.00015885841,0.00018971886,0.000143905,0.00033443797,0.0011880792,0.0022337013,0.9996506,0.36933592
822,3,0.8382028,0.0009677523,0.00015885841,0.00018971886,0.000143905,0.00033443797,0.0011880792,0.0022337013,0.9996506,0.36945224
822,4,0.8382028,0.0009677523,0.00015885841,0.00018971886,0.000143905,0.00033443797,0.0011880792,0.0022337013,0.9996506,0.36945224
822,5,0.8382028,0.0009677523,0.00015885841,0.00018971886,0.000143905,0.00033443797,0.0011880792,0.0022337013,0.9996506,0.36945224
822,6,0.8382028,0.0009677523,0.00015885841,0.00018971886,0.000143905,0.00033443797,0.0011880792,0.0022337013,0.9996506,0.36945224
822,7,0.8382028,0.0009677523,0.00015885841,0.00018971886,0.000143905,0.00033443797,0.0011880792,0.0022337013,0.9996506,0.36945224
822,8,0.8382028,0.0009677523,0.00015885841,0.00018971886,0.000143905,0.00033443797,0.0011880792,0.0022337013,0.9996506,0.36942494
824,0,0.70674115,0.0006932885,0.000121662015,0.000111572306,5.8118145e-05,0.00022774519,0.00020230027,2.5277388e-05,0.9997918,0.4318365
824,1,0.70674115,0.0006932885,0.000121662015,0.000111572306,5.8118145e-05,0.00022774519,0.00020230027,2.5277388e-05,0.9997918,0.4318365
824,2,0.70674115,0.0006932885,0.000121662015,0.000111572306,5.8118145e-05,0.00022774519,0.00020230027,2.5277388e-05,0.9997918,0.4318365
824,3,0.70674115,0.0006932885,0.000121662015,0.000111572306,5.8118145e-05,0.00022774519,0.00020230027,2.5277388e-05,0.9997918,0.4318365
824,4,0.70674115,0.0006932885,0.000121662015,0.000111572306,5.8118145e-05,0.00022774519,0.00020230027,2.5277388e-05,0.9997918,0.4318365
824,5,0.70674115,0.0006932885,0.000121662015,0.000111572306,5.8118145e-05,0.00022774519,0.00020230027,2.5277388e-05,0.9997918,0.4318365
824,6,0.70674115,0.0006932885,0.000121662015,0.000111572306,5.8118145e-05,0.00022774519,0.00020230027,2.5277388e-05,0.9997918,0.4318365
824,7,0.70674115,0.0006932885,0.000121662015,0.000111572306,5.8118145e-05,0.00022774519,0.00020230027,2.5277388e-05,0.9997918,0.4318365
824,8,0.70674115,0.0006932885,0.000121662015,0.000111572306,5.8118145e-05,0.00022774519,0.00020230027,2.5277388e-05,0.9997918,0.4318365
825,0,0.9369027,0.00032522273,8.3026796e-05,0.00010511136,3.8418024e-05,0.0001501698,0.00027334297,8.134515e-05,0.99976283,0.70998794
825,1,0.9369027,0.0003252215,8.302688e-05,0.00010511125,3.841791e-05,0.00015016881,0.00027334326,8.134546e-05,0.99976283,0.7107231
825,2,0.9369027,0.0003252215,8.302688e-05,0.00010511125,3.841791e-05,0.00015016881,0.00027334326,8.134546e-05,0.99976283,0.7107231
825,3,0.9369027,0.0003252215,8.302688e-05,0.00010511125,3.841791e-05,0.00015016881,0.00027334326,8.134546e-05,0.99976283,0.7107231
825,4,0.9369027,0.0003252215,8.302688e-05,0.00010511125,3.841791e-05,0.00015016881,0.00027334326,8.134546e-05,0.99976283,0.7107231
825,5,0.9369027,0.0003252215,8.302688e-05,0.00010511125,3.841791e-05,0.00015016881,0.00027334326,8.134546e-05,0.99976283,0.7107231
825,6,0.9369027,0.0003252215,8.302688e-05,0.00010511125,3.841791e-05,0.00015016881,0.00027334326,8.134546e-05,0.99976283,0.71138996
825,7,0.9369027,0.0003252215,8.302688e-05,0.00010511125,3.841791e-05,0.00015016881,0.00027334326,8.134546e-05,0.99976283,0.7105697
825,8,0.9369027,0.0003252215,8.302688e-05,0.00010511125,3.841791e-05,0.00015016881,0.00027334326,8.134546e-05,0.99976283,0.7105697
829,0,0.88956195,0.0005798197,6.82112e-05,9.93082e-05,0.00015171703,0.00043798314,0.00034620837,0.00066057587,0.99971145,0.3633695
829,1,0.89746374,0.00060782535,7.214108e-05,9.6562086e-05,0.00014529843,0.00042740465,0.00033392856,0.00058302056,0.9996871,0.37180448
829,2,0.89207023,0.0005800613,6.8319205e-05,9.8856195e-05,0.0001527845,0.000426358,0.0003525981,0.0007114222,0.999716,0.36448812
829,3,0.89857054,0.0006164605,7.044291e-05,9.364716e-05,0.0001448704,0.0004081291,0.0003316667,0.0007111843,0.99968994,0.37439522
829,4,0.88956195,0.0005798197,6.82112e-05,9.93082e-05,0.00015171703,0.00043798314,0.00034620837,0.00066057587,0.99971145,0.36336353
829,5,0.89746374,0.00060782535,7.214108e-05,9.6562086e-05,0.00014529843,0.00042740465,0.00033392856,0.00058302056,0.9996871,0.37159932
829,6,0.88956195,0.0005798197,6.82112e-05,9.93082e-05,0.00015171703,0.00043798314,0.00034620837,0.00066057587,0.99971145,0.36336353
829,7,0.89746374,0.00060782535,7.214108e-05,9.6562086e-05,0.00014529843,0.00042740465,0.00033392856,0.00058302056,0.9996871,0.37159932
829,8,0.89857054,0.0006164605,7.044291e-05,9.364716e-05,0.0001448704,0.0004081291,0.0003316667,0.0007111843,0.99968994,0.3743714
531,0,0.6401234,0.0006726313,8.213991e-05,2.5908537e-05,0.0001668598,0.00011953473,0.0004965185,0.0010991076,0.99982494,0.33475697
531,1,0.6401234,0.0006726313,8.213991e-05,2.5908537e-05,0.0001668598,0.00011953473,0.0004965185,0.0010991076,0.99982494,0.33475697
531,2,0.6401234,0.0006726313,8.213991e-05,2.5908537e-05,0.0001668598,0.00011953473,0.0004965185,0.0010991076,0.99982494,0.33475697
531,3,0.6401234,0.0006726313,8.213991e-05,2.5908537e-05,0.0001668598,0.00011953473,0.0004965185,0.0010991076,0.99982494,0.33475697
531,4,0.6401234,0.0006726313,8.213991e-05,2.5908537e-05,0.0001668598,0.00011953473,0.0004965185,0.0010991076,0.99982494,0.33475992
531,5,0.6401234,0.0006726313,8.213991e-05,2.5908537e-05,0.0001668598,0.00011953473,0.0004965185,0.0010991076,0.99982494,0.33475992
531,6,0.6401234,0.0006726313,8.213991e-05,2.5908537e-05,0.0001668598,0.00011953473,0.0004965185,0.0010991076,0.99982494,0.33475992
531,7,0.6401234,0.0006726313,8.213991e-05,2.5908537e-05,0.0001668598,0.00011953473,0.0004965185,0.0010991076,0.99982494,0.33475992
531,8,0.6401234,0.0006726313,8.213991e-05,2.5908537e-05,0.0001668598,0.00011953473,0.0004965185,0.0010991076,0.99982494,0.33475992
532,0,0.7518769,0.000527839,0.0001754253,7.7418634e-05,0.00013275529,0.0005665427,0.0007497114,1.7317121e-05,0.99960583,0.35555026
532,1,0.7518769,0.000527839,0.0001754253,7.7418634e-05,0.00013275529,0.0005665427,0.0007497114,1.7317121e-05,0.99960583,0.35555026
532,2,0.7518769,0.000527839,0.0001754253,7.7418634e-05,0.00013275529,0.0005665427,0.0007497114,1.7317121e-05,0.99960583,0.35555026
532,3,0.7518769,0.000527839,0.0001754253,7.7418634e-05,0.00013275529,0.0005665427,0.0007497114,1.7317121e-05,0.99960583,0.35555026
532,4,0.7518769,0.000527839,0.0001754253,7.7418634e-05,0.00013275529,0.0005665427,0.0007497114,1.7317121e-05,0.99960583,0.35555026
532,5,0.7518769,0.000527839,0.0001754253,7.7418634e-05,0.00013275529,0.0005665427,0.0007497114,1.7317121e-05,0.99960583,0.35555026
532,6,0.7518769,0.000527839,0.0001754253,7.7418634e-05,0.00013275529,0.0005665427,0.0007497114,1.7317121e-05,0.99960583,0.35561803
532,7,0.7518769,0.000527839,0.0001754253,7.7418634e-05,0.00013275529,0.0005665427,0.0007497114,1.7317121e-05,0.99960583,0.35561803
532,8,2.9857109e-05,0.15526351,0.93972045,0.0007698298,0.9084362,0.0002995518,0.9871431,0.9664946,3.895525e-05,0.0077177486
533,0,0.88605934,0.00048875355,0.00028793284,6.136876e-05,0.00019337038,0.00026651853,0.0009176527,0.00050595816,0.99961996,0.5089068
533,1,0.88605934,0.00048875355,0.00028793284,6.136876e-05,0.00019337038,0.00026651853,0.0009176527,0.00050595816,0.99961996,0.5089068
533,2,0.88605934,0.00048875355,0.00028793284,6.136876e-05,0.00019337038,0.00026651853,0.0009176527,0.00050595816,0.99961996,0.5089238
533,3,0.88605934,0.00048875355,0.00028793284,6.136876e-05,0.00019337038,0.00026651853,0.0009176527,0.00050595816,0.99961996,0.50933075
533,4,0.88605934,0.00048875355,0.00028793284,6.136876e-05,0.00019337038,0.00026651853,0.0009176527,0.00050595816,0.99961996,0.50933075
533,5,0.88605934,0.00048875355,0.00028793284,6.136876e-05,0.00019337038,0.00026651853,0.0009176527,0.00050595816,0.99961996,0.50933075
533,6,0.88605934,0.00048875355,0.00028793284,6.136876e-05,0.00019337038,0.00026651853,0.0009176527,0.00050595816,0.99961996,0.50933075
533,7,0.88605934,0.00048875355,0.00028793284,6.136876e-05,0.00019337038,0.00026651853,0.0009176527,0.00050595816,0.99961996,0.50932485
533,8,0.88605934,0.00048875355,0.00028793284,6.136876e-05,0.00019337038,0.00026651853,0.0009176527,0.00050595816,0.99961996,0.5089068
539,0,0.88206226,0.00044646856,0.00020274498,0.00012293854,7.04327e-05,0.0001049283,0.0006027676,0.0004051165,0.99966943,0.38983703
539,1,0.88206226,0.00044646856,0.00020274498,0.00012293854,7.04327e-05,0.0001049283,0.0006027676,0.0004051165,0.99966943,0.38983703
539,2,0.88206226,0.00044646856,0.00020274498,0.00012293854,7.04327e-05,0.0001049283,0.0006027676,0.0004051165,0.99966943,0.38983703
539,3,0.88206226,0.00044646856,0.00020274498,0.00012293854,7.04327e-05,0.0001049283,0.0006027676,0.0004051165,0.99966943,0.38983703
539,4,0.88206226,0.00044646856,0.00020274498,0.00012293854,7.04327e-05,0.0001049283,0.0006027676,0.0004051165,0.99966943,0.38983703
539,5,0.88206226,0.00044646856,0.00020274498,0.00012293854,7.04327e-05,0.0001049283,0.0006027676,0.0004051165,0.99966943,0.38983703
539,6,0.88206226,0.00044646856,0.00020274498,0.00012293854,7.04327e-05,0.0001049283,0.0006027676,0.0004051165,0.99966943,0.38983703
539,7,0.88206226,0.00044646856,0.00020274498,0.00012293854,7.04327e-05,0.0001049283,0.0006027676,0.0004051165,0.99966943,0.38983703
539,8,0.88206226,0.00044646856,0.00020274498,0.00012293854,7.04327e-05,0.0001049283,0.0006027676,0.0004051165,0.99966943,0.38983703
537,0,0.90418583,0.00063809735,0.00018554888,0.000102994425,0.00014899751,0.00023941028,0.0008202068,0.0010097456,0.99958426,0.48237848
537,1,0.90418583,0.00063809735,0.00018554888,0.000102994425,0.00014899751,0.00023941028,0.0008202068,0.0010097456,0.99958426,0.4819382
537,2,0.90418583,0.00063809735,0.00018554888,0.000102994425,0.00014899751,0.00023941028,0.0008202068,0.0010097456,0.99958426,0.4819382
537,3,0.90418583,0.000638098,0.00018554923,0.00010299423,0.00014899766,0.00023941095,0.00082020723,0.0010097678,0.99958426,0.4819382
537,4,0.90418583,0.000638098,0.00018554923,0.00010299423,0.00014899766,0.00023941095,0.00082020723,0.0010097678,0.99958426,0.4819382
537,5,0.90418583,0.000638098,0.00018554923,0.00010299423,0.00014899766,0.00023941095,0.00082020723,0.0010097678,0.99958426,0.48192933
537,6,0.90418583,0.000638098,0.00018554923,0.00010299423,0.00014899766,0.00023941095,0.00082020723,0.0010097678,0.99958426,0.4820772
537,7,0.90418583,0.000638098,0.00018554923,0.00010299423,0.00014899766,0.00023941095,0.00082020723,0.0010097678,0.99958426,0.4820772
537,8,0.90418583,0.000638098,0.00018554923,0.00010299423,0.00014899766,0.00023941095,0.00082020723,0.0010097678,0.99958426,0.4820772
544,0,0.33496442,0.0007267593,0.0002567116,1.9114601e-05,7.886262e-05,4.086199e-05,0.000629413,0.9998202,0.99908185,0.32641256
544,1,0.33496442,0.0007267593,0.0002567116,1.9114601e-05,7.886262e-05,4.086199e-05,0.000629413,0.9998202,0.99908185,0.32641256
544,2,0.33496442,0.0007267593,0.0002567116,1.9114601e-05,7.886262e-05,4.086199e-05,0.000629413,0.9998202,0.99908185,0.32641256
544,3,0.33496442,0.0007267593,0.0002567116,1.9114601e-05,7.886262e-05,4.086199e-05,0.000629413,0.9998202,0.99908185,0.32641256
544,4,0.33496442,0.0007267593,0.0002567116,1.9114601e-05,7.886262e-05,4.086199e-05,0.000629413,0.9998202,0.99908185,0.32641256
544,5,0.33496442,0.0007267593,0.0002567116,1.9114601e-05,7.886262e-05,4.086199e-05,0.000629413,0.9998202,0.99908185,0.32641256
544,6,0.33496442,0.0007267593,0.0002567116,1.9114601e-05,7.886262e-05,4.086199e-05,0.000629413,0.9998202,0.99908185,0.32641256
544,7,0.33496442,0.0007267593,0.0002567116,1.9114601e-05,7.886262e-05,4.086199e-05,0.000629413,0.9998202,0.99908185,0.32641256
544,8,0.33496442,0.0007267593,0.0002567116,1.9114601e-05,7.886262e-05,4.086199e-05,0.000629413,0.9998202,0.99908185,0.32641256
547,0,0.85276467,0.00032713488,0.00010917524,6.833008e-05,9.422915e-05,8.125506e-05,0.0007093141,0.14852911,0.99925536,0.35226893
547,1,0.85276467,0.00032713363,0.000109174835,6.832988e-05,9.42288e-05,8.1254904e-05,0.00070931134,0.1485309,0.99925536,0.35226893
547,2,0.85276467,0.00032713363,0.000109174835,6.832988e-05,9.42288e-05,8.1254904e-05,0.00070931134,0.1485309,0.99925536,0.35226893
547,3,0.85276467,0.00032713363,0.000109174835,6.832988e-05,9.42288e-05,8.1254904e-05,0.00070931134,0.1485309,0.99925536,0.35227525
547,4,0.85276467,0.00032713363,0.000109174835,6.832988e-05,9.42288e-05,8.1254904e-05,0.00070931134,0.1485309,0.99925536,0.352132
547,5,0.85276467,0.00032713363,0.000109174835,6.832988e-05,9.42288e-05,8.1254904e-05,0.00070931134,0.1485309,0.99925536,0.352132
547,6,0.85276467,0.00032713363,0.000109174835,6.832988e-05,9.42288e-05,8.1254904e-05,0.00070931134,0.1485309,0.99925536,0.352132
547,7,0.85276467,0.00032713363,0.000109174835,6.832988e-05,9.42288e-05,8.1254904e-05,0.00070931134,0.1485309,0.99925536,0.352132
547,8,0.85276467,0.00032713363,0.000109174835,6.832988e-05,9.42288e-05,8.1254904e-05,0.00070931134,0.1485309,0.99925536,0.352132
549,0,0.807309,0.00065999,0.00016947344,0.0001610753,0.000112255395,0.00041673754,0.00066918426,0.0025423514,0.9994388,0.36052582
549,1,0.807309,0.00065999,0.00016947344,0.0001610753,0.000112255395,0.00041673754,0.00066918426,0.0025423514,0.9994388,0.36052582
549,2,0.807309,0.00065999,0.00016947344,0.0001610753,0.000112255395,0.00041673754,0.00066918426,0.0025423514,0.9994388,0.36052582
549,3,0.807309,0.00065999,0.00016947344,0.0001610753,0.000112255395,0.00041673754,0.00066918426,0.0025423514,0.9994388,0.36052582
549,4,0.807309,0.00065999,0.00016947344,0.0001610753,0.000112255395,0.00041673754,0.00066918426,0.0025423514,0.9994388,0.36052582
549,5,0.807309,0.00065999,0.00016947344,0.0001610753,0.000112255395,0.00041673754,0.00066918426,0.0025423514,0.9994388,0.36061987
549,6,0.807309,0.00065999,0.00016947344,0.0001610753,0.000112255395,0.00041673754,0.00066918426,0.0025423514,0.9994388,0.36067235
549,7,0.807309,0.00065999,0.00016947344,0.0001610753,0.000112255395,0.00041673754,0.00066918426,0.0025423514,0.9994388,0.36067235
549,8,0.807309,0.00065999,0.00016947344,0.0001610753,0.000112255395,0.00041673754,0.00066918426,0.0025423514,0.9994388,0.36067235
555,0,0.7571327,0.00037868155,0.00010914391,5.3776675e-05,8.636357e-05,7.9775105e-05,0.0003702157,0.015756687,0.99958915,0.34374073
555,1,0.7571327,0.00037868155,0.00010914391,5.3776675e-05,8.636357e-05,7.9775105e-05,0.0003702157,0.015756687,0.99958915,0.34374073
555,2,0.7571327,0.00037868155,0.00010914391,5.3776675e-05,8.636357e-05,7.9775105e-05,0.0003702157,0.015756687,0.99958915,0.34374073
555,3,0.7571327,0.00037868155,0.00010914391,5.3776675e-05,8.636357e-05,7.9775105e-05,0.0003702157,0.015756687,0.99958915,0.34374073
555,4,0.7571327,0.00037868155,0.00010914391,5.3776675e-05,8.636357e-05,7.9775105e-05,0.0003702157,0.015756687,0.99958915,0.34374073
555,5,0.7571327,0.00037868155,0.00010914391,5.3776675e-05,8.636357e-05,7.9775105e-05,0.0003702157,0.015756687,0.99958915,0.34374073
555,6,0.7571327,0.00037868155,0.00010914391,5.3776675e-05,8.636357e-05,7.9775105e-05,0.0003702157,0.015756687,0.99958915,0.34374073
555,7,0.7571327,0.00037868155,0.00010914391,5.3776675e-05,8.636357e-05,7.9775105e-05,0.0003702157,0.015756687,0.99958915,0.34378442
555,8,0.7571327,0.00037868155,0.00010914391,5.3776675e-05,8.636357e-05,7.9775105e-05,0.0003702157,0.015756687,0.99958915,0.34378442
557,0,0.5835889,0.00032854572,5.136398e-05,4.5556033e-05,9.78577e-05,9.4339564e-05,0.00027088745,0.0024149157,0.99963987,0.339169
557,1,0.6541941,0.00032816915,5.27534e-05,4.286205e-05,9.172602e-05,9.1692964e-05,0.00025735755,0.0004964309,0.9997303,0.34093222
557,2,0.5835889,0.00032854572,5.136398e-05,4.5556033e-05,9.78577e-05,9.4339564e-05,0.00027088745,0.0024149157,0.99963987,0.339169
557,3,0.6541941,0.00032816915,5.27534e-05,4.286205e-05,9.172602e-05,9.1692964e-05,0.00025735755,0.0004964309,0.9997303,0.34093222
557,4,0.5835889,0.00032854572,5.136398e-05,4.5556033e-05,9.78577e-05,9.4339564e-05,0.00027088745,0.0024149157,0.99963987,0.339169
557,5,0.6541941,0.00032816915,5.27534e-05,4.286205e-05,9.172602e-05,9.1692964e-05,0.00025735755,0.0004964309,0.9997303,0.34093222
557,6,0.5835889,0.00032854572,5.136398e-05,4.5556033e-05,9.78577e-05,9.4339564e-05,0.00027088745,0.0024149157,0.99963987,0.339169
557,7,0.6541941,0.00032816915,5.27534e-05,4.286205e-05,9.172602e-05,9.1692964e-05,0.00025735755,0.0004964309,0.9997303,0.34093222
557,8,0.5835889,0.00032854572,5.136398e-05,4.5556033e-05,9.78577e-05,9.4339564e-05,0.00027088745,0.0024149157,0.99963987,0.33915296
563,0,0.8869545,0.0003995329,0.00011813518,0.00012562348,0.00010711203,0.0001391553,0.000651123,0.0018279953,0.999765,0.33227023
563,1,0.8869545,0.0003995329,0.00011813518,0.00012562348,0.00010711203,0.0001391553,0.000651123,0.0018279953,0.999765,0.33227023
563,2,0.8869545,0.0003995329,0.00011813518,0.00012562348,0.00010711203,0.0001391553,0.000651123,0.0018279953,0.999765,0.33227023
563,3,0.8869545,0.0003995329,0.00011813518,0.00012562348,0.00010711203,0.0001391553,0.000651123,0.0018279953,0.999765,0.33227023
563,4,0.8869545,0.0003995329,0.00011813518,0.00012562348,0.00010711203,0.0001391553,0.000651123,0.0018279953,0.999765,0.33227023
563,5,0.8869545,0.0003995329,0.00011813518,0.00012562348,0.00010711203,0.0001391553,0.000651123,0.0018279953,0.999765,0.33226395
563,6,0.8869545,0.0003995329,0.00011813518,0.00012562348,0.00010711203,0.0001391553,0.000651123,0.0018279953,0.999765,0.33226395
563,7,0.8869545,0.0003995329,0.00011813518,0.00012562348,0.00010711203,0.0001391553,0.000651123,0.0018279953,0.999765,0.33226395
563,8,0.8869545,0.0003995329,0.00011813518,0.00012562348,0.00010711203,0.0001391553,0.000651123,0.0018279953,0.999765,0.33226395
565,0,0.9994583,0.00070372765,0.00013304979,0.00022050836,0.00016715344,0.0002969081,0.0011183843,0.0007003623,0.9997675,0.46268892
565,1,0.9994583,0.00070372765,0.00013304979,0.00022050836,0.00016715344,0.0002969081,0.0011183843,0.0007003623,0.9997675,0.46268892
565,2,0.9994583,0.00070372765,0.00013304979,0.00022050836,0.00016715344,0.0002969081,0.0011183843,0.0007003623,0.9997675,0.46268892
565,3,0.9994583,0.00070372765,0.00013304979,0.00022050836,0.00016715344,0.0002969081,0.0011183843,0.0007003623,0.9997675,0.46268892
565,4,0.9994583,0.00070372765,0.00013304979,0.00022050836,0.00016715344,0.0002969081,0.0011183843,0.0007003623,0.9997675,0.46268892
565,5,0.9994583,0.00070372765,0.00013304979,0.00022050836,0.00016715344,0.0002969081,0.0011183843,0.0007003623,0.9997675,0.46268892
565,6,0.9994583,0.00070372765,0.00013304979,0.00022050836,0.00016715344,0.0002969081,0.0011183843,0.0007003623,0.9997675,0.46268892
565,7,0.9994583,0.00070372765,0.00013304979,0.00022050836,0.00016715344,0.0002969081,0.0011183843,0.0007003623,0.9997675,0.46268892
565,8,0.9994583,0.00070372765,0.00013304979,0.00022050836,0.00016715344,0.0002969081,0.0011183843,0.0007003623,0.9997675,0.46268892
567,0,0.93941736,0.0006461709,0.00014907042,9.641358e-05,0.00012977826,0.00011255316,0.0006642941,0.0011969991,0.9996939,0.49074212
567,1,0.93941736,0.0006461709,0.00014907042,9.641358e-05,0.00012977826,0.00011255316,0.0006642941,0.0011969991,0.9996939,0.49074212
567,2,0.93941736,0.0006461709,0.00014907042,9.641358e-05,0.00012977826,0.00011255316,0.0006642941,0.0011969991,0.9996939,0.49074212
567,3,0.93941736,0.0006461709,0.00014907042,9.641358e-05,0.00012977826,0.00011255316,0.0006642941,0.0011969991,0.9996939,0.4905764
567,4,0.93941736,0.0006461709,0.00014907042,9.641358e-05,0.00012977826,0.00011255316,0.0006642941,0.0011969991,0.9996939,0.4905764
567,5,0.9396613,0.00062915566,0.0001542695,9.7585034e-05,0.00013588491,0.00011555581,0.00070816313,0.0011189576,0.9996836,0.513966
567,6,0.93941736,0.0006461709,0.00014907042,9.641358e-05,0.00012977826,0.00011255316,0.0006642941,0.0011969991,0.9996939,0.4905764
567,7,0.93941736,0.0006461709,0.00014907042,9.641358e-05,0.00012977826,0.00011255316,0.0006642941,0.0011969991,0.9996939,0.4905764
567,8,0.93941736,0.0006461709,0.00014907042,9.641358e-05,0.00012977826,0.00011255316,0.0006642941,0.0011969991,0.9996939,0.4905764
568,0,0.8932522,0.00049274095,0.00017656658,0.00011381364,9.084318e-05,9.9709476e-05,0.0006135605,0.00012844801,0.99946934,0.3383522
568,1,0.8932522,0.00049274095,0.00017656658,0.00011381364,9.084318e-05,9.9709476e-05,0.0006135605,0.00012844801,0.99946934,0.3383522
568,2,0.8932522,0.00049274095,0.00017656658,0.00011381364,9.084318e-05,9.9709476e-05,0.0006135605,0.00012844801,0.99946934,0.3383522
568,3,0.8932522,0.00049274095,0.00017656658,0.00011381364,9.084318e-05,9.9709476e-05,0.0006135605,0.00012844801,0.99946934,0.3383522
568,4,0.8932522,0.00049274095,0.00017656658,0.00011381364,9.084318e-05,9.9709476e-05,0.0006135605,0.00012844801,0.99946934,0.33823347
568,5,0.8932522,0.00049274095,0.00017656658,0.00011381364,9.084318e-05,9.9709476e-05,0.0006135605,0.00012844801,0.99946934,0.33813167
568,6,0.8932522,0.00049274095,0.00017656658,0.00011381364,9.084318e-05,9.9709476e-05,0.0006135605,0.00012844801,0.99946934,0.33813167
568,7,0.8932522,0.00049274095,0.00017656658,0.00011381364,9.084318e-05,9.9709476e-05,0.0006135605,0.00012844801,0.99946934,0.33813167
568,8,0.8932522,0.00049274095,0.00017656658,0.00011381364,9.084318e-05,9.9709476e-05,0.0006135605,0.00012844801,0.99946934,0.33813167
571,0,0.8353947,0.0003504249,5.9023638e-05,7.890189e-05,8.276419e-05,8.023805e-05,0.0004155417,0.13913907,0.9995982,0.3425236
571,1,0.8353947,0.0003504249,5.9023638e-05,7.890189e-05,8.276419e-05,8.023805e-05,0.0004155417,0.13913907,0.9995982,0.3425236
571,2,0.8353947,0.0003504249,5.9023638e-05,7.890189e-05,8.276419e-05,8.023805e-05,0.0004155417,0.13913907,0.9995982,0.3425236
571,3,0.8353947,0.0003504249,5.9023638e-05,7.890189e-05,8.276419e-05,8.023805e-05,0.0004155417,0.13913907,0.9995982,0.3425236
571,4,0.8353947,0.0003504249,5.9023638e-05,7.890189e-05,8.276419e-05,8.023805e-05,0.0004155417,0.13913907,0.9995982,0.3425236
571,5,0.8353947,0.0003504249,5.9023638e-05,7.890189e-05,8.276419e-05,8.023805e-05,0.0004155417,0.13913907,0.9995982,0.3425236
571,6,0.8353947,0.0003504249,5.9023638e-05,7.890189e-05,8.276419e-05,8.023805e-05,0.0004155417,0.13913907,0.9995982,0.3425236
571,7,0.8353947,0.0003504249,5.9023638e-05,7.890189e-05,8.276419e-05,8.023805e-05,0.0004155417,0.13913907,0.9995982,0.3425236
571,8,0.8353947,0.0003504249,5.9023638e-05,7.890189e-05,8.276419e-05,8.023805e-05,0.0004155417,0.13913907,0.9995982,0.3425236
572,0,0.6903905,0.00087945996,0.00044640535,9.377021e-05,0.00012711041,0.00014982169,0.0008237216,0.013355676,0.99796426,0.47604838
572,1,0.6903905,0.00087945996,0.00044640535,9.377021e-05,0.00012711041,0.00014982169,0.0008237216,0.013355676,0.99796426,0.47604838
572,2,0.76391315,0.00075154233,0.0003252488,8.742359e-05,0.00012292915,0.00018959084,0.0008081387,0.0047579175,0.998823,0.5001597
572,3,0.76391315,0.00075154233,0.0003252488,8.742359e-05,0.00012292915,0.00018959084,0.0008081387,0.0047579175,0.998823,0.5001586
572,4,0.6903905,0.00087945996,0.00044640535,9.377021e-05,0.00012711041,0.00014982169,0.0008237216,0.013355676,0.99796426,0.47613463
572,5,0.76391315,0.00075154233,0.0003252488,8.742359e-05,0.00012292915,0.00018959084,0.0008081387,0.0047579175,0.998823,0.5001586
572,6,0.6903905,0.00087945996,0.00044640535,9.377021e-05,0.00012711041,0.00014982169,0.0008237216,0.013355676,0.99796426,0.47613463
572,7,0.76391315,0.00075154233,0.0003252488,8.742359e-05,0.00012292915,0.00018959084,0.0008081387,0.0047579175,0.998823,0.5001586
572,8,0.6903905,0.00087945996,0.00044640535,9.377021e-05,0.00012711041,0.00014982169,0.0008237216,0.013355676,0.99796426,0.47613463
573,0,0.47001764,0.004760061,0.0011672366,0.000101576064,0.0016209332,0.001409179,0.0060698623,0.00011786715,0.9987343,0.305151
573,1,0.47001764,0.004760061,0.0011672366,0.000101576064,0.0016209332,0.001409179,0.0060698623,0.00011786715,0.9987343,0.305151
573,2,0.47001764,0.004760061,0.0011672366,0.000101576064,0.0016209332,0.001409179,0.0060698623,0.00011786715,0.9987343,0.305151
573,3,0.47001764,0.004760061,0.0011672366,0.000101576064,0.0016209332,0.001409179,0.0060698623,0.00011786715,0.9987343,0.305151
573,4,0.46213225,0.0046152947,0.0013045862,9.443443e-05,0.0017880142,0.0012892657,0.0060841274,0.000113009686,0.9984742,0.3006203
573,5,0.47001764,0.004760061,0.0011672366,0.000101576064,0.0016209332,0.001409179,0.0060698623,0.00011786715,0.9987343,0.30529004
573,6,0.46213225,0.0046152947,0.0013045862,9.443443e-05,0.0017880142,0.0012892657,0.0060841274,0.000113009686,0.9984742,0.30055332
573,7,0.46213225,0.0046152947,0.0013045862,9.443443e-05,0.0017880142,0.0012892657,0.0060841274,0.000113009686,0.9984742,0.30055332
573,8,0.47001764,0.004760061,0.0011672366,0.000101576064,0.0016209332,0.001409179,0.0060698623,0.00011786715,0.9987343,0.30529004
576,0,0.3356614,0.00068687316,0.0004235059,2.5255822e-05,0.00011459598,4.2739688e-05,0.0013770898,0.9997975,0.9977724,0.3408582
576,1,0.3337622,0.0007395405,0.00060837565,3.1471613e-05,0.00010773463,5.9834605e-05,0.0011453404,0.999747,0.9963527,0.32537174
576,2,0.3356614,0.00068687316,0.0004235059,2.5255822e-05,0.00011459598,4.2739688e-05,0.0013770898,0.9997975,0.9977724,0.34076226
576,3,0.3337622,0.0007395405,0.00060837565,3.1471613e-05,0.00010773463,5.9834605e-05,0.0011453404,0.999747,0.9963527,0.32537174
576,4,0.3337622,0.0007395405,0.00060837565,3.1471613e-05,0.00010773463,5.9834605e-05,0.0011453404,0.999747,0.9963527,0.32537174
576,5,0.33389628,0.00096086547,0.0012511922,4.273618e-05,0.00019994291,6.534638e-05,0.001932121,0.9997205,0.9820202,0.3082157
576,6,0.3337622,0.0007395405,0.00060837565,3.1471613e-05,0.00010773463,5.9834605e-05,0.0011453404,0.999747,0.9963527,0.32551253
576,7,0.33200547,0.004597851,0.0042803055,7.074181e-05,0.00039198613,6.825799e-05,0.0019932932,0.9995498,0.06898133,0.3066815
576,8,0.3356614,0.00068687316,0.0004235059,2.5255822e-05,0.00011459598,4.2739688e-05,0.0013770898,0.9997975,0.9977724,0.34080395
578,0,0.7480704,0.0006384003,0.00018394289,0.00010028303,0.0001385748,0.0002353184,0.0006543844,0.0007302274,0.9995332,0.35229322
578,1,0.7480704,0.0006384003,0.00018394289,0.00010028303,0.0001385748,0.0002353184,0.0006543844,0.0007302274,0.9995332,0.35229322
578,2,0.7480704,0.0006384003,0.00018394289,0.00010028303,0.0001385748,0.0002353184,0.0006543844,0.0007302274,0.9995332,0.35229322
578,3,0.7480704,0.0006384003,0.00018394289,0.00010028303,0.0001385748,0.0002353184,0.0006543844,0.0007302274,0.9995332,0.35229322
578,4,0.7480704,0.0006384003,0.00018394289,0.00010028303,0.0001385748,0.0002353184,0.0006543844,0.0007302274,0.9995332,0.35229322
578,5,0.7480704,0.0006384003,0.00018394289,0.00010028303,0.0001385748,0.0002353184,0.0006543844,0.0007302274,0.9995332,0.35229322
578,6,0.7480704,0.0006384003,0.00018394289,0.00010028303,0.0001385748,0.0002353184,0.0006543844,0.0007302274,0.9995332,0.35229322
578,7,0.7480704,0.0006384003,0.00018394289,0.00010028303,0.0001385748,0.0002353184,0.0006543844,0.0007302274,0.9995332,0.35229322
578,8,0.7480704,0.0006384003,0.00018394289,0.00010028303,0.0001385748,0.0002353184,0.0006543844,0.0007302274,0.9995332,0.35229322
581,0,0.8529107,0.00064114534,0.0002818537,0.00014512327,5.985909e-05,0.000105495135,0.00062231004,0.0006761534,0.9996959,0.42376995
581,1,0.8529107,0.00064114534,0.0002818537,0.00014512327,5.985909e-05,0.000105495135,0.00062231004,0.0006761534,0.9996959,0.42376995
581,2,0.8529107,0.00064114534,0.0002818537,0.00014512327,5.985909e-05,0.000105495135,0.00062231004,0.0006761534,0.9996959,0.42376995
581,3,0.8529107,0.00064114534,0.0002818537,0.00014512327,5.985909e-05,0.000105495135,0.00062231004,0.0006761534,0.9996959,0.42376995
581,4,0.8529107,0.00064114656,0.00028185477,0.00014512285,5.985892e-05,0.00010549463,0.000622307,0.00067615526,0.9996959,0.42423788
581,5,0.8529107,0.00064114656,0.00028185477,0.00014512285,5.985892e-05,0.00010549463,0.000622307,0.00067615526,0.9996959,0.42423788
581,6,0.8529107,0.00064114656,0.00028185477,0.00014512285,5.985892e-05,0.00010549463,0.000622307,0.00067615526,0.9996959,0.42423788
581,7,0.8529107,0.00064114656,0.00028185477,0.00014512285,5.985892e-05,0.00010549463,0.000622307,0.00067615526,0.9996959,0.42423788
581,8,0.8529107,0.00064114656,0.00028185477,0.00014512285,5.985892e-05,0.00010549463,0.000622307,0.00067615526,0.9996959,0.42423788
584,0,0.54249334,0.0008805789,0.0001303577,0.00011297747,0.00016242822,0.0005048862,0.0011363314,0.00040910332,0.9990465,0.4152986
584,1,0.54249334,0.0008805789,0.0001303577,0.00011297747,0.00016242822,0.0005048862,0.0011363314,0.00040910332,0.9990465,0.41466364
584,2,0.54249334,0.0008805789,0.0001303577,0.00011297747,0.00016242822,0.0005048862,0.0011363314,0.00040910332,0.9990465,0.41466364
584,3,0.54249334,0.0008805789,0.0001303577,0.00011297747,0.00016242822,0.0005048862,0.0011363314,0.00040910332,0.9990465,0.41466364
584,4,0.54249334,0.0008805789,0.0001303577,0.00011297747,0.00016242822,0.0005048862,0.0011363314,0.00040910332,0.9990465,0.41466364
584,5,0.54249334,0.0008805789,0.0001303577,0.00011297747,0.00016242822,0.0005048862,0.0011363314,0.00040910332,0.9990465,0.41466364
584,6,0.54249334,0.0008805789,0.0001303577,0.00011297747,0.00016242822,0.0005048862,0.0011363314,0.00040910332,0.9990465,0.41466364
584,7,0.54249334,0.0008805789,0.0001303577,0.00011297747,0.00016242822,0.0005048862,0.0011363314,0.00040910332,0.9990465,0.41466364
584,8,0.54249334,0.0008805789,0.0001303577,0.00011297747,0.00016242822,0.0005048862,0.0011363314,0.00040910332,0.9990465,0.41466364
586,0,0.45837846,0.0018684265,0.0004704077,0.0003785908,0.00050972804,0.00046365891,0.002667977,0.0005383101,0.99717903,0.31584096
586,1,0.45837846,0.0018684265,0.0004704077,0.0003785908,0.00050972804,0.00046365891,0.002667977,0.0005383101,0.99717903,0.31584096
586,2,0.45837846,0.0018684265,0.0004704077,0.0003785908,0.00050972804,0.00046365891,0.002667977,0.0005383101,0.99717903,0.31580046
586,3,0.45837846,0.0018684265,0.0004704077,0.0003785908,0.00050972804,0.00046365891,0.002667977,0.0005383101,0.99717903,0.31580046
586,4,0.45837846,0.0018684265,0.0004704077,0.0003785908,0.00050972804,0.00046365891,0.002667977,0.0005383101,0.99717903,0.31580046
586,5,0.45837846,0.0018684265,0.0004704077,0.0003785908,0.00050972804,0.00046365891,0.002667977,0.0005383101,0.99717903,0.31580046
586,6,0.45837846,0.0018684265,0.0004704077,0.0003785908,0.00050972804,0.00046365891,0.002667977,0.0005383101,0.99717903,0.31580046
586,7,0.45837846,0.0018684265,0.0004704077,0.0003785908,0.00050972804,0.00046365891,0.002667977,0.0005383101,0.99717903,0.31580046
586,8,0.45837846,0.0018684265,0.0004704077,0.0003785908,0.00050972804,0.00046365891,0.002667977,0.0005383101,0.99717903,0.31578985
587,0,0.33296773,0.0018787448,0.00088613824,0.0003003943,0.00091245124,0.00033307483,0.0019522876,0.99667656,0.74290735,0.05635092
587,1,0.33278006,0.001347336,0.00044103258,0.0002215285,0.00052462966,0.00027931185,0.0012298609,0.9973807,0.9391847,0.25301751
587,2,0.33296773,0.0018787448,0.00088613824,0.0003003943,0.00091245124,0.00033307483,0.0019522876,0.99667656,0.74290735,0.05635092
587,3,0.33292374,0.0020264834,0.00085906556,0.00029346516,0.00089645066,0.00027954145,0.0017777822,0.99672407,0.7431432,0.058316857
587,4,0.33260757,0.0035962262,0.0025458676,0.0004747468,0.0016934146,0.00028066363,0.0022732248,0.99655837,0.34824872,0.06483153
587,5,0.5412738,0.0008220757,0.00017502015,0.0002615322,0.00018637195,0.0010175126,0.0014545337,9.698409e-05,0.9988186,0.3550705
587,6,0.33254567,0.004185212,0.002865695,0.000542232,0.0021870576,0.00030160186,0.0026309933,0.99685717,0.22653462,0.17080255
587,7,0.33278006,0.001347336,0.00044103258,0.0002215285,0.00052462966,0.00027931185,0.0012298609,0.9973807,0.9391847,0.25407502
587,8,0.33278006,0.001347336,0.00044103258,0.0002215285,0.00052462966,0.00027931185,0.0012298609,0.9973807,0.9391847,0.25407502
592,0,0.89880306,0.0005196807,0.00018992937,5.6635923e-05,0.00013451105,0.0006557188,0.00090770493,0.033060085,0.99945956,0.37309697
592,1,0.89880306,0.0005196807,0.00018992937,5.6635923e-05,0.00013451105,0.0006557188,0.00090770493,0.033060085,0.99945956,0.37309697
592,2,0.89880306,0.0005196807,0.00018992937,5.6635923e-05,0.00013451105,0.0006557188,0.00090770493,0.033060085,0.99945956,0.37309697
592,3,0.9120641,0.000505437,0.00018946939,5.303627e-05,0.00012560611,0.00047451447,0.0008874607,0.032842822,0.99945694,0.37092206
592,4,0.90898395,0.0005062121,0.0001991725,6.0011873e-05,0.00014110559,0.0007133601,0.0009289016,0.02268199,0.9995096,0.37363365
592,5,0.90898395,0.0005062121,0.0001991725,6.0011873e-05,0.00014110559,0.0007133601,0.0009289016,0.02268199,0.9995096,0.3736478
592,6,0.90898395,0.0005062121,0.0001991725,6.0011873e-05,0.00014110559,0.0007133601,0.0009289016,0.02268199,0.9995096,0.37381884
592,7,0.89880306,0.0005196807,0.00018992937,5.6635923e-05,0.00013451105,0.0006557188,0.00090770493,0.033060085,0.99945956,0.373219
592,8,0.89880306,0.00051967945,0.00018993045,5.6636083e-05,0.00013451156,0.00065572385,0.0009077093,0.033059202,0.99945956,0.373219
595,0,0.7482118,0.0007049183,0.00020421892,0.00013837358,0.000180028,0.0005422679,0.0016354402,0.0019016133,0.9988513,0.35748866
595,1,0.7482118,0.0007049183,0.00020421892,0.00013837358,0.000180028,0.0005422679,0.0016354402,0.0019016133,0.9988513,0.35748866
595,2,0.7482118,0.0007049183,0.00020421892,0.00013837358,0.000180028,0.0005422679,0.0016354402,0.0019016133,0.9988513,0.35748866
595,3,0.7482118,0.0007049183,0.00020421892,0.00013837358,0.000180028,0.0005422679,0.0016354402,0.0019016133,0.9988513,0.35748866
595,4,0.7482118,0.0007049183,0.00020421892,0.00013837358,0.000180028,0.0005422679,0.0016354402,0.0019016133,0.9988513,0.35748866
595,5,0.7482118,0.0007049183,0.00020421892,0.00013837358,0.000180028,0.0005422679,0.0016354402,0.0019016133,0.9988513,0.35748866
595,6,0.7482118,0.0007049183,0.00020421892,0.00013837358,0.000180028,0.0005422679,0.0016354402,0.0019016133,0.9988513,0.35748866
595,7,0.7482118,0.0007049183,0.00020421932,0.00013837358,0.00018002886,0.00054227054,0.001635441,0.0019016332,0.9988513,0.35746014
595,8,0.7482118,0.0007049183,0.00020421932,0.00013837358,0.00018002886,0.00054227054,0.001635441,0.0019016332,0.9988513,0.35746014
598,0,0.36938688,0.0009017595,0.00021617417,4.2845295e-05,0.0005282203,0.00023676164,0.001401192,0.50534064,0.9991405,0.34052524
598,1,0.36938688,0.0009017595,0.00021617417,4.2845295e-05,0.0005282203,0.00023676164,0.001401192,0.50534064,0.9991405,0.34052524
598,2,0.36938688,0.0009017595,0.00021617417,4.2845295e-05,0.0005282203,0.00023676164,0.001401192,0.50534064,0.9991405,0.34052524
598,3,0.36938688,0.0009017595,0.00021617417,4.2845295e-05,0.0005282203,0.00023676164,0.001401192,0.50534064,0.9991405,0.34052524
598,4,0.36938688,0.0009017595,0.00021617417,4.2845295e-05,0.0005282203,0.00023676164,0.001401192,0.50534064,0.9991405,0.34052524
598,5,0.36938688,0.0009017595,0.00021617417,4.2845295e-05,0.0005282203,0.00023676164,0.001401192,0.50534064,0.9991405,0.34052524
598,6,0.36938688,0.0009017595,0.00021617417,4.2845295e-05,0.0005282203,0.00023676164,0.001401192,0.50534064,0.9991405,0.34052524
598,7,0.36938688,0.0009017595,0.00021617417,4.2845295e-05,0.0005282203,0.00023676164,0.001401192,0.50534064,0.9991405,0.34052524
598,8,0.36938688,0.0009017595,0.00021617417,4.2845295e-05,0.0005282203,0.00023676164,0.001401192,0.50534064,0.9991405,0.34053016
604,0,0.6899331,0.00029518892,8.198779e-05,5.5324603e-05,7.5683456e-05,0.00023473821,0.00030871603,0.0021606886,0.9996177,0.33739555
604,1,0.6899331,0.00029518892,8.198779e-05,5.5324603e-05,7.5683456e-05,0.00023473821,0.00030871603,0.0021606886,0.9996177,0.33739555
604,2,0.6922598,0.0003027739,8.6962384e-05,5.720134e-05,7.727208e-05,0.00024087314,0.0003227225,0.0021279703,0.9996092,0.33680764
604,3,0.6922598,0.0003027739,8.6962384e-05,5.720134e-05,7.727208e-05,0.00024087314,0.0003227225,0.0021279703,0.9996092,0.33680764
604,4,0.6899331,0.00029518892,8.198779e-05,5.5324603e-05,7.5683456e-05,0.00023473821,0.00030871603,0.0021606886,0.9996177,0.33739555
604,5,0.6899331,0.00029518892,8.198779e-05,5.5324603e-05,7.5683456e-05,0.00023473821,0.00030871603,0.0021606886,0.9996177,0.33735147
604,6,0.6899331,0.00029518892,8.198779e-05,5.5324603e-05,7.5683456e-05,0.00023473821,0.00030871603,0.0021606886,0.9996177,0.33735147
604,7,0.6922598,0.0003027739,8.6962384e-05,5.720134e-05,7.727208e-05,0.00024087314,0.0003227225,0.0021279703,0.9996092,0.3367978
604,8,0.6922598,0.0003027739,8.6962384e-05,5.720134e-05,7.727208e-05,0.00024087314,0.0003227225,0.0021279703,0.9996092,0.3367978
629,0,0.92798686,0.00041883258,0.00013402248,3.20484e-05,0.00010453252,0.00016505775,0.0004653885,0.0014106083,0.9997496,0.38335967
629,1,0.92798686,0.00041883258,0.00013402248,3.20484e-05,0.00010453252,0.00016505775,0.0004653885,0.0014106083,0.9997496,0.38335967
629,2,0.92798686,0.00041883258,0.00013402248,3.20484e-05,0.00010453252,0.00016505775,0.0004653885,0.0014106083,0.9997496,0.3832153
629,3,0.92798686,0.00041883258,0.00013402248,3.20484e-05,0.00010453252,0.00016505775,0.0004653885,0.0014106083,0.9997496,0.3832153
629,4,0.9279868,0.00041883258,0.00013402248,3.20484e-05,0.00010453252,0.00016505775,0.0004653885,0.0014106083,0.9997496,0.3832153
629,5,0.9279868,0.00041883258,0.00013402248,3.20484e-05,0.00010453252,0.00016505775,0.0004653885,0.0014106083,0.9997496,0.3832153
629,6,0.9279868,0.00041883258,0.00013402248,3.20484e-05,0.00010453252,0.00016505775,0.0004653885,0.0014106083,0.9997496,0.3832153
629,7,0.9279868,0.00041883258,0.00013402248,3.20484e-05,0.00010453252,0.00016505775,0.0004653885,0.0014106083,0.9997496,0.3832153
629,8,0.9279868,0.00041883258,0.00013402248,3.20484e-05,0.00010453252,0.00016505775,0.0004653885,0.0014106083,0.9997496,0.3832153
633,0,0.9831498,0.00044007628,6.2437386e-05,6.302452e-05,8.622655e-05,0.00011206492,0.0002552134,0.00086974766,0.9998097,0.5710457
633,1,0.9846435,0.0004821339,6.239197e-05,6.7572786e-05,8.0035934e-05,0.00011952845,0.00023654885,0.00096938334,0.99981207,0.5824726
633,2,0.9846435,0.0004821339,6.239197e-05,6.7572786e-05,8.0035934e-05,0.00011952845,0.00023654885,0.00096938334,0.99981207,0.5824726
633,3,0.98464346,0.0004821339,6.239197e-05,6.7572786e-05,8.0035934e-05,0.00011952845,0.00023654885,0.00096938334,0.99981207,0.5832307
633,4,0.98464346,0.0004821339,6.239197e-05,6.7572786e-05,8.0035934e-05,0.00011952845,0.00023654885,0.00096938334,0.99981207,0.5832307
633,5,0.98464346,0.0004821339,6.239197e-05,6.7572786e-05,8.0035934e-05,0.00011952845,0.00023654885,0.00096938334,0.99981207,0.5832307
633,6,0.98464346,0.0004821339,6.239197e-05,6.7572786e-05,8.0035934e-05,0.00011952845,0.00023654885,0.00096938334,0.99981207,0.5832307
633,7,0.98464346,0.0004821339,6.239197e-05,6.7572786e-05,8.0035934e-05,0.00011952845,0.00023654885,0.00096938334,0.99981207,0.5832307
633,8,0.98464346,0.0004821339,6.239197e-05,6.7572786e-05,8.0035934e-05,0.00011952845,0.00023654885,0.00096938334,0.99981207,0.5829912
634,0,0.7790163,0.00030378267,5.782151e-05,5.7544927e-05,5.328158e-05,9.421262e-05,0.00025355926,0.001592352,0.9995696,0.38242212
634,1,0.7840542,0.00029498947,5.8810023e-05,5.652741e-05,5.0342565e-05,9.8100056e-05,0.00025261316,0.0015988438,0.9995592,0.39131734
634,2,0.7790163,0.00030378267,5.782151e-05,5.7544927e-05,5.328158e-05,9.421262e-05,0.00025355926,0.001592352,0.9995696,0.38242212
634,3,0.7790163,0.00030378267,5.782151e-05,5.7544927e-05,5.328158e-05,9.421262e-05,0.00025355926,0.001592352,0.9995696,0.38242212
634,4,0.7790163,0.00030378267,5.782151e-05,5.7544927e-05,5.328158e-05,9.421262e-05,0.00025355926,0.001592352,0.9995696,0.38242212
634,5,0.7825489,0.00031323187,5.7537465e-05,5.6808633e-05,5.370534e-05,9.503571e-05,0.0002557249,0.0016543412,0.99956244,0.38115528
634,6,0.7825489,0.00031323187,5.7537465e-05,5.6808633e-05,5.370534e-05,9.503571e-05,0.0002557249,0.0016543412,0.99956244,0.38115528
634,7,0.7832237,0.00028793557,5.875117e-05,5.7007146e-05,4.976956e-05,9.67958e-05,0.00024825093,0.001573292,0.99956876,0.39219233
634,8,0.7790163,0.00030378267,5.782151e-05,5.7544927e-05,5.328158e-05,9.421262e-05,0.00025355926,0.001592352,0.9995696,0.38264167
637,0,0.8385434,0.0004177267,6.8165165e-05,0.00021923355,0.00013081708,0.00036776884,0.000807249,0.00281375,0.99961674,0.30866912
637,1,0.763925,0.00044701618,6.98661e-05,0.000111126785,0.00015144213,0.0004035521,0.00090350356,0.007464345,0.9995377,0.32277766
637,2,0.7813372,0.00043810485,6.301508e-05,0.00010798055,0.0001367476,0.00040979125,0.0008899918,0.0054020835,0.99959403,0.32195377
637,3,0.7998464,0.00043981985,7.353276e-05,0.00022151183,0.00012936274,0.0003438986,0.0008429121,0.003443475,0.9995962,0.30511606
637,4,0.7813372,0.00043810485,6.301508e-05,0.00010798055,0.0001367476,0.00040979125,0.0008899918,0.0054020835,0.99959403,0.32195377
637,5,0.7813372,0.00043810485,6.301508e-05,0.00010798055,0.0001367476,0.00040979125,0.0008899918,0.0054020835,0.99959403,0.32195377
637,6,0.763925,0.00044701618,6.98661e-05,0.000111126785,0.00015144213,0.0004035521,0.00090350356,0.007464345,0.9995377,0.32266513
637,7,0.7998464,0.00043981985,7.353276e-05,0.00022151183,0.00012936274,0.0003438986,0.0008429121,0.003443475,0.9995962,0.30497998
637,8,0.7813372,0.00043810485,6.301508e-05,0.00010798055,0.0001367476,0.00040979125,0.0008899918,0.0054020835,0.99959403,0.32208323
639,0,0.74307317,0.0007287494,0.00010462007,8.6442335e-05,0.00012298883,0.00016765083,0.0005819014,0.01180346,0.9996209,0.34826586
639,1,0.7387862,0.0007152788,0.00010733983,8.619211e-05,0.00012570892,0.00017085145,0.00059575593,0.0115788905,0.99962187,0.34691787
639,2,0.74307317,0.0007287494,0.00010462007,8.6442335e-05,0.00012298883,0.00016765083,0.0005819014,0.01180346,0.9996209,0.34826586
639,3,0.7387862,0.0007152788,0.00010733983,8.619211e-05,0.00012570892,0.00017085145,0.00059575593,0.0115788905,0.99962187,0.34691787
639,4,0.7387862,0.0007152788,0.00010733983,8.619211e-05,0.00012570892,0.00017085145,0.00059575593,0.0115788905,0.99962187,0.34691787
639,5,0.7387862,0.0007152788,0.00010733983,8.619211e-05,0.00012570892,0.00017085145,0.00059575593,0.0115788905,0.99962187,0.34691787
639,6,0.74307317,0.0007287494,0.00010462007,8.6442335e-05,0.00012298883,0.00016765083,0.0005819014,0.01180346,0.9996209,0.34826586
639,7,0.7387862,0.0007152788,0.00010733983,8.619211e-05,0.00012570892,0.00017085145,0.00059575593,0.0115788905,0.99962187,0.34691787
639,8,0.7220518,0.00071945926,0.00010070661,7.891626e-05,0.0001255611,0.00016691408,0.0005986174,0.007920263,0.9995902,0.3451661
640,0,0.33356142,0.0017178383,0.00040253397,0.00016861015,0.0007964863,0.00011384077,0.0020232662,0.99897987,0.9404072,0.27839985
640,1,0.3340031,0.0017632338,0.00038045898,0.00015782299,0.0007477842,0.00011661826,0.002015631,0.999073,0.94631165,0.2785841
640,2,6.7054584e-06,0.2157868,0.45376146,0.008546395,0.9540243,0.00025292113,0.41786748,0.8786089,5.3874304e-05,0.0030952916
640,3,0.33356142,0.0017178383,0.00040253397,0.00016861015,0.0007964863,0.00011384077,0.0020232662,0.99897987,0.9404072,0.27839985
640,4,0.3334645,0.0019461097,0.00056006154,0.00016178055,0.00078771054,0.00012084065,0.0021548674,0.99889827,0.90689576,0.25122014
640,5,0.3334645,0.0019461097,0.00056006154,0.00016178055,0.00078771054,0.00012084065,0.0021548674,0.99889827,0.90689576,0.25122014
640,6,0.33357188,0.0018786348,0.00058032037,0.00017171081,0.0007575365,0.0001175429,0.002113483,0.998955,0.8963501,0.27620986
640,7,0.33357188,0.0018786348,0.00058032037,0.00017171081,0.0007575365,0.0001175429,0.002113483,0.998955,0.8963501,0.27620986
640,8,6.7054584e-06,0.2157868,0.45376146,0.008546395,0.9540243,0.00025292113,0.41786748,0.8786089,5.3874304e-05,0.0030952916
665,0,0.45426536,0.00041841398,0.000112347705,4.8153863e-05,0.00016609849,8.573208e-05,0.0009732071,0.36367446,0.99904865,0.356472
665,1,0.45426536,0.00041841398,0.000112347705,4.8153863e-05,0.00016609849,8.573208e-05,0.0009732071,0.36367446,0.99904865,0.3565167
665,2,0.45426536,0.00041841398,0.000112347705,4.8153863e-05,0.00016609849,8.573208e-05,0.0009732071,0.36367446,0.99904865,0.3565167
665,3,0.45426536,0.00041841398,0.000112347705,4.8153863e-05,0.00016609849,8.573208e-05,0.0009732071,0.36367446,0.99904865,0.3565167
665,4,0.45426536,0.00041841398,0.000112347705,4.8153863e-05,0.00016609849,8.573208e-05,0.0009732071,0.36367446,0.99904865,0.3565167
665,5,0.45426536,0.00041841398,0.000112347705,4.8153863e-05,0.00016609849,8.573208e-05,0.0009732071,0.36367446,0.99904865,0.3565167
665,6,0.45426545,0.00041841398,0.000112347705,4.8153863e-05,0.00016609849,8.573208e-05,0.0009732071,0.36367446,0.99904865,0.3565167
665,7,0.45426545,0.00041841398,0.000112347705,4.8153863e-05,0.00016609849,8.573208e-05,0.0009732071,0.36367446,0.99904865,0.3565167
665,8,0.45426545,0.00041841398,0.000112347705,4.8153863e-05,0.00016609849,8.573208e-05,0.0009732071,0.36367446,0.99904865,0.3565167
669,0,0.85182005,0.0007233425,0.00016028136,0.00012976241,0.00016114257,0.0001342348,0.0014597512,0.00079162396,0.99972826,0.34315434
669,1,0.85182005,0.0007233425,0.00016028136,0.00012976241,0.00016114257,0.0001342348,0.0014597512,0.00079162396,0.99972826,0.34315434
669,2,0.85182005,0.0007233425,0.00016028136,0.00012976241,0.00016114257,0.0001342348,0.0014597512,0.00079162396,0.99972826,0.34312394
669,3,0.85182005,0.0007233425,0.00016028136,0.00012976241,0.00016114257,0.0001342348,0.0014597512,0.00079162396,0.99972826,0.3431981
669,4,0.85182005,0.0007233425,0.00016028136,0.00012976241,0.00016114257,0.0001342348,0.0014597512,0.00079162396,0.99972826,0.3431981
669,5,0.85181993,0.0007233425,0.00016028136,0.00012976241,0.00016114257,0.0001342348,0.0014597512,0.00079162396,0.99972826,0.3431981
669,6,0.85181993,0.0007233425,0.00016028136,0.00012976241,0.00016114257,0.0001342348,0.0014597512,0.00079162396,0.99972826,0.3431981
669,7,0.85181993,0.0007233425,0.00016028136,0.00012976241,0.00016114257,0.0001342348,0.0014597512,0.00079162396,0.99972826,0.34322092
669,8,0.85181993,0.0007233425,0.00016028136,0.00012976241,0.00016114257,0.0001342348,0.0014597512,0.00079162396,0.99972826,0.34318003
671,0,0.9587779,0.0005046086,8.491017e-05,7.87867e-05,7.897091e-05,6.113383e-05,0.00020330578,0.0025677008,0.9998209,0.45779213
671,1,0.96053165,0.00056469056,7.85387e-05,7.871986e-05,8.399195e-05,5.8776157e-05,0.00020641224,0.0025340142,0.9998211,0.45258954
671,2,0.96053165,0.00056469056,7.85387e-05,7.871986e-05,8.399195e-05,5.8776157e-05,0.00020641224,0.0025340142,0.9998211,0.45258954
671,3,0.96053165,0.00056469056,7.85387e-05,7.871986e-05,8.399195e-05,5.8776157e-05,0.00020641224,0.0025340142,0.9998211,0.45258954
671,4,0.9587779,0.0005046086,8.491017e-05,7.87867e-05,7.897091e-05,6.113383e-05,0.00020330578,0.0025677008,0.9998209,0.45741466
671,5,0.96053165,0.00056469056,7.85387e-05,7.871986e-05,8.399195e-05,5.8776157e-05,0.00020641224,0.0025340142,0.9998211,0.45185304
671,6,0.96053165,0.00056469056,7.85387e-05,7.871986e-05,8.399195e-05,5.8776157e-05,0.00020641224,0.0025340142,0.9998211,0.45185304
671,7,0.9587779,0.0005046086,8.491017e-05,7.87867e-05,7.897091e-05,6.113383e-05,0.00020330578,0.0025677008,0.9998209,0.45741466
671,8,0.9587779,0.0005046086,8.491017e-05,7.87867e-05,7.897091e-05,6.113383e-05,0.00020330578,0.0025677008,0.9998209,0.45741466
672,0,0.88192654,0.0003837148,8.4883126e-05,5.9622384e-05,7.609355e-05,0.0001623607,0.00054488104,0.0012820374,0.99966896,0.47676957
672,1,0.88192654,0.0003837148,8.4883126e-05,5.9622384e-05,7.609355e-05,0.0001623607,0.00054488104,0.0012820374,0.99966896,0.47628903
672,2,0.88192654,0.0003837148,8.4883126e-05,5.9622384e-05,7.609355e-05,0.0001623607,0.00054488104,0.0012820374,0.99966896,0.47628903
672,3,0.88192654,0.0003837148,8.4883126e-05,5.9622384e-05,7.609355e-05,0.0001623607,0.00054488104,0.0012820374,0.99966896,0.47628903
672,4,0.88192654,0.0003837148,8.4883126e-05,5.9622384e-05,7.609355e-05,0.0001623607,0.00054488104,0.0012820374,0.99966896,0.47628903
672,5,0.88192654,0.0003837148,8.4883126e-05,5.9622384e-05,7.609355e-05,0.0001623607,0.00054488104,0.0012820374,0.99966896,0.47628903
672,6,0.88192654,0.0003837148,8.4883126e-05,5.9622384e-05,7.609355e-05,0.0001623607,0.00054488104,0.0012820374,0.99966896,0.47628903
672,7,0.88192654,0.0003837148,8.4883126e-05,5.9622384e-05,7.609355e-05,0.0001623607,0.00054488104,0.0012820374,0.99966896,0.47628903
672,8,0.88192654,0.0003837148,8.4883126e-05,5.9622384e-05,7.609355e-05,0.0001623607,0.00054488104,0.0012820374,0.99966896,0.47628903
678,0,0.9478152,0.0009654449,0.00012215199,7.754749e-05,0.00018295353,0.0002290581,0.0005673544,0.0022547655,0.9998454,0.42527613
678,1,0.9478152,0.0009654449,0.00012215199,7.754749e-05,0.00018295353,0.0002290581,0.0005673544,0.0022547655,0.9998454,0.42527613
678,2,0.9478154,0.0009654449,0.00012215199,7.754749e-05,0.00018295353,0.0002290581,0.0005673544,0.0022547655,0.9998454,0.42527613
678,3,0.9478154,0.0009654449,0.00012215199,7.754749e-05,0.00018295353,0.0002290581,0.0005673544,0.0022547655,0.9998454,0.42527613
678,4,0.9478154,0.0009654449,0.00012215199,7.754749e-05,0.00018295353,0.0002290581,0.0005673544,0.0022547655,0.9998454,0.42527613
678,5,0.9478154,0.0009654449,0.00012215199,7.754749e-05,0.00018295353,0.0002290581,0.0005673544,0.0022547655,0.9998454,0.42527613
678,6,0.9478154,0.0009654449,0.00012215199,7.754749e-05,0.00018295353,0.0002290581,0.0005673544,0.0022547655,0.9998454,0.42527613
678,7,0.9478154,0.0009654449,0.00012215199,7.754749e-05,0.00018295353,0.0002290581,0.0005673544,0.0022547655,0.9998454,0.425241
678,8,0.94998264,0.00091610587,0.000118289034,7.648181e-05,0.00016541948,0.00021854005,0.00051992695,0.0018480283,0.99985087,0.42004928
682,0,0.9480116,0.0005760355,7.16599e-05,7.500756e-05,9.097096e-05,0.00024788597,0.0003345097,0.0034022664,0.99981743,0.4146235
682,1,0.9480116,0.0005760355,7.16599e-05,7.500756e-05,9.097096e-05,0.00024788597,0.0003345097,0.0034022664,0.99981743,0.4146235
682,2,0.9480116,0.0005760355,7.16599e-05,7.500756e-05,9.097096e-05,0.00024788597,0.0003345097,0.0034022664,0.99981743,0.4146235
682,3,0.9480116,0.0005760355,7.16599e-05,7.500756e-05,9.097096e-05,0.00024788597,0.0003345097,0.0034022664,0.99981743,0.4146235
682,4,0.9480116,0.0005760355,7.16599e-05,7.500756e-05,9.097096e-05,0.00024788597,0.0003345097,0.0034022664,0.99981743,0.4146235
682,5,0.9480116,0.0005760355,7.16599e-05,7.500756e-05,9.097096e-05,0.00024788597,0.0003345097,0.0034022664,0.99981743,0.4146235
682,6,0.9480116,0.0005760355,7.16599e-05,7.500756e-05,9.097096e-05,0.00024788597,0.0003345097,0.0034022664,0.99981743,0.4146235
682,7,0.9480116,0.0005760355,7.16599e-05,7.500756e-05,9.097096e-05,0.00024788597,0.0003345097,0.0034022664,0.99981743,0.4146235
682,8,0.9480116,0.0005760355,7.16599e-05,7.500756e-05,9.097096e-05,0.00024788597,0.0003345097,0.0034022664,0.99981743,0.4146235
683,0,0.8948763,0.00030901347,0.00010069998,4.829385e-05,0.000109433735,9.502258e-05,0.0004086479,0.0006348532,0.99971515,0.34765157
683,1,0.00049433915,0.9922765,0.9027461,0.0004755333,0.9904351,3.0489055e-05,0.85535175,0.9949779,2.9335672e-05,0.023998378
683,2,0.8948763,0.00030901347,0.00010069998,4.829385e-05,0.000109433735,9.502258e-05,0.0004086479,0.0006348532,0.99971515,0.34765157
683,3,0.9156234,0.00035914022,0.00010390245,5.719894e-05,0.00011940542,0.000116908974,0.00046515078,0.00059589127,0.9997639,0.35588908
683,4,0.89829844,0.00035003407,9.796432e-05,5.4749275e-05,0.00011571645,0.00011364152,0.00048196985,0.0016937733,0.99969304,0.3489267
683,5,0.89829844,0.00035003407,9.796432e-05,5.4749275e-05,0.00011571645,0.00011364152,0.00048196985,0.0016937733,0.99969304,0.3489267
683,6,0.89829844,0.00035003407,9.796432e-05,5.4749275e-05,0.00011571645,0.00011364152,0.00048196985,0.0016937733,0.99969304,0.3489267
683,7,0.9156234,0.00035914022,0.00010390245,5.719894e-05,0.00011940542,0.000116908974,0.00046515078,0.00059589127,0.9997639,0.35588908
683,8,0.89829844,0.00035003407,9.796432e-05,5.4749275e-05,0.00011571645,0.00011364152,0.00048196985,0.0016937733,0.99969304,0.3489267
685,0,0.33160385,0.0029008135,0.0010735404,6.075531e-05,0.00046902435,0.00018174811,0.0018805813,0.9990608,0.93899125,0.028992457
685,1,0.33160385,0.0029008135,0.0010735404,6.075531e-05,0.00046902435,0.00018174811,0.0018805813,0.9990608,0.93899125,0.029104538
685,2,0.33160385,0.0029008135,0.0010735404,6.075531e-05,0.00046902435,0.00018174811,0.0018805813,0.9990608,0.93899125,0.029126137
685,3,0.33160385,0.0029008135,0.0010735404,6.075531e-05,0.00046902435,0.00018174811,0.0018805813,0.9990608,0.93899125,0.029126137
685,4,0.33160385,0.0029008135,0.0010735404,6.075531e-05,0.00046902435,0.00018174811,0.0018805813,0.9990608,0.93899125,0.029126137
685,5,0.33160385,0.0029008135,0.0010735404,6.075531e-05,0.00046902435,0.00018174811,0.0018805813,0.9990608,0.93899125,0.029126137
685,6,0.33160385,0.0029008135,0.0010735404,6.075531e-05,0.00046902435,0.00018174811,0.0018805813,0.9990608,0.93899125,0.029126137
685,7,0.33160385,0.0029008053,0.0010735374,6.0755374e-05,0.0004690257,0.00018174844,0.0018805813,0.9990608,0.93899024,0.029126137
685,8,0.33160385,0.0029008053,0.0010735374,6.0755374e-05,0.0004690257,0.00018174844,0.0018805813,0.9990608,0.93899024,0.029126137
687,0,0.96373445,0.0006740842,0.00018847082,5.1513147e-05,0.0001425646,0.00015902513,0.00066902617,0.0014302841,0.9997309,0.46480128
687,1,0.96373445,0.0006740842,0.00018847082,5.1513147e-05,0.0001425646,0.00015902513,0.00066902617,0.0014302841,0.9997309,0.46480128
687,2,0.96373445,0.0006740842,0.00018847082,5.1513147e-05,0.0001425646,0.00015902513,0.00066902617,0.0014302841,0.9997309,0.46480128
687,3,0.96373445,0.0006740842,0.00018847082,5.1513147e-05,0.0001425646,0.00015902513,0.00066902617,0.0014302841,0.9997309,0.46481717
687,4,0.96373445,0.0006740842,0.00018847082,5.1513147e-05,0.0001425646,0.00015902513,0.00066902617,0.0014302841,0.9997309,0.46455443
687,5,0.96373445,0.0006740842,0.00018847082,5.1513147e-05,0.0001425646,0.00015902513,0.00066902617,0.0014302841,0.9997309,0.46455443
687,6,0.96373445,0.0006740838,0.0001884701,5.1513245e-05,0.00014256434,0.00015902467,0.00066902424,0.0014302841,0.9997309,0.46455443
687,7,0.96373445,0.0006740838,0.0001884701,5.1513245e-05,0.00014256434,0.00015902467,0.00066902424,0.0014302841,0.9997309,0.46455443
687,8,0.96373445,0.0006740838,0.0001884701,5.1513245e-05,0.00014256434,0.00015902467,0.00066902424,0.0014302841,0.9997309,0.4645668
694,0,0.33497557,0.0036994095,0.0011675329,0.0003856737,0.001774202,0.0006134129,0.0063219927,0.06211258,0.89433765,0.23600666
694,1,0.33497557,0.0036994095,0.0011675329,0.0003856737,0.001774202,0.0006134129,0.0063219927,0.06211258,0.89433765,0.23600666
694,2,0.33497557,0.0036994095,0.0011675329,0.0003856737,0.001774202,0.0006134129,0.0063219927,0.06211258,0.89433765,0.23600666
694,3,0.33497557,0.0036994095,0.0011675329,0.0003856737,0.001774202,0.0006134129,0.0063219927,0.06211258,0.89433765,0.23600666
694,4,0.33497557,0.0036994095,0.0011675329,0.0003856737,0.001774202,0.0006134129,0.0063219927,0.06211258,0.89433765,0.23600666
694,5,0.33497557,0.0036994095,0.0011675329,0.0003856737,0.001774202,0.0006134129,0.0063219927,0.06211258,0.89433765,0.23641223
694,6,0.33497557,0.0036994095,0.0011675329,0.0003856737,0.001774202,0.0006134129,0.0063219927,0.06211258,0.89433765,0.23641223
694,7,0.33497557,0.0036994095,0.0011675329,0.0003856737,0.001774202,0.0006134129,0.0063219927,0.06211258,0.89433765,0.23641223
694,8,0.33497557,0.0036994095,0.0011675329,0.0003856737,0.001774202,0.0006134129,0.0063219927,0.06211258,0.89433765,0.23641223
701,0,0.90977603,0.00027082133,6.171225e-05,4.941525e-05,6.5587796e-05,9.869239e-05,0.00013850493,0.0036315897,0.9997602,0.3445549
701,1,0.8630352,0.00031201701,6.158326e-05,5.218758e-05,6.309332e-05,8.5484884e-05,0.00017141407,0.002377739,0.9997633,0.34603736
701,2,0.91471285,0.0002767763,6.170195e-05,4.817807e-05,6.5092136e-05,0.00010491539,0.00013999417,0.00393778,0.9997491,0.34303442
701,3,0.92827225,0.00028979508,6.395654e-05,5.10239e-05,6.9468224e-05,0.00011584111,0.0001399065,0.004495547,0.99975806,0.3471876
701,4,0.9145532,0.00028675701,6.232358e-05,5.0491464e-05,6.600297e-05,0.00010418779,0.00013881616,0.0034514267,0.9997539,0.34878397
701,5,0.9145532,0.00028675701,6.232358e-05,5.0491464e-05,6.600297e-05,0.00010418779,0.00013881616,0.0034514267,0.9997539,0.34878397
701,6,0.9051159,0.0002672274,6.125685e-05,4.9165556e-05,6.426847e-05,9.6653195e-05,0.00013827057,0.0036168792,0.9997608,0.34562013
701,7,0.92237455,0.0002725797,6.0704057e-05,4.6245874e-05,6.3985826e-05,9.900723e-05,0.00013270289,0.0032635585,0.9997578,0.3495283
701,8,0.9029503,0.00026803883,6.265473e-05,5.021502e-05,6.557698e-05,0.00010554776,0.0001489397,0.0045784237,0.99974483,0.34910846
704,0,0.84011084,0.00035220248,0.00016695035,8.3763836e-05,9.168981e-05,0.000269239,0.00048407807,0.00047965653,0.999728,0.3301018
704,1,0.84011084,0.00035220248,0.00016695035,8.3763836e-05,9.168981e-05,0.000269239,0.00048407807,0.00047965653,0.999728,0.3301018
704,2,0.84011084,0.00035220248,0.00016695035,8.3763836e-05,9.168981e-05,0.000269239,0.00048407807,0.00047965653,0.999728,0.3301018
704,3,0.84011084,0.00035220248,0.00016695035,8.3763836e-05,9.168981e-05,0.000269239,0.00048407807,0.00047965653,0.999728,0.33009002
704,4,0.84011084,0.00035220248,0.00016695035,8.3763836e-05,9.168981e-05,0.000269239,0.00048407807,0.00047965653,0.999728,0.33009002
704,5,0.84011084,0.00035220248,0.00016695035,8.3763836e-05,9.168981e-05,0.000269239,0.00048407807,0.00047965653,0.999728,0.33009002
704,6,0.84011084,0.00035220248,0.00016695035,8.3763836e-05,9.168981e-05,0.000269239,0.00048407807,0.00047965653,0.999728,0.33009002
704,7,0.84011084,0.00035220248,0.00016695035,8.3763836e-05,9.168981e-05,0.000269239,0.00048407807,0.00047965653,0.999728,0.33009002
704,8,0.84011084,0.00035220248,0.00016695035,8.3763836e-05,9.168981e-05,0.000269239,0.00048407807,0.00047965653,0.999728,0.3300669
705,0,0.94790125,0.00077762053,0.0003277033,0.00011995355,0.0001502185,0.00036155124,0.0012589841,0.0025060042,0.9993493,0.32284713
705,1,0.94790125,0.00077762053,0.0003277033,0.00011995355,0.0001502185,0.00036155124,0.0012589841,0.0025060042,0.9993493,0.32284713
705,2,0.94790125,0.00077762053,0.000327703,0.00011995403,0.00015021907,0.0003615542,0.0012589829,0.0025060151,0.9993493,0.32284713
705,3,0.94790125,0.00077762053,0.000327703,0.00011995403,0.00015021907,0.0003615542,0.0012589829,0.0025060151,0.9993493,0.32284713
705,4,0.94790125,0.00077762053,0.000327703,0.00011995403,0.00015021907,0.0003615542,0.0012589829,0.0025060151,0.9993493,0.3228897
705,5,0.94790125,0.00077762053,0.000327703,0.00011995403,0.00015021907,0.0003615542,0.0012589829,0.0025060151,0.9993493,0.322704
705,6,0.94790125,0.00077762053,0.000327703,0.00011995403,0.00015021907,0.0003615542,0.0012589829,0.0025060151,0.9993493,0.322704
705,7,0.94790125,0.00077762053,0.000327703,0.00011995403,0.00015021907,0.0003615542,0.0012589829,0.0025060151,0.9993493,0.322704
705,8,0.94790125,0.00077762053,0.000327703,0.00011995403,0.00015021907,0.0003615542,0.0012589829,0.0025060151,0.9993493,0.322704
707,0,0.90236306,0.00036609502,5.8560316e-05,6.55301e-05,5.9226444e-05,7.6608674e-05,0.00018388938,0.0022523198,0.9997955,0.41609278
707,1,0.90236306,0.00036609502,5.8560316e-05,6.55301e-05,5.9226444e-05,7.6608674e-05,0.00018388938,0.0022523198,0.9997955,0.41609278
707,2,0.90236306,0.00036609502,5.8560316e-05,6.55301e-05,5.9226444e-05,7.6608674e-05,0.00018388938,0.0022523198,0.9997955,0.41609278
707,3,0.90236306,0.00036609502,5.8560316e-05,6.55301e-05,5.9226444e-05,7.6608674e-05,0.00018388938,0.0022523198,0.9997955,0.41609278
707,4,0.90236306,0.00036609502,5.8560316e-05,6.55301e-05,5.9226444e-05,7.6608674e-05,0.00018388938,0.0022523198,0.9997955,0.41609278
707,5,0.90236306,0.00036609502,5.8560316e-05,6.55301e-05,5.9226444e-05,7.6608674e-05,0.00018388938,0.0022523198,0.9997955,0.41609278
707,6,0.90236306,0.00036609502,5.8560316e-05,6.55301e-05,5.9226444e-05,7.6608674e-05,0.00018388938,0.0022523198,0.9997955,0.41609278
707,7,0.90236306,0.00036609502,5.8560316e-05,6.55301e-05,5.9226444e-05,7.6608674e-05,0.00018388938,0.0022523198,0.9997955,0.41609278
707,8,0.90236306,0.00036609502,5.8560316e-05,6.55301e-05,5.9226444e-05,7.6608674e-05,0.00018388938,0.0022523198,0.9997955,0.41609278
710,0,0.8486007,0.00050753955,0.00023536886,7.847574e-05,0.00030087781,0.00029059968,0.0016284342,0.03702106,0.9986766,0.375489
710,1,0.8486007,0.00050753955,0.00023536886,7.847574e-05,0.00030087781,0.00029059968,0.0016284342,0.03702106,0.9986766,0.375489
710,2,0.8486007,0.00050753955,0.00023536886,7.847574e-05,0.00030087781,0.00029059968,0.0016284342,0.03702106,0.9986766,0.37547767
710,3,0.8486007,0.00050753955,0.00023536886,7.847574e-05,0.00030087781,0.00029059968,0.0016284342,0.03702106,0.9986766,0.37539554
710,4,0.82095414,0.000611003,0.00024969658,7.343627e-05,0.00031999548,0.00028891783,0.0016085124,0.031586684,0.998623,0.37294424
710,5,0.8486007,0.00050753955,0.00023536886,7.847574e-05,0.00030087781,0.00029059968,0.0016284342,0.03702106,0.9986766,0.37539554
710,6,0.8486007,0.00050753955,0.00023536886,7.847574e-05,0.00030087781,0.00029059968,0.0016284342,0.03702106,0.9986766,0.37539554
710,7,0.8486007,0.00050753955,0.00023536886,7.847574e-05,0.00030087781,0.00029059968,0.0016284342,0.03702106,0.9986766,0.37539554
710,8,0.82095414,0.000611003,0.00024969658,7.343627e-05,0.00031999548,0.00028891783,0.0016085124,0.031586684,0.998623,0.37299928
716,0,0.84800243,0.00040181706,9.066508e-05,6.5892666e-05,0.0001179201,0.00011385836,0.00054754555,0.0074213897,0.9994368,0.35297188
716,1,0.8030706,0.00039008108,8.35052e-05,5.3670523e-05,0.00011790324,0.0001047025,0.0005450381,0.022796905,0.99947935,0.34939495
716,2,0.8030706,0.00039008108,8.35052e-05,5.3670523e-05,0.00011790324,0.0001047025,0.0005450381,0.022796905,0.99947935,0.34939495
716,3,0.8030706,0.00039008108,8.35052e-05,5.3670523e-05,0.00011790324,0.0001047025,0.0005450381,0.022796905,0.99947935,0.34939495
716,4,0.8610652,0.0003366736,6.9244015e-05,4.7702888e-05,0.00010070219,8.370538e-05,0.0004791052,0.04832883,0.999519,0.35172662
716,5,0.84800243,0.00040181706,9.066508e-05,6.5892666e-05,0.0001179201,0.00011385836,0.00054754555,0.0074213897,0.9994368,0.35297188
716,6,0.8030706,0.00039008108,8.35052e-05,5.3670523e-05,0.00011790324,0.0001047025,0.0005450381,0.022796905,0.99947935,0.34939495
716,7,0.8030706,0.00039008108,8.35052e-05,5.3670523e-05,0.00011790324,0.0001047025,0.0005450381,0.022796905,0.99947935,0.34939495
716,8,0.8030706,0.00039008108,8.35052e-05,5.3670523e-05,0.00011790324,0.0001047025,0.0005450381,0.022796905,0.99947935,0.34939495
340,0,0.8102412,0.0006952255,0.0001561331,7.981621e-05,0.00015886812,0.003041737,0.001056546,8.4015024e-05,0.99960333,0.31633338
340,1,0.8102412,0.0006952255,0.0001561331,7.981621e-05,0.00015886812,0.003041737,0.001056546,8.4015024e-05,0.99960333,0.31632203
340,2,0.8102412,0.0006952255,0.0001561331,7.981621e-05,0.00015886812,0.003041737,0.001056546,8.4015024e-05,0.99960333,0.31632203
340,3,0.8102412,0.0006952255,0.0001561331,7.981621e-05,0.00015886812,0.003041737,0.001056546,8.4015024e-05,0.99960333,0.31632203
340,4,0.8102412,0.0006952255,0.0001561331,7.981621e-05,0.00015886812,0.003041737,0.001056546,8.4015024e-05,0.99960333,0.31632203
340,5,0.8102412,0.0006952255,0.0001561331,7.981621e-05,0.00015886812,0.003041737,0.001056546,8.4015024e-05,0.99960333,0.31632203
340,6,0.8102412,0.0006952255,0.0001561331,7.981621e-05,0.00015886812,0.003041737,0.001056546,8.4015024e-05,0.99960333,0.31627843
340,7,0.8102412,0.0006952255,0.0001561331,7.981621e-05,0.00015886812,0.003041737,0.001056546,8.4015024e-05,0.99960333,0.31627843
340,8,0.8102412,0.0006952255,0.0001561331,7.981621e-05,0.00015886812,0.003041737,0.001056546,8.4015024e-05,0.99960333,0.31627843
341,0,0.3646722,0.003465139,0.00041211513,0.00033947194,0.00056365464,0.0011543515,0.0032174187,0.0019787191,0.9988943,0.32133636
341,1,0.3646722,0.003465139,0.00041211513,0.00033947194,0.00056365464,0.0011543515,0.0032174187,0.0019787191,0.9988943,0.32133636
341,2,0.3646722,0.003465139,0.00041211513,0.00033947194,0.00056365464,0.0011543515,0.0032174187,0.0019787191,0.9988943,0.32133636
341,3,0.3646722,0.003465139,0.00041211513,0.00033947194,0.00056365464,0.0011543515,0.0032174187,0.0019787191,0.9988943,0.32133636
341,4,0.3646722,0.003465139,0.00041211513,0.00033947194,0.00056365464,0.0011543515,0.0032174187,0.0019787191,0.9988943,0.32133636
341,5,0.36467242,0.003465139,0.00041211513,0.00033947194,0.00056365464,0.0011543515,0.0032174187,0.0019787191,0.9988943,0.32133636
341,6,0.36467242,0.003465139,0.00041211513,0.00033947194,0.00056365464,0.0011543515,0.0032174187,0.0019787191,0.9988943,0.32133636
341,7,0.36467242,0.003465139,0.00041211513,0.00033947194,0.00056365464,0.0011543515,0.0032174187,0.0019787191,0.9988943,0.3213497
341,8,0.36467242,0.003465139,0.00041211513,0.00033947194,0.00056365464,0.0011543515,0.0032174187,0.0019787191,0.9988943,0.32134387
344,0,0.73189926,0.00057607616,7.8381956e-05,0.00018437978,0.000119080345,0.0007998877,0.0008338332,4.721289e-05,0.9997197,0.48565605
344,1,0.7180602,0.0005474021,6.972101e-05,0.00020135175,0.000117614545,0.0008803742,0.0008271706,5.4824926e-05,0.9997209,0.48953453
344,2,0.7228961,0.00060818664,8.418633e-05,0.00020240908,0.00012710216,0.00076413504,0.0009204149,5.1893294e-05,0.9997024,0.4462975
344,3,0.7228961,0.00060818664,8.418633e-05,0.00020240908,0.00012710216,0.00076413504,0.0009204149,5.1893294e-05,0.9997024,0.4462975
344,4,0.7228958,0.00060818664,8.418633e-05,0.00020240908,0.00012710216,0.00076413504,0.0009204149,5.1893294e-05,0.9997024,0.44576788
344,5,0.7228958,0.00060818664,8.418633e-05,0.00020240908,0.00012710216,0.00076413504,0.0009204149,5.1893294e-05,0.9997024,0.44576788
344,6,0.7318993,0.00057607616,7.8381956e-05,0.00018437978,0.000119080345,0.0007998877,0.0008338332,4.721289e-05,0.9997197,0.48500168
344,7,0.7228958,0.00060818664,8.418633e-05,0.00020240908,0.00012710216,0.00076413504,0.0009204149,5.1893294e-05,0.9997024,0.44576788
344,8,0.7318993,0.00057607616,7.8381956e-05,0.00018437978,0.000119080345,0.0007998877,0.0008338332,4.721289e-05,0.9997197,0.48500168
345,0,0.74034333,0.00044567062,7.710992e-05,0.000107353866,6.696932e-05,0.0007231971,0.00035652344,4.2721593e-05,0.99974555,0.3733548
345,1,0.7261231,0.0004508688,8.994913e-05,0.00010764817,7.34947e-05,0.0005681393,0.00044697293,4.368635e-05,0.99970704,0.36435744
345,2,0.74034333,0.00044567062,7.710992e-05,0.000107353866,6.696932e-05,0.0007231971,0.00035652344,4.2721593e-05,0.99974555,0.3734584
345,3,0.74034333,0.00044567062,7.710992e-05,0.000107353866,6.696932e-05,0.0007231971,0.00035652344,4.2721593e-05,0.99974555,0.3734584
345,4,0.74034333,0.00044567062,7.710992e-05,0.000107353866,6.696932e-05,0.0007231971,0.00035652344,4.2721593e-05,0.99974555,0.3734584
345,5,0.7261231,0.0004508688,8.994913e-05,0.00010764817,7.34947e-05,0.0005681393,0.00044697293,4.368635e-05,0.99970704,0.36435744
345,6,0.74034333,0.00044567062,7.710992e-05,0.000107353866,6.696932e-05,0.0007231971,0.00035652344,4.2721593e-05,0.99974555,0.3734584
345,7,0.7261231,0.0004508688,8.994913e-05,0.00010764817,7.34947e-05,0.0005681393,0.00044697293,4.368635e-05,0.99970704,0.36435744
345,8,0.74034333,0.00044567062,7.710992e-05,0.000107353866,6.696932e-05,0.0007231971,0.00035652344,4.2721593e-05,0.99974555,0.3734584
346,0,0.7878251,0.0006476843,0.00011034823,0.00016836899,0.00010921857,0.0014969469,0.00081756193,1.9871499e-05,0.99961865,0.44425964
346,1,0.7878251,0.0006476843,0.00011034823,0.00016836899,0.00010921857,0.0014969469,0.00081756193,1.9871499e-05,0.99961865,0.44425964
346,2,0.7878251,0.0006476843,0.00011034823,0.00016836899,0.00010921857,0.0014969469,0.00081756193,1.9871499e-05,0.99961865,0.44425964
346,3,0.7878251,0.0006476843,0.00011034823,0.00016836899,0.00010921857,0.0014969469,0.00081756193,1.9871499e-05,0.99961865,0.44425964
346,4,0.7878251,0.0006476843,0.00011034823,0.00016836899,0.00010921857,0.0014969469,0.00081756193,1.9871499e-05,0.99961865,0.44425964
346,5,0.7878251,0.0006476843,0.00011034823,0.00016836899,0.00010921857,0.0014969469,0.00081756193,1.9871499e-05,0.99961865,0.44425964
346,6,0.7878251,0.0006476843,0.00011034823,0.00016836899,0.00010921857,0.0014969469,0.00081756193,1.9871499e-05,0.99961865,0.44425964
346,7,0.7878251,0.0006476843,0.00011034823,0.00016836899,0.00010921857,0.0014969469,0.00081756193,1.9871499e-05,0.99961865,0.44426873
346,8,0.7878251,0.0006476843,0.00011034823,0.00016836899,0.00010921857,0.0014969469,0.00081756193,1.9871499e-05,0.99961865,0.44308987
347,0,0.38908362,0.00074338616,9.692704e-05,0.00016489145,0.00025103908,0.0008877289,0.0011737535,0.0010088778,0.9960663,0.29695824
347,1,0.3732173,0.00063774834,6.838204e-05,0.00013590576,0.00020139379,0.000770139,0.00080976984,0.0010377547,0.9961837,0.2959713
347,2,0.3831097,0.000918554,0.00011711852,0.00020863228,0.00031400987,0.0010907617,0.0016072547,0.0010761024,0.9951906,0.2892411
347,3,0.38908362,0.00074338616,9.692704e-05,0.00016489145,0.00025103908,0.0008877289,0.0011737535,0.0010088778,0.9960663,0.29666084
347,4,0.39217874,0.0007255631,9.686043e-05,0.000168108,0.00023342032,0.0009971348,0.0010733719,0.00095448666,0.9964959,0.29399654
347,5,0.3831097,0.000918554,0.00011711852,0.00020863228,0.00031400987,0.0010907617,0.0016072547,0.0010761024,0.9951906,0.2892411
347,6,0.39217874,0.0007255631,9.686043e-05,0.000168108,0.00023342032,0.0009971348,0.0010733719,0.00095448666,0.9964959,0.29399654
347,7,0.36614016,0.00075947447,8.228275e-05,0.00017518894,0.00024981514,0.00090445543,0.00095610216,0.00106206,0.99582124,0.2894316
347,8,0.38908362,0.00074338616,9.692704e-05,0.00016489145,0.00025103908,0.0008877289,0.0011737535,0.0010088778,0.9960663,0.29666185
349,0,0.90603215,0.0005601838,6.0221006e-05,6.708169e-05,9.095015e-05,0.00023754897,0.00022025894,0.0030425973,0.9997713,0.43275082
349,1,0.99523884,0.0005620115,8.0687925e-05,8.370674e-05,9.644116e-05,0.00028993323,0.00022430749,0.00024093676,0.999846,0.55123734
349,2,0.99523884,0.0005620115,8.0687925e-05,8.370674e-05,9.644116e-05,0.00028993323,0.00022430749,0.00024093676,0.999846,0.55123734
349,3,0.8240778,0.0005756472,8.698876e-05,8.10027e-05,9.883819e-05,0.00025723688,0.00025471288,0.0061014537,0.99973613,0.43933102
349,4,0.90603215,0.0005601838,6.0221006e-05,6.708169e-05,9.095015e-05,0.00023754897,0.00022025894,0.0030425973,0.9997713,0.43275082
349,5,0.90603215,0.0005601838,6.0221006e-05,6.708169e-05,9.095015e-05,0.00023754897,0.00022025894,0.0030425973,0.9997713,0.43247738
349,6,0.8240778,0.0005756472,8.698876e-05,8.10027e-05,9.883819e-05,0.00025723688,0.00025471288,0.0061014537,0.99973613,0.43841484
349,7,0.8240778,0.0005756472,8.698876e-05,8.10027e-05,9.883819e-05,0.00025723688,0.00025471288,0.0061014537,0.99973613,0.43841484
349,8,0.9201849,0.0004817673,7.5676086e-05,7.801307e-05,8.6572756e-05,0.00025340338,0.00018293521,0.00045341623,0.99981433,0.37905574
352,0,0.8429586,0.0006536492,0.00012283893,0.00010087067,0.00012614239,0.00015035491,0.0005464749,0.005899298,0.9996736,0.31377396
352,1,0.8429586,0.0006536492,0.00012283893,0.00010087067,0.00012614239,0.00015035491,0.0005464749,0.005899298,0.9996736,0.31377396
352,2,0.8632963,0.00072979426,0.00014753106,0.00015173714,0.00015574115,0.00019746856,0.0007011744,0.004432608,0.99959165,0.3252088
352,3,0.87078494,0.00063323585,0.00010693487,0.000113486785,0.00013749485,0.00017709045,0.0005794286,0.004492848,0.9996675,0.32610783
352,4,0.8429586,0.0006536492,0.00012283893,0.00010087067,0.00012614239,0.00015035491,0.0005464749,0.005899298,0.9996736,0.31377396
352,5,0.8429586,0.0006536492,0.00012283893,0.00010087067,0.00012614239,0.00015035491,0.0005464749,0.005899298,0.9996736,0.31377396
352,6,0.8632963,0.00072979426,0.00014753106,0.00015173714,0.00015574115,0.00019746856,0.0007011744,0.004432608,0.99959165,0.3252088
352,7,0.87078553,0.00063323585,0.00010693487,0.000113486785,0.00013749485,0.00017709045,0.0005794286,0.004492848,0.9996675,0.32607898
352,8,0.842959,0.0006536492,0.00012283893,0.00010087067,0.00012614239,0.00015035491,0.0005464749,0.005899298,0.9996736,0.3138334
356,0,0.9404544,0.0015633487,0.0005086343,6.44349e-05,0.00041306103,0.00020608697,0.0021501193,0.018839357,0.99953353,0.45179352
356,1,0.9404544,0.0015633487,0.0005086343,6.44349e-05,0.00041306103,0.00020608697,0.0021501193,0.018839357,0.99953353,0.45179352
356,2,0.9404544,0.0015633487,0.0005086343,6.44349e-05,0.00041306103,0.00020608697,0.0021501193,0.018839357,0.99953353,0.45179352
356,3,0.9404544,0.0015633487,0.0005086343,6.44349e-05,0.00041306103,0.00020608697,0.0021501193,0.018839357,0.99953353,0.45186856
356,4,0.9404544,0.0015633487,0.0005086343,6.44349e-05,0.00041306103,0.00020608697,0.0021501193,0.018839357,0.99953353,0.45161423
356,5,0.9404544,0.0015633487,0.0005086343,6.44349e-05,0.00041306103,0.00020608697,0.0021501193,0.018839357,0.99953353,0.45161423
356,6,0.94045454,0.0015633487,0.0005086343,6.44349e-05,0.00041306103,0.00020608697,0.0021501193,0.018839357,0.99953353,0.45161423
356,7,0.94045454,0.0015633487,0.0005086343,6.44349e-05,0.00041306103,0.00020608697,0.0021501193,0.018839357,0.99953353,0.45161423
356,8,0.94045454,0.0015633487,0.0005086343,6.44349e-05,0.00041306103,0.00020608697,0.0021501193,0.018839357,0.99953353,0.4515841
358,0,0.69355136,0.0012661477,0.00020705443,5.5249948e-05,0.0001801408,0.0003095359,0.00082797813,0.00026360626,0.99928266,0.37799823
358,1,0.69355136,0.0012661477,0.00020705443,5.5249948e-05,0.0001801408,0.0003095359,0.00082797813,0.00026360626,0.99928266,0.37799823
358,2,0.69355136,0.0012661477,0.00020705443,5.5249948e-05,0.0001801408,0.0003095359,0.00082797813,0.00026360626,0.99928266,0.37799823
358,3,0.69355136,0.0012661477,0.00020705443,5.5249948e-05,0.0001801408,0.0003095359,0.00082797813,0.00026360626,0.99928266,0.37799823
358,4,0.69355136,0.0012661477,0.00020705443,5.5249948e-05,0.0001801408,0.0003095359,0.00082797813,0.00026360626,0.99928266,0.37799823
358,5,0.6935513,0.0012661495,0.00020705404,5.525016e-05,0.00018013996,0.00030953565,0.00082797656,0.0002636055,0.99928266,0.3780358
358,6,0.6935513,0.0012661495,0.00020705404,5.525016e-05,0.00018013996,0.00030953565,0.00082797656,0.0002636055,0.99928266,0.3780358
358,7,0.6935513,0.0012661495,0.00020705404,5.525016e-05,0.00018013996,0.00030953565,0.00082797656,0.0002636055,0.99928266,0.3780358
358,8,0.6935513,0.0012661495,0.00020705404,5.525016e-05,0.00018013996,0.00030953565,0.00082797656,0.0002636055,0.99928266,0.3780358
366,0,0.67152244,0.0008614143,0.00012275837,4.9503255e-05,9.448523e-05,0.000363601,0.00051433383,4.279205e-05,0.9995536,0.34852967
366,1,0.68571377,0.0012032011,0.00012501584,4.4957607e-05,0.00010252437,0.00034894576,0.00049999263,4.744995e-05,0.9995871,0.3712504
366,2,0.67152244,0.0008614143,0.00012275837,4.9503255e-05,9.448523e-05,0.000363601,0.00051433383,4.279205e-05,0.9995536,0.34848168
366,3,0.68571377,0.0012032011,0.00012501584,4.4957607e-05,0.00010252437,0.00034894576,0.00049999263,4.744995e-05,0.9995871,0.371232
366,4,0.67152244,0.0008614143,0.00012275837,4.9503255e-05,9.448523e-05,0.000363601,0.00051433383,4.279205e-05,0.9995536,0.34848168
366,5,0.67152244,0.0008614143,0.00012275837,4.9503255e-05,9.448523e-05,0.000363601,0.00051433383,4.279205e-05,0.9995536,0.34848168
366,6,0.68571377,0.0012032011,0.00012501584,4.4957607e-05,0.00010252437,0.00034894576,0.00049999263,4.744995e-05,0.9995871,0.37125072
366,7,0.67152244,0.0008614143,0.00012275837,4.9503255e-05,9.448523e-05,0.000363601,0.00051433383,4.279205e-05,0.9995536,0.3482188
366,8,0.67152244,0.0008614143,0.00012275837,4.9503255e-05,9.448523e-05,0.000363601,0.00051433383,4.279205e-05,0.9995536,0.3482188
368,0,0.77972585,0.00084632053,0.00011409639,1.8208864e-05,0.00021046502,0.00013665845,0.00047906634,0.017863832,0.9997857,0.34714016
368,1,0.77972585,0.00084632053,0.00011409639,1.8208864e-05,0.00021046502,0.00013665845,0.00047906634,0.017863832,0.9997857,0.34714016
368,2,0.77972585,0.00084632053,0.00011409639,1.8208864e-05,0.00021046502,0.00013665845,0.00047906634,0.017863832,0.9997857,0.34714016
368,3,0.77972585,0.000846323,0.000114096605,1.8208917e-05,0.00021046582,0.00013665845,0.0004790679,0.017863607,0.9997857,0.34714016
368,4,0.77972585,0.000846323,0.000114096605,1.8208917e-05,0.00021046582,0.00013665845,0.0004790679,0.017863607,0.9997857,0.34714016
368,5,0.77972585,0.000846323,0.000114096605,1.8208917e-05,0.00021046582,0.00013665845,0.0004790679,0.017863607,0.9997857,0.34714016
368,6,0.77972585,0.000846323,0.000114096605,1.8208917e-05,0.00021046582,0.00013665845,0.0004790679,0.017863607,0.9997857,0.34714016
368,7,0.77972585,0.000846323,0.000114096605,1.8208917e-05,0.00021046582,0.00013665845,0.0004790679,0.017863607,0.9997857,0.34714016
368,8,0.77972585,0.000846323,0.000114096605,1.8208917e-05,0.00021046582,0.00013665845,0.0004790679,0.017863607,0.9997857,0.34714016
371,0,0.94251615,0.0003687624,4.8588805e-05,6.606695e-05,9.428317e-05,0.00011991799,0.00034133196,0.026562026,0.9997167,0.36063585
371,1,0.94251615,0.0003687624,4.8588805e-05,6.606695e-05,9.428317e-05,0.00011991799,0.00034133196,0.026562026,0.9997167,0.36063585
371,2,0.94251615,0.0003687624,4.8588805e-05,6.606695e-05,9.428317e-05,0.00011991799,0.00034133196,0.026562026,0.9997167,0.36063585
371,3,0.94251615,0.0003687624,4.8588805e-05,6.606695e-05,9.428317e-05,0.00011991799,0.00034133196,0.026562026,0.9997167,0.36063585
371,4,0.94251615,0.0003687624,4.8588805e-05,6.606695e-05,9.428317e-05,0.00011991799,0.00034133196,0.026562026,0.9997167,0.36063585
371,5,0.94251615,0.0003687624,4.8588805e-05,6.606695e-05,9.428317e-05,0.00011991799,0.00034133196,0.026562026,0.9997167,0.36063585
371,6,0.94251615,0.0003687624,4.8588805e-05,6.606695e-05,9.428317e-05,0.00011991799,0.00034133196,0.026562026,0.9997167,0.36063585
371,7,0.94251615,0.0003687624,4.8588805e-05,6.606695e-05,9.428317e-05,0.00011991799,0.00034133196,0.026562026,0.9997167,0.36063585
371,8,0.94251615,0.0003687624,4.8588805e-05,6.606695e-05,9.428317e-05,0.00011991799,0.00034133196,0.026562026,0.9997167,0.36063585
377,0,0.5249579,0.000506221,0.00031976434,3.0256468e-05,0.00021341922,4.0222294e-05,0.0009455938,0.99940765,0.9995005,0.34757984
377,1,0.85481167,0.000519942,0.0002677709,6.0839204e-05,0.00026302206,0.00017550778,0.0010245806,0.005412164,0.9993412,0.3821286
377,2,0.85481167,0.000519942,0.0002677709,6.0839204e-05,0.00026302206,0.00017550778,0.0010245806,0.005412164,0.9993412,0.3821286
377,3,0.5249579,0.000506221,0.0003197631,3.0256524e-05,0.00021342002,4.022241e-05,0.00094559643,0.99940765,0.9995005,0.34769443
377,4,0.5763869,0.0005034239,0.00034387404,3.281733e-05,0.00022599718,4.2559914e-05,0.0011814777,0.9991937,0.9994568,0.3505895
377,5,0.5249579,0.000506221,0.0003197631,3.0256524e-05,0.00021342002,4.022241e-05,0.00094559643,0.99940765,0.9995005,0.34769443
377,6,0.85481167,0.000519942,0.0002677709,6.0839204e-05,0.00026302206,0.00017550778,0.0010245806,0.005412164,0.9993412,0.38212344
377,7,0.85481167,0.000519942,0.0002677709,6.0839204e-05,0.00026302206,0.00017550778,0.0010245806,0.005412164,0.9993412,0.38193724
377,8,0.00012165789,0.15717827,0.95692396,0.0002481842,0.97665215,0.0002343994,0.95890903,0.8452978,2.2997143e-05,0.027241288
379,0,0.9846435,0.0008908572,0.00019152973,7.772302e-05,0.00015517209,0.0006478562,0.00075672375,3.0991687e-05,0.99946386,0.32445315
379,1,0.9846435,0.0008908572,0.00019152973,7.772302e-05,0.00015517209,0.0006478562,0.00075672375,3.0991687e-05,0.99946386,0.32445315
379,2,0.9846435,0.0008908572,0.00019152973,7.772302e-05,0.00015517209,0.0006478562,0.00075672375,3.0991687e-05,0.99946386,0.3244842
379,3,0.9846435,0.0008908572,0.00019152973,7.772302e-05,0.00015517209,0.0006478562,0.00075672375,3.0991687e-05,0.99946386,0.32447934
379,4,0.9846435,0.0008908572,0.00019152973,7.772302e-05,0.00015517209,0.0006478562,0.00075672375,3.0991687e-05,0.99946386,0.32447934
379,5,0.9846435,0.0008908572,0.00019152973,7.772302e-05,0.00015517209,0.0006478562,0.00075672375,3.0991687e-05,0.99946386,0.32447934
379,6,0.9846435,0.0008908572,0.00019152973,7.772302e-05,0.00015517209,0.0006478562,0.00075672375,3.0991687e-05,0.99946386,0.32447934
379,7,0.9846435,0.0008908572,0.00019152973,7.772302e-05,0.00015517209,0.0006478562,0.00075672375,3.0991687e-05,0.99946386,0.32447934
379,8,0.9846435,0.0008908572,0.00019152973,7.772302e-05,0.00015517209,0.0006478562,0.00075672375,3.0991687e-05,0.99946386,0.32448813
383,0,0.8019321,0.0010922524,0.0002011234,0.00019228818,0.00024774397,0.00026367488,0.0013543003,0.0056028557,0.9992847,0.40340027
383,1,0.8019321,0.0010922524,0.0002011234,0.00019228818,0.00024774397,0.00026367488,0.0013543003,0.0056028557,0.9992847,0.40340027
383,2,0.8019321,0.0010922524,0.0002011234,0.00019228818,0.00024774397,0.00026367488,0.0013543003,0.0056028557,0.9992847,0.40340027
383,3,0.8019321,0.0010922524,0.0002011234,0.00019228818,0.00024774397,0.00026367488,0.0013543003,0.0056028557,0.9992847,0.40340027
383,4,0.8019321,0.0010922524,0.0002011234,0.00019228818,0.00024774397,0.00026367488,0.0013543003,0.0056028557,0.9992847,0.4034039
383,5,0.8019321,0.0010922524,0.0002011234,0.00019228818,0.00024774397,0.00026367488,0.0013543003,0.0056028557,0.9992847,0.40302935
383,6,0.8019321,0.0010922524,0.0002011234,0.00019228818,0.00024774397,0.00026367488,0.0013543003,0.0056028557,0.9992847,0.40302935
383,7,0.8019321,0.0010922524,0.0002011234,0.00019228818,0.00024774397,0.00026367488,0.0013543003,0.0056028557,0.9992847,0.40302935
383,8,0.8019321,0.0010922524,0.0002011234,0.00019228818,0.00024774397,0.00026367488,0.0013543003,0.0056028557,0.9992847,0.40302935
391,0,0.00091046264,0.03893709,0.27224916,0.009024266,0.18729424,0.0009407086,0.44234657,0.061424576,0.00020696284,0.005664514
391,1,0.0007168261,0.03244448,0.25312167,0.010865198,0.16970642,0.0008678412,0.41909444,0.053235,0.00018921554,0.005956346
391,2,0.0007168261,0.03244448,0.25312167,0.010865198,0.16970642,0.0008678412,0.41909444,0.053235,0.00018921554,0.005956346
391,3,0.00091046264,0.03893709,0.27224916,0.009024266,0.18729424,0.0009407086,0.44234657,0.061424576,0.00020696284,0.005664514
391,4,0.8438572,0.0003864156,5.331879e-05,0.00015445614,8.221781e-05,0.0002919245,0.00036235576,2.9315033e-05,0.9997335,0.35533705
391,5,0.0007168261,0.03244448,0.25312167,0.010865198,0.16970642,0.0008678412,0.41909444,0.053235,0.00018921554,0.005956346
391,6,0.8670764,0.0004455209,5.907702e-05,0.0001609985,9.498235e-05,0.00031921727,0.0004103064,2.9355597e-05,0.99973017,0.35265502
391,7,0.0007168261,0.03244448,0.25312167,0.010865198,0.16970642,0.0008678412,0.41909444,0.053235,0.00018921554,0.005956346
391,8,0.00091046264,0.03893709,0.27224916,0.009024266,0.18729424,0.0009407086,0.44234657,0.061424576,0.00020696284,0.0056454963
397,0,0.42558256,0.0004658601,9.3335395e-05,8.137797e-05,0.00012396905,0.013687727,0.0006218585,1.9850966e-05,0.99956733,0.34413603
397,1,0.42558256,0.0004658601,9.3335395e-05,8.137797e-05,0.00012396905,0.013687727,0.0006218585,1.9850966e-05,0.99956733,0.34413603
397,2,0.42558256,0.0004658601,9.3335395e-05,8.137797e-05,0.00012396905,0.013687727,0.0006218585,1.9850966e-05,0.99956733,0.34413603
397,3,0.42558256,0.0004658601,9.3335395e-05,8.137797e-05,0.00012396905,0.013687727,0.0006218585,1.9850966e-05,0.99956733,0.34413603
397,4,0.39245224,0.00038883786,8.498023e-05,7.632174e-05,0.000118532254,0.009492378,0.0005985918,1.4704908e-05,0.99948585,0.3417106
397,5,0.42558256,0.0004658601,9.3335395e-05,8.137797e-05,0.00012396905,0.013687727,0.0006218585,1.9850966e-05,0.99956733,0.34413603
397,6,0.42558256,0.0004658601,9.3335395e-05,8.137797e-05,0.00012396905,0.013687727,0.0006218585,1.9850966e-05,0.99956733,0.34413603
397,7,0.42558256,0.0004658601,9.3335395e-05,8.137797e-05,0.00012396905,0.013687727,0.0006218585,1.9850966e-05,0.99956733,0.34413603
397,8,0.5081699,0.0008025561,7.12864e-05,7.8390105e-05,0.000110976194,0.0036844066,0.000509157,3.1057814e-05,0.99964845,0.34790668
402,0,0.3416252,0.0007283439,9.404102e-05,1.33944795e-05,0.00017126229,6.598881e-05,0.0003937276,0.99877065,0.99947053,0.3346111
402,1,0.3416252,0.0007283439,9.404102e-05,1.33944795e-05,0.00017126229,6.598881e-05,0.0003937276,0.99877065,0.99947053,0.3346111
402,2,0.3416252,0.0007283439,9.404102e-05,1.33944795e-05,0.00017126229,6.598881e-05,0.0003937276,0.99877065,0.99947053,0.3346111
402,3,0.3416252,0.0007283439,9.404102e-05,1.33944795e-05,0.00017126229,6.598881e-05,0.0003937276,0.99877065,0.99947053,0.3346111
402,4,0.34162524,0.0007283439,9.404102e-05,1.33944795e-05,0.00017126229,6.598881e-05,0.0003937276,0.99877065,0.99947053,0.33451554
402,5,0.34162524,0.0007283439,9.404102e-05,1.33944795e-05,0.00017126229,6.598881e-05,0.0003937276,0.99877065,0.99947053,0.33451554
402,6,0.34162524,0.0007283439,9.404102e-05,1.33944795e-05,0.00017126229,6.598881e-05,0.0003937276,0.99877065,0.99947053,0.33451554
402,7,0.34162524,0.0007283439,9.404102e-05,1.33944795e-05,0.00017126229,6.598881e-05,0.0003937276,0.99877065,0.99947053,0.33451554
402,8,0.34162524,0.0007283439,9.404102e-05,1.33944795e-05,0.00017126229,6.598881e-05,0.0003937276,0.99877065,0.99947053,0.33451554
405,0,0.51095444,0.00067605864,0.0001430472,5.7215962e-05,0.00012257881,7.2963005e-05,0.00086800416,0.9983741,0.9990839,0.32961944
405,1,0.55744106,0.00073658157,0.00014117382,6.630237e-05,0.00013356474,9.800058e-05,0.0008988866,0.9971795,0.99903834,0.33522978
405,2,8.547822e-05,0.32189897,0.9241368,0.005364975,0.9288922,0.0012225128,0.9326399,0.7207572,8.208134e-05,0.013814428
405,3,0.55743986,0.00073658157,0.00014117382,6.630237e-05,0.00013356474,9.800058e-05,0.0008988866,0.9971795,0.99903834,0.33522978
405,4,8.5478234e-05,0.32189897,0.9241368,0.005364975,0.9288922,0.0012225128,0.9326399,0.7207572,8.208134e-05,0.013814428
405,5,0.5109529,0.00067605864,0.0001430472,5.7215962e-05,0.00012257881,7.2963005e-05,0.00086800416,0.9983741,0.9990839,0.32958987
405,6,0.5109529,0.00067605864,0.0001430472,5.7215962e-05,0.00012257881,7.2963005e-05,0.00086800416,0.9983741,0.9990839,0.32964137
405,7,0.5109529,0.00067605864,0.0001430472,5.7215962e-05,0.00012257881,7.2963005e-05,0.00086800416,0.9983741,0.9990839,0.32964137
405,8,0.5627322,0.00061037205,0.00011692725,8.922358e-05,0.00010477591,6.8573434e-05,0.000742568,0.9978629,0.99920565,0.33578527
407,0,0.7862589,0.00055052585,0.000121310084,8.212988e-05,0.00012005368,0.0010213961,0.0007493379,3.9204948e-05,0.9996457,0.34017193
407,1,0.7862589,0.00055052585,0.000121310084,8.212988e-05,0.00012005368,0.0010213961,0.0007493379,3.9204948e-05,0.9996457,0.34017193
407,2,0.7862589,0.00055052585,0.000121310084,8.212988e-05,0.00012005368,0.0010213961,0.0007493379,3.9204948e-05,0.9996457,0.34017193
407,3,0.7862589,0.00055052585,0.000121310084,8.212988e-05,0.00012005368,0.0010213961,0.0007493379,3.9204948e-05,0.9996457,0.34017193
407,4,0.7862589,0.00055052585,0.000121310084,8.212988e-05,0.00012005368,0.0010213961,0.0007493379,3.9204948e-05,0.9996457,0.34017193
407,5,0.7862589,0.00055052585,0.000121310084,8.212988e-05,0.00012005368,0.0010213961,0.0007493379,3.9204948e-05,0.9996457,0.34017193
407,6,0.7862589,0.00055052585,0.000121310084,8.212988e-05,0.00012005368,0.0010213961,0.0007493379,3.9204948e-05,0.9996457,0.34017193
407,7,0.7862589,0.00055052585,0.000121310084,8.212988e-05,0.00012005368,0.0010213961,0.0007493379,3.9204948e-05,0.9996457,0.34017193
407,8,0.7862589,0.00055052585,0.000121310084,8.212988e-05,0.00012005368,0.0010213961,0.0007493379,3.9204948e-05,0.9996457,0.34017193
408,0,0.77323866,0.0013132172,0.00025313778,0.00019904094,0.00022229805,0.00034173587,0.0009700828,0.0062065367,0.9988041,0.3472518
408,1,0.7732391,0.0013132178,0.00025313633,0.00019904094,0.00022229868,0.00034173328,0.0009700836,0.0062066345,0.9988041,0.3472518
408,2,0.76059645,0.0014059185,0.0002860127,0.0002559232,0.0002455656,0.0004053871,0.0010315954,0.00593983,0.99853957,0.34377742
408,3,0.76059645,0.0014059185,0.0002860127,0.0002559232,0.0002455656,0.0004053871,0.0010315954,0.00593983,0.99853957,0.34377742
408,4,0.76059645,0.0014059185,0.0002860127,0.0002559232,0.0002455656,0.0004053871,0.0010315954,0.00593983,0.99853957,0.34369126
408,5,0.7732391,0.0013132178,0.00025313633,0.00019904094,0.00022229868,0.00034173328,0.0009700836,0.0062066345,0.9988041,0.34731552
408,6,0.76059645,0.0014059185,0.0002860127,0.0002559232,0.0002455656,0.0004053871,0.0010315954,0.00593983,0.99853957,0.34369126
408,7,0.7732391,0.0013132178,0.00025313633,0.00019904094,0.00022229868,0.00034173328,0.0009700836,0.0062066345,0.9988041,0.34731552
408,8,0.7732391,0.0013132178,0.00025313633,0.00019904094,0.00022229868,0.00034173328,0.0009700836,0.0062066345,0.9988041,0.34731552
409,0,0.5271674,0.0010146546,0.00017966548,0.00023413092,0.00021894321,0.00017090504,0.0016399644,0.14706862,0.99895287,0.356411
409,1,0.5271674,0.0010146546,0.00017966548,0.00023413092,0.00021894321,0.00017090504,0.0016399644,0.14706862,0.99895287,0.356411
409,2,0.5271674,0.0010146546,0.00017966548,0.00023413092,0.00021894321,0.00017090504,0.0016399644,0.14706862,0.99895287,0.356411
409,3,0.5271674,0.0010146546,0.00017966548,0.00023413092,0.00021894321,0.00017090504,0.0016399644,0.14706862,0.99895287,0.356411
409,4,0.5271674,0.0010146546,0.00017966548,0.00023413092,0.00021894321,0.00017090504,0.0016399644,0.14706862,0.99895287,0.356411
409,5,0.5271674,0.0010146546,0.00017966548,0.00023413092,0.00021894321,0.00017090504,0.0016399644,0.14706862,0.99895287,0.35635054
409,6,0.5271674,0.0010146546,0.00017966548,0.00023413092,0.00021894321,0.00017090504,0.0016399644,0.14706862,0.99895287,0.35637692
409,7,0.5271674,0.0010146546,0.00017966548,0.00023413092,0.00021894321,0.00017090504,0.0016399644,0.14706862,0.99895287,0.35637692
409,8,0.52716833,0.0010146546,0.00017966548,0.00023413092,0.00021894321,0.00017090504,0.0016399644,0.14706862,0.99895287,0.35637692
412,0,0.7256381,0.0005173139,0.00010993934,0.00015451787,7.751467e-05,0.0003984751,0.00044423572,5.0369454e-05,0.9993599,0.35162875
412,1,0.7256381,0.0005173139,0.00010993934,0.00015451787,7.751467e-05,0.0003984751,0.00044423572,5.0369454e-05,0.9993599,0.35162875
412,2,0.7256381,0.0005173139,0.00010993934,0.00015451787,7.751467e-05,0.0003984751,0.00044423572,5.0369454e-05,0.9993599,0.35162875
412,3,0.7256381,0.0005173139,0.00010993934,0.00015451787,7.751467e-05,0.0003984751,0.00044423572,5.0369454e-05,0.9993599,0.35162875
412,4,0.7256381,0.0005173139,0.00010993934,0.00015451787,7.751467e-05,0.0003984751,0.00044423572,5.0369454e-05,0.9993599,0.35162875
412,5,0.7256381,0.0005173139,0.00010993934,0.00015451787,7.751467e-05,0.0003984751,0.00044423572,5.0369454e-05,0.9993599,0.35162875
412,6,0.7256381,0.0005173139,0.00010993934,0.00015451787,7.751467e-05,0.0003984751,0.00044423572,5.0369454e-05,0.9993599,0.35162875
412,7,0.7256381,0.0005173139,0.00010993934,0.00015451787,7.751467e-05,0.0003984751,0.00044423572,5.0369454e-05,0.9993599,0.35162875
412,8,0.7256381,0.0005173139,0.00010993934,0.00015451787,7.751467e-05,0.0003984751,0.00044423572,5.0369454e-05,0.9993599,0.35162875
414,0,0.678732,0.0003062965,7.103478e-05,0.00011999269,4.1281313e-05,0.0001705069,0.0003894442,2.0947668e-05,0.9996592,0.34014678
414,1,0.678732,0.0003062965,7.103478e-05,0.00011999269,4.1281313e-05,0.0001705069,0.0003894442,2.0947668e-05,0.9996592,0.34014678
414,2,0.678732,0.0003062965,7.103478e-05,0.00011999269,4.1281313e-05,0.0001705069,0.0003894442,2.0947668e-05,0.9996592,0.34014678
414,3,0.678732,0.0003062965,7.103478e-05,0.00011999269,4.1281313e-05,0.0001705069,0.0003894442,2.0947668e-05,0.9996592,0.3401246
414,4,0.678732,0.0003062965,7.103478e-05,0.00011999269,4.1281313e-05,0.0001705069,0.0003894442,2.0947668e-05,0.9996592,0.3401457
414,5,0.678732,0.0003062965,7.103478e-05,0.00011999269,4.1281313e-05,0.0001705069,0.0003894442,2.0947668e-05,0.9996592,0.3401457
414,6,0.678732,0.0003062965,7.103478e-05,0.00011999269,4.1281313e-05,0.0001705069,0.0003894442,2.0947668e-05,0.9996592,0.3401457
414,7,0.678732,0.0003062965,7.103478e-05,0.00011999269,4.1281313e-05,0.0001705069,0.0003894442,2.0947668e-05,0.9996592,0.3401457
414,8,0.678732,0.0003062965,7.103478e-05,0.00011999269,4.1281313e-05,0.0001705069,0.0003894442,2.0947668e-05,0.9996592,0.3401457
415,0,0.8726363,0.0005642338,9.014679e-05,7.38988e-05,0.0001608716,8.1393875e-05,0.00072991464,0.44466412,0.99959797,0.34720838
415,1,0.8726363,0.0005642338,9.014679e-05,7.38988e-05,0.0001608716,8.1393875e-05,0.00072991464,0.44466412,0.99959797,0.34720838
415,2,0.8726363,0.0005642338,9.014679e-05,7.38988e-05,0.0001608716,8.1393875e-05,0.00072991464,0.44466412,0.99959797,0.34720838
415,3,0.8726363,0.0005642338,9.014679e-05,7.38988e-05,0.0001608716,8.1393875e-05,0.00072991464,0.44466412,0.99959797,0.34720838
415,4,0.8726363,0.0005642338,9.014679e-05,7.38988e-05,0.0001608716,8.1393875e-05,0.00072991464,0.44466412,0.99959797,0.34720838
415,5,0.8726363,0.0005642338,9.014679e-05,7.38988e-05,0.0001608716,8.1393875e-05,0.00072991464,0.44466412,0.99959797,0.34726253
415,6,0.88929874,0.00059701863,8.978784e-05,7.05348e-05,0.00016218648,8.437447e-05,0.0007101366,0.37037098,0.999582,0.34791657
415,7,0.8726363,0.0005642338,9.014679e-05,7.38988e-05,0.0001608716,8.1393875e-05,0.00072991464,0.44466412,0.99959797,0.34726253
415,8,0.8726363,0.0005642338,9.014679e-05,7.38988e-05,0.0001608716,8.1393875e-05,0.00072991464,0.44466412,0.99959797,0.34726253
416,0,0.8621008,0.00082467584,0.0001109963,0.0001222205,0.00018756962,0.0002453311,0.00079652347,0.03463492,0.9996239,0.34893608
416,1,0.8621008,0.00082467584,0.0001109963,0.0001222205,0.00018756962,0.0002453311,0.00079652347,0.03463492,0.9996239,0.34894344
416,2,0.8621008,0.00082467584,0.0001109963,0.0001222205,0.00018756962,0.0002453311,0.00079652347,0.03463492,0.9996239,0.348976
416,3,0.8621008,0.00082467584,0.0001109963,0.0001222205,0.00018756962,0.0002453311,0.00079652347,0.03463492,0.9996239,0.348976
416,4,0.8621008,0.00082467584,0.0001109963,0.0001222205,0.00018756962,0.0002453311,0.00079652347,0.03463492,0.9996239,0.348976
416,5,0.8621008,0.00082467584,0.0001109963,0.0001222205,0.00018756962,0.0002453311,0.00079652347,0.03463492,0.9996239,0.348976
416,6,0.0016434136,0.46374053,0.78637695,0.0018390049,0.98540294,0.00045245365,0.9205836,0.5654113,9.234132e-05,0.1103492
416,7,0.0016434136,0.46374053,0.78637695,0.0018390049,0.98540294,0.00045245365,0.9205836,0.5654113,9.234132e-05,0.1103492
416,8,0.8621008,0.00082467584,0.0001109963,0.0001222205,0.00018756962,0.0002453311,0.00079652347,0.03463492,0.9996239,0.348976
422,0,0.77067465,0.00044564385,9.946618e-05,3.2330812e-05,7.347774e-05,9.3249466e-05,0.00023910892,0.00016633542,0.99978036,0.3905989
422,1,0.77067465,0.00044564385,9.946618e-05,3.2330812e-05,7.347774e-05,9.3249466e-05,0.00023910892,0.00016633542,0.99978036,0.3905989
422,2,0.77067465,0.00044564385,9.946618e-05,3.2330812e-05,7.347774e-05,9.3249466e-05,0.00023910892,0.00016633542,0.99978036,0.3905989
422,3,0.77067447,0.00044564385,9.946618e-05,3.2330812e-05,7.347774e-05,9.3249466e-05,0.00023910892,0.00016633542,0.99978036,0.3906697
422,4,0.77067447,0.00044564385,9.946618e-05,3.2330812e-05,7.347774e-05,9.3249466e-05,0.00023910892,0.00016633542,0.99978036,0.3906697
422,5,0.77067447,0.00044564385,9.946618e-05,3.2330812e-05,7.347774e-05,9.3249466e-05,0.00023910892,0.00016633542,0.99978036,0.3906697
422,6,0.77067447,0.00044564385,9.946618e-05,3.2330812e-05,7.347774e-05,9.3249466e-05,0.00023910892,0.00016633542,0.99978036,0.3906697
422,7,0.77067447,0.00044564385,9.946618e-05,3.2330812e-05,7.347774e-05,9.3249466e-05,0.00023910892,0.00016633542,0.99978036,0.3906697
422,8,0.77067447,0.00044564385,9.946618e-05,3.2330812e-05,7.347774e-05,9.3249466e-05,0.00023910892,0.00016633542,0.99978036,0.39073542
424,0,0.64110667,0.0009584228,0.00021495862,2.1793807e-05,0.00027222157,0.00014661025,0.0010909874,0.107620716,0.9996369,0.35221076
424,1,0.6187667,0.0009957337,0.00019386497,1.9256106e-05,0.000282557,0.0001502503,0.001131212,0.13283248,0.9996088,0.35041484
424,2,0.6187667,0.0009957337,0.00019386497,1.9256106e-05,0.000282557,0.0001502503,0.001131212,0.13283248,0.9996088,0.35041484
424,3,0.62331253,0.0010113241,0.00015309996,1.1443867e-05,0.00021137785,0.00010223014,0.0010087797,0.96049565,0.99966383,0.34761754
424,4,0.64110667,0.0009584228,0.00021495862,2.1793807e-05,0.00027222157,0.00014661025,0.0010909874,0.107620716,0.9996369,0.35221076
424,5,0.6187667,0.0009957337,0.00019386497,1.9256106e-05,0.000282557,0.0001502503,0.001131212,0.13283248,0.9996088,0.35041484
424,6,0.64110667,0.0009584228,0.00021495862,2.1793807e-05,0.00027222157,0.00014661025,0.0010909874,0.107620716,0.9996369,0.35221076
424,7,0.62331253,0.0010113241,0.00015309996,1.1443867e-05,0.00021137785,0.00010223014,0.0010087797,0.96049565,0.99966383,0.34761754
424,8,0.64110667,0.0009584228,0.00021495862,2.1793807e-05,0.00027222157,0.00014661025,0.0010909874,0.107620716,0.9996369,0.35221076
427,0,0.7633335,0.00037550394,5.6050805e-05,0.00012720947,5.7520785e-05,0.00036535063,0.00032320592,1.7816894e-05,0.99969065,0.35837945
427,1,0.7633333,0.00037550394,5.6050805e-05,0.00012720947,5.7520785e-05,0.00036535063,0.00032320592,1.7816894e-05,0.99969065,0.35858193
427,2,0.7633333,0.00037550394,5.6050805e-05,0.00012720947,5.7520785e-05,0.00036535063,0.00032320592,1.7816894e-05,0.99969065,0.35858193
427,3,0.7633333,0.00037550394,5.6050805e-05,0.00012720947,5.7520785e-05,0.00036535063,0.00032320592,1.7816894e-05,0.99969065,0.35858193
427,4,0.7633333,0.00037550394,5.6050805e-05,0.00012720947,5.7520785e-05,0.00036535063,0.00032320592,1.7816894e-05,0.99969065,0.35858193
427,5,0.7633333,0.00037550394,5.6050805e-05,0.00012720947,5.7520785e-05,0.00036535063,0.00032320592,1.7816894e-05,0.99969065,0.35858193
427,6,0.7633333,0.00037550394,5.6050805e-05,0.00012720947,5.7520785e-05,0.00036535063,0.00032320592,1.7816894e-05,0.99969065,0.35858193
427,7,0.7633333,0.00037550394,5.6050805e-05,0.00012720947,5.7520785e-05,0.00036535063,0.00032320592,1.7816894e-05,0.99969065,0.35858193
427,8,0.7633333,0.00037550394,5.6050805e-05,0.00012720947,5.7520785e-05,0.00036535063,0.00032320592,1.7816894e-05,0.99969065,0.35858193
440,0,0.33328527,0.005226719,0.0010434381,0.0005464269,0.00072051934,8.539982e-05,0.0028107543,0.99951005,0.442606,0.27519268
440,1,0.33328527,0.005226719,0.0010434381,0.0005464269,0.00072051934,8.539982e-05,0.0028107543,0.99951005,0.442606,0.27519268
440,2,0.33328527,0.005226719,0.0010434381,0.0005464269,0.00072051934,8.539982e-05,0.0028107543,0.99951005,0.442606,0.2755043
440,3,0.33328527,0.005226719,0.0010434381,0.0005464269,0.00072051934,8.539982e-05,0.0028107543,0.99951005,0.442606,0.2755115
440,4,0.33328527,0.005226719,0.0010434381,0.0005464269,0.00072051934,8.539982e-05,0.0028107543,0.99951005,0.442606,0.2755115
440,5,0.33328527,0.005226719,0.0010434381,0.0005464269,0.00072051934,8.539982e-05,0.0028107543,0.99951005,0.442606,0.2755115
440,6,0.33328527,0.005226719,0.0010434381,0.0005464269,0.00072051934,8.539982e-05,0.0028107543,0.99951005,0.442606,0.2755115
440,7,0.33328527,0.005226719,0.0010434381,0.0005464269,0.00072051934,8.539982e-05,0.0028107543,0.99951005,0.442606,0.2755115
440,8,0.33328527,0.005226719,0.0010434381,0.0005464269,0.00072051934,8.539982e-05,0.0028107543,0.99951005,0.442606,0.27609637
459,0,0.8331762,0.0006108397,5.1993553e-05,2.3292374e-05,0.00014398982,0.00010727537,0.00033499033,0.0014453172,0.99983954,0.38473308
459,1,0.8331762,0.0006108397,5.1993553e-05,2.3292374e-05,0.00014398982,0.00010727537,0.00033499033,0.0014453172,0.99983954,0.38473308
459,2,0.8331762,0.0006108397,5.1993553e-05,2.3292374e-05,0.00014398982,0.00010727537,0.00033499033,0.0014453172,0.99983954,0.38473308
459,3,0.8331762,0.0006108397,5.1993553e-05,2.3292374e-05,0.00014398982,0.00010727537,0.00033499033,0.0014453172,0.99983954,0.38473308
459,4,0.8331762,0.0006108397,5.1993553e-05,2.3292374e-05,0.00014398982,0.00010727537,0.00033499033,0.0014453172,0.99983954,0.3846635
459,5,0.8331762,0.0006108397,5.1993553e-05,2.3292374e-05,0.00014398982,0.00010727537,0.00033499033,0.0014453172,0.99983954,0.38472024
459,6,0.8331762,0.0006108397,5.1993553e-05,2.3292374e-05,0.00014398982,0.00010727537,0.00033499033,0.0014453172,0.99983954,0.38472024
459,7,0.8331762,0.0006108397,5.1993553e-05,2.3292374e-05,0.00014398982,0.00010727537,0.00033499033,0.0014453172,0.99983954,0.38472024
459,8,0.8331762,0.0006108397,5.1993553e-05,2.3292374e-05,0.00014398982,0.00010727537,0.00033499033,0.0014453172,0.99983954,0.38472024
462,0,0.92904085,0.00054314523,8.6579195e-05,0.00022661753,9.7217235e-05,0.00033411867,0.00043639095,7.8216355e-05,0.99967885,0.40540037
462,1,0.92904085,0.00054314523,8.6579195e-05,0.00022661753,9.7217235e-05,0.00033411867,0.00043639095,7.8216355e-05,0.99967885,0.40540037
462,2,0.92904085,0.00054314523,8.6579195e-05,0.00022661753,9.7217235e-05,0.00033411867,0.00043639095,7.8216355e-05,0.99967885,0.40540037
462,3,0.92904085,0.00054314523,8.6579195e-05,0.00022661753,9.7217235e-05,0.00033411867,0.00043639095,7.8216355e-05,0.99967885,0.40540037
462,4,0.92904085,0.00054314523,8.6579195e-05,0.00022661753,9.7217235e-05,0.00033411867,0.00043639095,7.8216355e-05,0.99967885,0.40540037
462,5,0.92904085,0.00054314523,8.6579195e-05,0.00022661753,9.7217235e-05,0.00033411867,0.00043639095,7.8216355e-05,0.99967885,0.40540037
462,6,0.92904085,0.00054314523,8.6579195e-05,0.00022661753,9.7217235e-05,0.00033411867,0.00043639095,7.8216355e-05,0.99967885,0.40540037
462,7,0.92904085,0.00054314523,8.6579195e-05,0.00022661753,9.7217235e-05,0.00033411867,0.00043639095,7.8216355e-05,0.99967885,0.40540037
462,8,0.92904085,0.00054314523,8.6579195e-05,0.00022661753,9.7217235e-05,0.00033411867,0.00043639095,7.8216355e-05,0.99967885,0.40540037
465,0,0.9878869,0.0007070127,0.00010946588,0.0003896308,0.00015181284,0.000311401,0.00063780823,5.1502044e-05,0.99970144,0.45391896
465,1,0.9878869,0.0007070127,0.00010946588,0.0003896308,0.00015181284,0.000311401,0.00063780823,5.1502044e-05,0.99970144,0.45391896
465,2,0.9878869,0.0007070127,0.00010946588,0.0003896308,0.00015181284,0.000311401,0.00063780823,5.1502044e-05,0.99970144,0.45393547
465,3,0.9878869,0.0007070127,0.00010946588,0.0003896308,0.00015181284,0.000311401,0.00063780823,5.1502044e-05,0.99970144,0.45433083
465,4,0.9878869,0.0007070127,0.00010946588,0.0003896308,0.00015181284,0.000311401,0.00063780823,5.1502044e-05,0.99970144,0.45433083
465,5,0.9878869,0.0007070127,0.00010946588,0.0003896308,0.00015181284,0.000311401,0.00063780823,5.1502044e-05,0.99970144,0.45433083
465,6,0.9878869,0.0007070127,0.00010946588,0.0003896308,0.00015181284,0.000311401,0.00063780823,5.1502044e-05,0.99970144,0.45433083
465,7,0.9878869,0.0007070127,0.00010946588,0.0003896308,0.00015181284,0.000311401,0.00063780823,5.1502044e-05,0.99970144,0.45433083
465,8,0.9878869,0.0007070127,0.00010946588,0.0003896308,0.00015181284,0.000311401,0.00063780823,5.1502044e-05,0.99970144,0.45433083
466,0,0.8889075,0.0004685431,0.00010163797,0.00014149565,0.00011282934,0.00018143193,0.00043577634,0.00039600552,0.9997757,0.38594246
466,1,0.8889075,0.0004685431,0.00010163797,0.00014149565,0.00011282934,0.00018143193,0.00043577634,0.00039600552,0.9997757,0.38594246
466,2,0.8889075,0.0004685431,0.00010163797,0.00014149565,0.00011282934,0.00018143193,0.00043577634,0.00039600552,0.9997757,0.38594246
466,3,0.8889075,0.0004685431,0.00010163797,0.00014149565,0.00011282934,0.00018143193,0.00043577634,0.00039600552,0.9997757,0.38594246
466,4,0.8889075,0.0004685431,0.00010163797,0.00014149565,0.00011282934,0.00018143193,0.00043577634,0.00039600552,0.9997757,0.38587713
466,5,0.8889075,0.0004685431,0.00010163797,0.00014149565,0.00011282934,0.00018143193,0.00043577634,0.00039600552,0.9997757,0.38587713
466,6,0.8889075,0.0004685431,0.00010163797,0.00014149565,0.00011282934,0.00018143193,0.00043577634,0.00039600552,0.9997757,0.38587713
466,7,0.8889075,0.0004685431,0.00010163797,0.00014149565,0.00011282934,0.00018143193,0.00043577634,0.00039600552,0.9997757,0.38587713
466,8,0.8889075,0.0004685431,0.00010163797,0.00014149565,0.00011282934,0.00018143193,0.00043577634,0.00039600552,0.9997757,0.38587713
468,0,0.88329965,0.00038454807,7.128613e-05,0.000119590026,4.688165e-05,0.00012823727,0.0002236267,0.00040012828,0.99979347,0.38064885
468,1,0.8781984,0.0003732636,7.460737e-05,0.00010085721,4.7919184e-05,0.00013409254,0.00022450413,0.00040285796,0.9997955,0.37654176
468,2,0.88329965,0.00038454807,7.128613e-05,0.000119590026,4.688165e-05,0.00012823727,0.0002236267,0.00040012828,0.99979347,0.38074172
468,3,0.87819904,0.0003732636,7.460737e-05,0.00010085721,4.7919184e-05,0.00013409254,0.00022450413,0.00040285796,0.9997955,0.37654176
468,4,0.8832998,0.00038454807,7.128613e-05,0.000119590026,4.688165e-05,0.00012823727,0.0002236267,0.00040012828,0.99979347,0.38074172
468,5,0.87819904,0.0003732636,7.460737e-05,0.00010085721,4.7919184e-05,0.00013409254,0.00022450413,0.00040285796,0.9997955,0.37646338
468,6,0.8832998,0.00038454807,7.128613e-05,0.000119590026,4.688165e-05,0.00012823727,0.0002236267,0.00040012828,0.99979347,0.38040945
468,7,0.8832998,0.00038454807,7.128613e-05,0.000119590026,4.688165e-05,0.00012823727,0.0002236267,0.00040012828,0.99979347,0.38040945
468,8,0.8832998,0.00038454807,7.128613e-05,0.000119590026,4.688165e-05,0.00012823727,0.0002236267,0.00040012828,0.99979347,0.38040945
469,0,0.8336553,0.0005223971,6.0899514e-05,0.00015498798,9.033171e-05,0.0002951909,0.00042440125,2.4701554e-05,0.9997271,0.5449669
469,1,0.8336553,0.0005223971,6.0899514e-05,0.00015498798,9.033171e-05,0.0002951909,0.00042440125,2.4701554e-05,0.9997271,0.5449669
469,2,0.8336553,0.0005223971,6.0899514e-05,0.00015498798,9.033171e-05,0.0002951909,0.00042440125,2.4701554e-05,0.9997271,0.5449669
469,3,0.8336553,0.0005223971,6.0899514e-05,0.00015498798,9.033171e-05,0.0002951909,0.00042440125,2.4701554e-05,0.9997271,0.5449669
469,4,0.8336553,0.0005223971,6.0899514e-05,0.00015498798,9.033171e-05,0.0002951909,0.00042440125,2.4701554e-05,0.9997271,0.5449669
469,5,0.8336553,0.0005223971,6.0899514e-05,0.00015498798,9.033171e-05,0.0002951909,0.00042440125,2.4701554e-05,0.9997271,0.5449669
469,6,0.8336553,0.0005223971,6.0899514e-05,0.00015498798,9.033171e-05,0.0002951909,0.00042440125,2.4701554e-05,0.9997271,0.5449669
469,7,0.8336553,0.0005223971,6.0899514e-05,0.00015498798,9.033171e-05,0.0002951909,0.00042440125,2.4701554e-05,0.9997271,0.5449669
469,8,0.8336553,0.0005223971,6.0899514e-05,0.00015498798,9.033171e-05,0.0002951909,0.00042440125,2.4701554e-05,0.9997271,0.5449669
472,0,0.9613147,0.0003850818,7.457251e-05,6.809773e-05,0.000102926584,8.761179e-05,0.00048249387,0.038236823,0.9997217,0.5167
472,1,0.9613147,0.00038508256,7.457251e-05,6.809779e-05,0.00010292637,8.761171e-05,0.0004824932,0.03823658,0.9997217,0.5167
472,2,0.9613147,0.00038508256,7.457251e-05,6.809779e-05,0.00010292637,8.761171e-05,0.0004824932,0.03823658,0.9997217,0.5167
472,3,0.9613147,0.00038508256,7.457251e-05,6.809779e-05,0.00010292637,8.761171e-05,0.0004824932,0.03823658,0.9997217,0.5167067
472,4,0.9613147,0.00038508256,7.457251e-05,6.809779e-05,0.00010292637,8.761171e-05,0.0004824932,0.03823658,0.9997217,0.5163426
472,5,0.9613147,0.00038508256,7.457251e-05,6.809779e-05,0.00010292637,8.761171e-05,0.0004824932,0.03823658,0.9997217,0.5163426
472,6,0.9613147,0.00038508256,7.457251e-05,6.809779e-05,0.00010292637,8.761171e-05,0.0004824932,0.03823658,0.9997217,0.5163426
472,7,0.9613147,0.00038508256,7.457251e-05,6.809779e-05,0.00010292637,8.761171e-05,0.0004824932,0.03823658,0.9997217,0.5163426
472,8,0.9613147,0.00038508256,7.457251e-05,6.809779e-05,0.00010292637,8.761171e-05,0.0004824932,0.03823658,0.9997217,0.5163426
473,0,0.37385082,0.0008307141,0.00018513092,0.00027596706,0.00027260673,0.00023543577,0.0022650494,0.9903126,0.99896157,0.35775962
473,1,0.37385082,0.0008307141,0.00018513092,0.00027596706,0.00027260673,0.00023543577,0.0022650494,0.9903126,0.99896157,0.35775962
473,2,0.37385082,0.0008307141,0.00018513092,0.00027596706,0.00027260673,0.00023543577,0.0022650494,0.9903126,0.99896157,0.35775962
473,3,0.37385082,0.0008307141,0.00018513092,0.00027596706,0.00027260673,0.00023543577,0.0022650494,0.9903126,0.99896157,0.35775962
473,4,0.37385082,0.0008307141,0.00018513092,0.00027596706,0.00027260673,0.00023543577,0.0022650494,0.9903126,0.99896157,0.35775962
473,5,0.37385082,0.0008307141,0.00018513092,0.00027596706,0.00027260673,0.00023543577,0.0022650494,0.9903126,0.99896157,0.35775962
473,6,0.37385082,0.0008307141,0.00018513092,0.00027596706,0.00027260673,0.00023543577,0.0022650494,0.9903126,0.99896157,0.35775962
473,7,0.37385082,0.0008307141,0.00018513092,0.00027596706,0.00027260673,0.00023543577,0.0022650494,0.9903126,0.99896157,0.35775962
473,8,0.37385082,0.0008307141,0.00018513092,0.00027596706,0.00027260673,0.00023543577,0.0022650494,0.9903126,0.99896157,0.35775962
474,0,0.9192102,0.00031644624,7.502638e-05,7.752849e-05,0.00011221848,0.000113905604,0.0006187278,0.0024434042,0.99942124,0.4132196
474,1,0.9192102,0.00031644624,7.502638e-05,7.752849e-05,0.00011221848,0.000113905604,0.0006187278,0.0024434042,0.99942124,0.4132273
474,2,0.9192102,0.00031644624,7.502638e-05,7.752849e-05,0.00011221848,0.000113905604,0.0006187278,0.0024434042,0.99942124,0.41318092
474,3,0.9192102,0.00031644624,7.502638e-05,7.752849e-05,0.00011221848,0.000113905604,0.0006187278,0.0024434042,0.99942124,0.41318092
474,4,0.92092437,0.0003048024,6.604377e-05,7.8515346e-05,9.933802e-05,0.000101185404,0.0005517222,0.0038976653,0.99939454,0.4113257
474,5,0.9192102,0.00031644624,7.502638e-05,7.752849e-05,0.00011221848,0.000113905604,0.0006187278,0.0024434042,0.99942124,0.41318092
474,6,0.9192102,0.00031644624,7.502638e-05,7.752849e-05,0.00011221848,0.000113905604,0.0006187278,0.0024434042,0.99942124,0.41318092
474,7,0.9209242,0.0003048024,6.604377e-05,7.8515346e-05,9.933802e-05,0.000101185404,0.0005517222,0.0038976653,0.99939454,0.4113257
474,8,0.91921,0.00031644624,7.502638e-05,7.752849e-05,0.00011221848,0.000113905604,0.0006187278,0.0024434042,0.99942124,0.41318092
477,0,0.9490444,0.00054683594,9.938958e-05,0.00010246593,7.283003e-05,0.00017046237,0.00038669843,3.7800324e-05,0.99987173,0.43714795
477,1,0.9490444,0.00054683594,9.938958e-05,0.00010246593,7.283003e-05,0.00017046237,0.00038669843,3.7800324e-05,0.99987173,0.43714795
477,2,0.9490444,0.00054683594,9.938958e-05,0.00010246593,7.283003e-05,0.00017046237,0.00038669843,3.7800324e-05,0.99987173,0.43714795
477,3,0.9490444,0.00054683594,9.938958e-05,0.00010246593,7.283003e-05,0.00017046237,0.00038669843,3.7800324e-05,0.99987173,0.43714795
477,4,0.9490444,0.00054683594,9.938958e-05,0.00010246593,7.283003e-05,0.00017046237,0.00038669843,3.7800324e-05,0.99987173,0.43714795
477,5,0.9490444,0.00054683594,9.938958e-05,0.00010246593,7.283003e-05,0.00017046237,0.00038669843,3.7800324e-05,0.99987173,0.43714795
477,6,0.9490444,0.00054683594,9.938958e-05,0.00010246593,7.283003e-05,0.00017046237,0.00038669843,3.7800324e-05,0.99987173,0.43714795
477,7,0.9490444,0.00054683594,9.938958e-05,0.00010246593,7.283003e-05,0.00017046237,0.00038669843,3.7800324e-05,0.99987173,0.43714795
477,8,0.9490444,0.00054683594,9.938958e-05,0.00010246593,7.283003e-05,0.00017046237,0.00038669843,3.7800324e-05,0.99987173,0.43716297
479,0,0.55381024,0.0014808902,0.00013022129,3.0365036e-05,0.00015757699,0.000102700695,0.00083862053,0.9991196,0.9996092,0.34197655
479,1,0.5554233,0.0016710279,0.00013816776,3.1407722e-05,0.00015963009,0.00011490215,0.0008938679,0.9990779,0.99959224,0.34227955
479,2,0.55381024,0.0014808902,0.00013022129,3.0365036e-05,0.00015757699,0.000102700695,0.00083862053,0.9991196,0.9996092,0.34197655
479,3,0.55381024,0.0014808902,0.00013022129,3.0365036e-05,0.00015757699,0.000102700695,0.00083862053,0.9991196,0.9996092,0.34197655
479,4,0.55381024,0.0014808902,0.00013022129,3.0365036e-05,0.00015757699,0.000102700695,0.00083862053,0.9991196,0.9996092,0.34197655
479,5,0.55381125,0.0014808902,0.00013022129,3.0365036e-05,0.00015757699,0.000102700695,0.00083862053,0.9991196,0.9996092,0.34197655
479,6,0.7361348,0.001570982,0.00015673004,6.3356914e-05,0.00020623599,0.00034436188,0.0010125141,0.0043028025,0.99952614,0.36703408
479,7,0.5554216,0.0016710279,0.00013816776,3.1407722e-05,0.00015963009,0.00011490215,0.0008938679,0.9990779,0.99959224,0.34221515
479,8,0.5554216,0.0016710279,0.00013816776,3.1407722e-05,0.00015963009,0.00011490215,0.0008938679,0.9990779,0.99959224,0.34221515
480,0,0.9002754,0.0006088345,7.725513e-05,7.4550255e-05,7.1857256e-05,0.000144928,0.00032382493,8.158971e-05,0.99979013,0.34315178
480,1,0.9002754,0.0006088345,7.725513e-05,7.4550255e-05,7.1857256e-05,0.000144928,0.00032382493,8.158971e-05,0.99979013,0.34315178
480,2,0.9002754,0.0006088345,7.725513e-05,7.4550255e-05,7.1857256e-05,0.000144928,0.00032382493,8.158971e-05,0.99979013,0.34315178
480,3,0.9002754,0.0006088345,7.725513e-05,7.4550255e-05,7.1857256e-05,0.000144928,0.00032382493,8.158971e-05,0.99979013,0.34315178
480,4,0.9002754,0.0006088345,7.725513e-05,7.4550255e-05,7.1857256e-05,0.000144928,0.00032382493,8.158971e-05,0.99979013,0.34315178
480,5,0.9002754,0.0006088345,7.725513e-05,7.4550255e-05,7.1857256e-05,0.000144928,0.00032382493,8.158971e-05,0.99979013,0.34315178
480,6,0.9002754,0.0006088345,7.725513e-05,7.4550255e-05,7.1857256e-05,0.000144928,0.00032382493,8.158971e-05,0.99979013,0.34314647
480,7,0.9002754,0.0006088345,7.725513e-05,7.4550255e-05,7.1857256e-05,0.000144928,0.00032382493,8.158971e-05,0.99979013,0.34314647
480,8,0.9002754,0.0006088345,7.725513e-05,7.4550255e-05,7.1857256e-05,0.000144928,0.00032382493,8.158971e-05,0.99979013,0.34314647
483,0,0.7128541,0.0006292972,0.000113471746,0.00018013017,0.00012104848,0.0009942112,0.00090420374,5.6317356e-05,0.9996947,0.3333337
483,1,0.7128541,0.0006292972,0.000113471746,0.00018013017,0.00012104848,0.0009942112,0.00090420374,5.6317356e-05,0.9996947,0.3333337
483,2,0.7128541,0.0006292972,0.000113471746,0.00018013017,0.00012104848,0.0009942112,0.00090420374,5.6317356e-05,0.9996947,0.3333337
483,3,0.7128541,0.0006292972,0.000113471746,0.00018013017,0.00012104848,0.0009942112,0.00090420374,5.6317356e-05,0.9996947,0.3333337
483,4,0.7128541,0.0006292972,0.000113471746,0.00018013017,0.00012104848,0.0009942112,0.00090420374,5.6317356e-05,0.9996947,0.3333337
483,5,0.7128541,0.0006292972,0.000113471746,0.00018013017,0.00012104848,0.0009942112,0.00090420374,5.6317356e-05,0.9996947,0.3333337
483,6,0.7128541,0.0006292972,0.000113471746,0.00018013017,0.00012104848,0.0009942112,0.00090420374,5.6317356e-05,0.9996947,0.3333337
483,7,0.7128541,0.0006292972,0.000113471746,0.00018013017,0.00012104848,0.0009942112,0.00090420374,5.6317356e-05,0.9996947,0.3333337
483,8,0.7128541,0.0006292972,0.000113471746,0.00018013017,0.00012104848,0.0009942112,0.00090420374,5.6317356e-05,0.9996947,0.3333337
484,0,0.8562226,0.0004496477,4.2921605e-05,9.879456e-05,4.200309e-05,0.00029746996,0.0002597455,1.7354037e-05,0.9998534,0.4566357
484,1,4.5822667e-06,0.9587269,0.56466055,0.0017694175,0.8394955,5.7651814e-05,0.45572588,0.98974985,5.5182707e-05,0.0026571911
484,2,0.8562226,0.0004496477,4.2921605e-05,9.879456e-05,4.200309e-05,0.00029746996,0.0002597455,1.7354037e-05,0.9998534,0.4566357
484,3,0.8562226,0.0004496477,4.2921605e-05,9.879456e-05,4.200309e-05,0.00029746996,0.0002597455,1.7354037e-05,0.9998534,0.4566357
484,4,0.8562226,0.0004496477,4.2921605e-05,9.879456e-05,4.200309e-05,0.00029746996,0.0002597455,1.7354037e-05,0.9998534,0.4566357
484,5,0.8562226,0.0004496477,4.2921605e-05,9.879456e-05,4.200309e-05,0.00029746996,0.0002597455,1.7354037e-05,0.9998534,0.4566357
484,6,0.8562226,0.0004496477,4.2921605e-05,9.879456e-05,4.200309e-05,0.00029746996,0.0002597455,1.7354037e-05,0.9998534,0.4566357
484,7,0.8562226,0.0004496477,4.2921605e-05,9.879456e-05,4.200309e-05,0.00029746996,0.0002597455,1.7354037e-05,0.9998534,0.4566357
484,8,0.8562226,0.0004496477,4.2921605e-05,9.879456e-05,4.200309e-05,0.00029746996,0.0002597455,1.7354037e-05,0.9998534,0.4566357
486,0,0.8889776,0.00037195307,6.57604e-05,6.1032595e-05,8.69667e-05,0.000113520015,0.00028948914,0.001239877,0.9997662,0.3742521
486,1,0.8889776,0.00037195307,6.57604e-05,6.1032595e-05,8.69667e-05,0.000113520015,0.00028948914,0.001239877,0.9997662,0.3742447
486,2,0.8889776,0.00037195307,6.57604e-05,6.1032595e-05,8.69667e-05,0.000113520015,0.00028948914,0.001239877,0.9997662,0.3742447
486,3,0.8889776,0.00037195307,6.57604e-05,6.1032595e-05,8.69667e-05,0.000113520015,0.00028948914,0.001239877,0.9997662,0.3742447
486,4,0.8889776,0.00037195307,6.57604e-05,6.1032595e-05,8.69667e-05,0.000113520015,0.00028948914,0.001239877,0.9997662,0.3742447
486,5,0.8889776,0.00037195307,6.57604e-05,6.1032595e-05,8.69667e-05,0.000113520015,0.00028948914,0.001239877,0.9997662,0.3742447
486,6,0.8889776,0.00037195307,6.57604e-05,6.1032595e-05,8.69667e-05,0.000113520015,0.00028948914,0.001239877,0.9997662,0.3742428
486,7,0.8889776,0.00037195307,6.57604e-05,6.1032595e-05,8.69667e-05,0.000113520015,0.00028948914,0.001239877,0.9997662,0.3742257
486,8,0.8889776,0.00037195307,6.57604e-05,6.1032595e-05,8.69667e-05,0.000113520015,0.00028948914,0.001239877,0.9997662,0.3742257
487,0,0.62667215,0.00062824844,6.441634e-05,6.0162398e-05,0.000182885,0.00014204058,0.00039650997,0.39851514,0.9996635,0.353138
487,1,0.62667215,0.00062824844,6.441634e-05,6.0162398e-05,0.000182885,0.00014204058,0.00039650997,0.39851514,0.9996635,0.353138
487,2,0.62667215,0.00062824844,6.441634e-05,6.0162398e-05,0.000182885,0.00014204058,0.00039650997,0.39851514,0.9996635,0.353138
487,3,0.94194824,0.0004997415,6.631976e-05,8.57903e-05,0.00015139305,0.0001808604,0.0004337454,0.0033190094,0.99979407,0.37423396
487,4,0.62667215,0.00062824844,6.441634e-05,6.0162398e-05,0.000182885,0.00014204058,0.00039650997,0.39851514,0.9996635,0.353138
487,5,0.62667215,0.00062824844,6.441634e-05,6.0162398e-05,0.000182885,0.00014204058,0.00039650997,0.39851514,0.9996635,0.353138
487,6,0.62667215,0.00062824844,6.441634e-05,6.0162398e-05,0.000182885,0.00014204058,0.00039650997,0.39851514,0.9996635,0.353138
487,7,0.62667215,0.00062824844,6.441634e-05,6.0162398e-05,0.000182885,0.00014204058,0.00039650997,0.39851514,0.9996635,0.353138
487,8,0.62667215,0.00062824844,6.441634e-05,6.0162398e-05,0.000182885,0.00014204058,0.00039650997,0.39851514,0.9996635,0.35307148
518,0,0.9407337,0.00086615386,7.6350065e-05,8.59877e-05,0.00015799871,0.00021020832,0.00043527893,0.007075259,0.99967396,0.38646278
518,1,0.94038135,0.0007580904,5.5212447e-05,0.00022780034,9.76044e-05,0.00050474424,0.000583472,2.2222604e-05,0.99970406,0.4047873
518,2,0.91898006,0.0006353163,5.270703e-05,7.737029e-05,0.00010591122,0.00030224666,0.0003065247,2.1721227e-05,0.99975616,0.43156266
518,3,0.91898006,0.0006353163,5.270703e-05,7.737029e-05,0.00010591122,0.00030224666,0.0003065247,2.1721227e-05,0.99975616,0.43156266
518,4,0.91898006,0.0006353163,5.270703e-05,7.737029e-05,0.00010591122,0.00030224666,0.0003065247,2.1721227e-05,0.99975616,0.4315906
518,5,0.9407337,0.00086615386,7.6350065e-05,8.59877e-05,0.00015799871,0.00021020832,0.00043527893,0.007075259,0.99967396,0.38674054
518,6,0.91898006,0.0006353163,5.270703e-05,7.737029e-05,0.00010591122,0.00030224666,0.0003065247,2.1721227e-05,0.99975616,0.43152913
518,7,0.9407337,0.00086615386,7.6350065e-05,8.59877e-05,0.00015799871,0.00021020832,0.00043527893,0.007075259,0.99967396,0.38674054
518,8,0.91898006,0.0006353163,5.270703e-05,7.737029e-05,0.00010591122,0.00030224666,0.0003065247,2.1721227e-05,0.99975616,0.43152913
522,0,0.7912471,0.00043635085,5.0235478e-05,8.528833e-05,8.3392915e-05,0.0004297536,0.000330165,1.9181583e-05,0.999767,0.39023432
522,1,0.7912471,0.00043635085,5.0235478e-05,8.528833e-05,8.3392915e-05,0.0004297536,0.000330165,1.9181583e-05,0.999767,0.390372
522,2,0.0010525513,0.112731546,0.6946132,0.0044337227,0.560093,0.0012968365,0.9569945,0.5727901,0.00018969028,0.011807944
522,3,0.0010525513,0.112731546,0.6946132,0.0044337227,0.560093,0.0012968365,0.9569945,0.5727901,0.00018969028,0.011807944
522,4,0.0010525513,0.112731546,0.6946132,0.0044337227,0.560093,0.0012968365,0.9569945,0.5727901,0.00018969028,0.011807944
522,5,0.0010525513,0.112731546,0.6946132,0.0044337227,0.560093,0.0012968365,0.9569945,0.5727901,0.00018969028,0.011807944
522,6,0.0010525513,0.112731546,0.6946132,0.0044337227,0.560093,0.0012968365,0.9569945,0.5727901,0.00018969028,0.011829426
522,7,0.7912471,0.00043635085,5.0235478e-05,8.528833e-05,8.3392915e-05,0.0004297536,0.000330165,1.9181583e-05,0.999767,0.39080605
522,8,0.0010525513,0.112731546,0.6946132,0.0044337227,0.560093,0.0012968365,0.9569945,0.5727901,0.00018969028,0.011829426
528,0,0.6886719,0.00047413624,6.953079e-05,0.00014283035,8.848364e-05,0.0012961704,0.0004092291,2.2696906e-05,0.99973816,0.4009155
528,1,0.6886719,0.00047413624,6.953079e-05,0.00014283035,8.848364e-05,0.0012961704,0.0004092291,2.2696906e-05,0.99973816,0.4009155
528,2,0.6886719,0.00047413624,6.953079e-05,0.00014283035,8.848364e-05,0.0012961704,0.0004092291,2.2696906e-05,0.99973816,0.4009155
528,3,0.6886719,0.00047413624,6.953079e-05,0.00014283035,8.848364e-05,0.0012961704,0.0004092291,2.2696906e-05,0.99973816,0.4009155
528,4,0.6886719,0.00047413624,6.953079e-05,0.00014283035,8.848364e-05,0.0012961704,0.0004092291,2.2696906e-05,0.99973816,0.4009155
528,5,0.6886719,0.00047413624,6.953079e-05,0.00014283035,8.848364e-05,0.0012961704,0.0004092291,2.2696906e-05,0.99973816,0.4009155
528,6,0.6886719,0.00047413624,6.953079e-05,0.00014283035,8.848364e-05,0.0012961704,0.0004092291,2.2696906e-05,0.99973816,0.4009155
528,7,0.6886719,0.00047413624,6.953079e-05,0.00014283035,8.848364e-05,0.0012961704,0.0004092291,2.2696906e-05,0.99973816,0.4009155
528,8,0.6886719,0.00047413624,6.953079e-05,0.00014283035,8.848364e-05,0.0012961704,0.0004092291,2.2696906e-05,0.99973816,0.4009155
529,0,0.33243093,0.22903319,0.914441,0.0335808,0.4281359,0.0029248162,0.66301304,0.9807341,0.010482462,0.027384488
529,1,0.33243093,0.22903319,0.914441,0.0335808,0.4281359,0.0029248162,0.66301304,0.9807341,0.010482462,0.027384488
529,2,0.33243093,0.22903319,0.914441,0.0335808,0.4281359,0.0029248162,0.66301304,0.9807341,0.010482462,0.027384488
529,3,0.33243093,0.22903319,0.914441,0.0335808,0.4281359,0.0029248162,0.66301304,0.9807341,0.010482462,0.027384488
529,4,0.33243093,0.22903319,0.914441,0.0335808,0.4281359,0.0029248162,0.66301304,0.9807341,0.010482462,0.027482092
529,5,0.33243093,0.22903319,0.914441,0.0335808,0.4281359,0.0029248162,0.66301304,0.9807341,0.010482462,0.027482092
529,6,0.33243093,0.22903319,0.914441,0.0335808,0.4281359,0.0029248162,0.66301304,0.9807341,0.010482462,0.027482092
529,7,0.33243093,0.22903319,0.914441,0.0335808,0.4281359,0.0029248162,0.66301304,0.9807341,0.010482462,0.027482092
529,8,0.33243093,0.22903319,0.914441,0.0335808,0.4281359,0.0029248162,0.66301304,0.9807341,0.010482462,0.027482092
530,0,0.5342223,0.0007477479,8.4036816e-05,0.00011231654,0.00016939509,0.0006497552,0.00036600744,0.0001470855,0.9994137,0.32023808
530,1,0.5342223,0.0007477479,8.4036816e-05,0.00011231654,0.00016939509,0.0006497552,0.00036600744,0.0001470855,0.9994137,0.32021984
530,2,0.5342223,0.0007477479,8.4036816e-05,0.00011231654,0.00016939509,0.0006497552,0.00036600744,0.0001470855,0.9994137,0.32021984
530,3,0.5342223,0.0007477479,8.4036816e-05,0.00011231654,0.00016939509,0.0006497552,0.00036600744,0.0001470855,0.9994137,0.32021984
530,4,0.5342223,0.0007477479,8.4036816e-05,0.00011231654,0.00016939509,0.0006497552,0.00036600744,0.0001470855,0.9994137,0.32021984
530,5,0.5342223,0.0007477479,8.4036816e-05,0.00011231654,0.00016939509,0.0006497552,0.00036600744,0.0001470855,0.9994137,0.32021984
530,6,0.5342223,0.0007477479,8.4036816e-05,0.00011231654,0.00016939509,0.0006497552,0.00036600744,0.0001470855,0.9994137,0.32021984
530,7,0.5342223,0.0007477479,8.4036816e-05,0.00011231654,0.00016939509,0.0006497552,0.00036600744,0.0001470855,0.9994137,0.32021984
530,8,0.5342223,0.0007477479,8.4036816e-05,0.00011231654,0.00016939509,0.0006497552,0.00036600744,0.0001470855,0.9994137,0.32021984
195,0,0.9192502,0.0006751482,0.00014763814,1.8397288e-05,0.00011957268,4.226873e-05,0.00045565172,0.67971814,0.9996147,0.6018465
195,1,0.9192502,0.0006751482,0.00014763814,1.8397288e-05,0.00011957268,4.226873e-05,0.00045565172,0.67971814,0.9996147,0.6018465
195,2,0.9192502,0.0006751482,0.00014763814,1.8397288e-05,0.00011957268,4.226873e-05,0.00045565172,0.67971814,0.9996147,0.6021766
195,3,0.9192502,0.0006751482,0.00014763814,1.8397288e-05,0.00011957268,4.226873e-05,0.00045565172,0.67971814,0.9996147,0.6021766
195,4,0.9192502,0.0006751482,0.00014763814,1.8397288e-05,0.00011957268,4.226873e-05,0.00045565172,0.67971814,0.9996147,0.6021766
195,5,0.9192502,0.0006751482,0.00014763814,1.8397288e-05,0.00011957268,4.226873e-05,0.00045565172,0.67971814,0.9996147,0.6021766
195,6,0.9192502,0.0006751482,0.00014763814,1.8397288e-05,0.00011957268,4.226873e-05,0.00045565172,0.67971814,0.9996147,0.6021766
195,7,0.9192502,0.0006751482,0.00014763814,1.8397288e-05,0.00011957268,4.226873e-05,0.00045565172,0.67971814,0.9996147,0.6019952
195,8,0.9192502,0.0006751482,0.00014763814,1.8397288e-05,0.00011957268,4.226873e-05,0.00045565172,0.67971814,0.9996147,0.60172474
197,0,0.8210122,0.00056702946,0.0001743291,8.136703e-05,0.00015097728,0.00027921863,0.0005160231,0.0050838124,0.99919707,0.3695328
197,1,0.8540123,0.0005547149,0.00017052608,8.4745145e-05,0.00015093123,0.00031822425,0.0006419662,0.009237594,0.9991339,0.35958675
197,2,0.8540123,0.0005547149,0.00017052608,8.4745145e-05,0.00015093123,0.00031822425,0.0006419662,0.009237594,0.9991339,0.35958675
197,3,0.7929432,0.0005774956,0.00014808367,9.081832e-05,0.00015149673,0.0002834831,0.0005806875,0.009123973,0.9993113,0.36319336
197,4,0.8210122,0.00056702946,0.0001743291,8.136703e-05,0.00015097728,0.00027921863,0.0005160231,0.0050838124,0.99919707,0.3695328
197,5,0.8540123,0.0005547149,0.00017052608,8.4745145e-05,0.00015093123,0.00031822425,0.0006419662,0.009237594,0.9991339,0.35958675
197,6,0.7929432,0.0005774956,0.00014808367,9.081832e-05,0.00015149673,0.0002834831,0.0005806875,0.009123973,0.9993113,0.36319336
197,7,0.74357814,0.0005151149,0.00015937914,8.921831e-05,0.00014220129,0.00030678543,0.00062634546,0.0029175403,0.9990589,0.35346225
197,8,0.82870436,0.0005678031,0.00015261416,8.880036e-05,0.00015686339,0.00028229257,0.00064610294,0.022685569,0.9990845,0.36249352
198,0,0.7521947,0.0004978433,0.00013709777,5.9329774e-05,0.00013803621,0.000116101764,0.00065709953,0.25571513,0.9994448,0.35160208
198,1,0.650805,0.0005082694,0.00014753106,4.884246e-05,0.00015042075,0.00015156262,0.00061510416,0.08762051,0.99909437,0.34087276
198,2,0.782396,0.00051027496,0.000113213435,7.097708e-05,0.00012647905,0.00014365108,0.0006382342,0.110589124,0.99945825,0.35095373
198,3,0.8121926,0.00051230966,0.00010691275,6.70538e-05,0.00013126277,0.00013038953,0.00061429566,0.18867333,0.99944574,0.34825373
198,4,0.782396,0.00051027496,0.000113213435,7.097708e-05,0.00012647905,0.00014365108,0.0006382342,0.110589124,0.99945825,0.35095373
198,5,0.8121926,0.00051230966,0.00010691275,6.70538e-05,0.00013126277,0.00013038953,0.00061429566,0.18867333,0.99944574,0.34825608
198,6,0.7521947,0.0004978433,0.00013709777,5.9329774e-05,0.00013803621,0.000116101764,0.00065709953,0.25571513,0.9994448,0.35155734
198,7,0.66875964,0.0004878464,0.00015567479,4.8855592e-05,0.00014618365,0.00017057455,0.0006135219,0.10210941,0.9989587,0.33943745
198,8,0.7854395,0.00057139003,0.00016496521,5.5292585e-05,0.00014713319,0.0001494205,0.00066830387,0.112110585,0.99939823,0.34378064
200,0,0.67586774,0.00073489745,0.0001732837,0.00018385696,0.00019182781,0.00034866692,0.0010567826,0.00014774025,0.99916244,0.38216385
200,1,0.67586774,0.00073489745,0.0001732837,0.00018385696,0.00019182781,0.00034866692,0.0010567826,0.00014774025,0.99916244,0.38215527
200,2,0.67586774,0.00073489745,0.0001732837,0.00018385696,0.00019182781,0.00034866692,0.0010567826,0.00014774025,0.99916244,0.3820231
200,3,0.67586774,0.00073489745,0.0001732837,0.00018385696,0.00019182781,0.00034866692,0.0010567826,0.00014774025,0.99916244,0.3820231
200,4,0.67586774,0.00073489745,0.0001732837,0.00018385696,0.00019182781,0.00034866692,0.0010567826,0.00014774025,0.99916244,0.3820231
200,5,0.67586774,0.00073489745,0.0001732837,0.00018385696,0.00019182781,0.00034866692,0.0010567826,0.00014774025,0.99916244,0.3820231
200,6,0.67586774,0.00073489745,0.0001732837,0.00018385696,0.00019182781,0.00034866692,0.0010567826,0.00014774025,0.99916244,0.3820231
200,7,0.67586774,0.00073489745,0.0001732837,0.00018385696,0.00019182781,0.00034866692,0.0010567826,0.00014774025,0.99916244,0.3820722
200,8,0.67586774,0.00073489745,0.0001732837,0.00018385696,0.00019182781,0.00034866692,0.0010567826,0.00014774025,0.99916244,0.3820722
201,0,0.8869875,0.00042058263,9.415586e-05,0.00013385034,9.3790964e-05,0.00024285329,0.00038864312,0.0044951052,0.9997086,0.3412803
201,1,0.7686532,0.00049503124,0.00011020994,8.6423635e-05,0.00011908692,0.00015723494,0.0003828899,0.0013438251,0.9996948,0.34044647
201,2,0.7686532,0.00049503124,0.00011020994,8.6423635e-05,0.00011908692,0.00015723494,0.0003828899,0.0013438251,0.9996948,0.34044647
201,3,0.809869,0.00045777322,0.00012081334,8.751376e-05,0.00011267762,0.00018040946,0.00042997504,0.00076551404,0.9997106,0.34361306
201,4,0.76281404,0.00051366806,0.00012291978,8.372838e-05,0.00012127793,0.00016386654,0.0003960163,0.0014248439,0.99969494,0.34286702
201,5,0.87782645,0.00043596953,9.774746e-05,0.0001430386,9.566071e-05,0.0002362554,0.00040268232,0.0077483077,0.99966884,0.33904102
201,6,0.87782645,0.00043596953,9.774746e-05,0.0001430386,9.566071e-05,0.0002362554,0.00040268232,0.0077483077,0.99966884,0.33904102
201,7,0.7871569,0.0004885381,0.00011844977,8.608927e-05,0.000114563416,0.00014878485,0.00040822584,0.0009258889,0.9996885,0.34551132
201,8,0.8086519,0.00048456123,0.000106215244,8.694837e-05,0.00011169344,0.00017584597,0.00040521572,0.0016094362,0.9997073,0.3425432
206,0,0.90398675,0.000580142,9.584699e-05,0.00013049078,0.00011742426,0.00021928707,0.0004221246,0.0044375425,0.9997124,0.33294556
206,1,0.90398675,0.000580142,9.584699e-05,0.00013049078,0.00011742426,0.00021928707,0.0004221246,0.0044375425,0.9997124,0.33294556
206,2,0.90398675,0.000580142,9.584699e-05,0.00013049078,0.00011742426,0.00021928707,0.0004221246,0.0044375425,0.9997124,0.33294556
206,3,0.90398675,0.000580142,9.584699e-05,0.00013049078,0.00011742426,0.00021928707,0.0004221246,0.0044375425,0.9997124,0.33294556
206,4,0.90398675,0.000580142,9.584699e-05,0.00013049078,0.00011742426,0.00021928707,0.0004221246,0.0044375425,0.9997124,0.33294556
206,5,0.90398675,0.000580142,9.584699e-05,0.00013049078,0.00011742426,0.00021928707,0.0004221246,0.0044375425,0.9997124,0.33293876
206,6,0.90398675,0.000580142,9.584699e-05,0.00013049078,0.00011742426,0.00021928707,0.0004221246,0.0044375425,0.9997124,0.33293876
206,7,0.90398675,0.000580142,9.584699e-05,0.00013049078,0.00011742426,0.00021928707,0.0004221246,0.0044375425,0.9997124,0.33293876
206,8,0.90398675,0.000580142,9.584699e-05,0.00013049078,0.00011742426,0.00021928707,0.0004221246,0.0044375425,0.9997124,0.33293876
207,0,0.6641564,0.00055087754,0.00013516292,0.00020246604,8.5839405e-05,0.0025180324,0.0005538498,3.796162e-05,0.9994599,0.3313587
207,1,0.6839562,0.00054567255,0.00014517101,0.00017079199,8.980831e-05,0.0014366638,0.00046148026,5.8282654e-05,0.99948776,0.33767495
207,2,0.6641564,0.00055087754,0.00013516292,0.00020246604,8.5839405e-05,0.0025180324,0.0005538498,3.796162e-05,0.9994599,0.3313587
207,3,0.6641564,0.00055087754,0.00013516292,0.00020246604,8.5839405e-05,0.0025180324,0.0005538498,3.796162e-05,0.9994599,0.3313587
207,4,0.6641564,0.00055087754,0.00013516292,0.00020246604,8.5839405e-05,0.0025180324,0.0005538498,3.796162e-05,0.9994599,0.3313587
207,5,0.6839562,0.00054567255,0.00014517101,0.00017079199,8.980831e-05,0.0014366638,0.00046148026,5.8282654e-05,0.99948776,0.33767495
207,6,0.6839562,0.00054567255,0.00014517101,0.00017079199,8.980831e-05,0.0014366638,0.00046148026,5.8282654e-05,0.99948776,0.33767495
207,7,0.6839562,0.00054567255,0.00014517101,0.00017079199,8.980831e-05,0.0014366638,0.00046148026,5.8282654e-05,0.99948776,0.33772266
207,8,0.6839562,0.00054567255,0.00014517101,0.00017079199,8.980831e-05,0.0014366638,0.00046148026,5.8282654e-05,0.99948776,0.33772266
208,0,0.7069068,0.0008907392,0.00012518045,0.00011373227,0.00015967134,8.8357585e-05,0.00057138543,0.46570623,0.9991142,0.32881665
208,1,0.7069068,0.0008907392,0.00012518045,0.00011373227,0.00015967134,8.8357585e-05,0.00057138543,0.46570623,0.9991142,0.32881665
208,2,0.7069068,0.0008907392,0.00012518045,0.00011373227,0.00015967134,8.8357585e-05,0.00057138543,0.46570623,0.9991142,0.32881665
208,3,0.70690614,0.0008907375,0.00012518045,0.00011373184,0.00015967118,8.835742e-05,0.0005713843,0.465704,0.9991142,0.32881665
208,4,0.70690614,0.0008907375,0.00012518045,0.00011373184,0.00015967118,8.835742e-05,0.0005713843,0.465704,0.9991142,0.32881665
208,5,0.70690614,0.0008907375,0.00012518045,0.00011373184,0.00015967118,8.835742e-05,0.0005713843,0.465704,0.9991142,0.32881665
208,6,0.70690614,0.0008907375,0.00012518045,0.00011373184,0.00015967118,8.835742e-05,0.0005713843,0.465704,0.9991142,0.32881665
208,7,0.70690614,0.0008907375,0.00012518045,0.00011373184,0.00015967118,8.835742e-05,0.0005713843,0.465704,0.9991142,0.32881665
208,8,0.70690614,0.0008907375,0.00012518045,0.00011373184,0.00015967118,8.835742e-05,0.0005713843,0.465704,0.9991142,0.32881665
212,0,0.8237867,0.0008184517,6.7115085e-05,5.2123072e-05,0.000141701,5.894461e-05,0.00029180318,0.789031,0.99971753,0.37228727
212,1,0.8237867,0.0008184517,6.7115085e-05,5.2123072e-05,0.000141701,5.894461e-05,0.00029180318,0.789031,0.99971753,0.37228727
212,2,0.80738646,0.000822908,6.0789673e-05,5.0587616e-05,0.00013576045,5.4729124e-05,0.00026624373,0.7911965,0.9997254,0.3714541
212,3,0.7585861,0.00080684526,6.683726e-05,9.0389876e-05,0.00013813036,6.963497e-05,0.00030091542,0.4233978,0.9996506,0.37592164
212,4,0.7347223,0.0007650984,7.0564805e-05,8.5718995e-05,0.00015171572,6.5037966e-05,0.0003111606,0.27936873,0.9996525,0.36735344
212,5,0.80738646,0.000822908,6.0789673e-05,5.0587616e-05,0.00013576045,5.4729124e-05,0.00026624373,0.7911965,0.9997254,0.37141082
212,6,0.8237867,0.0008184529,6.711503e-05,5.212317e-05,0.00014170048,5.894444e-05,0.00029180179,0.7890314,0.99971753,0.3725108
212,7,0.7585861,0.00080684526,6.683726e-05,9.0389876e-05,0.00013813036,6.963497e-05,0.00030091542,0.4233978,0.9996506,0.3761325
212,8,0.8237867,0.0008184529,6.711503e-05,5.212317e-05,0.00014170048,5.894444e-05,0.00029180179,0.7890314,0.99971753,0.3725108
213,0,0.62570685,0.0007851129,0.00016455831,0.00016545829,0.00021956135,0.00018615084,0.00071730756,0.7805396,0.9978142,0.32789478
213,1,0.62570685,0.0007851129,0.00016455831,0.00016545829,0.00021956135,0.00018615084,0.00071730756,0.7805396,0.9978142,0.32789478
213,2,0.62570685,0.0007851129,0.00016455831,0.00016545829,0.00021956135,0.00018615084,0.00071730756,0.7805396,0.9978142,0.32789478
213,3,0.62570685,0.0007851129,0.00016455831,0.00016545829,0.00021956135,0.00018615084,0.00071730756,0.7805396,0.9978142,0.32789478
213,4,0.62570685,0.0007851129,0.00016455831,0.00016545829,0.00021956135,0.00018615084,0.00071730756,0.7805396,0.9978142,0.32789478
213,5,0.62570685,0.0007851129,0.00016455831,0.00016545829,0.00021956135,0.00018615084,0.00071730756,0.7805396,0.9978142,0.32789478
213,6,0.62570685,0.0007851129,0.00016455831,0.00016545829,0.00021956135,0.00018615084,0.00071730756,0.7805396,0.9978142,0.32794282
213,7,0.6276571,0.0007559878,0.00015617405,0.00015635388,0.0002094453,0.00018479301,0.00069869467,0.71047914,0.99806637,0.32775286
213,8,0.62570685,0.0007851129,0.00016455831,0.00016545829,0.00021956135,0.00018615084,0.00071730756,0.7805396,0.9978142,0.3279479
215,0,0.77386016,0.0004734119,0.00013424018,9.493011e-05,0.00011836904,0.0004607038,0.00058733753,0.0019964713,0.9992387,0.3567966
215,1,0.77386016,0.0004734119,0.00013424018,9.493011e-05,0.00011836904,0.0004607038,0.00058733753,0.0019964713,0.9992387,0.3567966
215,2,0.77386016,0.0004734119,0.00013424018,9.493011e-05,0.00011836904,0.0004607038,0.00058733753,0.0019964713,0.9992387,0.3567966
215,3,0.77386016,0.0004734119,0.00013424018,9.493011e-05,0.00011836904,0.0004607038,0.00058733753,0.0019964713,0.9992387,0.3567966
215,4,0.77386016,0.0004734119,0.00013424018,9.493011e-05,0.00011836904,0.0004607038,0.00058733753,0.0019964713,0.9992387,0.3567966
215,5,0.77386016,0.0004734119,0.00013424018,9.493011e-05,0.00011836904,0.0004607038,0.00058733753,0.0019964713,0.9992387,0.3567966
215,6,0.77386016,0.0004734119,0.00013424018,9.493011e-05,0.00011836904,0.0004607038,0.00058733753,0.0019964713,0.9992387,0.3567966
215,7,0.77386016,0.0004734119,0.00013424018,9.493011e-05,0.00011836904,0.0004607038,0.00058733753,0.0019964713,0.9992387,0.3567966
215,8,0.77386016,0.0004734119,0.00013424018,9.493011e-05,0.00011836904,0.0004607038,0.00058733753,0.0019964713,0.9992387,0.35667408
218,0,0.9215288,0.00055678043,9.8964854e-05,0.00017415764,0.00012291978,0.00022761818,0.0006098735,0.009011239,0.99947685,0.32888454
218,1,0.90691066,0.00063484476,0.00013824644,7.156594e-05,0.0001661612,0.00013149015,0.00080209854,0.018975867,0.99962604,0.34146598
218,2,0.94190925,0.00056129036,8.448566e-05,0.0001122372,0.00011900418,0.0002773019,0.0005797902,0.0048171645,0.9995746,0.32744575
218,3,0.91356844,0.0006847617,0.00015286275,6.8941e-05,0.00018534942,0.00023883117,0.0007692156,0.0050375164,0.9996309,0.33711645
218,4,0.91356844,0.0006847617,0.00015286275,6.8941e-05,0.00018534942,0.00023883117,0.0007692156,0.0050375164,0.9996309,0.33708254
218,5,0.90691066,0.00063484476,0.00013824644,7.156594e-05,0.0001661612,0.00013149015,0.00080209854,0.018975867,0.99962604,0.34148684
218,6,0.92044973,0.00066092284,9.9004494e-05,0.0001392773,0.00013989022,0.00023955732,0.0007048878,0.022038734,0.9993181,0.32428452
218,7,0.90403914,0.0006900363,0.00014817421,6.410156e-05,0.00018401866,0.00023179669,0.0007520442,0.007841162,0.99961555,0.33739522
218,8,0.92690396,0.00070755265,0.00015377926,4.8378064e-05,0.00019544087,0.00022019491,0.0006715664,0.0058318465,0.9996854,0.3438964
219,0,0.49644384,0.000591815,0.00017638132,7.724409e-05,0.00018609938,0.00013385047,0.00089530845,0.4009889,0.9991697,0.36840913
219,1,0.8128535,0.00058712874,0.0001770658,0.00013668361,0.00016023978,0.00024631034,0.00069145515,0.0047026845,0.99951315,0.35288534
219,2,0.4728653,0.00079169753,0.00022527366,8.347104e-05,0.00026739534,0.00025711893,0.00079772517,0.07064751,0.9990081,0.35996974
219,3,0.50598776,0.0006953948,0.00019939746,9.2451715e-05,0.00021363891,0.00033126914,0.0007652617,0.007592173,0.99915147,0.3496703
219,4,0.49644384,0.000591815,0.00017638132,7.724409e-05,0.00018609938,0.00013385047,0.00089530845,0.4009889,0.9991697,0.3684434
219,5,0.66648036,0.0006040207,0.00016324867,0.00010525568,0.00017400229,0.00016795017,0.00081195566,0.11266623,0.9993175,0.35153022
219,6,0.8153308,0.00059660967,0.000118117496,6.077362e-05,0.00021405912,0.00018831671,0.00066352374,0.0074405163,0.9995572,0.37119952
219,7,0.48183787,0.00074635755,0.0002176409,8.209716e-05,0.0002652336,0.0002561556,0.0007690815,0.08110598,0.99910235,0.36264148
219,8,0.4728653,0.00079169753,0.00022527366,8.347104e-05,0.00026739534,0.00025711893,0.00079772517,0.07064751,0.9990081,0.36006245
220,0,0.52305514,0.00069557736,0.00010992959,3.6338442e-05,0.00017946721,0.00013915796,0.0003051365,7.1312985e-05,0.99933845,0.2840543
220,1,0.52305514,0.00069557736,0.00010992959,3.6338442e-05,0.00017946721,0.00013915796,0.0003051365,7.1312985e-05,0.99933845,0.2840543
220,2,0.52305514,0.00069557736,0.00010992959,3.6338442e-05,0.00017946721,0.00013915796,0.0003051365,7.1312985e-05,0.99933845,0.28411213
220,3,0.52305514,0.00069557736,0.00010992959,3.6338442e-05,0.00017946721,0.00013915796,0.0003051365,7.1312985e-05,0.99933845,0.2840662
220,4,0.52305514,0.00069557736,0.00010992959,3.6338442e-05,0.00017946721,0.00013915796,0.0003051365,7.1312985e-05,0.99933845,0.2840662
220,5,0.52305514,0.00069557736,0.00010992959,3.6338442e-05,0.00017946721,0.00013915796,0.0003051365,7.1312985e-05,0.99933845,0.2840662
220,6,0.52305514,0.00069557736,0.00010992959,3.6338442e-05,0.00017946721,0.00013915796,0.0003051365,7.1312985e-05,0.99933845,0.2840662
220,7,0.52305514,0.00069557736,0.00010992959,3.6338442e-05,0.00017946721,0.00013915796,0.0003051365,7.1312985e-05,0.99933845,0.2842683
220,8,0.52778625,0.0007715454,0.000110089466,3.586014e-05,0.00018318955,0.00013530297,0.0002810583,6.763693e-05,0.9994149,0.27984753
226,0,0.7882714,0.00033843308,5.3936303e-05,2.8614242e-05,8.330835e-05,0.00011108727,0.00021179467,0.010908721,0.99973434,0.360297
226,1,0.7882714,0.00033843308,5.3936303e-05,2.8614242e-05,8.330835e-05,0.00011108727,0.00021179467,0.010908721,0.99973434,0.360297
226,2,0.7882714,0.00033843308,5.3936303e-05,2.8614242e-05,8.330835e-05,0.00011108727,0.00021179467,0.010908721,0.99973434,0.360297
226,3,0.7882714,0.00033843308,5.3936303e-05,2.8614242e-05,8.330835e-05,0.00011108727,0.00021179467,0.010908721,0.99973434,0.360297
226,4,0.7882714,0.00033843308,5.3936303e-05,2.8614242e-05,8.330835e-05,0.00011108727,0.00021179467,0.010908721,0.99973434,0.36026916
226,5,0.7882714,0.00033843308,5.3936303e-05,2.8614242e-05,8.330835e-05,0.00011108727,0.00021179467,0.010908721,0.99973434,0.36026916
226,6,0.7882714,0.00033843308,5.3936303e-05,2.8614242e-05,8.330835e-05,0.00011108727,0.00021179467,0.010908721,0.99973434,0.36026916
226,7,0.780699,0.00036067117,4.4731038e-05,2.6213855e-05,8.4936735e-05,0.000113151385,0.00018878882,0.005531546,0.9997824,0.3634065
226,8,0.780699,0.00036067117,4.4731038e-05,2.6213855e-05,8.4936735e-05,0.000113151385,0.00018878882,0.005531546,0.9997824,0.3634065
227,0,0.72323006,0.00051488174,9.7956945e-05,2.0246982e-05,0.00011467272,0.00012678273,0.00032635144,0.034239154,0.999483,0.35663486
227,1,0.72323006,0.00051488174,9.7956945e-05,2.0246982e-05,0.00011467272,0.00012678273,0.00032635144,0.034239154,0.999483,0.3566111
227,2,0.72323006,0.00051488174,9.7956945e-05,2.0246982e-05,0.00011467272,0.00012678273,0.00032635144,0.034239154,0.999483,0.3566111
227,3,0.72323006,0.00051488174,9.7956945e-05,2.0246982e-05,0.00011467272,0.00012678273,0.00032635144,0.034239154,0.999483,0.3566111
227,4,0.7174577,0.00050348917,0.00011667354,2.1005902e-05,0.00011511094,0.00012846821,0.00027367234,0.009295041,0.99955195,0.3573265
227,5,0.72323006,0.00051488174,9.7956945e-05,2.0246982e-05,0.00011467272,0.00012678273,0.00032635144,0.034239154,0.999483,0.3566111
227,6,0.72323006,0.00051488174,9.7956945e-05,2.0246982e-05,0.00011467272,0.00012678273,0.00032635144,0.034239154,0.999483,0.35669053
227,7,0.72323006,0.00051488174,9.7956945e-05,2.0246982e-05,0.00011467272,0.00012678273,0.00032635144,0.034239154,0.999483,0.35669053
227,8,0.7174577,0.00050348917,0.00011667354,2.1005902e-05,0.00011511094,0.00012846821,0.00027367234,0.009295041,0.99955195,0.3574042
228,0,0.6091773,0.0004067687,5.360801e-05,2.8751965e-05,9.2281014e-05,9.644899e-05,0.00021634037,0.0031599083,0.999741,0.3387208
228,1,0.60413074,0.00037381003,5.3233533e-05,2.9541849e-05,8.8381945e-05,9.823533e-05,0.00022385667,0.0053302655,0.99970067,0.3356453
228,2,0.6091773,0.0004067687,5.360801e-05,2.8751965e-05,9.2281014e-05,9.644899e-05,0.00021634037,0.0031599083,0.999741,0.3387208
228,3,0.60413074,0.00037381003,5.3233533e-05,2.9541849e-05,8.8381945e-05,9.823533e-05,0.00022385667,0.0053302655,0.99970067,0.3356453
228,4,0.59641546,0.00037833664,5.6042947e-05,2.5054362e-05,9.2404654e-05,0.00010134435,0.00023373812,0.0055880807,0.9996915,0.33818802
228,5,0.6091773,0.0004067687,5.360801e-05,2.8751965e-05,9.2281014e-05,9.644899e-05,0.00021634037,0.0031599083,0.999741,0.3387208
228,6,0.60413074,0.00037381003,5.3233533e-05,2.9541849e-05,8.8381945e-05,9.823533e-05,0.00022385667,0.0053302655,0.99970067,0.3356453
228,7,0.6091773,0.0004067687,5.360801e-05,2.8751965e-05,9.2281014e-05,9.644899e-05,0.00021634037,0.0031599083,0.999741,0.3387208
228,8,0.60933375,0.00036652558,5.1264007e-05,2.9034612e-05,8.693768e-05,9.235497e-05,0.00020933889,0.004815848,0.9997174,0.33469167
230,0,0.35275993,0.001351265,0.00020767646,0.00016179183,0.00033255384,0.00085568085,0.0009342413,0.18421891,0.9949823,0.3290712
230,1,0.35275993,0.001351265,0.00020767646,0.00016179183,0.00033255384,0.00085568085,0.0009342413,0.18421891,0.9949823,0.3290712
230,2,0.35275993,0.001351265,0.00020767646,0.00016179183,0.00033255384,0.00085568085,0.0009342413,0.18421891,0.9949823,0.3290712
230,3,0.35275993,0.001351265,0.00020767646,0.00016179183,0.00033255384,0.00085568085,0.0009342413,0.18421891,0.9949823,0.32905415
230,4,0.35275993,0.001351265,0.00020767646,0.00016179183,0.00033255384,0.00085568085,0.0009342413,0.18421891,0.9949823,0.3290469
230,5,0.35275993,0.001351265,0.00020767646,0.00016179183,0.00033255384,0.00085568085,0.0009342413,0.18421891,0.9949823,0.3290469
230,6,0.36389157,0.0013552861,0.00018829032,0.00014763561,0.00031971952,0.00080970966,0.00095365394,0.21464875,0.99597305,0.33025077
230,7,0.35275993,0.001351265,0.00020767646,0.00016179183,0.00033255384,0.00085568085,0.0009342413,0.18421891,0.9949823,0.3290469
230,8,0.35275993,0.001351265,0.00020767646,0.00016179183,0.00033255384,0.00085568085,0.0009342413,0.18421891,0.9949823,0.3290469
231,0,0.9114444,0.0004322275,4.0278566e-05,2.3515297e-05,0.00011212916,8.30298e-05,0.00024474075,0.07813559,0.999752,0.3685892
231,1,0.9114444,0.0004322275,4.0278566e-05,2.3515297e-05,0.00011212916,8.30298e-05,0.00024474075,0.07813559,0.999752,0.3685892
231,2,0.9114444,0.0004322275,4.0278566e-05,2.3515297e-05,0.00011212916,8.30298e-05,0.00024474075,0.07813559,0.999752,0.3685892
231,3,0.9114444,0.0004322275,4.0278566e-05,2.3515297e-05,0.00011212916,8.30298e-05,0.00024474075,0.07813559,0.999752,0.3685892
231,4,0.9114444,0.0004322275,4.0278566e-05,2.3515297e-05,0.00011212916,8.30298e-05,0.00024474075,0.07813559,0.999752,0.3685892
231,5,0.9114444,0.0004322275,4.0278566e-05,2.3515297e-05,0.00011212916,8.30298e-05,0.00024474075,0.07813559,0.999752,0.36857927
231,6,0.9114444,0.0004322275,4.0278566e-05,2.3515297e-05,0.00011212916,8.30298e-05,0.00024474075,0.07813559,0.999752,0.36845076
231,7,0.9114444,0.0004322275,4.0278566e-05,2.3515297e-05,0.00011212916,8.30298e-05,0.00024474075,0.07813559,0.999752,0.36845076
231,8,0.9114444,0.0004322275,4.0278566e-05,2.3515297e-05,0.00011212916,8.30298e-05,0.00024474075,0.07813559,0.999752,0.36845076
232,0,0.6804638,0.0003260871,3.3491706e-05,5.9227412e-05,6.5841974e-05,0.00016037002,0.0001278017,3.180037e-05,0.99977046,0.40496662
232,1,0.6804638,0.0003260871,3.3491706e-05,5.9227412e-05,6.5841974e-05,0.00016037002,0.0001278017,3.180037e-05,0.99977046,0.40493622
232,2,0.6804638,0.0003260871,3.3491706e-05,5.9227412e-05,6.5841974e-05,0.00016037002,0.0001278017,3.180037e-05,0.99977046,0.4054736
232,3,0.6804638,0.0003260871,3.3491706e-05,5.9227412e-05,6.5841974e-05,0.00016037002,0.0001278017,3.180037e-05,0.99977046,0.4054736
232,4,0.6804638,0.0003260871,3.3491706e-05,5.9227412e-05,6.5841974e-05,0.00016037002,0.0001278017,3.180037e-05,0.99977046,0.4054736
232,5,0.6804638,0.0003260871,3.3491706e-05,5.9227412e-05,6.5841974e-05,0.00016037002,0.0001278017,3.180037e-05,0.99977046,0.4054736
232,6,0.6676577,0.00038601592,3.8428723e-05,5.5604036e-05,7.655412e-05,0.00014235092,0.00012721092,3.626581e-05,0.9997582,0.40531957
232,7,0.6804638,0.0003260871,3.3491706e-05,5.9227412e-05,6.5841974e-05,0.00016037002,0.0001278017,3.180037e-05,0.99977046,0.40496662
232,8,0.6804638,0.0003260871,3.3491706e-05,5.9227412e-05,6.5841974e-05,0.00016037002,0.0001278017,3.180037e-05,0.99977046,0.40496662
234,0,0.74887043,0.00031840213,0.00015012056,8.930998e-05,0.00011421874,0.00016210052,0.0005273683,0.0030384012,0.99959785,0.3358197
234,1,0.74887043,0.00031840213,0.00015012056,8.930998e-05,0.00011421874,0.00016210052,0.0005273683,0.0030384012,0.99959785,0.3358197
234,2,0.74887043,0.00031840213,0.00015012056,8.930998e-05,0.00011421874,0.00016210052,0.0005273683,0.0030384012,0.99959785,0.3358197
234,3,0.7408388,0.00033186848,0.00015681195,8.0060665e-05,0.000121872654,0.00015378908,0.00054394384,0.0032506692,0.9995857,0.33503285
234,4,0.74887043,0.00031840213,0.00015012056,8.930998e-05,0.00011421874,0.00016210052,0.0005273683,0.0030384012,0.99959785,0.33582437
234,5,0.7408388,0.00033186848,0.00015681195,8.0060665e-05,0.000121872654,0.00015378908,0.00054394384,0.0032506692,0.9995857,0.3350422
234,6,0.74887055,0.00031840213,0.00015012056,8.930998e-05,0.00011421874,0.00016210052,0.0005273683,0.0030384012,0.99959785,0.33582437
234,7,0.74887055,0.00031840213,0.00015012056,8.930998e-05,0.00011421874,0.00016210052,0.0005273683,0.0030384012,0.99959785,0.33582437
234,8,0.74887055,0.00031840213,0.00015012056,8.930998e-05,0.00011421874,0.00016210052,0.0005273683,0.0030384012,0.99959785,0.33580765
236,0,0.5742889,0.0008345804,0.00019011054,0.00017079491,0.00016417338,0.00081388064,0.00069321715,0.00096365664,0.9984889,0.32607442
236,1,0.5742889,0.0008345804,0.00019011054,0.00017079491,0.00016417338,0.00081388064,0.00069321715,0.00096365664,0.9984889,0.32607442
236,2,0.5742889,0.0008345804,0.00019011054,0.00017079491,0.00016417338,0.00081388064,0.00069321715,0.00096365664,0.9984889,0.32607442
236,3,0.5742889,0.0008345804,0.00019011054,0.00017079491,0.00016417338,0.00081388064,0.00069321715,0.00096365664,0.9984889,0.32607442
236,4,0.5742889,0.0008345804,0.00019011054,0.00017079491,0.00016417338,0.00081388064,0.00069321715,0.00096365664,0.9984889,0.32607442
236,5,0.57428837,0.0008345804,0.00019011054,0.00017079491,0.00016417338,0.00081388064,0.00069321715,0.00096365664,0.9984889,0.32608202
236,6,0.57428837,0.0008345804,0.00019011054,0.00017079491,0.00016417338,0.00081388064,0.00069321715,0.00096365664,0.9984889,0.32608202
236,7,0.57428837,0.0008345804,0.00019011054,0.00017079491,0.00016417338,0.00081388064,0.00069321715,0.00096365664,0.9984889,0.32608202
236,8,0.57428837,0.0008345804,0.00019011054,0.00017079491,0.00016417338,0.00081388064,0.00069321715,0.00096365664,0.9984889,0.32608202
239,0,0.76827043,0.0011897525,0.00026567673,0.00015767182,0.00023293188,0.00060865894,0.0011985536,0.00315226,0.9995752,0.4119669
239,1,0.76827043,0.0011897525,0.00026567673,0.00015767182,0.00023293188,0.00060865894,0.0011985536,0.00315226,0.9995752,0.41197753
239,2,0.76827043,0.0011897525,0.00026567673,0.00015767182,0.00023293188,0.00060865894,0.0011985536,0.00315226,0.9995752,0.41191825
239,3,0.76827043,0.0011897525,0.00026567673,0.00015767182,0.00023293188,0.00060865894,0.0011985536,0.00315226,0.9995752,0.41191825
239,4,0.76827043,0.0011897525,0.00026567673,0.00015767182,0.00023293188,0.00060865894,0.0011985536,0.00315226,0.9995752,0.41191825
239,5,0.76827043,0.0011897525,0.00026567673,0.00015767182,0.00023293188,0.00060865894,0.0011985536,0.00315226,0.9995752,0.41191825
239,6,0.76827043,0.0011897525,0.00026567673,0.00015767182,0.00023293188,0.00060865894,0.0011985536,0.00315226,0.9995752,0.41191825
239,7,0.76827043,0.0011897525,0.00026567673,0.00015767182,0.00023293188,0.00060865894,0.0011985536,0.00315226,0.9995752,0.41191825
239,8,0.76827043,0.0011897525,0.00026567673,0.00015767182,0.00023293188,0.00060865894,0.0011985536,0.00315226,0.9995752,0.41191825
240,0,0.58398134,0.00070233736,0.00013403194,6.9952905e-05,0.0001877634,0.00067921274,0.0007184949,8.443427e-05,0.9993705,0.34326208
240,1,0.58398134,0.00070233736,0.00013403194,6.9952905e-05,0.0001877634,0.00067921274,0.0007184949,8.443427e-05,0.9993705,0.34326208
240,2,0.58398134,0.00070233736,0.00013403194,6.9952905e-05,0.0001877634,0.00067921274,0.0007184949,8.443427e-05,0.9993705,0.34326208
240,3,0.58398134,0.00070233736,0.00013403194,6.9952905e-05,0.0001877634,0.00067921274,0.0007184949,8.443427e-05,0.9993705,0.34319583
240,4,0.58398134,0.00070233736,0.00013403194,6.9952905e-05,0.0001877634,0.00067921274,0.0007184949,8.443427e-05,0.9993705,0.34319583
240,5,0.58398134,0.00070233736,0.00013403194,6.9952905e-05,0.0001877634,0.00067921274,0.0007184949,8.443427e-05,0.9993705,0.34319583
240,6,0.58398134,0.00070233736,0.00013403194,6.9952905e-05,0.0001877634,0.00067921274,0.0007184949,8.443427e-05,0.9993705,0.34319583
240,7,0.58398134,0.00070233736,0.00013403194,6.9952905e-05,0.0001877634,0.00067921274,0.0007184949,8.443427e-05,0.9993705,0.34319583
240,8,0.58398134,0.00070233736,0.00013403194,6.9952905e-05,0.0001877634,0.00067921274,0.0007184949,8.443427e-05,0.9993705,0.34316888
242,0,0.805141,0.00037274713,8.121834e-05,9.745271e-05,8.929363e-05,0.0007721231,0.0006629239,2.9639657e-05,0.9996594,0.3834211
242,1,0.805141,0.00037274713,8.121834e-05,9.745271e-05,8.929363e-05,0.0007721231,0.0006629239,2.9639657e-05,0.9996594,0.3834211
242,2,0.805141,0.00037274713,8.121834e-05,9.745271e-05,8.929363e-05,0.0007721231,0.0006629239,2.9639657e-05,0.9996594,0.3834211
242,3,0.805141,0.00037274713,8.121834e-05,9.745271e-05,8.929363e-05,0.0007721231,0.0006629239,2.9639657e-05,0.9996594,0.3834211
242,4,0.805141,0.00037274713,8.121834e-05,9.745271e-05,8.929363e-05,0.0007721231,0.0006629239,2.9639657e-05,0.9996594,0.3834211
242,5,0.805141,0.00037274713,8.121834e-05,9.745271e-05,8.929363e-05,0.0007721231,0.0006629239,2.9639657e-05,0.9996594,0.38265523
242,6,0.805141,0.00037274713,8.121834e-05,9.745271e-05,8.929363e-05,0.0007721231,0.0006629239,2.9639657e-05,0.9996594,0.38265523
242,7,0.805141,0.00037274713,8.121834e-05,9.745271e-05,8.929363e-05,0.0007721231,0.0006629239,2.9639657e-05,0.9996594,0.38265523
242,8,0.805141,0.00037274713,8.121834e-05,9.745271e-05,8.929363e-05,0.0007721231,0.0006629239,2.9639657e-05,0.9996594,0.38265523
243,0,0.71760696,0.00043923076,0.00015673466,0.00022983803,0.00011246679,0.000768962,0.000673711,3.5013032e-05,0.999383,0.3254733
243,1,0.71760696,0.00043923076,0.00015673466,0.00022983803,0.00011246679,0.000768962,0.000673711,3.5013032e-05,0.999383,0.3254733
243,2,0.71760696,0.00043923076,0.00015673466,0.00022983803,0.00011246679,0.000768962,0.000673711,3.5013032e-05,0.999383,0.3254733
243,3,0.71760696,0.00043923076,0.00015673466,0.00022983803,0.00011246679,0.000768962,0.000673711,3.5013032e-05,0.999383,0.3254733
243,4,0.71760696,0.00043923076,0.00015673466,0.00022983803,0.00011246679,0.000768962,0.000673711,3.5013032e-05,0.999383,0.3254733
243,5,0.71760696,0.00043923076,0.00015673466,0.00022983803,0.00011246679,0.000768962,0.000673711,3.5013032e-05,0.999383,0.3254733
243,6,0.71760696,0.00043923076,0.00015673466,0.00022983803,0.00011246679,0.000768962,0.000673711,3.5013032e-05,0.999383,0.3254733
243,7,0.71760696,0.00043923076,0.00015673466,0.00022983803,0.00011246679,0.000768962,0.000673711,3.5013032e-05,0.999383,0.3254733
243,8,0.71760696,0.00043923076,0.00015673466,0.00022983803,0.00011246679,0.000768962,0.000673711,3.5013032e-05,0.999383,0.3254733
244,0,0.90237087,0.00068049115,0.00019941325,0.00015209276,0.0002322732,0.00028302963,0.0007400478,0.012923696,0.9994454,0.4130617
244,1,0.90237087,0.00068049115,0.00019941325,0.00015209276,0.0002322732,0.00028302963,0.0007400478,0.012923696,0.9994454,0.4130617
244,2,0.33286062,0.0017861895,0.00063110446,0.0001358195,0.0005685767,0.00012516613,0.0023675244,0.9992173,0.9224864,0.28412154
244,3,0.8809474,0.00059180823,0.00020560806,0.00017587651,0.00020243478,0.00023452257,0.00062079227,0.0040941215,0.9994578,0.4338783
244,4,0.8809474,0.00059180823,0.00020560806,0.00017587651,0.00020243478,0.00023452257,0.00062079227,0.0040941215,0.9994578,0.4338783
244,5,0.90237087,0.00068049115,0.00019941325,0.00015209276,0.0002322732,0.00028302963,0.0007400478,0.012923696,0.9994454,0.4132901
244,6,0.90237087,0.00068049115,0.00019941325,0.00015209276,0.0002322732,0.00028302963,0.0007400478,0.012923696,0.9994454,0.4132901
244,7,0.90237087,0.00068049115,0.00019941325,0.00015209276,0.0002322732,0.00028302963,0.0007400478,0.012923696,0.9994454,0.4132901
244,8,0.88119453,0.00074408564,0.00019190813,0.00019316841,0.000255711,0.00026830728,0.00068798097,0.004731258,0.999335,0.4359473
245,0,0.78567106,0.00032774205,7.264365e-05,4.11631e-05,8.300368e-05,0.000119676035,0.00034476625,0.02040191,0.99971384,0.3562164
245,1,0.78567106,0.00032774205,7.264365e-05,4.11631e-05,8.300368e-05,0.000119676035,0.00034476625,0.02040191,0.99971384,0.3562164
245,2,0.78567106,0.00032774205,7.264365e-05,4.11631e-05,8.300368e-05,0.000119676035,0.00034476625,0.02040191,0.99971384,0.3562164
245,3,0.78567106,0.00032774205,7.264365e-05,4.11631e-05,8.300368e-05,0.000119676035,0.00034476625,0.02040191,0.99971384,0.3562164
245,4,0.7657811,0.000297586,5.3499443e-05,5.2905187e-05,6.282423e-05,6.11273e-05,0.00028603832,0.6572399,0.9995771,0.3480058
245,5,0.78567106,0.00032774205,7.264365e-05,4.11631e-05,8.300368e-05,0.000119676035,0.00034476625,0.02040191,0.99971384,0.35637417
245,6,0.78567106,0.00032774205,7.264365e-05,4.11631e-05,8.300368e-05,0.000119676035,0.00034476625,0.02040191,0.99971384,0.35637417
245,7,0.7856712,0.00032774205,7.264365e-05,4.11631e-05,8.300368e-05,0.000119676035,0.00034476625,0.02040191,0.99971384,0.35637417
245,8,0.7856712,0.00032774205,7.264365e-05,4.11631e-05,8.300368e-05,0.000119676035,0.00034476625,0.02040191,0.99971384,0.35637417
247,0,0.7284407,0.00088385394,0.00013305158,2.9986199e-05,0.00025218385,0.0013782089,0.0014543898,0.12112362,0.9988391,0.36222613
247,1,0.7284407,0.00088385394,0.00013305158,2.9986199e-05,0.00025218385,0.0013782089,0.0014543898,0.12112362,0.9988391,0.3623451
247,2,0.7284407,0.00088385394,0.00013305158,2.9986199e-05,0.00025218385,0.0013782089,0.0014543898,0.12112362,0.9988391,0.3623451
247,3,0.7284407,0.00088385394,0.00013305158,2.9986199e-05,0.00025218385,0.0013782089,0.0014543898,0.12112362,0.9988391,0.3623451
247,4,0.6292003,0.00085442176,0.0001775952,0.00014634182,0.00032695278,0.0009064966,0.0016794524,0.4281882,0.99748385,0.34370267
247,5,0.6292003,0.00085442176,0.0001775952,0.00014634182,0.00032695278,0.0009064966,0.0016794524,0.4281882,0.99748385,0.34370267
247,6,0.62920004,0.00085442176,0.0001775952,0.00014634182,0.00032695278,0.0009064966,0.0016794524,0.4281882,0.99748385,0.3437632
247,7,0.72844076,0.00088385394,0.00013305158,2.9986199e-05,0.00025218385,0.0013782089,0.0014543898,0.12112362,0.9988391,0.36249852
247,8,0.62920004,0.00085442176,0.0001775952,0.00014634182,0.00032695278,0.0009064966,0.0016794524,0.4281882,0.99748385,0.3437632
248,0,0.8648083,0.0003219171,8.7750675e-05,7.191079e-05,9.0302e-05,0.00064909784,0.00039495347,2.4707891e-05,0.9996538,0.44980308
248,1,0.8648083,0.0003219171,8.7750675e-05,7.191079e-05,9.0302e-05,0.00064909784,0.00039495347,2.4707891e-05,0.9996538,0.44980308
248,2,0.8648083,0.0003219171,8.7750675e-05,7.191079e-05,9.0302e-05,0.00064909784,0.00039495347,2.4707891e-05,0.9996538,0.44980308
248,3,0.8648083,0.0003219171,8.7750675e-05,7.191079e-05,9.0302e-05,0.00064909784,0.00039495347,2.4707891e-05,0.9996538,0.44980308
248,4,0.8648083,0.0003219171,8.7750675e-05,7.191079e-05,9.0302e-05,0.00064909784,0.00039495347,2.4707891e-05,0.9996538,0.44980308
248,5,0.8648083,0.0003219171,8.7750675e-05,7.191079e-05,9.0302e-05,0.00064909784,0.00039495347,2.4707891e-05,0.9996538,0.44980308
248,6,0.8648083,0.0003219171,8.7750675e-05,7.191079e-05,9.0302e-05,0.00064909784,0.00039495347,2.4707891e-05,0.9996538,0.44980308
248,7,0.8648083,0.0003219171,8.7750675e-05,7.191079e-05,9.0302e-05,0.00064909784,0.00039495347,2.4707891e-05,0.9996538,0.44980308
248,8,0.8648083,0.0003219171,8.7750675e-05,7.191079e-05,9.0302e-05,0.00064909784,0.00039495347,2.4707891e-05,0.9996538,0.44980308
249,0,0.7543249,0.0010733252,0.00012112721,0.00019906789,0.00013150557,0.0003423724,0.00050986465,0.00024153567,0.99960345,0.33872524
249,1,0.76963955,0.0010080885,0.000104319915,0.00018336989,0.00012913438,0.0003472463,0.0004436306,0.00020264467,0.99963033,0.343402
249,2,0.7543249,0.0010733252,0.00012112721,0.00019906789,0.00013150557,0.0003423724,0.00050986465,0.00024153567,0.99960345,0.33872524
249,3,0.76963955,0.0010080885,0.000104319915,0.00018336989,0.00012913438,0.0003472463,0.0004436306,0.00020264467,0.99963033,0.343402
249,4,0.7543249,0.0010733252,0.00012112721,0.00019906789,0.00013150557,0.0003423724,0.00050986465,0.00024153567,0.99960345,0.3386505
249,5,0.76963955,0.0010080885,0.000104319915,0.00018336989,0.00012913438,0.0003472463,0.0004436306,0.00020264467,0.99963033,0.3433368
249,6,0.7543249,0.0010733252,0.00012112721,0.00019906789,0.00013150557,0.0003423724,0.00050986465,0.00024153567,0.99960345,0.3386505
249,7,0.7954817,0.00095570553,0.000114033406,0.00023266466,0.00015871534,0.00048136633,0.00060808664,0.00019252172,0.9996012,0.3393819
249,8,0.7543249,0.0010733252,0.00012112721,0.00019906789,0.00013150557,0.0003423724,0.00050986465,0.00024153567,0.99960345,0.3386505
253,0,0.7752175,0.0006232386,0.00019114111,0.0002339631,0.00012519238,0.0012393502,0.0007971427,6.300938e-05,0.99940896,0.35646573
253,1,0.74728507,0.000606024,0.00016024758,0.00026053944,0.00011625697,0.0014346807,0.0007363773,4.299547e-05,0.99951184,0.34363782
253,2,0.74728507,0.000606024,0.00016024758,0.00026053944,0.00011625697,0.0014346807,0.0007363773,4.299547e-05,0.99951184,0.34363782
253,3,0.74728566,0.000606024,0.00016024758,0.00026053944,0.00011625697,0.0014346807,0.0007363773,4.299547e-05,0.99951184,0.34363782
253,4,0.74728566,0.000606024,0.00016024758,0.00026053944,0.00011625697,0.0014346807,0.0007363773,4.299547e-05,0.99951184,0.34363782
253,5,0.74728566,0.000606024,0.00016024758,0.00026053944,0.00011625697,0.0014346807,0.0007363773,4.299547e-05,0.99951184,0.34373006
253,6,0.74728566,0.000606024,0.00016024758,0.00026053944,0.00011625697,0.0014346807,0.0007363773,4.299547e-05,0.99951184,0.34373164
253,7,0.74728566,0.000606024,0.00016024758,0.00026053944,0.00011625697,0.0014346807,0.0007363773,4.299547e-05,0.99951184,0.34373164
253,8,0.74728566,0.000606024,0.00016024758,0.00026053944,0.00011625697,0.0014346807,0.0007363773,4.299547e-05,0.99951184,0.34373164
255,0,0.8178518,0.00036694584,6.6006556e-05,4.320439e-05,9.564056e-05,0.00013578776,0.00032052005,0.004469016,0.99974924,0.3521173
255,1,0.8178518,0.00036694584,6.6006556e-05,4.320439e-05,9.564056e-05,0.00013578776,0.00032052005,0.004469016,0.99974924,0.3521173
255,2,0.8178518,0.00036694584,6.6006556e-05,4.320439e-05,9.564056e-05,0.00013578776,0.00032052005,0.004469016,0.99974924,0.3521173
255,3,0.82386464,0.00036964144,6.6783425e-05,4.310385e-05,9.436853e-05,0.00013650268,0.00032064962,0.004151642,0.99974316,0.35268667
255,4,0.82386464,0.00036964144,6.6783425e-05,4.310385e-05,9.436853e-05,0.00013650268,0.00032064962,0.004151642,0.99974316,0.35268667
255,5,0.82386464,0.00036964144,6.6783425e-05,4.310385e-05,9.436853e-05,0.00013650268,0.00032064962,0.004151642,0.99974316,0.35268667
255,6,0.8178518,0.00036694584,6.6006556e-05,4.320439e-05,9.564056e-05,0.00013578776,0.00032052005,0.004469016,0.99974924,0.3521173
255,7,0.8178518,0.00036694584,6.6006556e-05,4.320439e-05,9.564056e-05,0.00013578776,0.00032052005,0.004469016,0.99974924,0.35213766
255,8,0.8178518,0.00036694584,6.6006556e-05,4.320439e-05,9.564056e-05,0.00013578776,0.00032052005,0.004469016,0.99974924,0.3521577
260,0,0.8938386,0.00038693243,0.00012539359,0.00013334675,0.00010428739,0.00028043948,0.00050087983,0.0039324267,0.99924904,0.40274656
260,1,0.87051827,0.00037340668,0.00011294398,0.00013733853,0.00010324153,0.00036785353,0.00047495638,0.0024642807,0.9992761,0.39424452
260,2,0.8938386,0.00038693243,0.00012539359,0.00013334675,0.00010428739,0.00028043948,0.00050087983,0.0039324267,0.99924904,0.40274656
260,3,0.835197,0.00043466344,0.00013375936,0.0001569183,0.00011094424,0.00027475363,0.0005373819,0.0032166676,0.99908257,0.3942983
260,4,0.8938386,0.00038693243,0.00012539359,0.00013334675,0.00010428739,0.00028043948,0.00050087983,0.0039324267,0.99924904,0.40274656
260,5,0.916883,0.00045761614,0.00013576719,0.00011852366,0.00012095537,0.0003227502,0.0005657921,0.0026703645,0.99914694,0.4277958
260,6,0.87051827,0.00037340668,0.00011294398,0.00013733853,0.00010324153,0.00036785353,0.00047495638,0.0024642807,0.9992761,0.39424452
260,7,0.835197,0.00043466344,0.00013375936,0.0001569183,0.00011094424,0.00027475363,0.0005373819,0.0032166676,0.99908257,0.3942983
260,8,0.8894995,0.0004187671,0.00011258719,0.0001461488,0.00010405108,0.0003835782,0.00050441845,0.0030906878,0.9993088,0.39848697
263,0,0.8001998,0.00052699796,9.867424e-05,8.775444e-05,0.00014011368,0.00014522224,0.00041979816,0.007178323,0.9995958,0.33941412
263,1,0.8001998,0.00052699796,9.867424e-05,8.775444e-05,0.00014011368,0.00014522224,0.00041979816,0.007178323,0.9995958,0.33941412
263,2,0.8234237,0.0005488053,0.000108469096,8.543876e-05,0.00015157822,0.00015423067,0.0005071534,0.029509578,0.99949193,0.33910003
263,3,0.8001998,0.00052699796,9.867424e-05,8.775444e-05,0.00014011368,0.00014522224,0.00041979816,0.007178323,0.9995958,0.33941412
263,4,0.82226515,0.0005467148,0.00010238876,8.850321e-05,0.00013611991,0.00014685217,0.00046528556,0.0033098278,0.9996055,0.3442612
263,5,0.8001998,0.00052699796,9.867424e-05,8.775444e-05,0.00014011368,0.00014522224,0.00041979816,0.007178323,0.9995958,0.3393995
263,6,0.8001998,0.00052699796,9.867424e-05,8.775444e-05,0.00014011368,0.00014522224,0.00041979816,0.007178323,0.9995958,0.33936957
263,7,0.8001998,0.00052699796,9.867424e-05,8.775444e-05,0.00014011368,0.00014522224,0.00041979816,0.007178323,0.9995958,0.33936957
263,8,0.8001998,0.00052699796,9.867424e-05,8.775444e-05,0.00014011368,0.00014522224,0.00041979816,0.007178323,0.9995958,0.33936957
268,0,0.98296255,0.00076794927,0.00014265966,0.00020786427,0.00014810824,0.0005809881,0.000539957,0.00016814088,0.99969244,0.3400817
268,1,0.99201584,0.00078960526,0.00010972946,0.00030761198,0.00011962276,0.001266021,0.00048146106,0.0001615099,0.999767,0.35133436
268,2,0.9857881,0.0006936864,0.00012119399,0.00020008537,0.00012957485,0.00029781647,0.000517074,0.00018823287,0.99969304,0.34657773
268,3,0.9821081,0.00063651026,0.000106131716,0.00013025383,0.00015072412,0.00036252817,0.0004869915,0.00016266381,0.9996871,0.3380886
268,4,0.98296255,0.00076794927,0.00014265966,0.00020786427,0.00014810824,0.0005809881,0.000539957,0.00016814088,0.99969244,0.33993277
268,5,0.98623246,0.00069772283,0.00014832291,0.00025144054,0.00012216363,0.00043178952,0.0005135268,0.00017550093,0.99972576,0.33943638
268,6,0.98296255,0.00076794927,0.00014265966,0.00020786427,0.00014810824,0.0005809881,0.000539957,0.00016814088,0.99969244,0.33993277
268,7,0.98623246,0.00069772283,0.00014832291,0.00025144054,0.00012216363,0.00043178952,0.0005135268,0.00017550093,0.99972576,0.33946142
268,8,0.98623246,0.00069772283,0.00014832291,0.00025144054,0.00012216363,0.00043178952,0.0005135268,0.00017550093,0.99972576,0.33946142
273,0,0.7767129,0.00064007106,0.00011192074,8.077924e-05,0.00012830821,0.00013615326,0.0005568362,0.011684901,0.9996886,0.34781906
273,1,0.7767129,0.00064007106,0.00011192074,8.077924e-05,0.00012830821,0.00013615326,0.0005568362,0.011684901,0.9996886,0.34781906
273,2,0.7767129,0.00064007106,0.00011192074,8.077924e-05,0.00012830821,0.00013615326,0.0005568362,0.011684901,0.9996886,0.34781906
273,3,0.79628086,0.0007115659,0.00013007535,7.739796e-05,0.00013780488,0.00013676925,0.0006274649,0.0072718146,0.99967873,0.35230017
273,4,0.79628086,0.0007115659,0.00013007535,7.739796e-05,0.00013780488,0.00013676925,0.0006274649,0.0072718146,0.99967873,0.35230017
273,5,0.79628086,0.0007115659,0.00013007535,7.739796e-05,0.00013780488,0.00013676925,0.0006274649,0.0072718146,0.99967873,0.35230017
273,6,0.7767129,0.00064007106,0.00011192074,8.077924e-05,0.00012830821,0.00013615326,0.0005568362,0.011684901,0.9996886,0.34781906
273,7,0.79628086,0.0007115659,0.00013007535,7.739796e-05,0.00013780488,0.00013676925,0.0006274649,0.0072718146,0.99967873,0.35230017
273,8,0.7767129,0.00064007106,0.00011192074,8.077924e-05,0.00012830821,0.00013615326,0.0005568362,0.011684901,0.9996886,0.34781906
281,0,0.6003886,0.00057970866,0.00016663864,0.000100241065,0.00015365261,0.00053457567,0.0008398572,6.539064e-05,0.9990723,0.341797
281,1,0.6003886,0.00057970866,0.00016663864,0.000100241065,0.00015365261,0.00053457567,0.0008398572,6.539064e-05,0.9990723,0.341797
281,2,0.6003886,0.00057970866,0.00016663864,0.000100241065,0.00015365261,0.00053457567,0.0008398572,6.539064e-05,0.9990723,0.341797
281,3,0.6003886,0.00057970866,0.00016663864,0.000100241065,0.00015365261,0.00053457567,0.0008398572,6.539064e-05,0.9990723,0.341797
281,4,0.6003886,0.00057970866,0.00016663864,0.000100241065,0.00015365261,0.00053457567,0.0008398572,6.539064e-05,0.9990723,0.341797
281,5,0.6003886,0.00057970866,0.00016663864,0.000100241065,0.00015365261,0.00053457567,0.0008398572,6.539064e-05,0.9990723,0.34159163
281,6,0.59912443,0.0006005553,0.00017084165,9.822952e-05,0.00015776236,0.0005055358,0.0008166918,7.164473e-05,0.9990595,0.3384855
281,7,0.6003886,0.00057970866,0.00016663864,0.000100241065,0.00015365261,0.00053457567,0.0008398572,6.539064e-05,0.9990723,0.34159163
281,8,0.59912443,0.0006005553,0.00017084165,9.822952e-05,0.00015776236,0.0005055358,0.0008166918,7.164473e-05,0.9990595,0.3384855
282,0,0.8425884,0.0004971294,7.82212e-05,6.0159473e-05,9.380439e-05,0.00022532907,0.0002739817,0.0010707307,0.9996551,0.33801937
282,1,0.8425884,0.0004971294,7.82212e-05,6.0159473e-05,9.380439e-05,0.00022532907,0.0002739817,0.0010707307,0.9996551,0.33802378
282,2,0.8502302,0.0004951582,7.5906064e-05,5.7854377e-05,8.901936e-05,0.000247907,0.00025167415,0.001048369,0.99968636,0.3381054
282,3,0.8425884,0.0004971294,7.82212e-05,6.0159473e-05,9.380439e-05,0.00022532907,0.0002739817,0.0010707307,0.9996551,0.3380861
282,4,0.8425884,0.0004971294,7.82212e-05,6.0159473e-05,9.380439e-05,0.00022532907,0.0002739817,0.0010707307,0.9996551,0.3380861
282,5,0.8502302,0.0004951582,7.5906064e-05,5.7854377e-05,8.901936e-05,0.000247907,0.00025167415,0.001048369,0.99968636,0.3381054
282,6,0.8502302,0.0004951582,7.5906064e-05,5.7854377e-05,8.901936e-05,0.000247907,0.00025167415,0.001048369,0.99968636,0.3381054
282,7,0.8502302,0.0004951582,7.5906064e-05,5.7854377e-05,8.901936e-05,0.000247907,0.00025167415,0.001048369,0.99968636,0.3381054
282,8,0.8425884,0.0004971294,7.82212e-05,6.0159473e-05,9.380439e-05,0.00022532907,0.0002739817,0.0010707307,0.9996551,0.3380861
327,0,0.75633353,0.0006273181,0.00011337148,0.00013717938,0.00011009083,0.0009963011,0.0008045182,9.107026e-05,0.999597,0.34001783
327,1,0.75633353,0.0006273181,0.00011337148,0.00013717938,0.00011009083,0.0009963011,0.0008045182,9.107026e-05,0.999597,0.34001783
327,2,0.75633353,0.0006273181,0.00011337148,0.00013717938,0.00011009083,0.0009963011,0.0008045182,9.107026e-05,0.999597,0.34001783
327,3,0.75633407,0.0006273181,0.00011337148,0.00013717938,0.00011009083,0.0009963011,0.0008045182,9.107026e-05,0.999597,0.34001783
327,4,0.75633407,0.0006273181,0.00011337148,0.00013717938,0.00011009083,0.0009963011,0.0008045182,9.107026e-05,0.999597,0.34001783
327,5,0.75633407,0.0006273181,0.00011337148,0.00013717938,0.00011009083,0.0009963011,0.0008045182,9.107026e-05,0.999597,0.34001783
327,6,0.75633407,0.0006273181,0.00011337148,0.00013717938,0.00011009083,0.0009963011,0.0008045182,9.107026e-05,0.999597,0.34001783
327,7,0.75633407,0.0006273181,0.00011337148,0.00013717938,0.00011009083,0.0009963011,0.0008045182,9.107026e-05,0.999597,0.34001783
327,8,0.75633407,0.0006273181,0.00011337148,0.00013717938,0.00011009083,0.0009963011,0.0008045182,9.107026e-05,0.999597,0.34001783
5,0,0.6207213,0.0011074191,0.00018890154,0.00024214346,0.00020802148,0.00016356059,0.0013219266,0.0069825863,0.99920386,0.3585575
5,1,0.6207213,0.0011074191,0.00018890154,0.00024214346,0.00020802148,0.00016356059,0.0013219266,0.0069825863,0.99920386,0.3585575
5,2,0.6207213,0.0011074191,0.00018890154,0.00024214346,0.00020802148,0.00016356059,0.0013219266,0.0069825863,0.99920386,0.3585575
5,3,0.6207213,0.0011074191,0.00018890154,0.00024214346,0.00020802148,0.00016356059,0.0013219266,0.0069825863,0.99920386,0.3585575
5,4,0.6207213,0.0011074191,0.00018890154,0.00024214346,0.00020802148,0.00016356059,0.0013219266,0.0069825863,0.99920386,0.35857674
5,5,0.6207213,0.0011074191,0.00018890154,0.00024214346,0.00020802148,0.00016356059,0.0013219266,0.0069825863,0.99920386,0.35852435
5,6,0.6207213,0.0011074191,0.00018890154,0.00024214346,0.00020802148,0.00016356059,0.0013219266,0.0069825863,0.99920386,0.35852435
5,7,0.6207213,0.0011074191,0.00018890154,0.00024214346,0.00020802148,0.00016356059,0.0013219266,0.0069825863,0.99920386,0.35852435
5,8,0.6207213,0.0011074191,0.00018890154,0.00024214346,0.00020802148,0.00016356059,0.0013219266,0.0069825863,0.99920386,0.35852435
11,0,0.57996297,0.00066139485,0.00019910886,7.279246e-05,9.766287e-05,0.002688141,0.0012992641,1.8296754e-05,0.9994216,0.3494109
11,1,0.5799629,0.00066139485,0.00019910886,7.279246e-05,9.766287e-05,0.002688141,0.0012992641,1.8296754e-05,0.9994216,0.34947017
11,2,0.5799629,0.00066139485,0.00019910886,7.279246e-05,9.766287e-05,0.002688141,0.0012992641,1.8296754e-05,0.9994216,0.34947017
11,3,0.5799629,0.00066139485,0.00019910886,7.279246e-05,9.766287e-05,0.002688141,0.0012992641,1.8296754e-05,0.9994216,0.34947017
11,4,0.58002514,0.00058394717,0.00018420616,7.03955e-05,8.9028785e-05,0.002323295,0.001128524,1.9184032e-05,0.99950266,0.35260653
11,5,0.5799629,0.00066139485,0.00019910886,7.279246e-05,9.766287e-05,0.002688141,0.0012992641,1.8296754e-05,0.9994216,0.34947017
11,6,0.58002514,0.00058394717,0.00018420616,7.03955e-05,8.9028785e-05,0.002323295,0.001128524,1.9184032e-05,0.99950266,0.35262024
11,7,0.5799629,0.00066139485,0.00019910886,7.279246e-05,9.766287e-05,0.002688141,0.0012992641,1.8296754e-05,0.9994216,0.34959933
11,8,0.5799629,0.00066139485,0.00019910886,7.279246e-05,9.766287e-05,0.002688141,0.0012992641,1.8296754e-05,0.9994216,0.34959933
12,0,0.72175616,0.00048277952,0.00012318626,0.000101523474,8.162193e-05,0.0002029591,0.0005761464,0.002110686,0.9996345,0.34365788
12,1,0.72175616,0.00048277952,0.00012318626,0.000101523474,8.162193e-05,0.0002029591,0.0005761464,0.002110686,0.9996345,0.34365788
12,2,0.72175616,0.00048277952,0.00012318626,0.000101523474,8.162193e-05,0.0002029591,0.0005761464,0.002110686,0.9996345,0.34365788
12,3,0.72175616,0.00048277952,0.00012318626,0.000101523474,8.162193e-05,0.0002029591,0.0005761464,0.002110686,0.9996345,0.34365788
12,4,0.72175616,0.00048277952,0.00012318626,0.000101523474,8.162193e-05,0.0002029591,0.0005761464,0.002110686,0.9996345,0.34365788
12,5,0.69238156,0.00046680047,0.00011906389,9.330007e-05,7.427564e-05,0.00019830652,0.0005415179,0.0020090912,0.9996308,0.34425673
12,6,0.72175616,0.00048277952,0.00012318626,0.000101523474,8.162193e-05,0.0002029591,0.0005761464,0.002110686,0.9996345,0.34365788
12,7,0.7241705,0.0004924719,0.00012211333,9.7778786e-05,7.979717e-05,0.00019819423,0.0005919696,0.0028528501,0.99961877,0.34558427
12,8,0.6925153,0.00045829653,0.00011954966,9.634089e-05,7.5558906e-05,0.00017885427,0.00052972557,0.0026016172,0.99960357,0.34513
17,0,0.4410523,0.0002978193,4.5877474e-05,7.57116e-05,4.793528e-05,0.0003151129,0.00016854456,2.7542756e-05,0.99966097,0.3457317
17,1,0.44166574,0.00029800332,4.981581e-05,7.668615e-05,4.765269e-05,0.00030992867,0.00017642607,2.5846964e-05,0.9996263,0.3503025
17,2,0.4410523,0.0002978193,4.5877474e-05,7.57116e-05,4.793528e-05,0.0003151129,0.00016854456,2.7542756e-05,0.99966097,0.3457317
17,3,0.45301494,0.0003107986,5.1545387e-05,5.83604e-05,5.1833445e-05,0.00030361157,0.00018015747,2.6608552e-05,0.9996475,0.34401914
17,4,0.4410523,0.0002978193,4.5877474e-05,7.57116e-05,4.793528e-05,0.0003151129,0.00016854456,2.7542756e-05,0.99966097,0.3457317
17,5,0.4410523,0.0002978193,4.5877474e-05,7.57116e-05,4.793528e-05,0.0003151129,0.00016854456,2.7542756e-05,0.99966097,0.3457317
17,6,0.44166574,0.00029800332,4.981581e-05,7.668615e-05,4.765269e-05,0.00030992867,0.00017642607,2.5846964e-05,0.9996263,0.3503025
17,7,0.4410523,0.0002978193,4.5877474e-05,7.57116e-05,4.793528e-05,0.0003151129,0.00016854456,2.7542756e-05,0.99966097,0.3457317
17,8,0.44166574,0.00029800332,4.981581e-05,7.668615e-05,4.765269e-05,0.00030992867,0.00017642607,2.5846964e-05,0.9996263,0.3503025
23,0,0.67743,0.00039655916,5.9266386e-05,0.00010377917,6.463342e-05,0.0012289762,0.0005755866,1.1405679e-05,0.9995952,0.3483841
23,1,0.67743,0.00039655916,5.9266386e-05,0.00010377917,6.463342e-05,0.0012289762,0.0005755866,1.1405679e-05,0.9995952,0.34826806
23,2,0.65807265,0.0004105179,5.960903e-05,0.000118359116,6.0956976e-05,0.0013427737,0.0005770249,1.0957302e-05,0.9996076,0.34818885
23,3,0.65807265,0.0004105179,5.960903e-05,0.000118359116,6.0956976e-05,0.0013427737,0.0005770249,1.0957302e-05,0.9996076,0.34818885
23,4,0.67743,0.00039655916,5.9266386e-05,0.00010377917,6.463342e-05,0.0012289762,0.0005755866,1.1405679e-05,0.9995952,0.34826806
23,5,0.65807265,0.0004105179,5.960903e-05,0.000118359116,6.0956976e-05,0.0013427737,0.0005770249,1.0957302e-05,0.9996076,0.34818885
23,6,0.67743,0.00039655916,5.9266386e-05,0.00010377917,6.463342e-05,0.0012289762,0.0005755866,1.1405679e-05,0.9995952,0.34826806
23,7,0.65807265,0.0004105179,5.960903e-05,0.000118359116,6.0956976e-05,0.0013427737,0.0005770249,1.0957302e-05,0.9996076,0.34818885
23,8,0.65807265,0.0004105179,5.960903e-05,0.000118359116,6.0956976e-05,0.0013427737,0.0005770249,1.0957302e-05,0.9996076,0.34818885
24,0,1.4616132e-05,0.947683,0.8195179,0.00442503,0.6970091,6.330111e-05,0.7096924,0.9965282,3.3881766e-05,0.0052497997
24,1,0.3329402,0.003022669,0.00064025325,0.00032964823,0.00037148173,0.00013796818,0.0021698785,0.99784636,0.62866217,0.055304516
24,2,1.4616132e-05,0.947683,0.8195179,0.00442503,0.6970091,6.330111e-05,0.7096924,0.9965282,3.3881766e-05,0.0052497997
24,3,1.4616132e-05,0.947683,0.8195179,0.00442503,0.6970091,6.330111e-05,0.7096924,0.9965282,3.3881766e-05,0.0052497997
24,4,1.4616132e-05,0.947683,0.8195179,0.00442503,0.6970091,6.330111e-05,0.7096924,0.9965282,3.3881766e-05,0.0052497997
24,5,1.4616132e-05,0.947683,0.8195179,0.00442503,0.6970091,6.330111e-05,0.7096924,0.9965282,3.3881766e-05,0.0052497997
24,6,1.4616132e-05,0.947683,0.8195179,0.00442503,0.6970091,6.330111e-05,0.7096924,0.9965282,3.3881766e-05,0.0052497997
24,7,1.4616132e-05,0.947683,0.8195179,0.00442503,0.6970091,6.330111e-05,0.7096924,0.9965282,3.3881766e-05,0.0052402173
24,8,1.4616132e-05,0.947683,0.8195179,0.00442503,0.6970091,6.330111e-05,0.7096924,0.9965282,3.3881766e-05,0.0052402173
25,0,3.354743e-05,0.91501147,0.48233578,0.002294643,0.10093016,0.00013873201,0.33644453,0.9963576,7.141016e-05,0.011876891
25,1,3.354743e-05,0.91501147,0.48233578,0.002294643,0.10093016,0.00013873201,0.33644453,0.9963576,7.141016e-05,0.011876891
25,2,3.4879176e-05,0.92378086,0.54348,0.0018895359,0.31008986,0.0001748645,0.37947702,0.9955864,7.7164135e-05,0.021981439
25,3,3.4879176e-05,0.92378086,0.54348,0.0018895359,0.31008986,0.0001748645,0.37947702,0.9955864,7.7164135e-05,0.021981439
25,4,2.6718386e-05,0.9520442,0.6347009,0.001786533,0.17623384,0.000120723525,0.8257903,0.9969357,5.2184594e-05,0.016131729
25,5,3.4879176e-05,0.92378086,0.54348,0.0018895359,0.31008986,0.0001748645,0.37947702,0.9955864,7.7164135e-05,0.021941504
25,6,3.354743e-05,0.91501147,0.48233578,0.002294643,0.10093016,0.00013873201,0.33644453,0.9963576,7.141016e-05,0.011897926
25,7,3.354743e-05,0.91501147,0.48233578,0.002294643,0.10093016,0.00013873201,0.33644453,0.9963576,7.141016e-05,0.011897926
25,8,3.4879176e-05,0.92378086,0.54348,0.0018895359,0.31008986,0.0001748645,0.37947702,0.9955864,7.7164135e-05,0.021941504
26,0,0.7471986,0.00027437514,5.881945e-05,0.0001158947,3.751579e-05,0.000443323,0.0003575721,2.040889e-05,0.99943274,0.45254168
26,1,0.70156914,0.0002648813,5.8339367e-05,0.00011954179,3.2819957e-05,0.0004745455,0.00040794373,8.907467e-06,0.99925965,0.48844674
26,2,0.8164256,0.00024846496,4.8764407e-05,0.00010366286,2.6817139e-05,0.0004602524,0.00025340848,1.9996622e-05,0.99960476,0.4989771
26,3,0.6987576,0.00026338996,6.016406e-05,0.00010295259,3.512581e-05,0.00046711246,0.00040442828,8.742709e-06,0.9992594,0.48128858
26,4,0.768061,0.00024879852,4.732148e-05,0.00012456984,2.7561622e-05,0.0005265421,0.00028712413,1.840471e-05,0.99942845,0.5160379
26,5,0.768061,0.00024879852,4.732148e-05,0.00012456984,2.7561622e-05,0.0005265421,0.00028712413,1.840471e-05,0.99942845,0.51599747
26,6,0.7818811,0.00028651106,5.9784532e-05,0.000118084165,3.553303e-05,0.00042006216,0.00033695297,2.4521463e-05,0.999474,0.44454488
26,7,0.70156914,0.0002648813,5.8339367e-05,0.00011954179,3.2819957e-05,0.0004745455,0.00040794373,8.907467e-06,0.99925965,0.48828304
26,8,0.8115501,0.00024412456,5.1696807e-05,9.473957e-05,2.6103071e-05,0.0004115341,0.00025087374,2.1393738e-05,0.9996605,0.45432076
27,0,0.33506933,0.0007456704,9.270181e-05,0.0002297241,0.00014250344,0.0007979285,0.0012135248,0.3991421,0.9237606,0.34608272
27,1,0.34432352,0.0007967379,9.990716e-05,0.0001898399,0.0001502314,0.0010325527,0.00083664095,0.030726241,0.9796228,0.35383812
27,2,0.34403098,0.00074438285,9.6314434e-05,0.00019359305,0.00014130163,0.0010429493,0.0008737202,0.025215756,0.9800677,0.3586118
27,3,0.33482233,0.00073731155,8.6842556e-05,0.00024252286,0.00016566209,0.00084679597,0.0009914001,0.34410724,0.9333209,0.3515751
27,4,0.34403098,0.00074438285,9.6314434e-05,0.00019359305,0.00014130163,0.0010429493,0.0008737202,0.025215756,0.9800677,0.3586118
27,5,0.33528987,0.00073746545,0.00010960856,0.00027345796,0.00016549458,0.0009320186,0.0013190686,0.36947054,0.9181822,0.34148708
27,6,0.3352275,0.0008456788,0.000109399,0.00027379396,0.00018223467,0.0008802229,0.0010452225,0.6617945,0.9780636,0.35564795
27,7,0.33489755,0.0007090347,9.324805e-05,0.00025675955,0.00017144496,0.000926275,0.0010779646,0.37418172,0.933793,0.3420826
27,8,0.33505854,0.00075451203,0.000101314785,0.00022604609,0.00015350325,0.00078945066,0.0011678454,0.40676448,0.9193206,0.34608313
28,0,0.8600221,0.00029890705,3.8760852e-05,8.2909304e-05,4.5774992e-05,0.0008440353,0.00020339809,1.547087e-05,0.999688,0.4281954
28,1,0.7637579,0.00031662217,5.6634683e-05,0.00010525458,6.434906e-05,0.0011811244,0.00035658677,2.088619e-05,0.9997224,0.40309003
28,2,0.85222656,0.00029841872,4.2527052e-05,9.1119946e-05,5.0684477e-05,0.0010971444,0.00023368018,1.7231918e-05,0.9996934,0.3984653
28,3,0.8600221,0.00029890705,3.8760852e-05,8.2909304e-05,4.5774992e-05,0.0008440353,0.00020339809,1.547087e-05,0.999688,0.4281954
28,4,0.8600221,0.00029890705,3.8760852e-05,8.2909304e-05,4.5774992e-05,0.0008440353,0.00020339809,1.547087e-05,0.999688,0.4281954
28,5,0.85222656,0.00029841872,4.2527052e-05,9.1119946e-05,5.0684477e-05,0.0010971444,0.00023368018,1.7231918e-05,0.9996934,0.3984653
28,6,0.7637579,0.00031662217,5.6634683e-05,0.00010525458,6.434906e-05,0.0011811244,0.00035658677,2.088619e-05,0.9997224,0.40309003
28,7,0.85222656,0.00029841872,4.2527052e-05,9.1119946e-05,5.0684477e-05,0.0010971444,0.00023368018,1.7231918e-05,0.9996934,0.3984653
28,8,0.8600221,0.00029890705,3.8760852e-05,8.2909304e-05,4.5774992e-05,0.0008440353,0.00020339809,1.547087e-05,0.999688,0.4281954
31,0,0.54076356,0.0006430663,0.00016095368,5.051058e-05,0.000118920565,0.00022581904,0.00048506144,1.5510861e-05,0.99933606,0.33507347
31,1,0.54076356,0.0006430663,0.00016095368,5.051058e-05,0.000118920565,0.00022581904,0.00048506144,1.5510861e-05,0.99933606,0.33507347
31,2,0.54076356,0.0006430663,0.00016095368,5.051058e-05,0.000118920565,0.00022581904,0.00048506144,1.5510861e-05,0.99933606,0.33507347
31,3,0.54076356,0.0006430663,0.00016095368,5.051058e-05,0.000118920565,0.00022581904,0.00048506144,1.5510861e-05,0.99933606,0.33507347
31,4,0.54076356,0.0006430663,0.00016095368,5.051058e-05,0.000118920565,0.00022581904,0.00048506144,1.5510861e-05,0.99933606,0.33507347
31,5,0.54076356,0.0006430663,0.00016095368,5.051058e-05,0.000118920565,0.00022581904,0.00048506144,1.5510861e-05,0.99933606,0.33507347
31,6,0.54076356,0.0006430663,0.00016095368,5.051058e-05,0.000118920565,0.00022581904,0.00048506144,1.5510861e-05,0.99933606,0.33507347
31,7,0.54076356,0.0006430663,0.00016095368,5.051058e-05,0.000118920565,0.00022581904,0.00048506144,1.5510861e-05,0.99933606,0.33507347
31,8,0.54076356,0.0006430663,0.00016095368,5.051058e-05,0.000118920565,0.00022581904,0.00048506144,1.5510861e-05,0.99933606,0.33507347
32,0,0.33333907,0.0017169359,0.00021043114,8.4376166e-05,0.00045271488,6.77446e-05,0.0012662949,0.99888045,0.8407834,0.2654417
32,1,0.33334062,0.0017601036,0.00020362297,8.1045044e-05,0.00045454854,6.441966e-05,0.0012641558,0.99894017,0.84320974,0.26428747
32,2,0.33333907,0.0017169359,0.00021043114,8.4376166e-05,0.00045271488,6.77446e-05,0.0012662949,0.99888045,0.8407834,0.265367
32,3,0.33333907,0.0017169359,0.00021043114,8.4376166e-05,0.00045271488,6.77446e-05,0.0012662949,0.99888045,0.8407834,0.265367
32,4,0.33333907,0.0017169359,0.00021043114,8.4376166e-05,0.00045271488,6.77446e-05,0.0012662949,0.99888045,0.8407834,0.265367
32,5,0.33332533,0.0022509026,0.00021891417,9.669422e-05,0.00046834658,6.245162e-05,0.0013231497,0.9990625,0.8218501,0.27729517
32,6,0.33333805,0.0019503838,0.00020269028,8.558007e-05,0.00047611116,6.2855805e-05,0.0012291442,0.99905914,0.8663796,0.2767572
32,7,0.33329776,0.0018927483,0.00020962328,9.554421e-05,0.00040246604,6.675305e-05,0.0013113137,0.9991124,0.8544015,0.26619378
32,8,0.33333907,0.0017169359,0.00021043114,8.4376166e-05,0.00045271488,6.77446e-05,0.0012662949,0.99888045,0.8407834,0.2649851
37,0,0.59477496,0.00040408745,8.862905e-05,9.378077e-05,6.4241205e-05,0.00019467795,0.00047335253,0.0032650726,0.9992441,0.3989062
37,1,0.59477496,0.00040408745,8.862905e-05,9.378077e-05,6.4241205e-05,0.00019467795,0.00047335253,0.0032650726,0.9992441,0.3989062
37,2,0.59477496,0.00040408745,8.862905e-05,9.378077e-05,6.4241205e-05,0.00019467795,0.00047335253,0.0032650726,0.9992441,0.3989062
37,3,0.59477496,0.00040408745,8.862905e-05,9.378077e-05,6.4241205e-05,0.00019467795,0.00047335253,0.0032650726,0.9992441,0.3989062
37,4,0.59477496,0.00040408745,8.862905e-05,9.378077e-05,6.4241205e-05,0.00019467795,0.00047335253,0.0032650726,0.9992441,0.3989062
37,5,0.59477496,0.00040408745,8.862905e-05,9.378077e-05,6.4241205e-05,0.00019467795,0.00047335253,0.0032650726,0.9992441,0.3989062
37,6,0.59477496,0.00040408745,8.862905e-05,9.378077e-05,6.4241205e-05,0.00019467795,0.00047335253,0.0032650726,0.9992441,0.3989062
37,7,0.59477496,0.00040408745,8.862905e-05,9.378077e-05,6.4241205e-05,0.00019467795,0.00047335253,0.0032650726,0.9992441,0.3989062
37,8,0.59477496,0.00040408745,8.862905e-05,9.378077e-05,6.4241205e-05,0.00019467795,0.00047335253,0.0032650726,0.9992441,0.3989569
36,0,0.3514857,0.00076206547,0.00012756708,9.316521e-05,8.115238e-05,0.00022206269,0.0007297752,0.9954098,0.9962837,0.331174
36,1,0.3514857,0.00076206547,0.00012756708,9.316521e-05,8.115238e-05,0.00022206269,0.0007297752,0.9954098,0.9962837,0.331174
36,2,0.3514857,0.00076206547,0.00012756708,9.316521e-05,8.115238e-05,0.00022206269,0.0007297752,0.9954098,0.9962837,0.331174
36,3,0.3514857,0.00076206547,0.00012756708,9.316521e-05,8.115238e-05,0.00022206269,0.0007297752,0.9954098,0.9962837,0.331174
36,4,0.3514857,0.00076206547,0.00012756708,9.316521e-05,8.115238e-05,0.00022206269,0.0007297752,0.9954098,0.9962837,0.331174
36,5,0.3514857,0.00076206547,0.00012756708,9.316521e-05,8.115238e-05,0.00022206269,0.0007297752,0.9954098,0.9962837,0.331174
36,6,0.3514857,0.00076206547,0.00012756708,9.316521e-05,8.115238e-05,0.00022206269,0.0007297752,0.9954098,0.9962837,0.331174
36,7,0.3514857,0.00076206547,0.00012756708,9.316521e-05,8.115238e-05,0.00022206269,0.0007297752,0.9954098,0.9962837,0.331174
36,8,0.3514857,0.00076206547,0.00012756708,9.316521e-05,8.115238e-05,0.00022206269,0.0007297752,0.9954098,0.9962837,0.331174
39,0,0.79937106,0.0004488734,0.000100200836,9.5261086e-05,9.49636e-05,0.00015857995,0.00069613045,0.026171625,0.99962425,0.36455977
39,1,0.79937106,0.0004488734,0.000100200836,9.5261086e-05,9.49636e-05,0.00015857995,0.00069613045,0.026171625,0.99962425,0.36455977
39,2,0.79937106,0.0004488734,0.000100200836,9.5261086e-05,9.49636e-05,0.00015857995,0.00069613045,0.026171625,0.99962425,0.3643624
39,3,0.79937106,0.0004488734,0.000100200836,9.5261086e-05,9.49636e-05,0.00015857995,0.00069613045,0.026171625,0.99962425,0.3643624
39,4,0.79937106,0.0004488734,0.000100200836,9.5261086e-05,9.49636e-05,0.00015857995,0.00069613045,0.026171625,0.99962425,0.3643624
39,5,0.79937106,0.0004488734,0.000100200836,9.5261086e-05,9.49636e-05,0.00015857995,0.00069613045,0.026171625,0.99962425,0.3643624
39,6,0.78493875,0.00038129048,9.595727e-05,7.506602e-05,9.496994e-05,0.00016144541,0.0007213836,0.03062659,0.9996176,0.3619056
39,7,0.78493875,0.00038129048,9.595727e-05,7.506602e-05,9.496994e-05,0.00016144541,0.0007213836,0.03062659,0.9996176,0.3619056
39,8,0.79937106,0.0004488734,0.000100200836,9.5261086e-05,9.49636e-05,0.00015857995,0.00069613045,0.026171625,0.99962425,0.3643624
40,0,0.53379923,0.00070013606,0.0001496318,9.636726e-05,0.00012982046,9.481376e-05,0.00074490474,0.010736702,0.999017,0.3419757
40,1,0.53379923,0.00070013606,0.0001496318,9.636726e-05,0.00012982046,9.481376e-05,0.00074490474,0.010736702,0.999017,0.3419757
40,2,0.53379923,0.00070013606,0.0001496318,9.636726e-05,0.00012982046,9.481376e-05,0.00074490474,0.010736702,0.999017,0.3419757
40,3,0.53379923,0.00070013606,0.0001496318,9.636726e-05,0.00012982046,9.481376e-05,0.00074490474,0.010736702,0.999017,0.3418279
40,4,0.53379923,0.00070013606,0.0001496318,9.636726e-05,0.00012982046,9.481376e-05,0.00074490474,0.010736702,0.999017,0.3418279
40,5,0.53379923,0.00070013606,0.0001496318,9.636726e-05,0.00012982046,9.481376e-05,0.00074490474,0.010736702,0.999017,0.3418279
40,6,0.53379923,0.00070013606,0.0001496318,9.636726e-05,0.00012982046,9.481376e-05,0.00074490474,0.010736702,0.999017,0.3418279
40,7,0.53379923,0.00070013606,0.0001496318,9.636726e-05,0.00012982046,9.481376e-05,0.00074490474,0.010736702,0.999017,0.3418279
40,8,0.53379923,0.00070013606,0.0001496318,9.636726e-05,0.00012982046,9.481376e-05,0.00074490474,0.010736702,0.999017,0.3418232
41,0,0.87790847,0.00034984676,5.135374e-05,0.00016598417,4.2381947e-05,0.00018365528,0.0005379464,0.0012209208,0.99980193,0.3746862
41,1,0.5623309,0.0005310671,0.00011302542,0.00012746798,6.978992e-05,0.00043476434,0.0005248056,3.500432e-05,0.9992754,0.34146893
41,2,0.87685823,0.00037955804,6.3741e-05,0.000158886,5.680804e-05,0.00016146156,0.00056327466,0.0017972538,0.99972254,0.37745658
41,3,0.87790847,0.00034984676,5.135374e-05,0.00016598417,4.2381947e-05,0.00018365528,0.0005379464,0.0012209208,0.99980193,0.3746862
41,4,0.86721164,0.00037695703,4.9642666e-05,0.00017312913,4.754598e-05,0.00017418255,0.0004933258,0.00083267834,0.9997973,0.38312256
41,5,0.5623309,0.0005310671,0.00011302542,0.00012746798,6.978992e-05,0.00043476434,0.0005248056,3.500432e-05,0.9992754,0.34132957
41,6,0.86721164,0.00037695703,4.9642666e-05,0.00017312913,4.754598e-05,0.00017418255,0.0004933258,0.00083267834,0.9997973,0.3833097
41,7,0.87790847,0.00034984676,5.135374e-05,0.00016598417,4.2381947e-05,0.00018365528,0.0005379464,0.0012209208,0.99980193,0.37474146
41,8,0.8397491,0.00037745238,6.826222e-05,0.00017568107,5.4405456e-05,0.00018494215,0.0004467229,0.001312747,0.9997372,0.3745803
45,0,0.59028405,0.00050993916,0.00012760321,0.00011051829,0.000117074414,0.00016840769,0.0005283207,0.004546802,0.9989391,0.33455786
45,1,0.6730625,0.0005422199,0.00015014331,0.00014351815,0.00010098963,0.00018741676,0.00047695418,0.0046178694,0.99918956,0.34128687
45,2,9.3686765e-05,0.9104045,0.69835013,0.0021211316,0.4438124,0.00014857488,0.26142308,0.9812121,0.0001753497,0.017219095
45,3,0.67552567,0.0006367796,0.00021615067,0.000199704,0.0001501595,0.00022581345,0.00066874124,0.007098747,0.99914587,0.34154734
45,4,0.68272716,0.0005194608,0.00015465065,0.00014366396,0.00010420658,0.00019792643,0.00047921936,0.0050376384,0.99915135,0.34193587
45,5,0.68272716,0.0005194608,0.00015465065,0.00014366396,0.00010420658,0.00019792643,0.00047921936,0.0050376384,0.99915135,0.34193587
45,6,0.66064405,0.0006295206,0.00021040204,0.00019296628,0.00014439019,0.00022167916,0.00069728476,0.010114654,0.9990101,0.34639087
45,7,0.68272716,0.0005194608,0.00015465065,0.00014366396,0.00010420658,0.00019792643,0.00047921936,0.0050376384,0.99915135,0.34191427
45,8,0.6730625,0.0005422199,0.00015014331,0.00014351815,0.00010098963,0.00018741676,0.00047695418,0.0046178694,0.99918956,0.34127548
46,0,0.6169056,0.00035942107,7.410013e-05,7.8878715e-05,6.560556e-05,0.00013754744,0.0003493142,1.7250497e-05,0.9998035,0.3690764
46,1,0.6169056,0.00035942107,7.410013e-05,7.8878715e-05,6.560556e-05,0.00013754744,0.0003493142,1.7250497e-05,0.9998035,0.3690764
46,2,0.6169056,0.00035942107,7.410013e-05,7.8878715e-05,6.560556e-05,0.00013754744,0.0003493142,1.7250497e-05,0.9998035,0.3690764
46,3,0.6169056,0.00035942107,7.410013e-05,7.8878715e-05,6.560556e-05,0.00013754744,0.0003493142,1.7250497e-05,0.9998035,0.36917934
46,4,0.6169056,0.00035942107,7.410013e-05,7.8878715e-05,6.560556e-05,0.00013754744,0.0003493142,1.7250497e-05,0.9998035,0.36917934
46,5,0.6169056,0.00035942107,7.410013e-05,7.8878715e-05,6.560556e-05,0.00013754744,0.0003493142,1.7250497e-05,0.9998035,0.36917934
46,6,0.6169056,0.00035942107,7.410013e-05,7.8878715e-05,6.560556e-05,0.00013754744,0.0003493142,1.7250497e-05,0.9998035,0.36917934
46,7,0.6169056,0.00035942107,7.410013e-05,7.8878715e-05,6.560556e-05,0.00013754744,0.0003493142,1.7250497e-05,0.9998035,0.36917934
46,8,0.6169056,0.00035942107,7.410013e-05,7.8878715e-05,6.560556e-05,0.00013754744,0.0003493142,1.7250497e-05,0.9998035,0.36917934
47,0,0.69924337,0.00039990386,7.8968274e-05,3.574937e-05,0.00014026447,7.2613184e-05,0.000809179,0.827459,0.99966884,0.3617384
47,1,0.69924337,0.00039990386,7.8968274e-05,3.574937e-05,0.00014026447,7.2613184e-05,0.000809179,0.827459,0.99966884,0.3617384
47,2,0.69924337,0.00039990386,7.8968274e-05,3.574937e-05,0.00014026447,7.2613184e-05,0.000809179,0.827459,0.99966884,0.3617384
47,3,0.69924337,0.00039990386,7.8968274e-05,3.574937e-05,0.00014026447,7.2613184e-05,0.000809179,0.827459,0.99966884,0.3617384
47,4,0.69924337,0.00039990386,7.8968274e-05,3.574937e-05,0.00014026447,7.2613184e-05,0.000809179,0.827459,0.99966884,0.36174178
47,5,0.69924337,0.00039990386,7.8968274e-05,3.574937e-05,0.00014026447,7.2613184e-05,0.000809179,0.827459,0.99966884,0.3617936
47,6,0.69924337,0.00039990386,7.8968274e-05,3.574937e-05,0.00014026447,7.2613184e-05,0.000809179,0.827459,0.99966884,0.3617936
47,7,0.69924337,0.00039990386,7.8968274e-05,3.574937e-05,0.00014026447,7.2613184e-05,0.000809179,0.827459,0.99966884,0.3617936
47,8,0.69924337,0.00039990386,7.8968274e-05,3.574937e-05,0.00014026447,7.2613184e-05,0.000809179,0.827459,0.99966884,0.3617936
48,0,0.65181524,0.00055702176,7.20759e-05,5.615336e-05,0.00015295112,0.00015663278,0.00057350186,0.0047332793,0.9997166,0.35606536
48,1,0.5866546,0.000580972,6.313003e-05,5.598099e-05,0.00013823695,0.00014308143,0.00051281654,0.008285985,0.9996971,0.36197695
48,2,0.6500527,0.0005251512,6.294554e-05,5.2722913e-05,0.00013763402,0.0001497123,0.0005038305,0.0044099037,0.99972624,0.35831258
48,3,0.5866546,0.000580972,6.313003e-05,5.598099e-05,0.00013823695,0.00014308143,0.00051281654,0.008285985,0.9996971,0.36197695
48,4,0.5866546,0.000580972,6.313003e-05,5.598099e-05,0.00013823695,0.00014308143,0.00051281654,0.008285985,0.9996971,0.36197695
48,5,0.5866546,0.000580972,6.313003e-05,5.598099e-05,0.00013823695,0.00014308143,0.00051281654,0.008285985,0.9996971,0.36197695
48,6,0.6500527,0.0005251512,6.294554e-05,5.2722913e-05,0.00013763402,0.0001497123,0.0005038305,0.0044099037,0.99972624,0.35830644
48,7,0.65181524,0.00055702176,7.20759e-05,5.615336e-05,0.00015295112,0.00015663278,0.00057350186,0.0047332793,0.9997166,0.35605302
48,8,0.6500527,0.0005251512,6.294554e-05,5.2722913e-05,0.00013763402,0.0001497123,0.0005038305,0.0044099037,0.99972624,0.35830644
50,0,0.9398497,0.00081170973,0.00021837984,0.00016081777,7.6041906e-05,0.00017368037,0.0005152588,0.002098775,0.9994306,0.35923204
50,1,0.9398497,0.00081170973,0.00021837984,0.00016081777,7.6041906e-05,0.00017368037,0.0005152588,0.002098775,0.9994306,0.35923204
50,2,0.9398497,0.00081170973,0.00021837984,0.00016081777,7.6041906e-05,0.00017368037,0.0005152588,0.002098775,0.9994306,0.359301
50,3,0.9398497,0.00081170973,0.00021837984,0.00016081777,7.6041906e-05,0.00017368037,0.0005152588,0.002098775,0.9994306,0.35931444
50,4,0.9398497,0.00081170973,0.00021837984,0.00016081777,7.6041906e-05,0.00017368037,0.0005152588,0.002098775,0.9994306,0.35931444
50,5,0.9398497,0.00081170973,0.00021837984,0.00016081777,7.6041906e-05,0.00017368037,0.0005152588,0.002098775,0.9994306,0.35931444
50,6,0.9398497,0.00081170973,0.00021837984,0.00016081777,7.6041906e-05,0.00017368037,0.0005152588,0.002098775,0.9994306,0.35931444
50,7,0.9398497,0.00081170973,0.00021837984,0.00016081777,7.6041906e-05,0.00017368037,0.0005152588,0.002098775,0.9994306,0.35938743
50,8,0.9398497,0.00081170973,0.00021837984,0.00016081777,7.6041906e-05,0.00017368037,0.0005152588,0.002098775,0.9994306,0.3590972
62,0,0.0016994942,0.57945853,0.51669407,0.0010211869,0.89601654,0.00039330518,0.7324321,0.3284933,4.4719265e-05,0.015602037
62,1,0.0016994942,0.57945853,0.51669407,0.0010211869,0.89601654,0.00039330518,0.7324321,0.3284933,4.4719265e-05,0.015602037
62,2,0.0016994942,0.57945853,0.51669407,0.0010211869,0.89601654,0.00039330518,0.7324321,0.3284933,4.4719265e-05,0.015602037
62,3,0.87965703,0.0008683093,0.00015051042,9.3461254e-05,0.00021740775,0.00012646348,0.0012770541,0.7693004,0.9989139,0.41498473
62,4,0.8912932,0.0008779173,0.00014316374,9.165826e-05,0.00022634026,0.00012550842,0.0012453035,0.7538434,0.9990251,0.41071653
62,5,0.87965703,0.0008683093,0.00015051042,9.3461254e-05,0.00021740775,0.00012646348,0.0012770541,0.7693004,0.9989139,0.4153105
62,6,0.8751885,0.00089965557,0.000204245,0.000121638,0.0002720669,0.00027902145,0.0013949575,0.007772207,0.998752,0.41931972
62,7,0.87965703,0.0008683093,0.00015051042,9.3461254e-05,0.00021740775,0.00012646348,0.0012770541,0.7693004,0.9989139,0.4153105
62,8,0.87965703,0.0008683093,0.00015051042,9.3461254e-05,0.00021740775,0.00012646348,0.0012770541,0.7693004,0.9989139,0.4153105
72,0,0.54739344,0.00040383212,0.00011505059,7.21949e-05,9.223069e-05,8.250196e-05,0.0007506823,0.35405818,0.99937755,0.38373458
72,1,0.54739344,0.00040383212,0.00011505059,7.21949e-05,9.223069e-05,8.250196e-05,0.0007506823,0.35405818,0.99937755,0.3834873
72,2,0.54739344,0.00040383212,0.00011505059,7.21949e-05,9.223069e-05,8.250196e-05,0.0007506823,0.35405818,0.99937755,0.3834873
72,3,0.54739344,0.00040383212,0.00011505059,7.21949e-05,9.223069e-05,8.250196e-05,0.0007506823,0.35405818,0.99937755,0.3834873
72,4,0.54739344,0.00040383212,0.00011505059,7.21949e-05,9.223069e-05,8.250196e-05,0.0007506823,0.35405818,0.99937755,0.3834873
72,5,0.54739344,0.00040383212,0.00011505059,7.21949e-05,9.223069e-05,8.250196e-05,0.0007506823,0.35405818,0.99937755,0.3834796
72,6,0.54739344,0.00040383212,0.00011505059,7.21949e-05,9.223069e-05,8.250196e-05,0.0007506823,0.35405818,0.99937755,0.38377726
72,7,0.54739344,0.00040383212,0.00011505059,7.21949e-05,9.223069e-05,8.250196e-05,0.0007506823,0.35405818,0.99937755,0.38377726
72,8,0.54739344,0.00040383212,0.00011505059,7.21949e-05,9.223069e-05,8.250196e-05,0.0007506823,0.35405818,0.99937755,0.38377726
77,0,0.77961427,0.00042424977,7.136053e-05,8.683444e-05,7.207219e-05,0.00029563927,0.00029456033,0.00011105485,0.999721,0.48206595
77,1,0.7625916,0.0005561414,0.00010554293,0.00011893157,9.529425e-05,0.00031796467,0.0003787933,8.0887075e-05,0.99952996,0.42086253
77,2,0.77961427,0.00042424977,7.136053e-05,8.683444e-05,7.207219e-05,0.00029563927,0.00029456033,0.00011105485,0.999721,0.4821982
77,3,0.7392714,0.0005096761,9.4562834e-05,0.00010634487,8.76417e-05,0.00034115644,0.00027447217,8.502214e-05,0.9995709,0.39785972
77,4,0.77961427,0.00042424977,7.136053e-05,8.683444e-05,7.207219e-05,0.00029563927,0.00029456033,0.00011105485,0.999721,0.4821982
77,5,0.7770209,0.00040925722,7.171405e-05,9.636303e-05,6.8679255e-05,0.0002847915,0.0002854695,9.7257944e-05,0.99971145,0.46830177
77,6,0.77961427,0.00042424977,7.136053e-05,8.683444e-05,7.207219e-05,0.00029563927,0.00029456033,0.00011105485,0.999721,0.4821982
77,7,0.77961427,0.00042424977,7.136053e-05,8.683444e-05,7.207219e-05,0.00029563927,0.00029456033,0.00011105485,0.999721,0.4821942
77,8,0.77961427,0.00042424977,7.136053e-05,8.683444e-05,7.207219e-05,0.00029563927,0.00029456033,0.00011105485,0.999721,0.48206595
79,0,0.8773044,0.00059415144,4.791169e-05,4.38813e-05,9.2266586e-05,9.296615e-05,0.00019989468,0.00046360434,0.9998087,0.40542462
79,1,0.3349184,0.0013443334,0.00011536511,6.83104e-05,0.00022459467,6.2312174e-05,0.0006012093,0.9995702,0.997227,0.32571623
79,2,0.3349184,0.0013443334,0.00011536511,6.83104e-05,0.00022459467,6.2312174e-05,0.0006012093,0.9995702,0.997227,0.32571623
79,3,0.8773044,0.00059415144,4.791169e-05,4.38813e-05,9.2266586e-05,9.296615e-05,0.00019989468,0.00046360434,0.9998087,0.40542993
79,4,0.8767915,0.00046094804,5.3481126e-05,4.0298622e-05,8.826941e-05,7.809703e-05,0.00022470177,0.00050407834,0.99979013,0.4144839
79,5,0.8773044,0.00059415144,4.791169e-05,4.38813e-05,9.2266586e-05,9.296615e-05,0.00019989468,0.00046360434,0.9998087,0.40572798
79,6,0.8767915,0.00046094804,5.3481126e-05,4.0298622e-05,8.826941e-05,7.809703e-05,0.00022470177,0.00050407834,0.99979013,0.4144839
79,7,0.867743,0.00063184206,6.4391774e-05,6.745792e-05,0.00012584912,0.00014310586,0.0003339868,0.0007574376,0.9997009,0.36684597
79,8,0.8767915,0.00046094804,5.3481126e-05,4.0298622e-05,8.826941e-05,7.809703e-05,0.00022470177,0.00050407834,0.99979013,0.4144839
82,0,0.81442815,0.001351776,0.00021381049,6.9345246e-05,0.00017289998,0.0004141706,0.0012134474,0.10399658,0.99862325,0.3929942
82,1,0.81442815,0.001351776,0.00021381049,6.9345246e-05,0.00017289998,0.0004141706,0.0012134474,0.10399658,0.99862325,0.3929942
82,2,0.81442815,0.001351776,0.00021381049,6.9345246e-05,0.00017289998,0.0004141706,0.0012134474,0.10399658,0.99862325,0.3929942
82,3,0.81442815,0.001351776,0.00021381049,6.9345246e-05,0.00017289998,0.0004141706,0.0012134474,0.10399658,0.99862325,0.3929942
82,4,0.81442815,0.001351776,0.00021381049,6.9345246e-05,0.00017289998,0.0004141706,0.0012134474,0.10399658,0.99862325,0.3929942
82,5,0.81442815,0.001351776,0.00021381049,6.9345246e-05,0.00017289998,0.0004141706,0.0012134474,0.10399658,0.99862325,0.39299998
82,6,0.81442815,0.001351776,0.00021381049,6.9345246e-05,0.00017289998,0.0004141706,0.0012134474,0.10399658,0.99862325,0.3926508
82,7,0.81442815,0.001351776,0.00021381049,6.9345246e-05,0.00017289998,0.0004141706,0.0012134474,0.10399658,0.99862325,0.3926508
82,8,0.81442815,0.001351776,0.00021381049,6.9345246e-05,0.00017289998,0.0004141706,0.0012134474,0.10399658,0.99862325,0.3926508
83,0,0.8021951,0.0005622992,8.808795e-05,0.00011240964,7.9277175e-05,0.0002696192,0.00061050477,0.0015006441,0.999572,0.3070637
83,1,0.8021951,0.0005622992,8.808795e-05,0.00011240964,7.9277175e-05,0.0002696192,0.00061050477,0.0015006441,0.999572,0.30674365
83,2,0.8021951,0.0005622992,8.808795e-05,0.00011240964,7.9277175e-05,0.0002696192,0.00061050477,0.0015006441,0.999572,0.30681834
83,3,0.7754087,0.00046153745,5.9319995e-05,9.915793e-05,7.4794574e-05,0.00023000331,0.00039600232,0.0008972206,0.9996356,0.31897676
83,4,0.8074185,0.0003990784,6.02503e-05,0.000102283855,6.0225368e-05,0.00021597435,0.00049037806,0.00062817783,0.99957126,0.30323246
83,5,0.8074185,0.0003990784,6.02503e-05,0.000102283855,6.0225368e-05,0.00021597435,0.00049037806,0.00062817783,0.99957126,0.30323246
83,6,0.7680691,0.0004353657,5.5983015e-05,9.8437595e-05,6.800544e-05,0.00022481664,0.00036100537,0.0009844444,0.99964917,0.32055974
83,7,0.8074185,0.0003990784,6.02503e-05,0.000102283855,6.0225368e-05,0.00021597435,0.00049037806,0.00062817783,0.99957126,0.3032252
83,8,0.7680691,0.0004353657,5.5983015e-05,9.8437595e-05,6.800544e-05,0.00022481664,0.00036100537,0.0009844444,0.99964917,0.32074213
85,0,0.7962105,0.0008926305,0.0003873107,0.00043532252,0.00029123147,0.0005112075,0.001761096,0.0058265957,0.99892265,0.33775917
85,1,0.7962105,0.0008926305,0.0003873107,0.00043532252,0.00029123147,0.0005112075,0.001761096,0.0058265957,0.99892265,0.33775917
85,2,0.7962105,0.0008926305,0.0003873107,0.00043532252,0.00029123147,0.0005112075,0.001761096,0.0058265957,0.99892265,0.33775917
85,3,0.7962105,0.0008926305,0.0003873107,0.00043532252,0.00029123147,0.0005112075,0.001761096,0.0058265957,0.99892265,0.33775917
85,4,0.7962105,0.0008926305,0.0003873107,0.00043532252,0.00029123147,0.0005112075,0.001761096,0.0058265957,0.99892265,0.33775917
85,5,0.7962105,0.0008926305,0.0003873107,0.00043532252,0.00029123147,0.0005112075,0.001761096,0.0058265957,0.99892265,0.33775917
85,6,0.7962105,0.0008926305,0.0003873107,0.00043532252,0.00029123147,0.0005112075,0.001761096,0.0058265957,0.99892265,0.33775917
85,7,0.7962105,0.0008926305,0.0003873107,0.00043532252,0.00029123147,0.0005112075,0.001761096,0.0058265957,0.99892265,0.33775917
85,8,0.7962105,0.0008926305,0.0003873107,0.00043532252,0.00029123147,0.0005112075,0.001761096,0.0058265957,0.99892265,0.33774447
87,0,0.81462294,0.00027463998,0.00010662858,8.308905e-05,8.965146e-05,0.00016874797,0.00062688236,0.0019823236,0.999509,0.4131861
87,1,0.81462294,0.00027463998,0.00010662858,8.308905e-05,8.965146e-05,0.00016874797,0.00062688236,0.0019823236,0.999509,0.4131861
87,2,0.81429124,0.00027995542,0.00010432638,8.308485e-05,8.664593e-05,0.00014646508,0.0006966843,0.0015916495,0.99949706,0.43712005
87,3,0.81462294,0.00027463998,0.00010662858,8.308905e-05,8.965146e-05,0.00016874797,0.00062688236,0.0019823236,0.999509,0.4131861
87,4,0.81462294,0.00027463998,0.00010662858,8.308905e-05,8.965146e-05,0.00016874797,0.00062688236,0.0019823236,0.999509,0.4131861
87,5,0.81462294,0.00027463998,0.00010662858,8.308905e-05,8.965146e-05,0.00016874797,0.00062688236,0.0019823236,0.999509,0.4131861
87,6,0.81462294,0.00027463998,0.00010662858,8.308905e-05,8.965146e-05,0.00016874797,0.00062688236,0.0019823236,0.999509,0.4131861
87,7,0.81429124,0.00027995542,0.00010432638,8.308485e-05,8.664593e-05,0.00014646508,0.0006966843,0.0015916495,0.99949706,0.43712005
87,8,0.81429124,0.00027995542,0.00010432638,8.308485e-05,8.664593e-05,0.00014646508,0.0006966843,0.0015916495,0.99949706,0.43712005
89,0,0.42985916,0.00073867943,8.9848145e-05,5.496931e-05,0.00011701203,7.197562e-05,0.00077224895,0.99496645,0.99917763,0.33673003
89,1,0.42985916,0.00073867943,8.9848145e-05,5.496931e-05,0.00011701203,7.197562e-05,0.00077224895,0.99496645,0.99917763,0.33675453
89,2,0.42985916,0.00073867943,8.9848145e-05,5.496931e-05,0.00011701203,7.197562e-05,0.00077224895,0.99496645,0.99917763,0.33670333
89,3,0.42985916,0.00073867943,8.9848145e-05,5.496931e-05,0.00011701203,7.197562e-05,0.00077224895,0.99496645,0.99917763,0.33670333
89,4,0.42985916,0.00073867943,8.9848145e-05,5.496931e-05,0.00011701203,7.197562e-05,0.00077224895,0.99496645,0.99917763,0.33670333
89,5,0.42985916,0.00073867943,8.9848145e-05,5.496931e-05,0.00011701203,7.197562e-05,0.00077224895,0.99496645,0.99917763,0.33670333
89,6,0.42985916,0.00073867943,8.9848145e-05,5.496931e-05,0.00011701203,7.197562e-05,0.00077224895,0.99496645,0.99917763,0.3366418
89,7,0.42985916,0.00073867943,8.9848145e-05,5.496931e-05,0.00011701203,7.197562e-05,0.00077224895,0.99496645,0.99917763,0.33671686
89,8,0.42985916,0.00073867943,8.9848145e-05,5.496931e-05,0.00011701203,7.197562e-05,0.00077224895,0.99496645,0.99917763,0.33671686
92,0,0.84234315,0.000496874,7.447047e-05,7.799849e-05,0.0001130181,0.00019315846,0.00078885764,0.006495497,0.9994234,0.3323771
92,1,0.84850186,0.00045199515,7.599138e-05,7.8605844e-05,0.000112254864,0.00019111761,0.0007568344,0.0059964745,0.999516,0.32318044
92,2,0.84850186,0.00045199515,7.599138e-05,7.8605844e-05,0.000112254864,0.00019111761,0.0007568344,0.0059964745,0.999516,0.32318044
92,3,0.84234315,0.000496874,7.447047e-05,7.799849e-05,0.0001130181,0.00019315846,0.00078885764,0.006495497,0.9994234,0.3324254
92,4,0.84234315,0.000496874,7.447047e-05,7.799849e-05,0.0001130181,0.00019315846,0.00078885764,0.006495497,0.9994234,0.3324254
92,5,0.84234315,0.000496874,7.447047e-05,7.799849e-05,0.0001130181,0.00019315846,0.00078885764,0.006495497,0.9994234,0.3324254
92,6,0.84234315,0.000496874,7.447047e-05,7.799849e-05,0.0001130181,0.00019315846,0.00078885764,0.006495497,0.9994234,0.3324254
92,7,0.84234315,0.000496874,7.447047e-05,7.799849e-05,0.0001130181,0.00019315846,0.00078885764,0.006495497,0.9994234,0.3324254
92,8,0.84234315,0.000496874,7.447047e-05,7.799849e-05,0.0001130181,0.00019315846,0.00078885764,0.006495497,0.9994234,0.33234298
93,0,0.7330348,0.00043205943,7.757635e-05,8.0846585e-05,8.267955e-05,0.00014418023,0.0006110904,0.0013409626,0.99948454,0.45573387
93,1,0.7330348,0.00043205943,7.757635e-05,8.0846585e-05,8.267955e-05,0.00014418023,0.0006110904,0.0013409626,0.99948454,0.45573387
93,2,0.7330348,0.00043205943,7.757635e-05,8.0846585e-05,8.267955e-05,0.00014418023,0.0006110904,0.0013409626,0.99948454,0.45573387
93,3,0.7330348,0.00043205943,7.757635e-05,8.0846585e-05,8.267955e-05,0.00014418023,0.0006110904,0.0013409626,0.99948454,0.45573387
93,4,0.7330348,0.00043205943,7.757635e-05,8.0846585e-05,8.267955e-05,0.00014418023,0.0006110904,0.0013409626,0.99948454,0.45574632
93,5,0.7330348,0.00043205943,7.757635e-05,8.0846585e-05,8.267955e-05,0.00014418023,0.0006110904,0.0013409626,0.99948454,0.4557744
93,6,0.7330348,0.00043205943,7.757635e-05,8.0846585e-05,8.267955e-05,0.00014418023,0.0006110904,0.0013409626,0.99948454,0.4557744
93,7,0.7330348,0.00043205943,7.757635e-05,8.0846585e-05,8.267955e-05,0.00014418023,0.0006110904,0.0013409626,0.99948454,0.4557744
93,8,0.7330348,0.00043205943,7.757635e-05,8.0846585e-05,8.267955e-05,0.00014418023,0.0006110904,0.0013409626,0.99948454,0.4557744
94,0,0.9475613,0.00054865074,4.8744227e-05,9.420948e-05,0.000109433946,0.00034878546,0.00023719997,0.00022099035,0.9997726,0.3656006
94,1,0.9475613,0.00054865074,4.8744227e-05,9.420948e-05,0.000109433946,0.00034878546,0.00023719997,0.00022099035,0.9997726,0.36546078
94,2,0.9475613,0.00054865074,4.8744227e-05,9.420948e-05,0.000109433946,0.00034878546,0.00023719997,0.00022099035,0.9997726,0.36546078
94,3,0.808819,0.0005263953,6.4534266e-05,0.00019117176,0.00013037884,0.0005409956,0.00025535896,0.00034120586,0.9995004,0.35415983
94,4,0.9475613,0.00054865074,4.8744227e-05,9.420948e-05,0.000109433946,0.00034878546,0.00023719997,0.00022099035,0.9997726,0.36546078
94,5,0.9490767,0.0005233034,5.680008e-05,0.00011477774,0.00011471164,0.00033659127,0.0002549505,0.00022760886,0.99974173,0.35159042
94,6,0.9490767,0.0005233034,5.680008e-05,0.00011477774,0.00011471164,0.00033659127,0.0002549505,0.00022760886,0.99974173,0.35163584
94,7,0.8400716,0.00047419433,6.308621e-05,0.00019044365,0.00012806752,0.00042717002,0.00025019178,0.00035988705,0.9995047,0.36373648
94,8,0.9490767,0.0005233034,5.680008e-05,0.00011477774,0.00011471164,0.00033659127,0.0002549505,0.00022760886,0.99974173,0.35180935
95,0,0.9381135,0.00059793144,7.5711956e-05,0.00017388187,0.0001277191,0.00045570455,0.00045240924,0.021896943,0.9992242,0.37598756
95,1,0.94612724,0.00060961774,7.5138065e-05,0.00018061275,0.00012715466,0.00048210242,0.00045429534,0.022096332,0.99920505,0.3789499
95,2,0.9381135,0.00059793144,7.5711956e-05,0.00017388187,0.0001277191,0.00045570455,0.00045240924,0.021896943,0.9992242,0.3761315
95,3,0.95367724,0.0006529587,6.483393e-05,0.00026673282,0.00013029993,0.00053742185,0.00045807593,0.0063326415,0.99934536,0.37799904
95,4,0.9381135,0.00059793144,7.5711956e-05,0.00017388187,0.0001277191,0.00045570455,0.00045240924,0.021896943,0.9992242,0.376137
95,5,0.94612724,0.00060961774,7.5138065e-05,0.00018061275,0.00012715466,0.00048210242,0.00045429534,0.022096332,0.99920505,0.3789092
95,6,0.9381135,0.00059793144,7.5711956e-05,0.00017388187,0.0001277191,0.00045570455,0.00045240924,0.021896943,0.9992242,0.376137
95,7,0.95914334,0.0006455222,6.8066955e-05,0.00026778597,0.00014016648,0.00054275093,0.0005069753,0.018767212,0.9991792,0.34492168
95,8,0.9381135,0.00059793144,7.5711956e-05,0.00017388187,0.0001277191,0.00045570455,0.00045240924,0.021896943,0.9992242,0.37595665
98,0,0.3303627,0.002287528,0.00025880046,0.00020312134,0.00047781898,0.00015952995,0.0059419083,0.9993179,0.9231373,0.028427193
98,1,0.3303627,0.002287528,0.00025880046,0.00020312134,0.00047781898,0.00015952995,0.0059419083,0.9993179,0.9231373,0.028427193
98,2,0.3303627,0.002287528,0.00025880046,0.00020312134,0.00047781898,0.00015952995,0.0059419083,0.9993179,0.9231373,0.028427193
98,3,0.3303627,0.002287528,0.00025880046,0.00020312134,0.00047781898,0.00015952995,0.0059419083,0.9993179,0.9231373,0.028427193
98,4,0.3303627,0.002287528,0.00025880046,0.00020312134,0.00047781898,0.00015952995,0.0059419083,0.9993179,0.9231373,0.028452823
98,5,0.3303627,0.002287528,0.00025880046,0.00020312134,0.00047781898,0.00015952995,0.0059419083,0.9993179,0.9231373,0.028455177
98,6,0.3303627,0.002287528,0.00025880046,0.00020312134,0.00047781898,0.00015952995,0.0059419083,0.9993179,0.9231373,0.028455177
98,7,0.3303627,0.002287528,0.00025880046,0.00020312134,0.00047781898,0.00015952995,0.0059419083,0.9993179,0.9231373,0.028455177
98,8,0.3303627,0.002287528,0.00025880046,0.00020312134,0.00047781898,0.00015952995,0.0059419083,0.9993179,0.9231373,0.028455177
99,0,0.94998425,0.00030008002,5.4739096e-05,0.000104432685,5.223573e-05,0.00039202234,0.0003484466,0.005276183,0.9997174,0.3437018
99,1,0.94998425,0.00030008002,5.4739096e-05,0.000104432685,5.223573e-05,0.00039202234,0.0003484466,0.005276183,0.9997174,0.3437018
99,2,0.94998425,0.00030008002,5.4739096e-05,0.000104432685,5.223573e-05,0.00039202234,0.0003484466,0.005276183,0.9997174,0.3437018
99,3,0.94998425,0.00030008002,5.4739096e-05,0.000104432685,5.223573e-05,0.00039202234,0.0003484466,0.005276183,0.9997174,0.3437018
99,4,0.94998425,0.00030008002,5.4739096e-05,0.000104432685,5.223573e-05,0.00039202234,0.0003484466,0.005276183,0.9997174,0.3437018
99,5,0.94998425,0.00030008002,5.4739096e-05,0.000104432685,5.223573e-05,0.00039202234,0.0003484466,0.005276183,0.9997174,0.3437018
99,6,0.94998425,0.00030008002,5.4739096e-05,0.000104432685,5.223573e-05,0.00039202234,0.0003484466,0.005276183,0.9997174,0.3437018
99,7,0.94998425,0.00030008002,5.4739096e-05,0.000104432685,5.223573e-05,0.00039202234,0.0003484466,0.005276183,0.9997174,0.3437018
99,8,0.94998425,0.00030008002,5.4739096e-05,0.000104432685,5.223573e-05,0.00039202234,0.0003484466,0.005276183,0.9997174,0.3437018
100,0,0.71455616,0.00040646983,0.00011494927,9.971281e-05,0.00017109141,0.0001898821,0.0010318446,0.0015659597,0.9994809,0.3327237
100,1,0.72844744,0.00042671783,0.00012365264,0.00018574785,0.00015893781,0.00021172035,0.0009593008,0.002139799,0.9993212,0.3277633
100,2,0.6985604,0.00037564247,0.00012193285,0.00014615661,0.000149916,0.00022147888,0.000952024,0.0014293138,0.99928397,0.32912812
100,3,0.711679,0.00037971366,0.00010918212,0.00017667083,0.00014219126,0.00021869762,0.0008978987,0.001506812,0.9993087,0.32769606
100,4,0.7609039,0.00039623948,0.00010477162,9.8528784e-05,0.00014140313,0.00016608786,0.0009033332,0.0013461912,0.9995633,0.33469573
100,5,0.71455616,0.00040646983,0.00011494927,9.971281e-05,0.00017109141,0.0001898821,0.0010318446,0.0015659597,0.9994809,0.33277598
100,6,0.8646421,0.00046654377,0.00013519965,0.00011791235,0.00018667146,0.00022475363,0.0011830572,0.0010777233,0.9994686,0.33660015
100,7,0.73581713,0.00036465403,0.00010088769,0.00015530783,0.00014250535,0.00020107279,0.00089973403,0.0014665136,0.99933964,0.3303806
100,8,0.7362475,0.00043800464,0.0001271178,0.00020291885,0.00015509222,0.00027155146,0.0011312319,0.0032898556,0.9992644,0.33718243
112,0,0.8400712,0.00087538257,0.0001206294,0.00041843433,0.00015869824,0.00023143803,0.0011990977,0.0067475643,0.9994128,0.3257819
112,1,0.7231671,0.0006964533,0.000100469886,0.00023632233,0.00017674312,0.00012764861,0.0008254462,0.027431207,0.99911803,0.31357297
112,2,0.7231671,0.0006964533,0.000100469886,0.00023632233,0.00017674312,0.00012764861,0.0008254462,0.027431207,0.99911803,0.31357297
112,3,0.70515037,0.0008859223,9.621832e-05,0.0003499712,0.00015707982,0.00017321829,0.0007547426,0.016887903,0.99916303,0.32334885
112,4,0.8492913,0.0007272484,0.000111103254,0.00033320536,0.00015094403,0.0001706266,0.001006848,0.006372777,0.99951303,0.30967554
112,5,0.84417576,0.00074466947,0.00011715683,0.00033264927,0.00015533375,0.00017617324,0.0010418599,0.006797963,0.99947137,0.30512372
112,6,0.7231671,0.0006964533,0.000100469886,0.00023632233,0.00017674312,0.00012764861,0.0008254462,0.027431207,0.99911803,0.31357297
112,7,0.84417576,0.00074466947,0.00011715683,0.00033264927,0.00015533375,0.00017617324,0.0010418599,0.006797963,0.99947137,0.30512372
112,8,0.83868355,0.0009279709,0.00013175447,0.0004307303,0.00016586694,0.00024003722,0.0012700901,0.007849863,0.9993216,0.3244395
115,0,0.80181,0.00053939095,7.797433e-05,8.113087e-05,0.00012704836,0.00011601079,0.00036475383,0.02996612,0.9995951,0.3391774
115,1,0.80181,0.00053939095,7.797433e-05,8.113087e-05,0.00012704836,0.00011601079,0.00036475383,0.02996612,0.9995951,0.33915713
115,2,0.80181,0.00053939095,7.797433e-05,8.113087e-05,0.00012704836,0.00011601079,0.00036475383,0.02996612,0.9995951,0.33915713
115,3,0.80181,0.00053939095,7.797433e-05,8.113087e-05,0.00012704836,0.00011601079,0.00036475383,0.02996612,0.9995951,0.33915713
115,4,0.8077391,0.0005392388,8.384423e-05,9.659698e-05,0.00012172665,0.00012019892,0.00035656572,0.024426904,0.999592,0.33929566
115,5,0.8631776,0.0004949343,8.9033965e-05,0.00010822743,0.0001002624,0.00019626814,0.00043422112,0.0017059734,0.99972934,0.3392196
115,6,0.83023214,0.0005512617,7.772288e-05,8.9766865e-05,0.00012511351,0.00012136735,0.00038829554,0.013768973,0.99962056,0.3375522
115,7,0.82609123,0.0006301396,8.735068e-05,6.0516446e-05,0.00016454325,0.000110046436,0.00037220737,0.01007577,0.99963784,0.33944356
115,8,0.83420223,0.0005556647,7.3847725e-05,0.0002358658,0.00010724357,0.00013428832,0.00030441792,0.016323658,0.9995772,0.33421734
116,0,0.87376046,0.00044549926,8.425307e-05,0.00017534419,0.00012630923,0.00023112445,0.00055592565,0.004039739,0.9993155,0.3888537
116,1,0.8512943,0.0005231849,0.000108574444,0.00021529093,0.00015643696,0.00029986925,0.000558972,0.009619677,0.99916613,0.37345794
116,2,0.869363,0.00051632297,0.000110336645,0.00019934842,0.00017609565,0.00039547472,0.00083331607,0.008551136,0.99892765,0.3597604
116,3,0.772022,0.0006015598,0.000111318106,0.00020301252,0.00015067053,0.00026916177,0.0005015731,0.016510429,0.998909,0.42597556
116,4,0.8621896,0.00050497864,9.86716e-05,0.00017444036,0.00015618402,0.00023795791,0.000740228,0.0054688593,0.99883467,0.35366783
116,5,0.93101615,0.000543715,0.00010443468,0.00014940555,0.00014697165,0.00023815087,0.0002536398,0.0018075679,0.99960464,0.3751881
116,6,0.86318463,0.0005416563,0.00012399624,0.00016230019,0.00015028956,0.0002545995,0.00093630195,0.007395072,0.99920696,0.36307338
116,7,0.93225807,0.0005785727,0.00010996177,0.00015142394,0.0001582576,0.000244257,0.0004312357,0.0026282694,0.9994312,0.38511077
116,8,0.8668702,0.00045639768,8.4952764e-05,0.00015570893,0.00013810178,0.0002079642,0.0005141474,0.004881485,0.9991197,0.35461435
117,0,0.9447178,0.00049533905,7.730348e-05,3.097449e-05,0.00020455604,0.0002021252,0.00044464733,0.0016936846,0.999691,0.36793056
117,1,0.94824845,0.00042755928,6.945213e-05,2.6548027e-05,0.00017397938,0.00017152344,0.00038959607,0.003102036,0.99964654,0.36232552
117,2,0.9447176,0.00049533905,7.730348e-05,3.097449e-05,0.00020455604,0.0002021252,0.00044464733,0.0016936846,0.999691,0.36793056
117,3,0.9447176,0.00049533905,7.730348e-05,3.097449e-05,0.00020455604,0.0002021252,0.00044464733,0.0016936846,0.999691,0.36791596
117,4,0.9447176,0.00049533905,7.730348e-05,3.097449e-05,0.00020455604,0.0002021252,0.00044464733,0.0016936846,0.999691,0.36769125
117,5,0.9447176,0.00049533905,7.730348e-05,3.097449e-05,0.00020455604,0.0002021252,0.00044464733,0.0016936846,0.999691,0.36769125
117,6,0.94688624,0.00044611734,6.648509e-05,3.0280886e-05,0.00017941605,0.00017591525,0.0003883633,0.0021137383,0.9996772,0.3599564
117,7,0.94688624,0.00044611734,6.648509e-05,3.0280886e-05,0.00017941605,0.00017591525,0.0003883633,0.0021137383,0.9996772,0.3599564
117,8,0.9447176,0.00049533905,7.730348e-05,3.097449e-05,0.00020455604,0.0002021252,0.00044464733,0.0016936846,0.999691,0.36769125
118,0,0.83538294,0.00044755405,8.000724e-05,3.3266722e-05,0.00021431992,0.00022605149,0.0005789133,0.00048628854,0.99968433,0.3402176
118,1,0.82584864,0.0004650754,8.6050284e-05,3.5029432e-05,0.0002187633,0.00024226448,0.0005890954,0.00048501688,0.99968493,0.3392646
118,2,0.82584864,0.0004650754,8.6050284e-05,3.5029432e-05,0.0002187633,0.00024226448,0.0005890954,0.00048501688,0.99968493,0.3392646
118,3,0.82584864,0.0004650754,8.6050284e-05,3.5029432e-05,0.0002187633,0.00024226448,0.0005890954,0.00048501688,0.99968493,0.3392646
118,4,0.82584864,0.0004650754,8.6050284e-05,3.5029432e-05,0.0002187633,0.00024226448,0.0005890954,0.00048501688,0.99968493,0.3392646
118,5,0.82584864,0.0004650754,8.6050284e-05,3.5029432e-05,0.0002187633,0.00024226448,0.0005890954,0.00048501688,0.99968493,0.33926117
118,6,0.82584864,0.0004650754,8.6050284e-05,3.5029432e-05,0.0002187633,0.00024226448,0.0005890954,0.00048501688,0.99968493,0.33925068
118,7,0.82584864,0.0004650754,8.6050284e-05,3.5029432e-05,0.0002187633,0.00024226448,0.0005890954,0.00048501688,0.99968493,0.33925068
118,8,0.83538264,0.00044755405,8.000724e-05,3.3266722e-05,0.00021431992,0.00022605149,0.0005789133,0.00048628854,0.99968433,0.34020424
125,0,0.7417305,0.00054188067,8.953313e-05,0.00012363355,0.00013393216,0.00054374686,0.0007443814,5.62537e-05,0.9991321,0.2939632
125,1,0.7417305,0.00054188067,8.953313e-05,0.00012363355,0.00013393216,0.00054374686,0.0007443814,5.62537e-05,0.9991321,0.2939632
125,2,0.7436351,0.0005517101,8.661306e-05,0.00012206839,0.00013575036,0.0005711417,0.00072773546,5.5161192e-05,0.9990891,0.2908829
125,3,0.7417305,0.00054188067,8.953313e-05,0.00012363355,0.00013393216,0.00054374686,0.0007443814,5.62537e-05,0.9991321,0.2939632
125,4,0.7436351,0.0005517101,8.661306e-05,0.00012206839,0.00013575036,0.0005711417,0.00072773546,5.5161192e-05,0.9990891,0.2908829
125,5,0.7436351,0.0005517101,8.661306e-05,0.00012206839,0.00013575036,0.0005711417,0.00072773546,5.5161192e-05,0.9990891,0.2908829
125,6,0.7436351,0.0005517101,8.661306e-05,0.00012206839,0.00013575036,0.0005711417,0.00072773546,5.5161192e-05,0.9990891,0.2908829
125,7,0.7436351,0.0005517101,8.661306e-05,0.00012206839,0.00013575036,0.0005711417,0.00072773546,5.5161192e-05,0.9990891,0.2908829
125,8,0.7436351,0.0005517101,8.661306e-05,0.00012206839,0.00013575036,0.0005711417,0.00072773546,5.5161192e-05,0.9990891,0.2908829
128,0,0.6744253,0.00092935126,5.9534214e-05,9.325845e-05,0.000102660946,0.00023020097,0.00033266642,2.9493318e-05,0.99965596,0.4303113
128,1,0.6744253,0.00092935126,5.9534214e-05,9.325845e-05,0.000102660946,0.00023020097,0.00033266642,2.9493318e-05,0.99965596,0.4303113
128,2,0.6744253,0.00092935126,5.9534214e-05,9.325845e-05,0.000102660946,0.00023020097,0.00033266642,2.9493318e-05,0.99965596,0.4303113
128,3,3.001137e-05,0.8361862,0.9435192,0.002668204,0.98643064,0.00047193698,0.99724066,0.9373421,0.00011439684,0.0031483183
128,4,3.001137e-05,0.8361862,0.9435192,0.002668204,0.98643064,0.00047193698,0.99724066,0.9373421,0.00011439684,0.0031488277
128,5,0.6744253,0.00092935126,5.9534214e-05,9.325845e-05,0.000102660946,0.00023020097,0.00033266642,2.9493318e-05,0.99965596,0.43003783
128,6,0.6744253,0.00092935126,5.9534214e-05,9.325845e-05,0.000102660946,0.00023020097,0.00033266642,2.9493318e-05,0.99965596,0.43003783
128,7,0.6744253,0.00092935126,5.9534214e-05,9.325845e-05,0.000102660946,0.00023020097,0.00033266642,2.9493318e-05,0.99965596,0.43003783
128,8,3.001137e-05,0.8361862,0.9435192,0.002668204,0.98643064,0.00047193698,0.99724066,0.9373421,0.00011439684,0.0031593817
136,0,0.8765571,0.00060683925,0.00020419419,0.00016635857,0.00016731418,0.00021835821,0.0015242302,0.001701171,0.99915516,0.35195848
136,1,0.8765571,0.00060683925,0.00020419419,0.00016635857,0.00016731418,0.00021835821,0.0015242302,0.001701171,0.99915516,0.35195848
136,2,0.8765571,0.00060683925,0.00020419419,0.00016635857,0.00016731418,0.00021835821,0.0015242302,0.001701171,0.99915516,0.35195848
136,3,0.8765571,0.00060683925,0.00020419419,0.00016635857,0.00016731418,0.00021835821,0.0015242302,0.001701171,0.99915516,0.35195848
136,4,0.8765571,0.00060683925,0.00020419419,0.00016635857,0.00016731418,0.00021835821,0.0015242302,0.001701171,0.99915516,0.35195848
136,5,0.8765571,0.00060683925,0.00020419419,0.00016635857,0.00016731418,0.00021835821,0.0015242302,0.001701171,0.99915516,0.35195848
136,6,0.8765571,0.00060683925,0.00020419419,0.00016635857,0.00016731418,0.00021835821,0.0015242302,0.001701171,0.99915516,0.35195848
136,7,0.8765571,0.00060683925,0.00020419419,0.00016635857,0.00016731418,0.00021835821,0.0015242302,0.001701171,0.99915516,0.35195848
136,8,0.8765571,0.00060683925,0.00020419419,0.00016635857,0.00016731418,0.00021835821,0.0015242302,0.001701171,0.99915516,0.35195848
137,0,0.94535273,0.00060988014,0.00033353496,0.00010451836,0.00025988845,0.00044339764,0.0019299339,0.0016144696,0.99931645,0.381644
137,1,0.9709141,0.0004906214,0.00019769631,0.00013579891,0.00018332723,0.0002503287,0.0014999878,0.0012307063,0.9994506,0.37397087
137,2,0.9524541,0.0006805618,0.00036057545,0.00011199003,0.00030468733,0.00048621205,0.002258695,0.0025191803,0.99924856,0.37549695
137,3,0.9690475,0.0005036053,0.00023605074,0.00014644902,0.0001925487,0.00030799105,0.0015606069,0.0010035478,0.9994481,0.38361284
137,4,0.94535273,0.00060988014,0.00033353496,0.00010451836,0.00025988845,0.00044339764,0.0019299339,0.0016144696,0.99931645,0.38155589
137,5,0.9709141,0.0004906214,0.00019769631,0.00013579891,0.00018332723,0.0002503287,0.0014999878,0.0012307063,0.9994506,0.3739891
137,6,0.9690475,0.0005036053,0.00023605074,0.00014644902,0.0001925487,0.00030799105,0.0015606069,0.0010035478,0.9994481,0.38358894
137,7,0.95856524,0.00069248624,0.00034151637,0.00010875525,0.00029031275,0.00052415574,0.002373156,0.002296407,0.9992888,0.3841991
137,8,0.94535273,0.00060988014,0.00033353496,0.00010451836,0.00025988845,0.00044339764,0.0019299339,0.0016144696,0.99931645,0.38186833
138,0,0.8764775,0.00063455984,0.00012432349,0.00023014261,0.00012641706,0.00020116099,0.00042308966,0.0004338066,0.9995055,0.3417126
138,1,0.8768155,0.00053962565,0.000114900715,0.00020838079,0.000120768076,0.00018218845,0.00043853212,0.00056315045,0.9993498,0.34468833
138,2,0.88947994,0.000581285,9.89958e-05,0.00023556511,0.000118389595,0.0002060119,0.00037127995,0.00042000107,0.99952567,0.33999586
138,3,0.8776083,0.0005442527,0.000104087296,0.0002502285,0.00011365129,0.0002190741,0.00037582964,0.0005121581,0.99955326,0.34463635
138,4,0.88519305,0.0006059651,7.0590446e-05,0.00020247858,0.00010414151,0.00017896855,0.00038963676,0.00032707717,0.9996383,0.33803594
138,5,0.90423197,0.00073677493,0.00012394364,8.567029e-05,0.00018879816,0.00021415713,0.00066527486,0.0013708666,0.9996536,0.35521343
138,6,0.9068405,0.0004540196,0.00012991867,0.00023260278,0.0001246259,0.0001889761,0.00047384866,0.00060255907,0.9995664,0.34796572
138,7,0.8896701,0.00054886047,0.0001181639,0.00022832832,0.0001239213,0.00019046181,0.00047864183,0.0004699046,0.9994684,0.34047857
138,8,0.88947994,0.000581285,9.89958e-05,0.00023556511,0.000118389595,0.0002060119,0.00037127995,0.00042000107,0.99952567,0.33998227
129,0,0.69176316,0.00028015033,4.45794e-05,8.1533784e-05,5.9830614e-05,0.00019368851,0.00019886206,1.5516764e-05,0.9996983,0.36280426
129,1,0.69176316,0.00028015033,4.45794e-05,8.1533784e-05,5.9830614e-05,0.00019368851,0.00019886206,1.5516764e-05,0.9996983,0.36280426
129,2,0.69176316,0.00028015033,4.45794e-05,8.1533784e-05,5.9830614e-05,0.00019368851,0.00019886206,1.5516764e-05,0.9996983,0.36280426
129,3,0.69176316,0.00028015033,4.45794e-05,8.1533784e-05,5.9830614e-05,0.00019368851,0.00019886206,1.5516764e-05,0.9996983,0.36280426
129,4,0.69176316,0.00028015033,4.45794e-05,8.1533784e-05,5.9830614e-05,0.00019368851,0.00019886206,1.5516764e-05,0.9996983,0.36280426
129,5,0.69176316,0.00028015033,4.45794e-05,8.1533784e-05,5.9830614e-05,0.00019368851,0.00019886206,1.5516764e-05,0.9996983,0.36280426
129,6,0.69176316,0.00028015033,4.45794e-05,8.1533784e-05,5.9830614e-05,0.00019368851,0.00019886206,1.5516764e-05,0.9996983,0.36280426
129,7,0.69176316,0.00028015033,4.45794e-05,8.1533784e-05,5.9830614e-05,0.00019368851,0.00019886206,1.5516764e-05,0.9996983,0.36280426
129,8,0.69176316,0.00028015033,4.45794e-05,8.1533784e-05,5.9830614e-05,0.00019368851,0.00019886206,1.5516764e-05,0.9996983,0.36280426
145,0,0.4025286,0.00070859015,0.00020725513,7.5115146e-05,0.0004360978,0.0008971214,0.0007023053,0.00011335397,0.99934274,0.33807826
145,1,0.47362283,0.0006984999,0.00019663884,7.044439e-05,0.00035949546,0.0010362304,0.0010695369,9.881689e-05,0.9994529,0.3425269
145,2,0.47362283,0.0006984999,0.00019663884,7.044439e-05,0.00035949546,0.0010362304,0.0010695369,9.881689e-05,0.9994529,0.3425269
145,3,0.47362283,0.0006984999,0.00019663884,7.044439e-05,0.00035949546,0.0010362304,0.0010695369,9.881689e-05,0.9994529,0.3425269
145,4,0.46940538,0.0007152907,0.00020357367,7.1606344e-05,0.00035913443,0.0010755423,0.0011541201,9.606091e-05,0.9994844,0.3374231
145,5,0.46506432,0.000689377,0.00026050268,8.02015e-05,0.00048559907,0.0011619964,0.0012538603,9.934533e-05,0.99936575,0.33676624
145,6,0.4025286,0.00070859015,0.00020725513,7.5115146e-05,0.0004360978,0.0008971214,0.0007023053,0.00011335397,0.99934274,0.33808553
145,7,0.47362283,0.0006984999,0.00019663884,7.044439e-05,0.00035949546,0.0010362304,0.0010695369,9.881689e-05,0.9994529,0.3425269
145,8,0.46506432,0.000689377,0.00026050268,8.02015e-05,0.00048559907,0.0011619964,0.0012538603,9.934533e-05,0.99936575,0.33676624
149,0,0.5124906,0.0009198345,0.00016366511,0.00017581647,0.00021147644,0.0012690017,0.0017475961,0.00019177824,0.9993231,0.24123283
149,1,0.5124906,0.0009198345,0.00016366511,0.00017581647,0.00021147644,0.0012690017,0.0017475961,0.00019177824,0.9993231,0.24123283
149,2,1.856569e-05,0.79918647,0.73208,0.0011171247,0.39313582,9.365396e-05,0.7704432,0.9953643,3.3864708e-05,0.0034610964
149,3,1.856569e-05,0.79918647,0.73208,0.0011171247,0.39313582,9.365396e-05,0.7704432,0.9953643,3.3864708e-05,0.0034610964
149,4,0.4215034,0.0007685742,0.00016279491,0.00039383248,0.0001959245,0.000413647,0.0022464595,0.03521761,0.9979261,0.030417733
149,5,0.57586575,0.0011657048,0.00024039246,0.00021218638,0.00026775533,0.0010638067,0.002482586,0.00043985405,0.99912924,0.17286359
149,6,1.856569e-05,0.79918647,0.73208,0.0011171247,0.39313582,9.365396e-05,0.7704432,0.9953643,3.3864708e-05,0.0034610964
149,7,0.5124906,0.0009198345,0.00016366511,0.00017581647,0.00021147644,0.0012690017,0.0017475961,0.00019177824,0.9993231,0.24115211
149,8,0.5124906,0.0009198345,0.00016366511,0.00017581647,0.00021147644,0.0012690017,0.0017475961,0.00019177824,0.9993231,0.24115211
152,0,0.90049934,0.0007915097,0.00012349522,0.0001151553,0.00018081865,0.0006222617,0.00089392066,0.0027554624,0.9994234,0.3567191
152,1,0.9374833,0.0009721951,0.00013704629,0.00014055193,0.0002208688,0.0006220514,0.0010039734,0.005107784,0.99925953,0.35322082
152,2,0.8524254,0.00064141856,0.00012784546,0.00011654857,0.0001426492,0.0004107949,0.0008429169,0.00255407,0.9992818,0.35137463
152,3,0.90049934,0.0007915097,0.00012349522,0.0001151553,0.00018081865,0.0006222617,0.00089392066,0.0027554624,0.9994234,0.3567191
152,4,0.9374833,0.0009721951,0.00013704629,0.00014055193,0.0002208688,0.0006220514,0.0010039734,0.005107784,0.99925953,0.3532034
152,5,0.871968,0.0006284611,0.0001386381,0.00012109511,0.00015194665,0.00041943716,0.00083138316,0.0024147443,0.99928015,0.35231575
152,6,0.92082053,0.0007525449,0.00013362728,0.00011892523,0.00018710751,0.0005906026,0.0008872941,0.0034847008,0.99930704,0.3497385
152,7,0.8524259,0.00064141856,0.00012784546,0.00011654857,0.0001426492,0.0004107949,0.0008429169,0.00255407,0.9992818,0.3513384
152,8,0.9208207,0.0007525449,0.00013362728,0.00011892523,0.00018710751,0.0005906026,0.0008872941,0.0034847008,0.99930704,0.3497385
159,0,0.80553645,0.0005919284,0.00012890481,0.00019919754,0.00018728011,0.0009844342,0.0010486596,3.3429387e-05,0.9992182,0.33854577
159,1,0.7688907,0.00059973245,0.00012989141,0.00016577951,0.00020414396,0.0010102377,0.0011327442,3.5529065e-05,0.9990079,0.3321667
159,2,0.7688907,0.00059973245,0.00012989141,0.00016577951,0.00020414396,0.0010102377,0.0011327442,3.5529065e-05,0.9990079,0.3321667
159,3,0.7688907,0.00059973245,0.00012989141,0.00016577951,0.00020414396,0.0010102377,0.0011327442,3.5529065e-05,0.9990079,0.3321667
159,4,0.7688907,0.00059973245,0.00012989141,0.00016577951,0.00020414396,0.0010102377,0.0011327442,3.5529065e-05,0.9990079,0.3321667
159,5,0.7688907,0.00059973245,0.00012989141,0.00016577951,0.00020414396,0.0010102377,0.0011327442,3.5529065e-05,0.9990079,0.3321667
159,6,0.76889086,0.00059973245,0.00012989141,0.00016577951,0.00020414396,0.0010102377,0.0011327442,3.5529065e-05,0.9990079,0.33222988
159,7,0.76889086,0.00059973245,0.00012989141,0.00016577951,0.00020414396,0.0010102377,0.0011327442,3.5529065e-05,0.9990079,0.33222988
159,8,0.76889086,0.00059973245,0.00012989141,0.00016577951,0.00020414396,0.0010102377,0.0011327442,3.5529065e-05,0.9990079,0.33222988
168,0,0.7414171,0.00053160544,0.00011438244,7.12262e-05,0.00011680123,0.00015914011,0.0005266166,0.0010521895,0.99964535,0.33381376
168,1,0.7766966,0.0005999317,0.00011291661,5.9186867e-05,0.00015456913,0.00018342253,0.0004930374,0.0013275784,0.99966824,0.33652785
168,2,0.7414171,0.00053160544,0.00011438244,7.12262e-05,0.00011680123,0.00015914011,0.0005266166,0.0010521895,0.99964535,0.33382252
168,3,0.7414171,0.00053160544,0.00011438244,7.12262e-05,0.00011680123,0.00015914011,0.0005266166,0.0010521895,0.99964535,0.33377632
168,4,0.6995041,0.00046982354,0.00011343291,7.071867e-05,0.00010891592,0.00015468385,0.00049614516,0.0013225707,0.9996118,0.33627224
168,5,0.6804616,0.00039293754,6.4764594e-05,0.00011038053,9.362226e-05,0.00018248786,0.0004485195,0.002281444,0.9996538,0.3373194
168,6,0.7666878,0.0005932426,0.00010528922,6.157587e-05,0.00015126808,0.00016774643,0.0005418334,0.001320452,0.9996629,0.33767143
168,7,0.6995044,0.00046982354,0.00011343291,7.071867e-05,0.00010891592,0.00015468385,0.00049614516,0.0013225707,0.9996118,0.33627224
168,8,0.80879384,0.00057669147,8.67899e-05,0.00017659925,0.000114619914,0.00023097024,0.00048566685,0.005650845,0.9996669,0.3364199
169,0,0.82055646,0.00044686047,8.4973515e-05,0.0002291372,0.00011052303,0.00026419552,0.00067364104,0.017623357,0.9992324,0.3463024
169,1,0.87856,0.00040794548,7.303561e-05,0.00014440202,0.000100112586,0.00020119149,0.00058766507,0.011852478,0.99961084,0.35728052
169,2,0.87856,0.00040794548,7.303561e-05,0.00014440202,0.000100112586,0.00020119149,0.00058766507,0.011852478,0.99961084,0.35728052
169,3,0.80767363,0.00045054485,8.0737875e-05,0.0002186305,0.00011135187,0.00024543103,0.00066723913,0.038734738,0.9990688,0.35168305
169,4,0.8223922,0.00043825337,7.601304e-05,0.00021746458,0.00010531794,0.0002601485,0.0006055047,0.019160941,0.99915123,0.34573558
169,5,0.8472884,0.00054981164,0.00016215941,0.00031050717,0.00014271314,0.00024224413,0.0009617736,0.0110651925,0.99891007,0.34287712
169,6,0.8082889,0.000427787,7.618975e-05,0.00022124968,0.00010856108,0.0002597876,0.0006150995,0.023846686,0.99914896,0.3443881
169,7,0.87856,0.00040794548,7.303561e-05,0.00014440202,0.000100112586,0.00020119149,0.00058766507,0.011852478,0.99961084,0.35738656
169,8,0.87856,0.00040794548,7.303561e-05,0.00014440202,0.000100112586,0.00020119149,0.00058766507,0.011852478,0.99961084,0.35738656
173,0,0.33150372,0.002637548,0.0003283613,8.557216e-05,0.00068750116,0.00022054685,0.0025454753,0.9989999,0.928539,0.2529694
173,1,0.3315948,0.0027183727,0.00031805743,8.170042e-05,0.00070596137,0.00016799294,0.002227459,0.9990716,0.9150881,0.22480524
173,2,0.73898315,0.0014324615,0.0002649341,9.148126e-05,0.0004028407,0.00038991153,0.0025126082,0.98767775,0.99852496,0.32884285
173,3,0.33203986,0.0025099972,0.0002802556,7.803071e-05,0.0006650365,0.00016080857,0.0021430026,0.9990729,0.91377,0.24645305
173,4,0.3316935,0.0024573503,0.00030280332,8.086378e-05,0.0006481246,0.00017336881,0.001977137,0.9989182,0.9363397,0.25171342
173,5,0.33213383,0.0023086523,0.00031878756,8.0413396e-05,0.00064648106,0.00016217766,0.002417121,0.99915886,0.93073714,0.19461189
173,6,0.65175915,0.0010150374,0.00015106497,8.3778854e-05,0.00024309699,0.00073420163,0.0011337439,0.00096521684,0.99789375,0.33000952
173,7,0.85347694,0.0011569097,0.0002099025,8.086833e-05,0.0003858416,0.000605916,0.002306966,0.025139628,0.99874973,0.21141702
173,8,0.33278844,0.0021654963,0.000282761,7.762866e-05,0.0006765182,0.00015983995,0.0022310195,0.99907804,0.93980116,0.25876433
186,0,0.92495257,0.0006693371,0.00010029222,0.00012398121,0.0001068945,0.00013617832,0.0006816296,0.0017540131,0.99973756,0.34609273
186,1,0.92495257,0.0006693371,0.00010029222,0.00012398121,0.0001068945,0.00013617832,0.0006816296,0.0017540131,0.99973756,0.34609273
186,2,0.92495257,0.0006693371,0.00010029222,0.00012398121,0.0001068945,0.00013617832,0.0006816296,0.0017540131,0.99973756,0.34609273
186,3,0.92495257,0.0006693371,0.00010029222,0.00012398121,0.0001068945,0.00013617832,0.0006816296,0.0017540131,0.99973756,0.34609273
186,4,0.92495257,0.0006693371,0.00010029222,0.00012398121,0.0001068945,0.00013617832,0.0006816296,0.0017540131,0.99973756,0.34609273
186,5,0.92495257,0.0006693371,0.00010029222,0.00012398121,0.0001068945,0.00013617832,0.0006816296,0.0017540131,0.99973756,0.34609273
186,6,0.92495257,0.0006693371,0.00010029222,0.00012398121,0.0001068945,0.00013617832,0.0006816296,0.0017540131,0.99973756,0.34609273
186,7,0.92495257,0.0006693371,0.00010029222,0.00012398121,0.0001068945,0.00013617832,0.0006816296,0.0017540131,0.99973756,0.34609273
186,8,0.92495257,0.0006693371,0.00010029222,0.00012398121,0.0001068945,0.00013617832,0.0006816296,0.0017540131,0.99973756,0.34609273
189,0,0.97970885,0.0007174942,6.808637e-05,0.00016072855,0.00013088793,0.00027853853,0.00052663515,0.012833218,0.9994363,0.35220352
189,1,0.97970885,0.0007174942,6.808637e-05,0.00016072855,0.00013088793,0.00027853853,0.00052663515,0.012833218,0.9994363,0.35220352
189,2,0.97970885,0.0007174942,6.808637e-05,0.00016072855,0.00013088793,0.00027853853,0.00052663515,0.012833218,0.9994363,0.35220352
189,3,0.97970885,0.0007174942,6.808637e-05,0.00016072855,0.00013088793,0.00027853853,0.00052663515,0.012833218,0.9994363,0.35215256
189,4,0.97970885,0.0007174942,6.808637e-05,0.00016072855,0.00013088793,0.00027853853,0.00052663515,0.012833218,0.9994363,0.35245702
189,5,0.97970885,0.0007174942,6.808637e-05,0.00016072855,0.00013088793,0.00027853853,0.00052663515,0.012833218,0.9994363,0.35245702
189,6,0.97970885,0.0007174942,6.808637e-05,0.00016072855,0.00013088793,0.00027853853,0.00052663515,0.012833218,0.9994363,0.35245702
189,7,0.97970885,0.0007174942,6.808637e-05,0.00016072855,0.00013088793,0.00027853853,0.00052663515,0.012833218,0.9994363,0.35245702
189,8,0.97970885,0.0007174942,6.808637e-05,0.00016072855,0.00013088793,0.00027853853,0.00052663515,0.012833218,0.9994363,0.35245702
192,0,0.677263,0.00063523545,0.00012148858,8.024877e-05,0.00023241433,0.0003613545,0.0011960685,0.016275637,0.9991622,0.33057705
192,1,0.677263,0.00063523545,0.00012148858,8.024877e-05,0.00023241433,0.0003613545,0.0011960685,0.016275637,0.9991622,0.33057705
192,2,0.6657947,0.00042240156,0.00010275889,7.556251e-05,0.0001583062,0.00029995217,0.0009537903,0.0043235836,0.99945873,0.32733634
192,3,0.6657947,0.00042240156,0.00010275889,7.556251e-05,0.0001583062,0.00029995217,0.0009537903,0.0043235836,0.99945873,0.32733634
192,4,0.677263,0.00063523545,0.00012148858,8.024877e-05,0.00023241433,0.0003613545,0.0011960685,0.016275637,0.9991622,0.33057705
192,5,0.677263,0.00063523545,0.00012148858,8.024877e-05,0.00023241433,0.0003613545,0.0011960685,0.016275637,0.9991622,0.33058578
192,6,0.6657947,0.00042240156,0.00010275889,7.556251e-05,0.0001583062,0.00029995217,0.0009537903,0.0043235836,0.99945873,0.32735
192,7,0.677263,0.00063523545,0.00012148858,8.024877e-05,0.00023241433,0.0003613545,0.0011960685,0.016275637,0.9991622,0.33060458
192,8,0.6657942,0.00042240156,0.00010275889,7.556251e-05,0.0001583062,0.00029995217,0.0009537903,0.0043235836,0.99945873,0.32735
194,0,4.2185817e-05,0.101028994,0.7688547,0.017216213,0.7401135,0.0012165479,0.64706,0.2420745,0.00020742195,0.006075094
194,1,4.2185817e-05,0.101028994,0.7688547,0.017216213,0.7401135,0.0012165479,0.64706,0.2420745,0.00020742195,0.0060528
194,2,2.4736284e-05,0.23130043,0.93629587,0.02733872,0.8845109,0.0014172662,0.9635296,0.60029256,0.00013252496,0.005814729
194,3,3.6886162e-05,0.1406823,0.886334,0.023691744,0.82076657,0.0013090083,0.7461709,0.42774534,0.0001493144,0.005455795
194,4,4.2185817e-05,0.101028994,0.7688547,0.017216213,0.7401135,0.0012165479,0.64706,0.2420745,0.00020742195,0.0060528
194,5,4.364015e-05,0.10649749,0.7831088,0.020495575,0.75448436,0.0012759713,0.676461,0.25495043,0.00020992493,0.006366256
194,6,5.7711397e-05,0.110573545,0.83843887,0.019612698,0.7614548,0.0014089851,0.72057116,0.45348907,0.00017703744,0.005849455
194,7,4.218578e-05,0.101028904,0.7688532,0.017216068,0.7401113,0.0012165433,0.64706,0.24207357,0.00020742294,0.006075094
194,8,5.7711397e-05,0.110572055,0.83843696,0.019612582,0.7614541,0.0014089905,0.7205698,0.4534872,0.00017703712,0.00586558
