qid,cand,sig_judge
1471,0,0.9399141794179084
1471,1,0.9149029606609612
1471,2,0.8933120138510054
1471,3,0.9149029606609612
1471,4,0.9046530339189457
1471,5,0.9046530339189457
1471,6,0.9046530339189457
1471,7,0.9046530339189457
1471,8,0.9046530339189457
1472,0,0.8807995941730284
1472,1,0.8807995941730284
1472,2,0.8807995941730284
1472,3,0.8175793532491844
1472,4,0.8175793532491844
1472,5,0.8175793532491844
1472,6,0.8175793532491844
1472,7,0.8175793532491844
1472,8,0.8175793532491844
1473,0,0.10669842017138541
1473,1,0.10669842017138541
1473,2,0.10669842017138541
1473,3,0.03732858556039567
1473,4,0.10669842017138541
1473,5,0.11921075420524514
1473,6,0.11921075420524514
1473,7,0.11921075420524514
1473,8,0.10669842017138541
1476,0,0.43783990593440036
1476,1,0.43783990593440036
1476,2,0.0031726545854549723
1476,3,0.0019267220154669867
1476,4,0.5312181206134826
1476,5,0.43783990593440036
1476,6,0.0019267220154669867
1476,7,0.43783990593440036
1476,8,0.43783990593440036
1479,0,0.622473517243567
1479,1,0.622473517243567
1479,2,0.622473517243567
1479,3,0.7310656856951269
1479,4,0.622473517243567
1479,5,0.622473517243567
1479,6,0.7057935780261884
1479,7,0.622473517243567
1479,8,0.7057935780261884
1480,0,0.6791869200679056
1480,1,0.731070001183246
1480,2,0.5621963267550433
1480,3,0.7057924698731703
1480,4,0.6791877521392155
1480,5,0.6791922558158457
1480,6,0.5926902168763625
1480,7,0.7310655052259408
1480,8,0.7057915048486864
1481,0,0.0013250159646593647
1481,1,0.022977230199886584
1481,2,0.014064230508147993
1481,3,0.03308576975689559
1481,4,0.017986067892269902
1481,5,0.0009110470903108303
1481,6,0.0011695056010184582
1481,7,0.005220072750424601
1481,8,0.02595717975415778
1482,0,0.14805582144910892
1482,1,0.20182562474127133
1482,2,0.5312211516125506
1482,3,0.5312211516125506
1482,4,0.14805582144910892
1482,5,0.14805582144910892
1482,6,0.14805582144910892
1482,7,0.14805305226513435
1482,8,0.1480566324821022
1483,0,0.9706882742559283
1483,1,0.9796678950414803
1483,2,0.9740429936349178
1483,3,0.977022994801673
1483,4,0.9796678950414803
1483,5,0.977022994801673
1483,6,0.977022994801673
1483,7,0.9840938282548026
1483,8,0.977022994801673
1484,0,0.9626734671560632
1484,1,0.9626734671560632
1484,2,0.7057906276591591
1484,3,0.9626734671560632
1484,4,0.9626734671560632
1484,5,0.9626734671560632
1484,6,0.9626734671560632
1484,7,0.9626734671560632
1484,8,0.9626734671560632
1486,0,0.0001584357139173817
1486,1,0.0001584357139173817
1486,2,0.0001584357139173817
1486,3,0.0001584357139173817
1486,4,0.0001088967151872118
1486,5,0.0001088967151872118
1486,6,0.020333262606191935
1486,7,0.0001584357139173817
1486,8,0.025957798815950756
1490,0,0.3208441165072258
1490,1,0.05340682955192375
1490,2,0.8807992058987636
1490,3,0.053408642544858026
1490,4,0.3486634882437624
1490,5,0.4688055068781359
1490,6,0.3486634882437624
1490,7,0.4688055068781359
1490,8,0.3775589160365357
1493,0,0.8670390429123289
1493,1,0.8670390429123289
1493,2,0.8670390429123289
1493,3,0.8670390429123289
1493,4,0.8670390429123289
1493,5,0.8670390429123289
1493,6,0.8670390429123289
1493,7,0.8670390429123289
1493,8,0.8670390429123289
1498,0,0.9706881148613931
1498,1,0.9770229785774388
1498,2,0.9770229785774388
1498,3,0.9770229785774388
1498,4,0.9770229785774388
1498,5,0.9770229785774388
1498,6,0.9770229785774388
1498,7,0.9770229785774388
1498,8,0.9770229785774388
1500,0,0.9890131616851697
1500,1,0.9890131616851697
1500,2,0.9890131616851697
1500,3,0.9890131616851697
1500,4,0.9890131616851697
1500,5,0.9890131616851697
1500,6,0.9890131616851697
1500,7,0.9890131616851697
1500,8,0.9890131616851697
1501,0,0.9953904596881478
1501,1,0.9953904596881478
1501,2,0.9953904596881478
1501,3,0.9953904596881478
1501,4,0.9953904596881478
1501,5,0.9953904596881478
1501,6,0.9953904596881478
1501,7,0.9953904596881478
1501,8,0.9953904596881478
1505,0,0.9626737096720548
1505,1,0.9706881432677261
1505,2,0.9626736549088346
1505,3,0.9626736549088346
1505,4,0.9626736549088346
1505,5,0.9579126080089263
1505,6,0.9740430656195663
1505,7,0.9626736549088346
1505,8,0.9626736549088346
1506,0,0.9796678669656469
1506,1,0.9796678669656469
1506,2,0.9796678669656469
1506,3,0.977022849076731
1506,4,0.9796678669656469
1506,5,0.9796678669656469
1506,6,0.9796678669656469
1506,7,0.977022849076731
1506,8,0.9796678669656469
1507,0,0.8933108120852973
1507,1,0.8670375295555512
1507,2,0.8670375295555512
1507,3,0.8670375295555512
1507,4,0.8808008793816956
1507,5,0.8808008793816956
1507,6,0.8808008793816956
1507,7,0.8670382796057511
1507,8,0.8808008793816956
1509,0,0.9859364786902168
1509,1,0.9859364786902168
1509,2,0.9840937809596617
1509,3,0.9859364786902168
1509,4,0.9840937809596617
1509,5,0.9840937809596617
1509,6,0.9859364786902168
1509,7,0.9840937809596617
1509,8,0.9840937809596617
1514,0,0.8670375305464586
1514,1,0.8670375305464586
1514,2,0.8670375305464586
1514,3,0.8670375305464586
1514,4,0.8670375305464586
1514,5,0.8670375305464586
1514,6,0.8670375305464586
1514,7,0.8354882487461425
1514,8,0.8670375305464586
1515,0,0.37755831327640293
1515,1,0.37755831327640293
1515,2,0.43784020289862
1515,3,0.37755831327640293
1515,4,0.43784020289862
1515,5,0.4073437689755195
1515,6,0.3486528058970023
1515,7,0.3486528058970023
1515,8,0.014064384588590632
1521,0,0.9796679548237638
1521,1,0.979667933298515
1521,2,0.9796679548237638
1521,3,0.979667933298515
1521,4,0.979667933298515
1521,5,0.9796679548237638
1521,6,0.979667933298515
1521,7,0.9796679548237638
1521,8,0.979667933298515
1524,0,0.4378385175456521
1524,1,0.7057943058186348
1524,2,0.7057943058186348
1524,3,0.7057943058186348
1524,4,0.5000113294634857
1524,5,0.7057943058186348
1524,6,0.5000113294634857
1524,7,0.5312266532206172
1524,8,0.4378385175456521
1525,0,0.09535490732754144
1525,1,0.500014651775701
1525,2,0.2689551448176361
1525,3,0.09535490732754144
1525,4,0.2689551448176361
1525,5,0.13297616126252193
1525,6,0.09535490732754144
1525,7,0.09535490732754144
1525,8,0.09535599753422347
1526,0,0.020333608169458308
1526,1,0.0024726052659208163
1526,2,0.14805945380528746
1526,3,0.22271344989392572
1526,4,0.005220275282438958
1526,5,0.20182603736267082
1526,6,0.14805676406210602
1526,7,0.001926723812254271
1526,8,0.005911364761287956
1528,0,0.04742919689124456
1528,1,0.04742919689124456
1528,2,0.04742919689124456
1528,3,0.04742919689124456
1528,4,0.04742919689124456
1528,5,0.04742919689124456
1528,6,0.04742919689124456
1528,7,0.04742919689124456
1528,8,0.04742919689124456
1529,0,0.531222823286351
1529,1,0.531222823286351
1529,2,0.5621870441346014
1529,3,0.4073486964890791
1529,4,0.531222823286351
1529,5,0.531222823286351
1529,6,0.531222823286351
1529,7,0.4073500994579137
1529,8,0.34866173210832624
1531,0,0.731068012053946
1531,1,0.731068012053946
1531,2,0.798191902317884
1531,3,0.731068012053946
1531,4,0.7057892760258104
1531,5,0.7057892760258104
1531,6,0.7981904512613279
1531,7,0.7057892760258104
1531,8,0.7057892760258104
1533,0,0.07586538570763067
1533,1,0.060091875716405764
1533,2,0.1329736441651781
1533,3,0.05340803216770889
1533,4,0.7773041788071138
1533,5,0.1329736441651781
1533,6,0.1329736441651781
1533,7,0.05340803216770889
1533,8,0.1329736441651781
1312,0,0.9626738977106412
1312,1,0.9626738977106412
1312,2,0.9626738977106412
1312,3,0.9626738977106412
1312,4,0.9626738286721245
1312,5,0.9626738286721245
1312,6,0.9669146259692047
1312,7,0.9626738286721245
1312,8,0.9626738286721245
1317,0,0.9324549371921838
1317,1,0.9324549371921838
1317,2,0.9324549371921838
1317,3,0.9241446641614401
1317,4,0.9241446641614401
1317,5,0.9324549371921838
1317,6,0.9324549371921838
1317,7,0.9241446641614401
1317,8,0.9241446641614401
1322,0,0.651373659905541
1322,1,0.651373659905541
1322,2,0.651373659905541
1322,3,0.6513744666541582
1322,4,0.6791902880619448
1322,5,0.7057996343876799
1322,6,0.679194236305521
1322,7,0.7057996343876799
1322,8,0.679194236305521
1323,0,0.08510405874449786
1323,1,0.08510405874449786
1323,2,0.08510405874449786
1323,3,0.08510405874449786
1323,4,0.09535538670122135
1323,5,0.08510405874449786
1323,6,0.042089728965873284
1323,7,0.06755151909036694
1323,8,0.07586320017455256
1331,0,0.9525748846980152
1331,1,0.9525748846980152
1331,2,0.9525748846980152
1331,3,0.9525748846980152
1331,4,0.9669146412958819
1331,5,0.9669146412958819
1331,6,0.9669146412958819
1331,7,0.9669146412958819
1331,8,0.9626739644782845
1334,0,0.867039572941232
1334,1,0.867039572941232
1334,2,0.9669146559920063
1334,3,0.867039572941232
1334,4,0.867039572941232
1334,5,0.9669146559920063
1334,6,0.867039572941232
1334,7,0.867039572941232
1334,8,0.867039572941232
1338,0,0.004070085016450118
1338,1,0.0019267213183025344
1338,2,0.004070096484023514
1338,3,0.0035935629048917373
1338,4,0.0035935761982684674
1338,5,0.00359358098157519
1338,6,0.00359358098157519
1338,7,0.003172659412296013
1338,8,0.04209292498817397
1339,0,0.020332837653014232
1339,1,0.020332837653014232
1339,2,0.020332837653014232
1339,3,0.020332837653014232
1339,4,0.029312829593105206
1339,5,0.020332770438800732
1339,6,0.020332717758844814
1339,7,0.020332837653014232
1339,8,0.02297788318564988
1340,0,0.46880507829159207
1340,1,0.5312177729113451
1340,2,0.4073444508782054
1340,3,0.40734446667785723
1340,4,0.5312177729113451
1340,5,0.5926780082272767
1340,6,0.348653666639897
1340,7,0.3775611706218002
1340,8,0.4073418048531108
1344,0,0.5000138741332142
1344,1,0.562188658385854
1344,2,0.5621898036929717
1344,3,0.4073531804930134
1344,4,0.5621898036929717
1344,5,0.562188658385854
1344,6,0.562188658385854
1344,7,0.4073531804930134
1344,8,0.562188658385854
1346,0,0.9706880560831234
1346,1,0.9706880560831234
1346,2,0.9706880560831234
1346,3,0.9796679696796657
1346,4,0.9796679696796657
1346,5,0.9796679696796657
1346,6,0.9796679696796657
1346,7,0.9796679696796657
1346,8,0.9706880560831234
1350,0,0.006692788525732958
1350,1,0.006692788525732958
1350,2,0.006692788525732958
1350,3,0.006692788525732958
1350,4,0.006692788525732958
1350,5,0.006692788525732958
1350,6,0.006692788525732958
1350,7,0.006692788525732958
1350,8,0.006692788525732958
1351,0,0.9840938717905928
1351,1,0.9859365102836783
1351,2,0.9840938791449261
1351,3,0.9859365102836783
1351,4,0.9859365102836783
1351,5,0.9859365102836783
1351,6,0.9840938791449261
1351,7,0.9859365102836783
1351,8,0.9859365102836783
1352,0,0.9914225906545443
1352,1,0.9978172986676589
1352,2,0.9914225906545443
1352,3,0.9914225906545443
1352,4,0.9914225906545443
1352,5,0.9914225906545443
1352,6,0.9914225906545443
1352,7,0.9914225906545443
1352,8,0.9914225906545443
1356,0,0.03308662512290058
1356,1,0.04208898084850226
1356,2,0.04208898084850226
1356,3,0.03308662512290058
1356,4,0.03308662512290058
1356,5,0.04208898084850226
1356,6,0.03308662512290058
1356,7,0.04208898084850226
1356,8,0.03308662512290058
1357,0,0.16452785272700976
1357,1,0.16452785272700976
1357,2,0.16452785272700976
1357,3,0.16452785272700976
1357,4,0.16452785272700976
1357,5,0.16452785272700976
1357,6,0.16452785272700976
1357,7,0.16452785272700976
1357,8,0.16452785272700976
1359,0,0.1645319952405767
1359,1,0.16453028225644456
1359,2,0.16453028225644456
1359,3,0.24510145578163736
1359,4,0.2227175298546816
1359,5,0.16453028225644456
1359,6,0.10670239116381827
1359,7,0.20182550489132078
1359,8,0.16453028225644456
1361,0,0.9740431306714603
1361,1,0.9770230540814725
1361,2,0.9740431306714603
1361,3,0.9740431306714603
1361,4,0.9740431306714603
1361,5,0.9740431306714603
1361,6,0.9740430199773686
1361,7,0.9706881607723513
1361,8,0.9796678812737786
1362,0,0.9465972790876679
1362,1,0.9706882207716218
1362,2,0.9465972790876679
1362,3,0.9465972790876679
1362,4,0.9465972790876679
1362,5,0.9465972790876679
1362,6,0.9465972790876679
1362,7,0.9626736813000242
1362,8,0.9465976376252236
1368,0,0.974043072250986
1368,1,0.974043072250986
1368,2,0.974043072250986
1368,3,0.974043072250986
1368,4,0.974043072250986
1368,5,0.974043072250986
1368,6,0.974043072250986
1368,7,0.974043072250986
1368,8,0.974043072250986
1371,0,0.8519570723221771
1371,1,0.8519570723221771
1371,2,0.8519570723221771
1371,3,0.9241438552924873
1371,4,0.9241438552924873
1371,5,0.9241438552924873
1371,6,0.9241438552924873
1371,7,0.9241438552924873
1371,8,0.9241438552924873
1375,0,0.9875685036890582
1375,1,0.9875685036890582
1375,2,0.9875685036890582
1375,3,0.9875685036890582
1375,4,0.982014149477804
1375,5,0.982014149477804
1375,6,0.9875685036890582
1375,7,0.982014149477804
1375,8,0.982014149477804
1376,0,0.6224753996160091
1376,1,0.6224753996160091
1376,2,0.5621937673225675
1376,3,0.5621937673225675
1376,4,0.6224753996160091
1376,5,0.6224753996160091
1376,6,0.6224753996160091
1376,7,0.5621937673225675
1376,8,0.5621937673225675
1378,0,0.9324545174329824
1378,1,0.9706885029172878
1378,2,0.9770230326102628
1378,3,0.9525753249635507
1378,4,0.9324547817558473
1378,5,0.9770230326102628
1378,6,0.9324547817558473
1378,7,0.9579132322935106
1378,8,0.9324547817558473
1380,0,0.8670378213339186
1380,1,0.8670378213339186
1380,2,0.8670378213339186
1380,3,0.8670378213339186
1380,4,0.8670378213339186
1380,5,0.8670378213339186
1380,6,0.8670378213339186
1380,7,0.8670378213339186
1380,8,0.8670378213339186
1381,0,0.9706883907181565
1381,1,0.9706883907181565
1381,2,0.9706883907181565
1381,3,0.9706883907181565
1381,4,0.9706883907181565
1381,5,0.9706883907181565
1381,6,0.9706883907181565
1381,7,0.9706883907181565
1381,8,0.9706883907181565
1387,0,0.04743152444001155
1387,1,0.037330386979854184
1387,2,0.037330386979854184
1387,3,0.037330386979854184
1387,4,0.037330386979854184
1387,5,0.037330386979854184
1387,6,0.037330386979854184
1387,7,0.04743152444001155
1387,8,0.04742981866713013
1389,0,0.0006263307154891971
1389,1,0.0007096654923348229
1389,2,0.0006263307154891971
1389,3,0.0007096654923348229
1389,4,0.0003799826770665362
1389,5,0.0003799826770665362
1389,6,0.0007096654923348229
1389,7,0.0003799826770665362
1389,8,0.0003799826770665362
1390,0,0.007577572397328967
1390,1,0.008577946823145204
1390,2,0.012432179480742376
1390,3,0.008577889233640648
1390,4,0.007577572397328967
1390,5,0.007577572397328967
1390,6,0.009708937403114713
1390,7,0.00970897276001143
1390,8,0.009708893137136992
1392,0,0.9465976515728345
1392,1,0.9465976515728345
1392,2,0.9465976515728345
1392,3,0.9465976515728345
1392,4,0.9465976515728345
1392,5,0.9465976515728345
1392,6,0.9465976515728345
1392,7,0.9465976515728345
1392,8,0.9465976515728345
1394,0,0.9859366105987124
1394,1,0.9669148816992724
1394,2,0.9840938731971802
1394,3,0.9669148816992724
1394,4,0.9669148816992724
1394,5,0.9669148816992724
1394,6,0.9840938731971802
1394,7,0.9626739417865247
1394,8,0.9840938427407313
1398,0,0.9525749079790096
1398,1,0.9525749079790096
1398,2,0.9399145453808794
1398,3,0.9399145453808794
1398,4,0.9399145453808794
1398,5,0.9399145453808794
1398,6,0.9525749079790096
1398,7,0.9399145453808794
1398,8,0.9525749079790096
1399,0,0.9525757586717706
1399,1,0.966914595472175
1399,2,0.96691526490122
1399,3,0.9525757586717706
1399,4,0.9525757586717706
1399,5,0.96691526490122
1399,6,0.96691526490122
1399,7,0.96691526490122
1399,8,0.9525757586717706
1401,0,0.8670390150708835
1401,1,0.8670390150708835
1401,2,0.8670390150708835
1401,3,0.8670390150708835
1401,4,0.8670390150708835
1401,5,0.8670390150708835
1401,6,0.8670390150708835
1401,7,0.8670390150708835
1401,8,0.8670390150708835
1403,0,0.43783962708527363
1403,1,0.46880809167471754
1403,2,0.43783962708527363
1403,3,0.43783962708527363
1403,4,0.46880809167471754
1403,5,0.46880809167471754
1403,6,0.46880809167471754
1403,7,0.46880809167471754
1403,8,0.46880809167471754
1404,0,0.9579130510555149
1404,1,0.9579130510555149
1404,2,0.9579130510555149
1404,3,0.9525749754976574
1404,4,0.9579130510555149
1404,5,0.9525749754976574
1404,6,0.9525749754976574
1404,7,0.9579130510555149
1404,8,0.9626737126480881
1405,0,0.9465976964320819
1405,1,0.904653756709694
1405,2,0.9465976964320819
1405,3,0.9465976964320819
1405,4,0.904653756709694
1405,5,0.904653756709694
1405,6,0.893311437301177
1405,7,0.893311437301177
1405,8,0.9525753037952576
1409,0,0.9924228427480979
1409,1,0.9924228427480979
1409,2,0.9924228427480979
1409,3,0.9924228427480979
1409,4,0.9924228427480979
1409,5,0.9924228427480979
1409,6,0.9933072184828206
1409,7,0.9933072184828206
1409,8,0.9902916636617707
1410,0,0.9740431731650412
1410,1,0.9740430664279819
1410,2,0.974043161288361
1410,3,0.9669147949452714
1410,4,0.9740432321154219
1410,5,0.9740432321154219
1410,6,0.9669147949452714
1410,7,0.9669147676394223
1410,8,0.9669147676394223
1411,0,0.9324543131756908
1411,1,0.9324543131756908
1411,2,0.9324543131756908
1411,3,0.9465977977227923
1411,4,0.9324543131756908
1411,5,0.9324543131756908
1411,6,0.9324543131756908
1411,7,0.9324543131756908
1411,8,0.9324543131756908
1422,0,0.025958968623876078
1422,1,0.025958968623876078
1422,2,0.025958968623876078
1422,3,0.025958968623876078
1422,4,0.025958968623876078
1422,5,0.025958968623876078
1422,6,0.025958968623876078
1422,7,0.025958968623876078
1422,8,0.025958968623876078
1426,0,0.7773079630929691
1426,1,0.70579456792607
1426,2,0.7773079630929691
1426,3,0.7773079630929691
1426,4,0.70579456792607
1426,5,0.70579456792607
1426,6,0.7773079630929691
1426,7,0.70579456792607
1426,8,0.7773079630929691
1427,0,0.377555014846681
1427,1,0.377555014846681
1427,2,0.377555014846681
1427,3,0.377555014846681
1427,4,0.377555014846681
1427,5,0.2942294011020955
1427,6,0.2942294011020955
1427,7,0.377555014846681
1427,8,0.3775552539575791
1432,0,0.08510769594119343
1432,1,0.08510769594119343
1432,2,0.07586101406913259
1432,3,0.0420918118437634
1432,4,0.08510769594119343
1432,5,0.0420918118437634
1432,6,0.09535722881434693
1432,7,0.0420918118437634
1432,8,0.09535722881434693
1435,0,0.8933111208069369
1435,1,0.8933119862067137
1435,2,0.8933119862067137
1435,3,0.8933111208069369
1435,4,0.9579131230712993
1435,5,0.8933111208069369
1435,6,0.8933111208069369
1435,7,0.8933111208069369
1435,8,0.9579131230712993
1457,0,0.020334224493706518
1457,1,0.04742974057202167
1457,2,0.020334224493706518
1457,3,0.020334224493706518
1457,4,0.020334224493706518
1457,5,0.020334224493706518
1457,6,0.020334224493706518
1457,7,0.022979395137862697
1457,8,0.04742974057202167
1460,0,0.6513686972631906
1460,1,0.6791922778433133
1460,2,0.6791922778433133
1460,3,0.6791922778433133
1460,4,0.6513686972631906
1460,5,0.6791922778433133
1460,6,0.6513686972631906
1460,7,0.6791922778433133
1460,8,0.6791922778433133
1464,0,0.9626737630770944
1464,1,0.9626737630770944
1464,2,0.9626737630770944
1464,3,0.9626737630770944
1464,4,0.9626737630770944
1464,5,0.9626737630770944
1464,6,0.9626737630770944
1464,7,0.9465980254275219
1464,8,0.9626737630770944
1149,0,0.8519576414296529
1149,1,0.8519576414296529
1149,2,0.8354877392557056
1149,3,0.8354877392557056
1149,4,0.8354874106004098
1149,5,0.8354874106004098
1149,6,0.8354877392557056
1149,7,0.8519579524351437
1149,8,0.8354877392557056
1150,0,0.1824355383124927
1150,1,0.1824355383124927
1150,2,0.1824355383124927
1150,3,0.1824355383124927
1150,4,0.11921394410401522
1150,5,0.16452522578553333
1150,6,0.16452533922294646
1150,7,0.16452533922294646
1150,8,0.16452533922294646
1152,0,0.7549223756645199
1152,1,0.5312220151371502
1152,2,0.7549223756645199
1152,3,0.731067927357685
1152,4,0.5312220151371502
1152,5,0.7310678752741457
1152,6,0.731067927357685
1152,7,0.7981917647662803
1152,8,0.7981917647662803
1153,0,0.053408289286643214
1153,1,0.053408289286643214
1153,2,0.053408289286643214
1153,3,0.053408289286643214
1153,4,0.07586464021841514
1153,5,0.053408289286643214
1153,6,0.07586464021841514
1153,7,0.07586464021841514
1153,8,0.07586464021841514
1155,0,0.5926746151325308
1155,1,0.5926746151325308
1155,2,0.5926746151325308
1155,3,0.5926746151325308
1155,4,0.5926746151325308
1155,5,0.5926746151325308
1155,6,0.5926746151325308
1155,7,0.5926746151325308
1155,8,0.5926746151325308
1156,0,0.3775489714804504
1156,1,0.3775489714804504
1156,2,0.3775489714804504
1156,3,0.3775489714804504
1156,4,0.3775551663536201
1156,5,0.3775551663536201
1156,6,0.3775489714804504
1156,7,0.3775489714804504
1156,8,0.3775489714804504
1157,0,0.8933114670395986
1157,1,0.8933114670395986
1157,2,0.8933114670395986
1157,3,0.8808001587361478
1157,4,0.8808001587361478
1157,5,0.8808001587361478
1157,6,0.8808001587361478
1157,7,0.8808001587361478
1157,8,0.8807997403483223
1162,0,0.0002034261857437697
1162,1,0.9399141959044651
1162,2,0.9399141959044651
1162,3,0.00029595662556427356
1162,4,0.00029595662556427356
1162,5,0.00029595662556427356
1162,6,0.9399141959044651
1162,7,0.9399141959044651
1162,8,0.914902605383366
1164,0,0.43783743550153154
1164,1,0.3208358962034132
1164,2,0.43783743550153154
1164,3,0.4073520307314713
1164,4,0.3208358962034132
1164,5,0.43783743550153154
1164,6,0.3208353407633534
1164,7,0.3208358962034132
1164,8,0.32083680853545077
1166,0,0.007577409603490743
1166,1,0.014064086730096794
1166,2,0.007577409603490743
1166,3,0.007577409603490743
1166,4,0.014064086730096794
1166,5,0.014064086730096794
1166,6,0.007577409603490743
1166,7,0.007577409603490743
1166,8,0.014064086730096794
1168,0,0.029312866704420872
1168,1,0.0373299427728254
1168,2,0.03308825745013121
1168,3,0.0330885700436545
1168,4,0.029312866704420872
1168,5,0.029312866704420872
1168,6,0.03308825745013121
1168,7,0.03308825745013121
1168,8,0.029312866704420872
1169,0,0.03732876001599227
1169,1,0.03732876001599227
1169,2,0.03732876001599227
1169,3,0.03732876001599227
1169,4,0.007577173642385913
1169,5,0.03732876001599227
1169,6,0.007577173642385913
1169,7,0.007577173642385913
1169,8,0.007577173642385913
1171,0,0.8807990730476917
1171,1,0.8807990730476917
1171,2,0.8807990730476917
1171,3,0.8354861908408414
1171,4,0.8519552259161556
1171,5,0.8175778892448601
1171,6,0.8175778892448601
1171,7,0.8519552259161556
1171,8,0.8519552259161556
1175,0,0.24509633703650663
1175,1,0.14805773229133357
1175,2,0.24509633703650663
1175,3,0.14805664890299977
1175,4,0.18243696413403232
1175,5,0.2689542749902491
1175,6,0.2689542749902491
1175,7,0.14805773229133357
1175,8,0.24509349325890065
1179,0,0.5312156161629847
1179,1,0.5312156161629847
1179,2,0.5312156161629847
1179,3,0.5312156161629847
1179,4,0.5312156161629847
1179,5,0.5312156161629847
1179,6,0.5312201423749215
1179,7,0.5312201423749215
1179,8,0.5312156161629847
1185,0,0.0002611895458540755
1185,1,0.00026118945345319567
1185,2,0.16452755885724257
1185,3,0.16452358108807094
1185,4,0.0002959561234558557
1185,5,0.3208318263984822
1185,6,0.32083044220678936
1185,7,0.00037998331667817725
1185,8,0.00026118945345319567
1187,0,0.09535189117166874
1187,1,0.09535189117166874
1187,2,0.09535189117166874
1187,3,0.11920715372909796
1187,4,0.11920715372909796
1187,5,0.9465974270241977
1187,6,0.09535189117166874
1187,7,0.9241429453963386
1187,8,0.09535189117166874
1189,0,0.6224714273532393
1189,1,0.6224714273532393
1189,2,0.6224714273532393
1189,3,0.6224714273532393
1189,4,0.6224714273532393
1189,5,0.6224714273532393
1189,6,0.6224714273532393
1189,7,0.6224727870351277
1189,8,0.5926765975069255
1192,0,0.5312149876794514
1192,1,0.5926711934406665
1192,2,0.5926711934406665
1192,3,0.5926764702843653
1192,4,0.5312149876794514
1192,5,0.5926764702843653
1192,6,0.5926764702843653
1192,7,0.5621811328464806
1192,8,0.5926764702843653
1195,0,0.407344685468744
1195,1,0.4073426539709479
1195,2,0.4073426539709479
1195,3,0.407344685468744
1195,4,0.4073426539709479
1195,5,0.407344685468744
1195,6,0.4073426539709479
1195,7,0.407344685468744
1195,8,0.407344685468744
1198,0,0.9324545016716466
1198,1,0.9324545016716466
1198,2,0.9324545016716466
1198,3,0.9241432244392775
1198,4,0.9241430206897085
1198,5,0.9241432244392775
1198,6,0.9241432244392775
1198,7,0.9241430206897085
1198,8,0.9241432244392775
1201,0,0.7549217970167875
1201,1,0.7549217970167875
1201,2,0.8354882840868108
1201,3,0.7549217970167875
1201,4,0.7057921957183514
1201,5,0.8354882840868108
1201,6,0.7057939256516648
1201,7,0.7057939256516648
1201,8,0.8175778181615014
1205,0,0.18243421255307493
1205,1,0.16452803616283293
1205,2,0.18243421255307493
1205,3,0.18243963120414508
1205,4,0.18243421255307493
1205,5,0.16452803616283293
1205,6,0.18243421255307493
1205,7,0.14806078711121132
1205,8,0.18243421255307493
1208,0,0.8175772482119714
1208,1,0.835485802022504
1208,2,0.8175772482119714
1208,3,0.835485802022504
1208,4,0.8175772482119714
1208,5,0.835485802022504
1208,6,0.8175772482119714
1208,7,0.835485802022504
1208,8,0.835485802022504
1209,0,0.020333468223492975
1209,1,7.889255208056512e-06
1209,2,0.022978906428604944
1209,3,0.020333468223492975
1209,4,7.889255208056512e-06
1209,5,0.020333468223492975
1209,6,1.0129971968378245e-05
1209,7,1.0129971968378245e-05
1209,8,0.020333468223492975
1220,0,0.07586562220292695
1220,1,0.07586562220292695
1220,2,0.07586562220292695
1220,3,0.07586562220292695
1220,4,0.07586562220292695
1220,5,0.07586562220292695
1220,6,0.07586562220292695
1220,7,0.07586562220292695
1220,8,0.07586562220292695
1225,0,0.10669952606315165
1225,1,0.10669952606315165
1225,2,0.10669952606315165
1225,3,0.10669952606315165
1225,4,0.1066988853702498
1225,5,0.1066988853702498
1225,6,0.0851081734859069
1225,7,0.1066988853702498
1225,8,0.00017952710819799336
1227,0,0.2227138051995987
1227,1,0.2689515414583041
1227,2,0.20182872774537583
1227,3,0.2227138051995987
1227,4,0.20182863031916473
1227,5,0.18243933292864192
1227,6,0.14806103991151076
1227,7,0.2689515414583041
1227,8,0.20182863031916473
1229,0,0.6224692109127196
1229,1,0.6224692109127196
1229,2,0.6513607037413234
1229,3,0.6224696829767238
1229,4,0.6513607037413234
1229,5,0.6224696829767238
1229,6,0.6513607037413234
1229,7,0.6513607037413234
1229,8,0.6791840070689104
1231,0,0.06755220526899942
1231,1,0.06755220526899942
1231,2,0.060091173341871834
1231,3,0.06755220526899942
1231,4,0.06755105132863089
1231,5,0.06755105132863089
1231,6,0.060091173341871834
1231,7,0.06755105132863089
1231,8,0.06755105132863089
1232,0,0.46879974685855136
1232,1,0.4378378747152447
1232,2,0.46879974685855136
1232,3,0.4378378747152447
1232,4,0.4378378747152447
1232,5,0.4688054109494707
1232,6,0.4378378747152447
1232,7,0.4688054109494707
1232,8,0.4688054109494707
1235,0,0.24509514676738833
1235,1,0.20181963806819794
1235,2,0.2689535638028726
1235,3,0.24509596349239535
1235,4,0.24509514676738833
1235,5,0.24509596349239535
1235,6,0.24509596349239535
1235,7,0.29422588376324876
1235,8,0.24509596349239535
1238,0,0.40734918075177345
1238,1,0.40734918075177345
1238,2,0.3775558910622935
1238,3,0.3775548831705378
1238,4,0.3775548831705378
1238,5,0.2942274572433244
1238,6,0.3775548831705378
1238,7,0.3775548831705378
1238,8,0.2942296716986188
1239,0,0.047428149312323226
1239,1,0.047428149312323226
1239,2,0.047428149312323226
1239,3,0.047428149312323226
1239,4,0.047428149312323226
1239,5,0.05340768579298652
1239,6,0.053405549224273687
1239,7,0.053405549224273687
1239,8,0.053405549224273687
1241,0,0.11920667558838134
1241,1,0.10669774323813723
1241,2,0.10669774323813723
1241,3,0.07586160122769121
1241,4,0.10669774323813723
1241,5,0.10669774323813723
1241,6,0.10669774323813723
1241,7,0.07586160122769121
1241,8,0.07586160122769121
1242,0,0.8354860088822771
1242,1,0.8354860088822771
1242,2,0.8354860088822771
1242,3,0.8354860088822771
1242,4,0.8354860088822771
1242,5,0.8354860088822771
1242,6,0.8354860088822771
1242,7,0.8354860088822771
1242,8,0.8354860088822771
1243,0,0.01590715611313919
1243,1,0.5312288576882739
1243,2,0.006693125636991388
1243,3,0.14805879035158626
1243,4,0.5312288576882739
1243,5,0.02595935045421981
1243,6,0.010986889829251025
1243,7,0.015906243737168056
1243,8,0.014064176082896068
1247,0,0.7549216972096848
1247,1,0.7549216972096848
1247,2,0.7549216972096848
1247,3,0.7549216972096848
1247,4,0.7549216972096848
1247,5,0.7549216972096848
1247,6,0.7310651835399258
1247,7,0.7310651835399258
1247,8,0.7310651835399258
1251,0,0.4073447596149095
1251,1,0.46880573699286227
1251,2,0.26895020762897814
1251,3,0.4073447596149095
1251,4,0.26895020762897814
1251,5,0.46880573699286227
1251,6,0.40734261320891196
1251,7,0.46880573699286227
1251,8,0.5312184275754351
1252,0,0.3486645398584194
1252,1,0.3486645398584194
1252,2,0.3486645398584194
1252,3,5.1442119625631015e-05
1252,4,0.3486645398584194
1252,5,5.1442119625631015e-05
1252,6,0.0002959554349232168
1252,7,0.3486645398584194
1252,8,0.3486645398584194
1254,0,0.7773030572332621
1254,1,0.7773030572332621
1254,2,0.731066426278488
1254,3,0.7773030572332621
1254,4,0.7057915979516467
1254,5,0.7773030572332621
1254,6,0.7773030572332621
1254,7,0.7773030572332621
1254,8,0.7773030572332621
1255,0,0.0002611894436291965
1255,1,0.0002611894436291965
1255,2,0.0002611894436291965
1255,3,0.0002611894436291965
1255,4,0.0002611894436291965
1255,5,0.0002611894436291965
1255,6,0.0002611894436291965
1255,7,0.0002611894436291965
1255,8,0.0002611894436291965
1256,0,0.2942296014149369
1256,1,0.13297430134594443
1256,2,0.2942296014149369
1256,3,0.2942296014149369
1256,4,0.13297430134594443
1256,5,0.13297430134594443
1256,6,0.13297430134594443
1256,7,0.2942296014149369
1256,8,0.13297430134594443
1257,0,0.5312216952241733
1257,1,0.5312233047285992
1257,2,0.5312277827502451
1257,3,0.5312233047285992
1257,4,0.5312233047285992
1257,5,0.5312233047285992
1257,6,0.5312233047285992
1257,7,0.5312233047285992
1257,8,0.5312233047285992
1265,0,0.22271640886822208
1265,1,0.201828060710294
1265,2,0.201828060710294
1265,3,0.1824385598484515
1265,4,0.2689581816058659
1265,5,0.1824385598484515
1265,6,0.2689581816058659
1265,7,0.2689581816058659
1265,8,0.1824385598484515
1267,0,0.06008871054986857
1267,1,0.06008871054986857
1267,2,0.05340512154261595
1267,3,0.060088391935127945
1267,4,0.05340512154261595
1267,5,0.05340512154261595
1267,6,0.05340512154261595
1267,7,0.05340512154261595
1267,8,0.060088391935127945
1270,0,0.06009051587591622
1270,1,0.06755203814358009
1270,2,0.06009051587591622
1270,3,0.06009051587591622
1270,4,0.06009051587591622
1270,5,0.06755230184469255
1270,6,0.06755230184469255
1270,7,0.04742975339445055
1270,8,0.04742975339445055
1275,0,0.11921034585280407
1275,1,0.16452291669045024
1275,2,0.13297393985792572
1275,3,0.16452291669045024
1275,4,0.09535667643405456
1275,5,0.11921054943228689
1275,6,0.11921054943228689
1275,7,0.11921054943228689
1275,8,0.11921054943228689
1281,0,0.500007024516116
1281,1,0.6513655458632422
1281,2,0.6791888444625461
1281,3,0.6224676849966058
1281,4,0.500007024516116
1281,5,0.6224676849966058
1281,6,0.500007024516116
1281,7,0.500007024516116
1281,8,0.6224676849966058
1302,0,0.8808002462829079
1302,1,0.9046518326752879
1302,2,0.9046518326752879
1302,3,0.8808002462829079
1302,4,0.8808002462829079
1302,5,0.9046518326752879
1302,6,0.8670379526148659
1302,7,0.8670379526148659
1302,8,0.8670379526148659
1025,0,0.8808010830287624
1025,1,0.8808010830287624
1025,2,0.8808010830287624
1025,3,0.8808010830287624
1025,4,0.8808010830287624
1025,5,0.9046522219230846
1025,6,0.9046522219230846
1025,7,0.9046522219230846
1025,8,0.9046522219230846
1028,0,0.5621883203297008
1028,1,0.6224679320552904
1028,2,0.6224679320552904
1028,3,0.6224679320552904
1028,4,0.5621894104077756
1028,5,0.6224679320552904
1028,6,0.6224679320552904
1028,7,0.6224679320552904
1028,8,0.5621894104077756
1029,0,0.09535634912961767
1029,1,0.09535716557008539
1029,2,0.022977095104633753
1029,3,0.020332064253965873
1029,4,0.022977095104633753
1029,5,0.09535716557008539
1029,6,0.029311728514470232
1029,7,0.18244022407911867
1029,8,0.029311728514470232
1030,0,0.8670396718232227
1030,1,0.8519577589266102
1030,2,0.8670396718232227
1030,3,0.8670396718232227
1030,4,0.8670396718232227
1030,5,0.8519577589266102
1030,6,0.8519577589266102
1030,7,0.8519577589266102
1030,8,0.8519577589266102
1031,0,0.08510355521679688
1031,1,0.04742672390815969
1031,2,0.04208870585908702
1031,3,0.04208870585908702
1031,4,0.04742672390815969
1031,5,0.14805869861481766
1031,6,0.05340443261195512
1031,7,0.10670060906156062
1031,8,0.1066997755527283
1032,0,0.9770231846781379
1032,1,0.9770231846781379
1032,2,0.9770231846781379
1032,3,0.9770231846781379
1032,4,0.9770231846781379
1032,5,0.9770231846781379
1032,6,0.9770231846781379
1032,7,0.9770231846781379
1032,8,0.974043131932923
1035,0,0.9924228429769565
1035,1,0.9924228429769565
1035,2,0.9924228429769565
1035,3,0.9924228429769565
1035,4,0.9924228429769565
1035,5,0.9924228429769565
1035,6,0.9924228429769565
1035,7,0.9924228429769565
1035,8,0.9924228429769565
1036,0,0.562185259687238
1036,1,0.5926722294204729
1036,2,0.562185259687238
1036,3,0.5926742522455487
1036,4,0.562185259687238
1036,5,0.5926722294204729
1036,6,0.562185259687238
1036,7,0.5926722294204729
1036,8,0.562185259687238
1037,0,0.02297788849181019
1037,1,0.02297788849181019
1037,2,0.01406426359000669
1037,3,0.012432132187725608
1037,4,0.017987144563657718
1037,5,0.01798714089937642
1037,6,0.0259579202748061
1037,7,0.012432073947299215
1037,8,0.012432073947299215
1039,0,0.7057930935431196
1039,1,0.7057932178275976
1039,2,0.7057913634185066
1039,3,0.6513605552989578
1039,4,0.7057932178275976
1039,5,0.6791850385911103
1039,6,0.7057910129500428
1039,7,0.7057930935431196
1039,8,0.7057930935431196
1040,0,0.3208443649874733
1040,1,0.3208443649874733
1040,2,0.3208443649874733
1040,3,0.3208443649874733
1040,4,0.3208443649874733
1040,5,0.3208443649874733
1040,6,0.3208443649874733
1040,7,0.3208443649874733
1040,8,0.3208443649874733
1042,0,0.8175779094693164
1042,1,0.8175779094693164
1042,2,0.7310642678643609
1042,3,0.8519551084057317
1042,4,0.7057908850452682
1042,5,0.817577688291283
1042,6,0.7057908850452682
1042,7,0.817577688291283
1042,8,0.7057908850452682
1044,0,0.9465973662056921
1044,1,0.9465973662056921
1044,2,0.9465973662056921
1044,3,0.9465973662056921
1044,4,0.9465973662056921
1044,5,0.9465973662056921
1044,6,0.9465973662056921
1044,7,0.9465973662056921
1044,8,0.9465973662056921
1048,0,0.9706880181301755
1048,1,0.9706880181301755
1048,2,0.9706880181301755
1048,3,0.9706880181301755
1048,4,0.9706880181301755
1048,5,0.9706880181301755
1048,6,0.9706880181301755
1048,7,0.9706880181301755
1048,8,0.9706880181301755
1057,0,0.9706882959780885
1057,1,0.9706882959780885
1057,2,0.9706882959780885
1057,3,0.9706882959780885
1057,4,0.9579127240501969
1057,5,0.9626735870910474
1057,6,0.9669146763995479
1057,7,0.9626735870910474
1057,8,0.9669143850484734
1058,0,0.0600920851260649
1058,1,0.0600920851260649
1058,2,0.0600920851260649
1058,3,0.0600920851260649
1058,4,0.060091279342076385
1058,5,0.0007096654056024324
1058,6,0.060091279342076385
1058,7,0.060091279342076385
1058,8,0.000709665598583298
1068,0,0.6224722327438728
1068,1,0.6224731828095764
1068,2,0.6224731828095764
1068,3,0.6224722327438728
1068,4,0.5621919959697516
1068,5,0.5621919959697516
1068,6,0.6224722327438728
1068,7,0.6224722327438728
1068,8,0.6224731828095764
1076,0,0.5621853267985001
1076,1,0.9669142902597444
1076,2,0.9770227733918045
1076,3,0.9770227733918045
1076,4,0.9770227733918045
1076,5,0.5621853267985001
1076,6,0.9770227733918045
1076,7,0.5621853267985001
1076,8,0.5621853267985001
1078,0,0.43783447025571387
1078,1,0.43783447025571387
1078,2,0.43783447025571387
1078,3,0.43783447025571387
1078,4,0.43783447025571387
1078,5,0.43783447025571387
1078,6,0.43783447025571387
1078,7,0.43783447025571387
1078,8,0.43783447025571387
1079,0,0.9940889639645906
1079,1,0.9940889639645906
1079,2,0.9953904804256895
1079,3,0.9953904804256895
1079,4,0.9953904804256895
1079,5,0.9940889639645906
1079,6,0.9953904804256895
1079,7,0.9940889639645906
1079,8,0.9940889639645906
1080,0,0.7773038371405561
1080,1,0.7773038371405561
1080,2,0.5000196681691013
1080,3,0.7773038371405561
1080,4,0.5000196681691013
1080,5,0.9241446218945218
1080,6,0.9241446218945218
1080,7,0.46880114856996385
1080,8,0.8519567952322941
1084,0,0.0003799826649081655
1084,1,0.14806121046535473
1084,2,0.11921618227386344
1084,3,0.14806121046535473
1084,4,0.0003799826649081655
1084,5,0.14806121046535473
1084,6,0.0003799826649081655
1084,7,0.14806121046535473
1084,8,0.0003799826649081655
1088,0,0.9669145659250261
1088,1,0.9669145659250261
1088,2,0.9669145659250261
1088,3,0.9669145659250261
1088,4,0.9669145659250261
1088,5,0.9669145659250261
1088,6,0.970688432394865
1088,7,0.9706882413174527
1088,8,0.9706882413174527
1091,0,0.9525754213024963
1091,1,0.9465983942774945
1091,2,0.9525754213024963
1091,3,0.9525754213024963
1091,4,0.9525754213024963
1091,5,0.9525754213024963
1091,6,0.9525754213024963
1091,7,0.9525754213024963
1091,8,0.9525754213024963
1092,0,0.9525750647459723
1092,1,0.9525750647459723
1092,2,0.9525750647459723
1092,3,0.9525750647459723
1092,4,0.9525750647459723
1092,5,0.9525750647459723
1092,6,0.9525750647459723
1092,7,0.9046528847743568
1092,8,0.9046528847743568
1094,0,0.005911020014756194
1094,1,0.006692816326185092
1094,2,0.5621839698493161
1094,3,0.007577467733328145
1094,4,0.008577386335689878
1094,5,0.005911020014756194
1094,6,0.008577386335689878
1094,7,0.651362238068833
1094,8,0.18243808809290687
1096,0,0.9626741270225957
1096,1,0.9626741270225957
1096,2,0.9579135285036652
1096,3,0.9796681306560078
1096,4,0.9579135285036652
1096,5,0.9770230756188627
1096,6,0.9796681306560078
1096,7,0.9579135285036652
1096,8,0.9579135285036652
1098,0,0.2451041530781274
1098,1,0.2451041530781274
1098,2,0.16452384274716203
1098,3,0.2451041530781274
1098,4,0.11921240647995011
1098,5,0.2451041530781274
1098,6,0.16452384274716203
1098,7,0.16452384274716203
1098,8,0.2451041530781274
1102,0,0.7549226965320543
1102,1,0.7549226965320543
1102,2,0.7549226965320543
1102,3,0.7549226965320543
1102,4,0.7549222205313788
1102,5,0.7549226965320543
1102,6,0.7549222205313788
1102,7,0.7549222205313788
1102,8,0.7549222205313788
1103,0,0.9796679530044219
1103,1,0.9796679530044219
1103,2,0.9796679530044219
1103,3,0.9796679530044219
1103,4,0.9796679530044219
1103,5,0.9796679530044219
1103,6,0.9796679530044219
1103,7,0.9796679279838038
1103,8,0.9796679530044219
1105,0,0.9399144464292488
1105,1,0.9149027874277663
1105,2,0.9324546222001027
1105,3,0.9241431521572209
1105,4,0.9046523498885136
1105,5,0.9241431521572209
1105,6,0.9241431521572209
1105,7,0.9241431521572209
1105,8,0.9324547670113738
1107,0,0.7549224444533562
1107,1,0.7549224444533562
1107,2,0.7549224444533562
1107,3,0.7549224444533562
1107,4,0.7549224444533562
1107,5,0.7549224444533562
1107,6,0.7549224444533562
1107,7,0.7549224444533562
1107,8,0.7549224444533562
1110,0,0.9626737145136544
1110,1,0.9626737145136544
1110,2,0.9626737145136544
1110,3,0.9626737145136544
1110,4,0.9626737145136544
1110,5,0.9626737145136544
1110,6,0.9626737145136544
1110,7,0.9626737145136544
1110,8,0.9626737145136544
1113,0,0.924142908335426
1113,1,0.924142908335426
1113,2,0.924142908335426
1113,3,0.924142908335426
1113,4,0.924142908335426
1113,5,0.924142908335426
1113,6,0.924142908335426
1113,7,0.924142908335426
1113,8,0.9149021972165757
1114,0,0.7981913586225974
1114,1,0.7981913586225974
1114,2,0.7981913586225974
1114,3,0.7981913586225974
1114,4,0.7981913586225974
1114,5,0.7981913586225974
1114,6,0.7057898292754803
1114,7,0.7981913586225974
1114,8,0.7981913586225974
1115,0,0.14805835717066615
1115,1,0.14805835717066615
1115,2,0.14805835717066615
1115,3,0.11920945146008857
1115,4,0.14805835717066615
1115,5,0.14805835717066615
1115,6,0.10669576717385529
1115,7,0.11920832173618169
1115,8,0.18243525536860633
1116,0,0.798192612479154
1116,1,0.798192612479154
1116,2,0.7773053308088378
1116,3,0.7981925424152199
1116,4,0.9525750512448281
1116,5,0.7981915849186156
1116,6,0.8175792184978325
1116,7,0.7981915849186156
1116,8,0.9525747264739676
1122,0,0.5926880038099591
1122,1,0.5926880038099591
1122,2,0.562194766485633
1122,3,0.562194766485633
1122,4,0.5312237108161247
1122,5,0.562194766485633
1122,6,0.5926880038099591
1122,7,0.562194766485633
1122,8,0.562194766485633
1124,0,0.6513633394540951
1124,1,0.6513633394540951
1124,2,0.6513633394540951
1124,3,0.6513633394540951
1124,4,0.6513633394540951
1124,5,0.6513633394540951
1124,6,0.6791853936041302
1124,7,0.6513633394540951
1124,8,0.6513633394540951
1130,0,0.9149025017978013
1130,1,0.9149025017978013
1130,2,0.9149025017978013
1130,3,0.9149025017978013
1130,4,0.8933112931617906
1130,5,0.9149025017978013
1130,6,0.9149025017978013
1130,7,0.9149025017978013
1130,8,0.9149025017978013
1133,0,0.9399148199817177
1133,1,0.9399148199817177
1133,2,0.9399148199817177
1133,3,0.9399148199817177
1133,4,0.9399148199817177
1133,5,0.9399148199817177
1133,6,0.9399148199817177
1133,7,0.9241437192226227
1133,8,0.9241437192226227
1134,0,0.16453220285589484
1134,1,0.16453220285589484
1134,2,0.3486637835327671
1134,3,0.16453220285589484
1134,4,0.3486637835327671
1134,5,0.16453220285589484
1134,6,0.3486637835327671
1134,7,0.32084049690521393
1134,8,0.3486637835327671
1135,0,0.40735502996388134
1135,1,0.40735502996388134
1135,2,0.40735502996388134
1135,3,0.3775608621195409
1135,4,0.4378372715576984
1135,5,0.37755477472296983
1135,6,0.4073561917407275
1135,7,0.437834326451305
1135,8,0.37755477472296983
1136,0,0.16452476432378224
1136,1,0.1824346873682329
1136,2,0.14805597582432656
1136,3,0.14805610117628717
1136,4,0.1824346873682329
1136,5,0.1329707989507144
1136,6,0.16452476432378224
1136,7,0.1824346873682329
1136,8,0.1329707989507144
1139,0,0.9525751891628739
1139,1,0.9525751891628739
1139,2,0.9465975250363773
1139,3,0.9525751891628739
1139,4,0.9579129022337651
1139,5,0.9465975250363773
1139,6,0.9525751891628739
1139,7,0.9525751891628739
1139,8,0.9525751891628739
1141,0,0.8807991788843593
1141,1,0.8807991788843593
1141,2,0.8807991788843593
1141,3,0.8807991788843593
1141,4,0.8807991788843593
1141,5,0.8808003155460042
1141,6,0.8807991788843593
1141,7,0.893311793857307
1141,8,0.8807991788843593
1144,0,0.2689622901754168
1144,1,0.2689602362747759
1144,2,0.2689622901754168
1144,3,0.2689602362747759
1144,4,0.2689622901754168
1144,5,0.2689602362747759
1144,6,0.2689602362747759
1144,7,0.2689622901754168
1144,8,0.2689602362747759
1145,0,0.8808007809509931
1145,1,0.8670384386021184
1145,2,0.8808007809509931
1145,3,0.8670395276630772
1145,4,0.8670395276630772
1145,5,0.8808007809509931
1145,6,0.8670395276630772
1145,7,0.8808007809509931
1145,8,0.8808007809509931
1146,0,0.24510072043528416
1146,1,0.24510072043528416
1146,2,0.24510072043528416
1146,3,0.24510072043528416
1146,4,0.24510072043528416
1146,5,0.24510072043528416
1146,6,0.24510072043528416
1146,7,0.24510072043528416
1146,8,0.24510072043528416
1147,0,0.9890131548753041
1147,1,0.9890131548753041
1147,2,0.9875684673979512
1147,3,0.9875684673979512
1147,4,0.9875684673979512
1147,5,0.9875684673979512
1147,6,0.9875684673979512
1147,7,0.9875684673979512
1147,8,0.9875684683621756
1148,0,0.11921059988682835
1148,1,0.11921059988682835
1148,2,0.13297175332280825
1148,3,0.11921059988682835
1148,4,0.10669720555560161
1148,5,0.07586732973278706
1148,6,0.07586732973278706
1148,7,0.10669736366440798
1148,8,0.07586732973278706
846,0,0.8175783027370565
846,1,0.8175783027370565
846,2,0.8175783027370565
846,3,0.8175783027370565
846,4,0.8175783027370565
846,5,0.8175783027370565
846,6,0.8175783027370565
846,7,0.7981900280497088
846,8,0.7981900280497088
847,0,0.5621951112834622
847,1,0.5621951112834622
847,2,0.5621951112834622
847,3,0.5621951112834622
847,4,0.5621951112834622
847,5,0.5621951112834622
847,6,0.5621951112834622
847,7,0.5621951112834622
847,8,0.5621951112834622
850,0,0.6513703932347213
850,1,0.2942330547998339
850,2,0.2942330547998339
850,3,0.2942330547998339
850,4,0.6513703932347213
850,5,0.6513703932347213
850,6,0.2942330547998339
850,7,0.6513703932347213
850,8,0.6513703932347213
854,0,0.6224748302774931
854,1,0.6224748302774931
854,2,0.6224748302774931
854,3,0.6224748302774931
854,4,0.6224748302774931
854,5,0.6513692245065467
854,6,0.6513692245065467
854,7,0.6513692245065467
854,8,0.6513692245065467
857,0,0.7773062540395722
857,1,0.7773062540395722
857,2,0.7773062540395722
857,3,0.7773062540395722
857,4,0.7773062540395722
857,5,0.7773062540395722
857,6,0.754922300677479
857,7,0.754922300677479
857,8,0.754922300677479
859,0,0.9046522873166181
859,1,0.9399146166405549
859,2,0.9399146166405549
859,3,0.9399146166405549
859,4,0.9399146166405549
859,5,0.9046522873166181
859,6,0.9046522873166181
859,7,0.8933124253158796
859,8,0.9046522873166181
861,0,0.005220071309160406
861,1,0.007577526152605332
861,2,0.007577526152605332
861,3,0.006693114429540858
861,4,0.006693114429540858
861,5,0.006693114429540858
861,6,0.007577526152605332
861,7,0.006693114429540858
861,8,0.006693114429540858
862,0,0.2227171355148059
862,1,0.22271354297224372
862,2,0.2227171355148059
862,3,0.24509720804647436
862,4,0.24509500093971742
862,5,0.2227171355148059
862,6,0.24509500093971742
862,7,0.2227171355148059
862,8,0.24509720804647436
865,0,0.7773053998405832
865,1,0.7773053998405832
865,2,0.7310654029458196
865,3,0.7549213602302809
865,4,0.7773053998405832
865,5,0.7310654029458196
865,6,0.7549204410418966
865,7,0.7549204410418966
865,8,0.73106825567354
866,0,0.11921017832482246
866,1,0.09535549807588009
866,2,0.07586904019256681
866,3,0.16452595620777455
866,4,0.06009504718910735
866,5,0.11921017832482246
866,6,0.10670395944521871
866,7,0.18243961615363935
866,8,0.10670395944521871
868,0,0.7310664557483729
868,1,0.7310664557483729
868,2,0.7310664557483729
868,3,0.7310664557483729
868,4,0.7310664557483729
868,5,0.7310664557483729
868,6,0.7310664557483729
868,7,0.7310664557483729
868,8,0.7310664557483729
869,0,0.10670093595796691
869,1,0.20182799852399969
869,2,0.20182799852399969
869,3,0.20182799852399969
869,4,0.10670093595796691
869,5,0.20182799852399969
869,6,0.20182799852399969
869,7,0.20182799852399969
869,8,0.20182799852399969
872,0,0.009708381950811616
872,1,0.006693112666758363
872,2,0.015907189225347913
872,3,0.010987423139708442
872,4,0.014064142459470574
872,5,0.014064142459470574
872,6,0.010987483727950364
872,7,0.014064142459470574
872,8,0.010987483727950364
875,0,0.1824405600846629
875,1,0.1824405600846629
875,2,0.1824405600846629
875,3,0.1824405600846629
875,4,0.1824405600846629
875,5,0.1824405600846629
875,6,0.2227170012427702
875,7,0.18243809920254014
875,8,0.1824405600846629
877,0,0.29423502353594966
877,1,0.2689520895337396
877,2,0.24509514707269053
877,3,0.2689532335418981
877,4,0.2689530849118807
877,5,0.24509514707269053
877,6,0.2689625284478727
877,7,0.2689530849118807
877,8,0.2689625284478727
879,0,0.1645228837175024
879,1,0.1645228837175024
879,2,0.1480572884565718
879,3,0.16452222533234487
879,4,0.1480572884565718
879,5,0.1480572884565718
879,6,0.1645228837175024
879,7,0.1645228837175024
879,8,0.1645228837175024
880,0,0.025957143773300266
880,1,0.01098688775188449
880,2,0.025957169867185038
880,3,0.010986887467749298
880,4,0.025957169867185038
880,5,0.03732779520881591
880,6,0.020332237975622624
880,7,0.042088382520515256
880,8,0.022977223254847513
881,0,1.892509650037517e-05
881,1,3.120186167245331e-05
881,2,1.892509650037517e-05
881,3,3.120181728012317e-05
881,4,3.120186167245331e-05
881,5,1.8925106571964465e-05
881,6,1.892509650037517e-05
881,7,2.7535604783210253e-05
881,8,1.892509650037517e-05
884,0,0.26895552425211916
884,1,0.7310643035274286
884,2,0.26895552425211916
884,3,6.605205437709478e-05
884,4,0.24510176244646675
884,5,8.481095499348481e-05
884,6,0.7310651709705518
884,7,0.26895552425211916
884,8,0.7310651709705518
892,0,0.7773079064815492
892,1,0.7773079064815492
892,2,0.5621910391697573
892,3,0.5621910391697573
892,4,0.5926839421376126
892,5,0.777305063246944
892,6,0.5926839421376126
892,7,0.5926839421376126
892,8,0.5926839421376126
894,0,0.880799645686179
894,1,0.8354874590883142
894,2,0.8519568424713242
894,3,0.8519568424713242
894,4,0.8519568424713242
894,5,0.8808003826240808
894,6,0.8354874590883142
894,7,0.8519568424713242
894,8,0.8670387066676386
895,0,0.6791840852398933
895,1,0.6791840852398933
895,2,0.6791840852398933
895,3,0.6791840852398933
895,4,0.6791840852398933
895,5,0.6513627714974456
895,6,0.6224661341351895
895,7,0.6791840852398933
895,8,0.6791849782513067
896,0,0.08510450681734655
896,1,0.08510450681734655
896,2,0.08510450681734655
896,3,0.08510450681734655
896,4,0.08510450681734655
896,5,0.08510450681734655
896,6,0.08510450681734655
896,7,0.08510450681734655
896,8,0.08510450681734655
897,0,0.005220325204993453
897,1,0.005911303462706914
897,2,0.005911303462706914
897,3,0.005911303462706914
897,4,0.004070097213854791
897,5,0.004070097213854791
897,6,0.00407009713809383
897,7,0.00407009713809383
897,8,0.00407009713809383
898,0,0.43784263237464455
898,1,0.37755849329653324
898,2,0.37755849329653324
898,3,0.37755849329653324
898,4,0.43784352436428614
898,5,0.37755849329653324
898,6,0.37755849329653324
898,7,0.43784352436428614
898,8,0.43784352436428614
901,0,0.9149029659340671
901,1,0.9149029659340671
901,2,0.9149029659340671
901,3,0.9149029659340671
901,4,0.9149029659340671
901,5,0.9149029659340671
901,6,0.9149029659340671
901,7,0.9149029659340671
901,8,0.8933130096066063
902,0,0.14805893790208519
902,1,0.14805893790208519
902,2,0.14805893790208519
902,3,0.14805893790208519
902,4,0.14805893790208519
902,5,0.14805893790208519
902,6,0.14805893790208519
902,7,0.14805893790208519
902,8,0.14805893790208519
904,0,0.09535353486962185
904,1,0.09535353486962185
904,2,0.08510739166188933
904,3,0.09535353486962185
904,4,0.08510639969957899
904,5,0.09535353486962185
904,6,0.09535353486962185
904,7,0.09535353486962185
904,8,0.09535353486962185
906,0,0.7310639205124184
906,1,0.7310639205124184
906,2,0.7310639205124184
906,3,0.7310639205124184
906,4,0.7057917027477455
906,5,0.6513649669778865
906,6,0.6513649669778865
906,7,0.7310639205124184
906,8,0.6513679257927463
909,0,0.2227122525838391
909,1,0.20182298738114854
909,2,0.24509603582020598
909,3,0.20182298738114854
909,4,0.24509603582020598
909,5,0.20182298738114854
909,6,0.24509603582020598
909,7,0.20182298738114854
909,8,0.24509603582020598
910,0,0.9975273912209179
910,1,0.9971990937789089
910,2,0.9975273912209179
910,3,0.9964064270050452
910,4,0.9971990912726206
910,5,0.9964064270050452
910,6,0.9975273912209179
910,7,0.9964064270050452
910,8,0.9975273912209179
912,0,0.9947799206501848
912,1,0.9933072238610127
912,2,0.9947799206501848
912,3,0.9933072238610127
912,4,0.9947799206501848
912,5,0.9933072238610127
912,6,0.9947799206501848
912,7,0.9933072238610127
912,8,0.9933072238610127
915,0,0.40734881407914614
915,1,0.40734881407914614
915,2,0.40734881407914614
915,3,0.40734881407914614
915,4,0.5926768516161977
915,5,0.5926768516161977
915,6,0.40734881407914614
915,7,0.6224699080642794
915,8,0.4688056840932179
928,0,0.9740429713022787
928,1,0.9706880287329797
928,2,0.9706880287329797
928,3,0.9740429713022787
928,4,0.9706880287329797
928,5,0.9706880287329797
928,6,0.9740429713022787
928,7,0.9770228940382454
928,8,0.9770228940382454
930,0,0.2689690937632549
930,1,0.3208363039427733
930,2,0.3208363039427733
930,3,0.3208363039427733
930,4,0.3208363039427733
930,5,0.3208363039427733
930,6,0.3208363039427733
930,7,0.2689690937632549
930,8,0.2689690937632549
931,0,0.40734599781059627
931,1,0.4073445175776528
931,2,0.4073445175776528
931,3,0.40734599781059627
931,4,0.40734599781059627
931,5,0.40734599781059627
931,6,0.37755436776526735
931,7,0.40734599781059627
931,8,0.40734599781059627
933,0,0.8519570916455605
933,1,0.8175772731397866
933,2,0.8354871231476255
933,3,0.8670383547864795
933,4,0.8354882007503235
933,5,0.8354882007503235
933,6,0.851956936251581
933,7,0.7773072355705493
933,8,0.851956936251581
937,0,0.10670459784448273
937,1,0.10670459784448273
937,2,0.10670459784448273
937,3,0.10670459784448273
937,4,0.10670459784448273
937,5,0.10670459784448273
937,6,0.10670459784448273
937,7,0.10670459784448273
937,8,0.10670459784448273
940,0,0.02595697994059643
940,1,0.13297150537570396
940,2,0.13297150537570396
940,3,0.1329762738756066
940,4,0.13297150537570396
940,5,0.13297150537570396
940,6,0.13297150537570396
940,7,0.13297064188291152
940,8,0.1329762738756066
944,0,0.0003799818911487944
944,1,0.00020342563264297807
944,2,0.07586029424553645
944,3,0.0003353478626195453
944,4,0.0003799823381669865
944,5,0.009708417653706265
944,6,0.0004878540143540386
944,7,0.000626325298586978
944,8,0.05340288690332406
945,0,0.9046524609825386
945,1,0.8933112857615998
945,2,0.8933112857615998
945,3,0.8933112857615998
945,4,0.8933112857615998
945,5,0.8933112857615998
945,6,0.8933112857615998
945,7,0.8933112857615998
945,8,0.8933112857615998
948,0,0.407347522284028
948,1,0.37756676342940765
948,2,0.407347522284028
948,3,0.377567569766584
948,4,0.37757016738890226
948,5,0.377567569766584
948,6,0.3775637122321647
948,7,0.3775637122321647
948,8,0.43785105107156386
950,0,0.4378414328174232
950,1,0.4378414328174232
950,2,0.4378414328174232
950,3,0.4378414328174232
950,4,0.4378441805152413
950,5,0.4378441805152413
950,6,0.4378441805152413
950,7,0.4378441805152413
950,8,0.4378441805152413
951,0,0.0035935719207407066
951,1,0.02931494958129636
951,2,0.009708812148207771
951,3,0.004070097971705738
951,4,0.0035935836913339957
951,5,0.02931494958129636
951,6,0.0035935836913339957
951,7,0.007577197110923542
951,8,0.006692733989147145
954,0,8.481082435728297e-05
954,1,0.00015843548582200316
954,2,8.481082435728297e-05
954,3,5.829105232941297e-05
954,4,6.605198943463165e-05
954,5,9.610213026025367e-05
954,6,8.481082435728297e-05
954,7,7.484601623053025e-05
954,8,5.829109806810361e-05
955,0,0.0003799815927841025
955,1,0.0005527731136164925
955,2,0.0007096629543835986
955,3,0.0003799816060647991
955,4,0.0005527746411853393
955,5,0.0007096637577033424
955,6,0.0003353474068292121
955,7,0.0003799813255344682
955,8,0.0007096629543835986
959,0,0.5926796542232224
959,1,0.24509258668608738
959,2,0.4378436459972037
959,3,0.4378436459972037
959,4,0.4378436459972037
959,5,0.3775583354542359
959,6,0.4378436459972037
959,7,0.4378436459972037
959,8,0.4378436459972037
960,0,0.2942247228919056
960,1,0.2942247228919056
960,2,0.2942247228919056
960,3,0.2942247228919056
960,4,0.2942247228919056
960,5,0.18243346536251842
960,6,0.2942247228919056
960,7,0.18243362056991586
960,8,0.3208313581895301
962,0,0.34866983117273875
962,1,0.34866983117273875
962,2,0.34866983117273875
962,3,0.34866983117273875
962,4,0.34866983117273875
962,5,0.34866983117273875
962,6,0.2942385481826276
962,7,0.3775608345837356
962,8,0.3775608345837356
963,0,0.06755255115040383
963,1,0.2451046144226084
963,2,0.06009205687634507
963,3,0.2451046144226084
963,4,0.06009205687634507
963,5,0.06755255115040383
963,6,0.06755255115040383
963,7,0.24510171454749455
963,8,0.24510171454749455
964,0,0.500008459255749
964,1,0.4688110599003893
964,2,0.4688110599003893
964,3,0.5312278069196291
964,4,0.5000110049067875
964,5,0.4688110599003893
964,6,0.4688110599003893
964,7,0.5000110049067875
964,8,0.500008459255749
967,0,0.5926782990123057
967,1,0.5926782990123057
967,2,0.5926781679630109
967,3,0.5926782990123057
967,4,0.5926782990123057
967,5,0.5926782990123057
967,6,0.5926782990123057
967,7,0.5926782990123057
967,8,0.5621900798713015
971,0,0.2942405678393106
971,1,0.2942405678393106
971,2,0.2942405678393106
971,3,0.2942405678393106
971,4,0.2942405678393106
971,5,0.2942405678393106
971,6,0.2942405678393106
971,7,0.37756689291284834
971,8,0.2942405678393106
972,0,0.04209079670847967
972,1,0.020333559885229145
972,2,0.020333559885229145
972,3,0.020333559885229145
972,4,0.020333559885229145
972,5,0.020333559885229145
972,6,0.04209079670847967
972,7,0.04209079670847967
972,8,0.04209079670847967
977,0,0.40735173991944434
977,1,0.40735173991944434
977,2,0.40735173991944434
977,3,0.2689527763283883
977,4,0.22271108927248542
977,5,0.40735173991944434
977,6,0.24510211091001816
977,7,0.40735173991944434
977,8,0.40735145928340993
978,0,0.6513651069101686
978,1,0.6513651069101686
978,2,0.6513651069101686
978,3,0.6513651069101686
978,4,0.6513651069101686
978,5,0.6513651069101686
978,6,0.6513651069101686
978,7,0.6513651069101686
978,8,0.6513651069101686
981,0,0.1329738645525854
981,1,0.14805778841404238
981,2,0.1329738645525854
981,3,0.1824319509205912
981,4,0.164527322480028
981,5,0.24509169351346038
981,6,0.14805952874226144
981,7,0.20181927608878075
981,8,0.13297034152742354
988,0,0.16453358642726623
988,1,0.40734869873589485
988,2,0.5000160158767132
988,3,0.5000160158767132
988,4,0.4378369090994034
988,5,0.16453358642726623
988,6,0.5312216647195885
988,7,0.43783615133041204
988,8,0.5000099594913419
989,0,0.7773086690710876
989,1,0.7773086690710876
989,2,0.7310690768981589
989,3,0.7549243879403417
989,4,0.7549243879403417
989,5,0.7549243879403417
989,6,0.7310690768981589
989,7,0.7549243879403417
989,8,0.8175817122644536
990,0,0.025960045462501934
990,1,0.025960045462501934
990,2,0.04743048306534684
990,3,0.0017007072265350376
990,4,0.047430763089970476
990,5,0.04743048306534684
990,6,0.08510767003187852
990,7,0.0031726483216407736
990,8,0.047430763089970476
717,0,0.9953904555934304
717,1,0.9953904555934304
717,2,0.9940889734616023
717,3,0.9940889734616023
717,4,0.9940889734616023
717,5,0.9940889734616023
717,6,0.9940889734616023
717,7,0.9940889734616023
717,8,0.9940889734616023
994,0,0.004070096160220226
994,1,0.008577417085839619
994,2,0.004070096160220226
994,3,0.004070096160220226
994,4,0.005220088425230659
994,5,0.004070096160220226
994,6,0.004070096160220226
994,7,0.008577417085839619
994,8,0.008577417085839619
1001,0,0.1329760275043382
1001,1,0.13297766350305318
1001,2,0.13297766350305318
1001,3,0.13297766350305318
1001,4,0.13297766350305318
1001,5,0.14806062200017747
1001,6,0.14806040039384544
1001,7,0.13297845660062219
1001,8,0.13297845660062219
1002,0,0.1192067602530132
1002,1,0.08510601909972552
1002,2,0.08510601909972552
1002,3,0.1192067602530132
1002,4,0.08510601909972552
1002,5,0.1329756068290567
1002,6,0.1329756068290567
1002,7,0.1329756068290567
1002,8,0.10669887586155248
1003,0,0.37756090357671884
1003,1,0.40735936199875367
1003,2,0.294239414367001
1003,3,0.3208387367421364
1003,4,0.40735936199875367
1003,5,0.3208387367421364
1003,6,0.2942373120348917
1003,7,0.40735936199875367
1003,8,0.40735936199875367
1011,0,0.0330878120835632
1011,1,0.0330878120835632
1011,2,0.0330878120835632
1011,3,0.0330878120835632
1011,4,0.0330878120835632
1011,5,0.0330878120835632
1011,6,0.03733048071382242
1011,7,0.0330878120835632
1011,8,0.0330878120835632
1014,0,0.294236968334937
1014,1,0.22271968078342644
1014,2,0.22271968078342644
1014,3,0.22271904534447257
1014,4,0.22271904534447257
1014,5,0.294236968334937
1014,6,0.22271968078342644
1014,7,0.2227177946589124
1014,8,0.16453043206105183
719,0,0.9796679185176707
719,1,0.9796679185176707
719,2,0.9859365605308275
719,3,0.9796679185176707
719,4,0.9859365605308275
719,5,0.9859365605308275
719,6,0.9859365605308275
719,7,0.9859365605308275
719,8,0.9859365605308275
723,0,0.9465977916074768
723,1,0.9465977916074768
723,2,0.9465977916074768
723,3,0.9465977916074768
723,4,0.9465977916074768
723,5,0.9465977916074768
723,6,0.9669146049231054
723,7,0.9669146049231054
723,8,0.9579134602017069
724,0,0.9914225671982199
724,1,0.9914225671982199
724,2,0.9914225671982199
724,3,0.9914225671982199
724,4,0.9914225671982199
724,5,0.9914225671982199
724,6,0.9914225671982199
724,7,0.9914225671982199
724,8,0.9902915913894893
726,0,0.6791862665378489
726,1,0.7981908304847868
726,2,0.6224693238016119
726,3,0.6224687972479699
726,4,0.6791862665378489
726,5,0.6224693238016119
726,6,0.7981908304847868
726,7,0.6224693238016119
726,8,0.592676667774159
728,0,0.8175777891153653
728,1,0.7773024892738678
728,2,0.8175777891153653
728,3,0.8175782065639698
728,4,0.7981908304833348
728,5,0.8175777891153653
728,6,0.7773024892738678
728,7,0.7773024892738678
728,8,0.8175777891153653
730,0,0.932454051344224
730,1,0.932454051344224
730,2,0.932454051344224
730,3,0.8670375333185519
730,4,0.8670375333185519
730,5,0.932454051344224
730,6,0.932454051344224
730,7,0.924143241093303
730,8,0.8670375333185519
732,0,0.5926826483721253
732,1,0.5926826483721253
732,2,0.5926826483721253
732,3,0.5621916579207439
732,4,0.5926826483721253
732,5,0.468807843396758
732,6,0.5926826483721253
732,7,0.43784440424626
732,8,0.5926826483721253
733,0,0.9579130714191489
733,1,0.9579132045272067
733,2,0.9579132045272067
733,3,0.9579130714191489
733,4,0.9579132045272067
733,5,0.9579130714191489
733,6,0.9579130714191489
733,7,0.9579130714191489
733,8,0.9579130714191489
736,0,0.7773081993814572
736,1,0.7773081993814572
736,2,0.7981934813436176
736,3,0.7981934813436176
736,4,0.7981934813436176
736,5,0.7981934813436176
736,6,0.7981934813436176
736,7,0.7981934813436176
736,8,0.7981934813436176
737,0,0.9669144270835206
737,1,0.9669144270835206
737,2,0.9669144270835206
737,3,0.9669144270835206
737,4,0.9525747617414971
737,5,0.9525747617414971
737,6,0.9525747617414971
737,7,0.9579129213279716
737,8,0.9579129213279716
738,0,0.9924228282788039
738,1,0.9902916112930399
738,2,0.9940889684231929
738,3,0.9902916112930399
738,4,0.9890131454738614
738,5,0.9902916112930399
738,6,0.9890131454738614
738,7,0.9902916112930399
738,8,0.9902916112930399
739,0,0.9924228141971131
739,1,0.9924228141971131
739,2,0.9924228141971131
739,3,0.9924228141971131
739,4,0.9924228141971131
739,5,0.9924228141971131
739,6,0.9924228141971131
739,7,0.9924228141971131
739,8,0.9924228141971131
740,0,0.9820141198062431
740,1,0.9820140705597925
740,2,0.9820140705597925
740,3,0.9820140705597925
740,4,0.9820141805829324
740,5,0.9820141198062431
740,6,0.9820140705597925
740,7,0.9820140705597925
740,8,0.9820140705597925
743,0,0.1480582761300233
743,1,0.13297448732015096
743,2,0.13297215908785592
743,3,0.1329749098062391
743,4,0.03308917794891561
743,5,0.1480582761300233
743,6,0.148058588345184
743,7,0.1480582761300233
743,8,0.02033473623631853
744,0,0.34866166405736404
744,1,0.40734845439109313
744,2,0.34866166405736404
744,3,0.34866166405736404
744,4,0.5000090327381927
744,5,0.5621905234276634
744,6,0.4378364535714626
744,7,0.4073504482467052
744,8,0.4073504482467052
745,0,0.8933121387154257
745,1,0.8933121387154257
745,2,0.9149028872872088
745,3,0.9149028872872088
745,4,0.9149028872872088
745,5,0.9149028872872088
745,6,0.9149028872872088
745,7,0.9149028872872088
745,8,0.9149027321484371
747,0,0.10669969511506577
747,1,0.0953603196237186
747,2,0.0953603196237186
747,3,0.0953603196237186
747,4,0.0953603196237186
747,5,0.0953603196237186
747,6,0.0953603196237186
747,7,0.10669969511506577
747,8,0.0953603196237186
750,0,0.9978172960567709
750,1,0.9978172998893936
750,2,0.9978172998893936
750,3,0.9978172998893936
750,4,0.9978172998893936
750,5,0.9978172998893936
750,6,0.9978172998893936
750,7,0.9978172998893936
750,8,0.9978172998893936
751,0,0.9324550885530185
751,1,0.9324550885530185
751,2,0.9324550885530185
751,3,0.9324550885530185
751,4,0.9324550885530185
751,5,0.9324550885530185
751,6,0.9324550885530185
751,7,0.9324550885530185
751,8,0.9324550885530185
753,0,0.5621876020226784
753,1,0.6224668489668557
753,2,0.5621876020226784
753,3,0.6224668489668557
753,4,0.5621876020226784
753,5,0.6224668489668557
753,6,0.6224668489668557
753,7,0.6224668489668557
753,8,0.6224668489668557
758,0,0.0059109522989024
758,1,0.0059109522989024
758,2,0.02931157742740807
758,3,0.0059109522989024
758,4,0.02931157742740807
758,5,0.020333812303580095
758,6,0.006692771881598317
758,7,0.006692771881598317
758,8,0.006692771881598317
760,0,0.2942360515033066
760,1,0.26895765389478515
760,2,0.26895765389478515
760,3,0.2942360515033066
760,4,0.26895765389478515
760,5,0.26896436795599177
760,6,0.26896436795599177
760,7,0.2689603230120492
760,8,0.2689563775283354
761,0,0.047430347998107324
761,1,0.047430347998107324
761,2,0.04742924654972138
761,3,0.04742924654972138
761,4,0.04742924654972138
761,5,0.04742924654972138
761,6,0.04742924654972138
761,7,0.04742924654972138
761,8,0.04742924654972138
764,0,0.9975273928452787
764,1,0.9975273928452787
764,2,0.9975273928452787
764,3,0.9975273928452787
764,4,0.9975273928452787
764,5,0.9975273928452787
764,6,0.9975273928452787
764,7,0.9975273928452787
764,8,0.9975273928452787
765,0,0.9964064150084719
765,1,0.9964064150084719
765,2,0.9964064150084719
765,3,0.9964064150084719
765,4,0.9940889706686548
765,5,0.9940889706686548
765,6,0.9964064150084719
765,7,0.9940889706686548
765,8,0.9964064150084719
766,0,0.5621920625555025
766,1,0.5621920625555025
766,2,0.5621920625555025
766,3,0.5621920625555025
766,4,0.5621920625555025
766,5,0.5621920625555025
766,6,0.5621920625555025
766,7,0.5621920625555025
766,8,0.5621920625555025
769,0,0.8354870054307502
769,1,0.8354870054307502
769,2,0.8354870054307502
769,3,0.8354870054307502
769,4,0.8354870054307502
769,5,0.04742872499211699
769,6,0.04742872499211699
769,7,0.8354870054307502
769,8,0.05340701635382331
772,0,0.8354879512052227
772,1,0.8354879512052227
772,2,0.8354879512052227
772,3,0.8354879512052227
772,4,0.946597758009437
772,5,0.9525747247131984
772,6,0.9669144559097537
772,7,0.957912755882026
772,8,0.9669144559097537
773,0,0.8807994107553956
773,1,0.7549226812547015
773,2,0.8807994107553956
773,3,0.8807994107553956
773,4,0.8807994107553956
773,5,0.7773052558285328
773,6,0.83548613309818
773,7,0.7773052558285328
773,8,0.7773052558285328
775,0,0.29422757892234175
775,1,0.29422757892234175
775,2,0.29422757892234175
775,3,0.29422757892234175
775,4,0.29422757892234175
775,5,0.29422757892234175
775,6,0.3208326089234513
775,7,0.29422757892234175
775,8,0.29422757892234175
779,0,0.9525752317664739
779,1,0.9525752317664739
779,2,0.9525752317664739
779,3,0.9525752317664739
779,4,0.9525752317664739
779,5,0.9525752317664739
779,6,0.9525752317664739
779,7,0.9525752317664739
779,8,0.9525752317664739
781,0,0.996827336605511
781,1,0.996827336605511
781,2,0.9968273348855514
781,3,0.9968273348855514
781,4,0.9968273348855514
781,5,0.9968273348855514
781,6,0.9968273348855514
781,7,0.9968273348855514
781,8,0.9968273348855514
782,0,0.817578730626013
782,1,0.7057932294272838
782,2,0.754922663070298
782,3,0.7057932294272838
782,4,0.754922663070298
782,5,0.817578730626013
782,6,0.754922663070298
782,7,0.754922663070298
782,8,0.817578730626013
785,0,0.9947799066844747
785,1,0.9947799066844747
785,2,0.9947799066844747
785,3,0.9947799066844747
785,4,0.9947799066844747
785,5,0.9947799066844747
785,6,0.9947799066844747
785,7,0.9947799066844747
785,8,0.9933071959149417
786,0,0.9465979554844726
786,1,0.9465979554844726
786,2,0.9465979554844726
786,3,0.9465979554844726
786,4,0.9465979554844726
786,5,0.9465979554844726
786,6,0.9465979554844726
786,7,0.9465979554844726
786,8,0.9465979554844726
788,0,0.43783131234610867
788,1,0.1329744718634749
788,2,0.43783131234610867
788,3,0.06755055645643464
788,4,0.1329744718634749
788,5,0.06008979483708049
788,6,0.43783131234610867
788,7,0.06755055645643464
788,8,0.06008979483708049
790,0,0.14806254685610643
790,1,0.14806254685610643
790,2,0.16452455413728778
790,3,0.14806254685610643
790,4,0.14806254685610643
790,5,0.14806254685610643
790,6,0.16452455413728778
790,7,0.14806254685610643
790,8,0.8519561072715995
791,0,0.9947799219135534
791,1,0.9947799219135534
791,2,0.9947799219135534
791,3,0.9947799219135534
791,4,0.9947799219135534
791,5,0.9947799219135534
791,6,0.9947799219135534
791,7,0.9947799219135534
791,8,0.9947799219135534
792,0,0.9324551002708824
792,1,0.9324551002708824
792,2,0.9324551002708824
792,3,0.9324551002708824
792,4,0.9324551002708824
792,5,0.9324551002708824
792,6,0.9324551002708824
792,7,0.9324551002708824
792,8,0.9324551002708824
794,0,0.9669146280022083
794,1,0.9669146280022083
794,2,0.9669145923509025
794,3,0.9669145923509025
794,4,0.9669145923509025
794,5,0.9669145923509025
794,6,0.9669145923509025
794,7,0.9669145923509025
794,8,0.9669145923509025
796,0,0.9149042979855354
796,1,0.9149042979855354
796,2,0.9149042979855354
796,3,0.9149042979855354
796,4,0.9149042979855354
796,5,0.9149042979855354
796,6,0.9149042979855354
796,7,0.9149042979855354
796,8,0.9241433210565829
797,0,0.6791905795274932
797,1,0.6513678133993551
797,2,0.7981941772498072
797,3,0.6791905795274932
797,4,0.6791905795274932
797,5,0.6791905795274932
797,6,0.6791905795274932
797,7,0.6791905795274932
797,8,0.817580070881924
798,0,0.893311633521075
798,1,0.893311633521075
798,2,0.893311633521075
798,3,0.893311633521075
798,4,0.893311633521075
798,5,0.9046518825891188
798,6,0.893311633521075
798,7,0.893311633521075
798,8,0.9046518825891188
800,0,0.13297724768405556
800,1,0.13297724768405556
800,2,0.03733150218272387
800,3,0.13297724768405556
800,4,0.1192157953022462
800,5,0.03733150218272387
800,6,0.13297724768405556
800,7,0.13297724768405556
800,8,0.13297724768405556
801,0,0.11921239069202313
801,1,0.22271537473643632
801,2,0.11921239069202313
801,3,0.22271537473643632
801,4,0.11921239069202313
801,5,0.11921239069202313
801,6,0.22271537473643632
801,7,0.11921239069202313
801,8,0.11921239069202313
806,0,0.9890131558409249
806,1,0.9890131558409249
806,2,0.9890131558409249
806,3,0.9890131558409249
806,4,0.9890131558409249
806,5,0.9890131558409249
806,6,0.9890131558409249
806,7,0.9890131558409249
806,8,0.9890131558409249
819,0,0.18243493826738208
819,1,0.18243493826738208
819,2,0.20181652680247567
819,3,0.14805265934848863
819,4,0.18243054957557542
819,5,0.16452649551911624
819,6,0.16452578421147016
819,7,0.20181652680247567
819,8,0.16452578421147016
822,0,0.979668031605015
822,1,0.979668031605015
822,2,0.979668031605015
822,3,0.979668031605015
822,4,0.979668031605015
822,5,0.979668031605015
822,6,0.979668031605015
822,7,0.979668031605015
822,8,0.979668031605015
824,0,0.9933072027197953
824,1,0.9933072027197953
824,2,0.9902916466675226
824,3,0.9933072027197953
824,4,0.9933072027197953
824,5,0.9875684743888173
824,6,0.9933072027197953
824,7,0.9902916100763068
824,8,0.9902916466675226
825,0,0.9770229187940684
825,1,0.974042985297915
825,2,0.974042985297915
825,3,0.974042985297915
825,4,0.9770229187940684
825,5,0.9669145658327761
825,6,0.9669145658327761
825,7,0.9669145658327761
825,8,0.974042985297915
829,0,0.32083744353717364
829,1,0.14806073610695414
829,2,0.24509563391962175
829,3,0.13297669295373377
829,4,0.3208390251042606
829,5,0.10670016983321606
829,6,0.32083744353717364
829,7,0.10670016983321606
829,8,0.13297721343187177
531,0,0.6224719661129908
531,1,0.5000196338910724
531,2,0.6224719661129908
531,3,0.6224719661129908
531,4,0.6224719661129908
531,5,0.6224719661129908
531,6,0.6224719661129908
531,7,0.5000196338910724
531,8,0.6513692265630258
532,0,0.9669142650356363
532,1,0.9840937754431481
532,2,0.9840937754431481
532,3,0.9669142650356363
532,4,0.9669142650356363
532,5,0.9669142650356363
532,6,0.9669142650356363
532,7,0.9669142650356363
532,8,0.32083678740352267
533,0,0.9740432765452748
533,1,0.9740432765452748
533,2,0.9740432765452748
533,3,0.9740432765452748
533,4,0.9740432765452748
533,5,0.9740432765452748
533,6,0.9740432765452748
533,7,0.9740432765452748
533,8,0.9740432765452748
539,0,0.9947798979272577
539,1,0.9947798979272577
539,2,0.9947798979272577
539,3,0.9933071925837743
539,4,0.9959298857501638
539,5,0.9933071925837743
539,6,0.9933071925837743
539,7,0.9959298857501638
539,8,0.9959298857501638
537,0,0.9840938266547623
537,1,0.9840938266547623
537,2,0.9840938266547623
537,3,0.9840938266547623
537,4,0.9840938266547623
537,5,0.9840938266547623
537,6,0.9840938266547623
537,7,0.9840938266547623
537,8,0.9840938266547623
544,0,0.20182739625920076
544,1,0.20182739625920076
544,2,0.20182739625920076
544,3,0.20182739625920076
544,4,0.20182739625920076
544,5,0.20182739625920076
544,6,0.20182739625920076
544,7,0.20182739625920076
544,8,0.20182739625920076
547,0,0.9579130993606273
547,1,0.9579130993606273
547,2,0.9579130993606273
547,3,0.9525751621011214
547,4,0.9579130993606273
547,5,0.9579130993606273
547,6,0.9579130993606273
547,7,0.9465978672268622
547,8,0.9399148415192399
549,0,0.9149025818158142
549,1,0.9149025818158142
549,2,0.9324549363140426
549,3,0.9324549363140426
549,4,0.9241432471372331
549,5,0.9241432471372331
549,6,0.9241432471372331
549,7,0.9149025818158142
549,8,0.9241432471372331
555,0,0.9840938212623442
555,1,0.9840938212623442
555,2,0.9840938212623442
555,3,0.9840938212623442
555,4,0.9840938212623442
555,5,0.9840938212623442
555,6,0.9840938212623442
555,7,0.9840938212623442
555,8,0.9840938212623442
557,0,0.6513652274362025
557,1,0.5621893659165074
557,2,0.6791842746937545
557,3,0.5621893659165074
557,4,0.6791842746937545
557,5,0.5621893659165074
557,6,0.6791842746937545
557,7,0.5621893659165074
557,8,0.6791842746937545
563,0,0.8175798017718958
563,1,0.8354884709675154
563,2,0.8519573485234044
563,3,0.8354888010093804
563,4,0.8354888010093804
563,5,0.8354888010093804
563,6,0.8354888010093804
563,7,0.8354888010093804
563,8,0.8354888010093804
565,0,0.5622024871265833
565,1,0.5622024871265833
565,2,0.5622024871265833
565,3,0.5622024871265833
565,4,0.5622024871265833
565,5,0.5312275983588816
565,6,0.5622024871265833
565,7,0.5622024871265833
565,8,0.5312275983588816
567,0,0.974043129933568
567,1,0.974043129933568
567,2,0.974043129933568
567,3,0.974043129933568
567,4,0.974043129933568
567,5,0.970688292815432
567,6,0.974043129933568
567,7,0.974043129933568
567,8,0.9740431210107736
568,0,0.9875685330192113
568,1,0.9890131990814902
568,2,0.9875685330192113
568,3,0.9890131990814902
568,4,0.9890131990814902
568,5,0.9890131990814902
568,6,0.9890131990814902
568,7,0.9890131990814902
568,8,0.9890131990814902
571,0,0.182442036802585
571,1,0.182442036802585
571,2,0.182442036802585
571,3,0.182442036802585
571,4,0.182442036802585
571,5,0.182442036802585
571,6,0.182442036802585
571,7,0.182442036802585
571,8,0.182442036802585
572,0,0.9875684856523369
572,1,0.9875684856523369
572,2,0.9820140358783104
572,3,0.9820140358783104
572,4,0.9875684856523369
572,5,0.9820140358783104
572,6,0.9875684856523369
572,7,0.9820140358783104
572,8,0.9875684856523369
573,0,0.9924228509540246
573,1,0.9924228509540246
573,2,0.9924228509540246
573,3,0.9924228509540246
573,4,0.9914225916982822
573,5,0.9924228509540246
573,6,0.9914225916982822
573,7,0.9914225916982822
573,8,0.9924228509540246
576,0,0.05340906271348965
576,1,0.05340594763140852
576,2,0.05340906271348965
576,3,0.05340594763140852
576,4,0.05340594763140852
576,5,0.053407547374340295
576,6,0.05340594763140852
576,7,0.00970889097034722
576,8,0.0675533420860301
578,0,0.9465976834758056
578,1,0.9465976834758056
578,2,0.9465976834758056
578,3,0.9465976834758056
578,4,0.9525751549680934
578,5,0.9465976834758056
578,6,0.9626734196561099
578,7,0.9525751549680934
578,8,0.9626734196561099
581,0,0.9770229402537899
581,1,0.9706880508364085
581,2,0.9740429624388208
581,3,0.9706880508364085
581,4,0.9770229402537899
581,5,0.9706880508364085
581,6,0.9706880508364085
581,7,0.9706880508364085
581,8,0.9770229402537899
584,0,0.26896464365210676
584,1,0.26896464365210676
584,2,0.26896464365210676
584,3,0.26896464365210676
584,4,0.26896464365210676
584,5,0.26896464365210676
584,6,0.26896464365210676
584,7,0.26896464365210676
584,8,0.26896464365210676
586,0,0.904652311292326
586,1,0.8808016006913107
586,2,0.9046534811061149
586,3,0.9046534811061149
586,4,0.880799390532417
586,5,0.9046534811061149
586,6,0.880799390532417
586,7,0.880799390532417
586,8,0.880799390532417
587,0,1.6701400355417622e-05
587,1,0.00015843586429575759
587,2,1.6701400355417622e-05
587,3,1.4738956475073342e-05
587,4,1.3007114168555646e-05
587,5,0.0002611895056168707
587,6,0.00020342657097305588
587,7,0.00015843586429575759
587,8,0.00015843586429575759
592,0,0.9241434266462383
592,1,0.9241434266462383
592,2,0.9241434266462383
592,3,0.9399145690304612
592,4,0.7310636094205941
592,5,0.7310636094205941
592,6,0.7310636094205941
592,7,0.9241434266462383
592,8,0.9241434266462383
595,0,0.20182655150350123
595,1,0.20182655150350123
595,2,0.20182655150350123
595,3,0.20182655150350123
595,4,0.20182655150350123
595,5,0.20182655150350123
595,6,0.20182655150350123
595,7,0.20182655150350123
595,8,0.20182655150350123
598,0,0.20182407743001077
598,1,0.20182407743001077
598,2,0.20182407743001077
598,3,0.20182407743001077
598,4,0.20182407743001077
598,5,0.20182407743001077
598,6,0.20182407743001077
598,7,0.20182407743001077
598,8,0.20182407743001077
604,0,0.37755128774115837
604,1,0.37755128774115837
604,2,0.3486570020715935
604,3,0.3486570020715935
604,4,0.37755128774115837
604,5,0.3486582739606092
604,6,0.3486582739606092
604,7,0.407343120850245
604,8,0.3775516478973006
629,0,0.8175805161938031
629,1,0.817580963127957
629,2,0.817580963127957
629,3,0.8175805161938031
629,4,0.8175805161938031
629,5,0.8175805161938031
629,6,0.8175805161938031
629,7,0.8175805161938031
629,8,0.8175805161938031
633,0,0.7981932039978421
633,1,0.7981926958388211
633,2,0.7981926958388211
633,3,0.7981926958388211
633,4,0.8354879171142037
633,5,0.8354879171142037
633,6,0.817579840595633
633,7,0.7981926958388211
633,8,0.817579840595633
634,0,0.5000150338027343
634,1,0.5621919712145325
634,2,0.5000150338027343
634,3,0.5000180707005741
634,4,0.5000150338027343
634,5,0.4378433291386181
634,6,0.5000208073387545
634,7,0.5000138788256103
634,8,0.5000150338027343
637,0,0.2689584151597878
637,1,0.3486556003320024
637,2,0.34866711881125795
637,3,0.268956248146692
637,4,0.34866711881125795
637,5,0.3486638113700423
637,6,0.2689575345030502
637,7,0.268956248146692
637,8,0.34866711881125795
639,0,0.8519559620444581
639,1,0.7981918979420439
639,2,0.8519559620444581
639,3,0.7981918979420439
639,4,0.7981918979420439
639,5,0.7981918979420439
639,6,0.8519559620444581
639,7,0.7981918979420439
639,8,0.731065698058502
640,0,0.13297655366850122
640,1,0.16453178052289955
640,2,0.0013250109493029973
640,3,0.0953576415331998
640,4,0.94659757347363
640,5,0.94659757347363
640,6,0.9241430937864801
640,7,0.9241431476955269
640,8,0.0013250109493029973
665,0,0.20182167963942896
665,1,0.20182167963942896
665,2,0.20182167963942896
665,3,0.20182167963942896
665,4,0.20182167963942896
665,5,0.20182167963942896
665,6,0.20182167963942896
665,7,0.20182167963942896
665,8,0.20182167963942896
669,0,0.9770229683351824
669,1,0.9820141363877491
669,2,0.9770229683351824
669,3,0.9770228113842462
669,4,0.9770228113842462
669,5,0.9770228113842462
669,6,0.9770229683351824
669,7,0.9770229683351824
669,8,0.9770228113842462
671,0,0.9626739566418987
671,1,0.9706882558844762
671,2,0.9706882558844762
671,3,0.970688238220367
671,4,0.9626739566418987
671,5,0.970688307933588
671,6,0.9706882558844762
671,7,0.9626739566418987
671,8,0.952574868552286
672,0,0.9399144510942042
672,1,0.9399144510942042
672,2,0.9465974082689479
672,3,0.9399144510942042
672,4,0.9399144510942042
672,5,0.9399144510942042
672,6,0.9399144510942042
672,7,0.9399144510942042
672,8,0.9399144510942042
678,0,0.8354890340804547
678,1,0.835488849628759
678,2,0.835488849628759
678,3,0.8354890340804547
678,4,0.835488849628759
678,5,0.8354890340804547
678,6,0.8354890340804547
678,7,0.835488849628759
678,8,0.7981919631755008
682,0,0.0075771894079713084
682,1,0.0075771894079713084
682,2,0.0075771894079713084
682,3,0.0075771894079713084
682,4,0.0075771894079713084
682,5,0.0075771894079713084
682,6,0.0075771894079713084
682,7,0.0075771894079713084
682,8,0.0075771894079713084
683,0,0.0066928175056478285
683,1,0.0004305560102957063
683,2,0.0066928175056478285
683,3,0.017986104190684922
683,4,0.002472613697616529
683,5,0.002472616314772377
683,6,0.002472616314772377
683,7,0.017986104190684922
683,8,0.002472616314772377
685,0,0.014064084159197522
685,1,0.014064084159197522
685,2,0.014064084159197522
685,3,0.014064084159197522
685,4,0.014064084159197522
685,5,0.014064084159197522
685,6,0.014064084159197522
685,7,0.014064084159197522
685,8,0.014064084159197522
687,0,0.7310680982076208
687,1,0.7057980356535191
687,2,0.7057980356535191
687,3,0.7057980356535191
687,4,0.7310702184189176
687,5,0.7057980356535191
687,6,0.7057980356535191
687,7,0.7057980356535191
687,8,0.7057980356535191
694,0,0.0851028746382232
694,1,0.0851028746382232
694,2,0.0851028746382232
694,3,0.0851028746382232
694,4,0.0851028746382232
694,5,0.0851028746382232
694,6,0.08510332227218426
694,7,0.08510332227218426
694,8,0.08510332227218426
701,0,0.34865476388670097
701,1,0.37755974807697684
701,2,0.37755753244754886
701,3,0.40735178064341676
701,4,0.4073445959372039
701,5,0.4073438088837316
701,6,0.3208316974665346
701,7,0.3486608272353489
701,8,0.4073491061685645
704,0,0.9959298803193638
704,1,0.9953904572175031
704,2,0.9953904572175031
704,3,0.9953904572175031
704,4,0.9953904572175031
704,5,0.9953904572175031
704,6,0.9953904572175031
704,7,0.9953904572175031
704,8,0.9953904572175031
705,0,0.9046519126196564
705,1,0.9046519126196564
705,2,0.9046519126196564
705,3,0.9046519126196564
705,4,0.9046519126196564
705,5,0.9046519126196564
705,6,0.9046519126196564
705,7,0.9046519126196564
705,8,0.9046519126196564
707,0,0.2689560056114476
707,1,0.2689560056114476
707,2,0.2689560056114476
707,3,0.2689560056114476
707,4,0.2689560056114476
707,5,0.2689560056114476
707,6,0.2689560056114476
707,7,0.2689560056114476
707,8,0.2689560056114476
710,0,0.7981934018039447
710,1,0.7981934018039447
710,2,0.7981926001163652
710,3,0.7981922129886835
710,4,0.8808000399850222
710,5,0.7981922129886835
710,6,0.7981922129886835
710,7,0.7981926001163652
710,8,0.8808000399850222
716,0,0.037330224719217396
716,1,0.2942240592133492
716,2,0.2942240592133492
716,3,0.2942240592133492
716,4,0.012432767063726138
716,5,0.029315057853460894
716,6,0.24509570771677455
716,7,0.2689493462275825
716,8,0.2689493462275825
340,0,0.37755627385341345
340,1,0.37755627385341345
340,2,0.5000144920320614
340,3,0.407348659632377
340,4,0.5000167464948081
340,5,0.37755627385341345
340,6,0.5000144920320614
340,7,0.5000167464948081
340,8,0.437838079197295
341,0,0.2018304513301763
341,1,0.18243977774656062
341,2,0.2018304513301763
341,3,0.18243977774656062
341,4,0.18243977774656062
341,5,0.2018304513301763
341,6,0.18243977774656062
341,7,0.2018304513301763
341,8,0.18243977774656062
344,0,0.8519558617238322
344,1,0.8519554647847422
344,2,0.7981910488937316
344,3,0.7981910488937316
344,4,0.7981910488937316
344,5,0.7981910488937316
344,6,0.8519558617238322
344,7,0.7981910488937316
344,8,0.9241434663394642
345,0,0.8175765426796656
345,1,0.8175776956181955
345,2,0.8175765766337839
345,3,0.8175765426796656
345,4,0.8175765426796656
345,5,0.851956148335221
345,6,0.8175765766337839
345,7,0.851956148335221
345,8,0.8175765426796656
346,0,0.7981906681985848
346,1,0.7981906681985848
346,2,0.7981906681985848
346,3,0.835486341651591
346,4,0.835486341651591
346,5,0.835486341651591
346,6,0.835486341651591
346,7,0.8354868865067532
346,8,0.8354868865067532
347,0,0.0758640808161471
347,1,0.1192108341173795
347,2,0.06755279434919226
347,3,0.06755153146532188
347,4,0.07586355255062564
347,5,0.06755279434919226
347,6,0.06009148486563666
347,7,0.1066985003682896
347,8,0.06755153146532188
349,0,0.20182853501812292
349,1,0.40734906344320687
349,2,0.40734906344320687
349,3,0.37756094860927214
349,4,0.20182801618775983
349,5,0.20182801618775983
349,6,0.37756094860927214
349,7,0.37756094860927214
349,8,0.5000155066113239
352,0,0.09535882697462243
352,1,0.09535882697462243
352,2,0.04743076286027896
352,3,0.0675534643920248
352,4,0.09535882697462243
352,5,0.10669966841641834
352,6,0.05340913126563199
352,7,0.0675534643920248
352,8,0.10669966841641834
356,0,0.9465978584957978
356,1,0.9465978584957978
356,2,0.9465978584957978
356,3,0.9465978584957978
356,4,0.9465978584957978
356,5,0.9465978584957978
356,6,0.9465978584957978
356,7,0.9465978584957978
356,8,0.9525752296074051
358,0,0.8808022566693511
358,1,0.8670417368676274
358,2,0.8670417368676274
358,3,0.8670417368676274
358,4,0.8670417368676274
358,5,0.8670417368676274
358,6,0.8670417368676274
358,7,0.8670417368676274
358,8,0.8670417368676274
366,0,0.11920808910561068
366,1,0.16452456669978976
366,2,0.11920808910561068
366,3,0.16452456669978976
366,4,0.24510533640745533
366,5,0.11920808910561068
366,6,0.16452456669978976
366,7,0.24510533640745533
366,8,0.11920808910561068
368,0,0.990291633869232
368,1,0.990291633869232
368,2,0.990291633869232
368,3,0.990291633869232
368,4,0.990291633869232
368,5,0.990291633869232
368,6,0.990291633869232
368,7,0.990291633869232
368,8,0.990291633869232
371,0,0.04742710136148271
371,1,0.04742710136148271
371,2,0.03732946384577196
371,3,0.04742710136148271
371,4,0.03732946384577196
371,5,0.04742710136148271
371,6,0.03732804874116296
371,7,0.029313483126787426
371,8,0.0420888330690753
377,0,0.11920584616106686
377,1,0.201831125421753
377,2,0.2018278306601944
377,3,0.11920584616106686
377,4,0.13296947574190332
377,5,0.10670019226005481
377,6,0.2018278306601944
377,7,0.2018278306601944
377,8,0.06008599768797178
379,0,0.987568477983943
379,1,0.987568477983943
379,2,0.987568477983943
379,3,0.9820140312679901
379,4,0.987568477983943
379,5,0.987568477983943
379,6,0.987568477983943
379,7,0.987568477983943
379,8,0.9820140312679901
383,0,0.9399150503649865
383,1,0.9399150503649865
383,2,0.9399150503649865
383,3,0.9399150503649865
383,4,0.9399150503649865
383,5,0.9399150503649865
383,6,0.9399150503649865
383,7,0.952575041110274
383,8,0.952575041110274
391,0,0.22270888316219398
391,1,0.26895089355847185
391,2,0.26895089355847185
391,3,0.20182244891477955
391,4,0.20182151144203872
391,5,0.26895089355847185
391,6,0.24509574359052566
391,7,0.26895089355847185
391,8,0.24509822163030812
397,0,0.7773060901010169
397,1,0.8670392336836322
397,2,0.7773060901010169
397,3,0.8670392336836322
397,4,0.6513668875996549
397,5,0.7773060901010169
397,6,0.7773060901010169
397,7,0.7773060901010169
397,8,0.7773066861337974
402,0,0.26895906265965913
402,1,0.268958098838523
402,2,0.26895742229747893
402,3,0.22270796642305082
402,4,0.26895742229747893
402,5,0.22270796642305082
402,6,0.26895742229747893
402,7,0.22270796642305082
402,8,0.22270796642305082
405,0,0.2689572539855848
405,1,0.1824368265593597
405,2,0.16453641476655037
405,3,0.1824368265593597
405,4,0.16453641476655037
405,5,0.2689572539855848
405,6,0.2689572539855848
405,7,0.2689572539855848
405,8,0.32083532282733923
407,0,0.095352335097142
407,1,0.095352335097142
407,2,0.095352335097142
407,3,0.095352335097142
407,4,0.095352335097142
407,5,0.095352335097142
407,6,0.095352335097142
407,7,0.095352335097142
407,8,0.095352335097142
408,0,0.5621882792469168
408,1,0.622470217732929
408,2,0.651367856858375
408,3,0.651367856858375
408,4,0.622470823751762
408,5,0.5621882792469168
408,6,0.651367856858375
408,7,0.5621882792469168
408,8,0.5621882792469168
409,0,0.8175788154843666
409,1,0.8175788154843666
409,2,0.8175788154843666
409,3,0.8175788154843666
409,4,0.8175788154843666
409,5,0.8175788154843666
409,6,0.8175788154843666
409,7,0.8175788154843666
409,8,0.8175788154843666
412,0,0.59267736531962
412,1,0.59267736531962
412,2,0.5312219530919973
412,3,0.5926726134735191
412,4,0.5926726134735191
412,5,0.5926726134735191
412,6,0.5926726134735191
412,7,0.5926726134735191
412,8,0.5926726134735191
414,0,0.5000153327648849
414,1,0.5000153327648849
414,2,0.5000153327648849
414,3,0.5000153327648849
414,4,0.5000153327648849
414,5,0.5000153327648849
414,6,0.5000153327648849
414,7,0.5000153327648849
414,8,0.5000153327648849
415,0,0.5926790822871196
415,1,0.5926790822871196
415,2,0.5926790822871196
415,3,0.5926790822871196
415,4,0.5926790822871196
415,5,0.5926790822871196
415,6,0.46880529350625094
415,7,0.5926790822871196
415,8,0.5926790822871196
416,0,0.020334162107981908
416,1,0.020334162107981908
416,2,0.020334162107981908
416,3,0.020334162107981908
416,4,0.017987688557355608
416,5,0.017987688557355608
416,6,0.003593559938840267
416,7,0.003593559938840267
416,8,0.017987688557355608
422,0,0.9579128665434221
422,1,0.9579128665434221
422,2,0.9579128665434221
422,3,0.9579128665434221
422,4,0.9579128665434221
422,5,0.9579128665434221
422,6,0.9579128665434221
422,7,0.9579128665434221
422,8,0.9579128665434221
424,0,0.01098745730349958
424,1,0.020334481381499157
424,2,0.020334481381499157
424,3,0.025959542512760406
424,4,0.01098745730349958
424,5,0.014064285903412578
424,6,0.01098745730349958
424,7,0.025959542512760406
424,8,0.01098745730349958
427,0,0.8175804642033933
427,1,0.8175794737794951
427,2,0.8175794737794951
427,3,0.7981920205356602
427,4,0.8175794737794951
427,5,0.8175804642033933
427,6,0.8175804642033933
427,7,0.8175794737794951
427,8,0.8175794737794951
440,0,0.005911027778139907
440,1,0.004070106810827947
440,2,0.004070106810827947
440,3,0.005911027778139907
440,4,0.004070106810827947
440,5,0.004070106810827947
440,6,0.004070106810827947
440,7,0.004070106810827947
440,8,0.004070106810827947
459,0,0.9399147111670126
459,1,0.9399147111670126
459,2,0.9399147111670126
459,3,0.9399147111670126
459,4,0.9399147111670126
459,5,0.9399147111670126
459,6,0.9399147111670126
459,7,0.9399147111670126
459,8,0.9399147111670126
462,0,0.05340734360611761
462,1,0.05340734360611761
462,2,0.07586454740703283
462,3,0.05340734360611761
462,4,0.05340734360611761
462,5,0.05340734360611761
462,6,0.05340734360611761
462,7,0.05340734360611761
462,8,0.05340734360611761
465,0,0.651366986543498
465,1,0.651366986543498
465,2,0.651366986543498
465,3,0.651366986543498
465,4,0.651366986543498
465,5,0.651366986543498
465,6,0.651366986543498
465,7,0.651366986543498
465,8,0.651366986543498
466,0,0.6791941900318461
466,1,0.6791941900318461
466,2,0.6791941900318461
466,3,0.6791941900318461
466,4,0.6791941900318461
466,5,0.6791941900318461
466,6,0.6791941900318461
466,7,0.6791941900318461
466,8,0.6791941900318461
468,0,0.9859365671717657
468,1,0.9820140154037253
468,2,0.984093866884014
468,3,0.9859365830034685
468,4,0.9875685743029171
468,5,0.9820140154037253
468,6,0.9875685743029171
468,7,0.9875684982693651
468,8,0.9875686088765804
469,0,0.3775494838747358
469,1,0.3775499398248095
469,2,0.3775494838747358
469,3,0.34865344552462213
469,4,0.34865344552462213
469,5,0.3775494838747358
469,6,0.377551853242113
469,7,0.34865344552462213
469,8,0.3775499398248095
472,0,0.867039714110957
472,1,0.8933132478570288
472,2,0.8808008005055452
472,3,0.8519563253019582
472,4,0.8808008005055452
472,5,0.8808008005055452
472,6,0.867039714110957
472,7,0.8808008005055452
472,8,0.867039714110957
473,0,0.26895357474569237
473,1,0.26895357474569237
473,2,0.3486617224332868
473,3,0.26895932564102887
473,4,0.26895357474569237
473,5,0.26895932564102887
473,6,0.3208386416697708
473,7,0.26895357474569237
473,8,0.3208386416697708
474,0,0.8807996824360088
474,1,0.8807996824360088
474,2,0.8807996824360088
474,3,0.8807996824360088
474,4,0.867038923731386
474,5,0.8807996824360088
474,6,0.8807996824360088
474,7,0.867038923731386
474,8,0.8807996824360088
477,0,0.8933112348483025
477,1,0.8933112348483025
477,2,0.8933112348483025
477,3,0.8933112348483025
477,4,0.8933112348483025
477,5,0.8933112348483025
477,6,0.8933112348483025
477,7,0.8933112348483025
477,8,0.8933112348483025
479,0,0.014063571034083514
479,1,0.20182827890095803
479,2,0.014063571034083514
479,3,0.010986899788239324
479,4,0.010986899788239324
479,5,0.010986899788239324
479,6,0.34865678869161804
479,7,0.1824300888957895
479,8,0.1824300888957895
480,0,0.3486640354461632
480,1,0.3486640354461632
480,2,0.3486640354461632
480,3,0.3486640354461632
480,4,0.3486640354461632
480,5,0.3486640354461632
480,6,0.3486640354461632
480,7,0.3486640354461632
480,8,0.3486640354461632
483,0,0.0028009057818006813
483,1,0.003593566368682523
483,2,0.003593572952314467
483,3,0.003593572952314467
483,4,0.0031726535797696447
483,5,0.003172653930990422
483,6,0.003172653930990422
483,7,0.003593572952314467
483,8,0.003593565888732597
484,0,0.43783525587716565
484,1,1.994727673844878e-06
484,2,0.40735001587771646
484,3,0.43783525587716565
484,4,0.5000091367048237
484,5,0.5000091367048237
484,6,0.5000091367048237
484,7,0.5000091367048237
484,8,0.5000091367048237
486,0,0.5926875858674961
486,1,0.5621952708716518
486,2,0.5312254480276046
486,3,0.5621938930572473
486,4,0.5621950685147233
486,5,0.5621950685147233
486,6,0.5621950685147233
486,7,0.5621950685147233
486,8,0.5621950685147233
487,0,0.13297418382363083
487,1,0.13297418382363083
487,2,0.13297418382363083
487,3,0.11921314433060189
487,4,0.13297418382363083
487,5,0.13297418382363083
487,6,0.13297418382363083
487,7,0.13297418382363083
487,8,0.13297418382363083
518,0,0.3486601423855035
518,1,0.06755188702241573
518,2,0.1480555646622177
518,3,0.1480555646622177
518,4,0.1480555646622177
518,5,0.3486601423855035
518,6,0.1480555646622177
518,7,0.3486601423855035
518,8,0.1480555646622177
522,0,0.06755305062736497
522,1,0.06755305062736497
522,2,0.042089304678075694
522,3,0.042089304678075694
522,4,0.042089304678075694
522,5,0.03732843273915349
522,6,0.037326462680672565
522,7,0.06009175378923055
522,8,0.037326462680672565
528,0,0.6513642797122666
528,1,0.6513642797122666
528,2,0.6513642797122666
528,3,0.6513642797122666
528,4,0.6513642797122666
528,5,0.6513642797122666
528,6,0.6513642797122666
528,7,0.5621904722863912
528,8,0.6513642797122666
529,0,0.2942299990418785
529,1,0.2942299990418785
529,2,0.2942299990418785
529,3,0.2942299990418785
529,4,0.294228165088874
529,5,0.2942284668146258
529,6,0.2942284668146258
529,7,0.2942319301772647
529,8,0.2942284668146258
530,0,0.731064250749858
530,1,0.731064250749858
530,2,0.6791834442449374
530,3,0.731064250749858
530,4,0.6224677309065176
530,5,0.731064250749858
530,6,0.6224677309065176
530,7,0.6224684429898518
530,8,0.731064250749858
195,0,0.9324550693359548
195,1,0.9324555470869156
195,2,0.9324555470869156
195,3,0.9324555470869156
195,4,0.9324555470869156
195,5,0.9324555470869156
195,6,0.9324550693359548
195,7,0.9324555470869156
195,8,0.9324555470869156
197,0,0.005911276105236652
197,1,0.01406468719420438
197,2,0.01406468719420438
197,3,0.07586379988357674
197,4,0.005911276105236652
197,5,0.01406468719420438
197,6,0.07586379988357674
197,7,0.020333030872952147
197,8,0.0600912959587828
198,0,0.2942331739487228
198,1,0.3775573386223322
198,2,0.1824368873620069
198,3,0.07586482832933351
198,4,0.1824368873620069
198,5,0.07586482832933351
198,6,0.2942331739487228
198,7,0.46880930807093985
198,8,0.6791854460182288
200,0,0.9875684479742916
200,1,0.9875684479742916
200,2,0.9875684479742916
200,3,0.9875684479742916
200,4,0.9875684479742916
200,5,0.9875684479742916
200,6,0.9875684479742916
200,7,0.9875684479742916
200,8,0.9875684479742916
201,0,0.46880742681146786
201,1,0.43784050843283834
201,2,0.43784050843283834
201,3,0.14805716615579595
201,4,0.46880763437461814
201,5,0.3775574187738434
201,6,0.3775574187738434
201,7,0.4378400794453716
201,8,0.1329779005455194
206,0,0.04742890938377696
206,1,0.04742890938377696
206,2,0.053407022453301874
206,3,0.053407022453301874
206,4,0.053407022453301874
206,5,0.053407022453301874
206,6,0.053407022453301874
206,7,0.053407022453301874
206,8,0.053407022453301874
207,0,0.9241437527309517
207,1,0.9465980400015334
207,2,0.9241437527309517
207,3,0.9241437527309517
207,4,0.9241437527309517
207,5,0.9465980400015334
207,6,0.9465980400015334
207,7,0.9465980400015334
207,8,0.9465980400015334
208,0,0.1067030844147699
208,1,0.1067030844147699
208,2,0.1067030844147699
208,3,0.1067030844147699
208,4,0.1067030844147699
208,5,0.1067030844147699
208,6,0.1067030844147699
208,7,0.1067030844147699
208,8,0.1067030844147699
212,0,0.3486625385965395
212,1,0.3486625385965395
212,2,0.3486605465584657
212,3,0.26895664808133696
212,4,0.3775539035893385
212,5,0.3486605465584657
212,6,0.3486625385965395
212,7,0.26895664808133696
212,8,0.3486625385965395
213,0,0.9046538194985861
213,1,0.9046538194985861
213,2,0.9046538194985861
213,3,0.9046539043639568
213,4,0.9046539043639568
213,5,0.9046539043639568
213,6,0.9046526955027756
213,7,0.8933123666413466
213,8,0.9149028719186502
215,0,0.5000155301987319
215,1,0.5000155301987319
215,2,0.5000155301987319
215,3,0.5000155301987319
215,4,0.5000155301987319
215,5,0.5000155301987319
215,6,0.5000155301987319
215,7,0.437842287649954
215,8,0.437842287649954
218,0,0.3208285530022221
218,1,0.1329743114550018
218,2,0.46880261825631714
218,3,0.08510634011425612
218,4,0.09535580297208675
218,5,0.1329743114550018
218,6,0.26895671163081997
218,7,0.06009228977623903
218,8,0.18243856882066134
219,0,0.32083752936377974
219,1,0.7310668801173342
219,2,0.014063942560238919
219,3,0.022979275257679094
219,4,0.32083752936377974
219,5,0.24510201343145632
219,6,0.8354861973229921
219,7,0.01590781016988825
219,8,0.014063942560238919
220,0,0.042090393893331295
220,1,0.042090393893331295
220,2,0.042090393893331295
220,3,0.042090393893331295
220,4,0.042090393893331295
220,5,0.042090393893331295
220,6,0.042090393893331295
220,7,0.042090393893331295
220,8,0.09535641642329036
226,0,0.7773064976229462
226,1,0.7773064976229462
226,2,0.7773064976229462
226,3,0.7773064976229462
226,4,0.7773064976229462
226,5,0.7773064976229462
226,6,0.7773064976229462
226,7,0.8175782217634674
226,8,0.8175782217634674
227,0,0.893312124719732
227,1,0.893312124719732
227,2,0.893312124719732
227,3,0.9046528846495391
227,4,0.8933122156544192
227,5,0.9046528701128049
227,6,0.9046528846495391
227,7,0.9046528846495391
227,8,0.8933122156544192
228,0,0.6224734433519088
228,1,0.320837028896456
228,2,0.5926794180799242
228,3,0.3208393806793291
228,4,0.6513653509060507
228,5,0.5926794180799242
228,6,0.320837028896456
228,7,0.5926794180799242
228,8,0.5621916025987155
230,0,0.9241432975501586
230,1,0.9241432975501586
230,2,0.9241432975501586
230,3,0.9241432975501586
230,4,0.93245455795164
230,5,0.9241432975501586
230,6,0.9465979690260921
230,7,0.9241432975501586
230,8,0.9241432975501586
231,0,0.6224678444886365
231,1,0.6513635458568962
231,2,0.6224678444886365
231,3,0.6513635458568962
231,4,0.6513635458568962
231,5,0.6513635458568962
231,6,0.6224678444886365
231,7,0.6513635458568962
231,8,0.6224678444886365
232,0,0.29423412212393607
232,1,0.2689573135145941
232,2,0.34866652229009987
232,3,0.2689573135145941
232,4,0.34866652229009987
232,5,0.2689573135145941
232,6,0.16452810942023915
232,7,0.34866652229009987
232,8,0.34866652229009987
234,0,0.8175812123216
234,1,0.8175812123216
234,2,0.8175812123216
234,3,0.7773065552930714
234,4,0.8175812123216
234,5,0.7773065552930714
234,6,0.8175812123216
234,7,0.8175812123216
234,8,0.8175812123216
236,0,0.2942305658597043
236,1,0.2942305658597043
236,2,0.2942305658597043
236,3,0.2942305658597043
236,4,0.2942305658597043
236,5,0.32083897093998925
236,6,0.32084224178587784
236,7,0.32083897093998925
236,8,0.2942339536118416
239,0,0.3775615862858832
239,1,0.3775615862858832
239,2,0.3775601314864554
239,3,0.3775615862858832
239,4,0.3775615862858832
239,5,0.3775615862858832
239,6,0.3486668741840632
239,7,0.3775615862858832
239,8,0.3775615862858832
240,0,0.9840937410194089
240,1,0.9796678216487035
240,2,0.9796678216487035
240,3,0.9796678216487035
240,4,0.9770228929497853
240,5,0.9840937410194089
240,6,0.9796678216487035
240,7,0.9796678216487035
240,8,0.9796678216487035
242,0,0.592672720253734
242,1,0.6513641131509572
242,2,0.592672720253734
242,3,0.6513641131509572
242,4,0.6513641131509572
242,5,0.6513641131509572
242,6,0.6513641131509572
242,7,0.6513641131509572
242,8,0.6513641131509572
243,0,0.46879746873985545
243,1,0.4687997097673555
243,2,0.4687997097673555
243,3,0.46879746873985545
243,4,0.46879746873985545
243,5,0.46879746873985545
243,6,0.46879746873985545
243,7,0.4687997097673555
243,8,0.46879746873985545
244,0,0.7773075757123113
244,1,0.7773075757123113
244,2,0.012432414176834572
244,3,0.8354873578226267
244,4,0.8354873578226267
244,5,0.7773075757123113
244,6,0.7773075757123113
244,7,0.7773075757123113
244,8,0.11921069263864117
245,0,0.025959326317121247
245,1,0.025959326317121247
245,2,0.025959326317121247
245,3,0.025959326317121247
245,4,0.37756171046159126
245,5,0.025959326317121247
245,6,0.025959326317121247
245,7,0.02033361647972689
245,8,0.02033361647972689
247,0,0.5312199143403918
247,1,0.46880052282719265
247,2,0.5312199143403918
247,3,0.5312199143403918
247,4,0.8354878738880237
247,5,0.8354878738880237
247,6,0.8354878738880237
247,7,0.5312199143403918
247,8,0.8175778835903449
248,0,0.377557785111959
248,1,0.4073560394895202
248,2,0.4073560394895202
248,3,0.4073560394895202
248,4,0.377557785111959
248,5,0.377557785111959
248,6,0.3775664136941743
248,7,0.4073560394895202
248,8,0.3775664136941743
249,0,0.16452799657117748
249,1,0.16452680255849883
249,2,0.16452799657117748
249,3,0.16452680255849883
249,4,0.1824399157714217
249,5,0.16452680255849883
249,6,0.1645284890017656
249,7,0.3486564680903301
249,8,0.1645284890017656
253,0,0.22271472434716363
253,1,0.77730648048281
253,2,0.77730648048281
253,3,0.77730648048281
253,4,0.77730648048281
253,5,0.77730648048281
253,6,0.77730648048281
253,7,0.77730648048281
253,8,0.77730648048281
255,0,0.7773064819585436
255,1,0.7773064819585436
255,2,0.7773064819585436
255,3,0.731065821608169
255,4,0.731065821608169
255,5,0.731065821608169
255,6,0.7773064819585436
255,7,0.7773064819585436
255,8,0.7773064819585436
260,0,0.679188044444742
260,1,0.20182579631421574
260,2,0.7057965919416831
260,3,0.0851053171481329
260,4,0.7057965919416831
260,5,0.46880649781808587
260,6,0.22271537369435457
260,7,0.10669820041303697
260,8,0.1329743373785981
263,0,0.11921346975417475
263,1,0.11921346975417475
263,2,0.08510542691326943
263,3,0.11921346975417475
263,4,0.11921374344640996
263,5,0.13296980179970586
263,6,0.13296980179970586
263,7,0.11921346975417475
263,8,0.11921346975417475
268,0,0.8354872889317835
268,1,0.7549223516508025
268,2,0.8808006383908332
268,3,0.59267906347396
268,4,0.8354872889317835
268,5,0.9149026959966167
268,6,0.8354872889317835
268,7,0.9149026959966167
268,8,0.9149026959966167
273,0,0.18244158074740344
273,1,0.18244158074740344
273,2,0.18244158074740344
273,3,0.43784180701704534
273,4,0.43784180701704534
273,5,0.43784180701704534
273,6,0.18244158074740344
273,7,0.43784180701704534
273,8,0.18244158074740344
281,0,0.705789468322552
281,1,0.705789468322552
281,2,0.705789468322552
281,3,0.705789468322552
281,4,0.705789468322552
281,5,0.705789468322552
281,6,0.731064166075825
281,7,0.705789468322552
281,8,0.731064166075825
282,0,0.562191760574612
282,1,0.562191760574612
282,2,0.5312299128930651
282,3,0.562191760574612
282,4,0.562191760574612
282,5,0.562188646089575
282,6,0.562188646089575
282,7,0.562188646089575
282,8,0.5621964505545547
327,0,0.9399148376752405
327,1,0.9399148376752405
327,2,0.9241427607545997
327,3,0.9399148376752405
327,4,0.9399148376752405
327,5,0.9241427607545997
327,6,0.9399148376752405
327,7,0.9241427607545997
327,8,0.9241427607545997
5,0,0.2689612834720308
5,1,0.2689612834720308
5,2,0.2689612834720308
5,3,0.16453178254913592
5,4,0.16453178254913592
5,5,0.2689612834720308
5,6,0.2942331237120387
5,7,0.2942331237120387
5,8,0.2942331237120387
11,0,0.18244229802315032
11,1,0.18244229802315032
11,2,0.18244229802315032
11,3,0.18244229802315032
11,4,0.29423492265288376
11,5,0.18244229802315032
11,6,0.29423492265288376
11,7,0.18244229802315032
11,8,0.18244229802315032
12,0,0.4378452960513418
12,1,0.4378452960513418
12,2,0.4378452960513418
12,3,0.4378452960513418
12,4,0.4378452960513418
12,5,0.4073495905364954
12,6,0.4378452960513418
12,7,0.4378400393242065
12,8,0.4378363807741263
17,0,0.22272007192448479
17,1,0.37755199555647545
17,2,0.22272007192448479
17,3,0.3486676946484067
17,4,0.22272007192448479
17,5,0.22272007192448479
17,6,0.37755199555647545
17,7,0.22272007192448479
17,8,0.37755199555647545
23,0,0.3208381569706114
23,1,0.3775570288916296
23,2,0.16452831061595544
23,3,0.2942347763573228
23,4,0.32083780427042974
23,5,0.1645272091696402
23,6,0.32083780427042974
23,7,0.2942331586591175
23,8,0.20182717540595077
24,0,0.0001584357785860243
24,1,0.004609544849452174
24,2,0.0001584357785860243
24,3,0.0001584357785860243
24,4,0.0001584357785860243
24,5,0.0001584357785860243
24,6,0.0001584357785860243
24,7,0.0001584357785860243
24,8,0.0001584357785860243
25,0,0.0002305060133716641
25,1,0.0002305060133716641
25,2,0.0002305061825186014
25,3,0.00023050585837401262
25,4,0.00017952725868061398
25,5,0.00029595591924452884
25,6,0.0001398215287561706
25,7,0.00037998304036014017
25,8,0.00029595591924452884
26,0,0.16453178984020986
26,1,0.085106369978987
26,2,0.05340524764593306
26,3,0.06754953831664394
26,4,0.08510707519753481
26,5,0.11921029370911042
26,6,0.18244367433613348
26,7,0.04209150316976588
26,8,0.06754949896816227
27,0,0.11921100290554382
27,1,0.1645317573356897
27,2,0.14806112322677267
27,3,0.10670039496512515
27,4,0.13297675430221118
27,5,0.11921163000697342
27,6,0.24510147132732849
27,7,0.10669881735418892
27,8,0.13297589918233213
28,0,0.13297532672777296
28,1,0.11921609078268833
28,2,0.16452359123313032
28,3,0.13297532672777296
28,4,0.13297532672777296
28,5,0.16452359123313032
28,6,0.14805434158137454
28,7,0.16452359123313032
28,8,0.13297532672777296
31,0,0.11920962297464488
31,1,0.11920962297464488
31,2,0.1329750160857842
31,3,0.1329750160857842
31,4,0.1329750160857842
31,5,0.1329750160857842
31,6,0.1329750160857842
31,7,0.1329750160857842
31,8,0.1329750160857842
32,0,0.00020342643540636056
32,1,0.00017952694929708365
32,2,0.00020342643540636056
32,3,0.00020342643540636056
32,4,0.00020342643540636056
32,5,0.00017952764505651798
32,6,0.000261189719983063
32,7,7.48458656725435e-05
32,8,0.00013982179386371244
37,0,0.29422872307888515
37,1,0.29422872307888515
37,2,0.29422872307888515
37,3,0.29422872307888515
37,4,0.29422872307888515
37,5,0.29422872307888515
37,6,0.29422872307888515
37,7,0.29422872307888515
37,8,0.22271879674571782
36,0,0.14805836076124723
36,1,0.1480599741578836
36,2,0.13297553166581474
36,3,0.14805836076124723
36,4,0.1480599741578836
36,5,0.16452368221164052
36,6,0.14805836076124723
36,7,0.14805792485391053
36,8,0.1645287251376672
39,0,0.5312174370303222
39,1,0.5312189190799231
39,2,0.5000093775509616
39,3,0.5312189190799231
39,4,0.5000093775509616
39,5,0.5312189190799231
39,6,0.6224670832756198
39,7,0.6224647281024759
39,8,0.5000093775509616
40,0,0.5000174971497823
40,1,0.562189050472359
40,2,0.5000174971497823
40,3,0.5000174971497823
40,4,0.5000174971497823
40,5,0.5000174971497823
40,6,0.5000174971497823
40,7,0.5000174971497823
40,8,0.5000174971497823
41,0,0.10670281727726737
41,1,0.03308979762332641
41,2,0.14806070102578744
41,3,0.10670281727726737
41,4,0.11921044840691258
41,5,0.04209196813706396
41,6,0.1329733559003792
41,7,0.11921070876444399
41,8,0.0953588925498212
45,0,0.14806179588117163
45,1,0.46880639514382394
45,2,0.00023050568512420505
45,3,0.5000093775543152
45,4,0.6513660727571443
45,5,0.6513659858272126
45,6,0.4378361610244316
45,7,0.6513659858272126
45,8,0.4688051428473928
46,0,0.7057958599590787
46,1,0.7057958599590787
46,2,0.7057958599590787
46,3,0.7057958599590787
46,4,0.7057958599590787
46,5,0.651371422814126
46,6,0.651371422814126
46,7,0.651371422814126
46,8,0.651371422814126
47,0,0.320831199481732
47,1,0.2689490703544408
47,2,0.320831199481732
47,3,0.320831199481732
47,4,0.320831199481732
47,5,0.2689506595337421
47,6,0.26895746666820386
47,7,0.22271594923759971
47,8,0.29422304090767437
48,0,0.5621846852234629
48,1,0.37755133764229565
48,2,0.2689510926929792
48,3,0.4378326950193693
48,4,0.4378326950193693
48,5,0.4378326950193693
48,6,0.2689510926929792
48,7,0.29423338634158674
48,8,0.468799836469799
50,0,0.20182710025055445
50,1,0.20182710025055445
50,2,0.20182710025055445
50,3,0.20182710025055445
50,4,0.20182710025055445
50,5,0.18243819787436727
50,6,0.18243819787436727
50,7,0.18243819787436727
50,8,0.18243819787436727
62,0,0.00013982167443476676
62,1,0.00013982167443476676
62,2,0.00013982167443476676
62,3,0.07586069667198313
62,4,0.08510122868756118
62,5,0.07586069667198313
62,6,0.06754895376623041
62,7,0.07586069667198313
62,8,0.07586069667198313
72,0,0.3486621462678522
72,1,0.3486652482497731
72,2,0.3486621462678522
72,3,0.3486621462678522
72,4,0.3486652482497731
72,5,0.3486652482497731
72,6,0.29422623223706973
72,7,0.348656282810845
72,8,0.3486621462678522
77,0,0.46880022627296203
77,1,0.14805929240376947
77,2,0.46880022627296203
77,3,0.1480540921774205
77,4,0.40734453856226605
77,5,0.43784225522296816
77,6,0.46880022627296203
77,7,0.46880022627296203
77,8,0.46880022627296203
79,0,0.07586309239765655
79,1,0.0021827004615703415
79,2,0.0031726518720786266
79,3,0.03308902256999875
79,4,0.06755240165985174
79,5,0.07586338342651258
79,6,0.08510541134403998
79,7,0.009708358672600984
79,8,0.08510541134403998
82,0,0.029311925983844397
82,1,0.029311925983844397
82,2,0.029311925983844397
82,3,0.029311925983844397
82,4,0.029311925983844397
82,5,0.029311925983844397
82,6,0.029311925983844397
82,7,0.029311925983844397
82,8,0.03732775231262774
83,0,0.18243261864797947
83,1,0.14805815981846288
83,2,0.18243261864797947
83,3,0.14805651323313512
83,4,0.08510739638509247
83,5,0.10669685166838717
83,6,0.2018246981279595
83,7,0.10669685166838717
83,8,0.2018212297959403
85,0,0.3775522672203946
85,1,0.3775522672203946
85,2,0.40734276618227644
85,3,0.3775522672203946
85,4,0.37755634514506414
85,5,0.37755634514506414
85,6,0.37755634514506414
85,7,0.3775522672203946
85,8,0.37755634514506414
87,0,0.14805370397757836
87,1,0.14805370397757836
87,2,0.14805445984100477
87,3,0.14805370397757836
87,4,0.14805370397757836
87,5,0.14805370397757836
87,6,0.14805370397757836
87,7,0.14805445984100477
87,8,0.14805445984100477
89,0,0.32083878817878214
89,1,0.32083878817878214
89,2,0.32083878817878214
89,3,0.32083878817878214
89,4,0.32083878817878214
89,5,0.32083878817878214
89,6,0.32083878817878214
89,7,0.32083878817878214
89,8,0.32083878817878214
92,0,0.8807991386803882
92,1,0.8519567621081628
92,2,0.8519567621081628
92,3,0.8807991386803882
92,4,0.8807991386803882
92,5,0.8807991386803882
92,6,0.8807991386803882
92,7,0.8807991386803882
92,8,0.8933113119701972
93,0,0.9149020980358359
93,1,0.9149020980358359
93,2,0.8933117365616715
93,3,0.8933117365616715
93,4,0.9046525048393095
93,5,0.8933111088681646
93,6,0.9149019520590894
93,7,0.8933111088681646
93,8,0.8933111088681646
94,0,0.3208320987652067
94,1,0.40734403424446863
94,2,0.46879813519528973
94,3,0.29422408988708254
94,4,0.294226477360642
94,5,0.5312191771619881
94,6,0.5000119413842601
94,7,0.37754647261794844
94,8,0.5621885800507472
95,0,0.14805813104051943
95,1,0.13297305734576903
95,2,0.16452672793092318
95,3,0.09535625293790644
95,4,0.14805813104051943
95,5,0.13297305734576903
95,6,0.14805813104051943
95,7,0.11921141460944795
95,8,0.14805813104051943
98,0,0.10669745269457831
98,1,0.13297227987149507
98,2,0.11921057204237813
98,3,0.13297227987149507
98,4,0.13297227987149507
98,5,0.10669831157322489
98,6,0.10669745269457831
98,7,0.14805560666979853
98,8,0.11921057204237813
99,0,0.6513637037117885
99,1,0.6513637037117885
99,2,0.6513637037117885
99,3,0.6513637037117885
99,4,0.7310657402118335
99,5,0.6513637037117885
99,6,0.6513637037117885
99,7,0.7310657402118335
99,8,0.6513637037117885
100,0,0.8670377489375888
100,1,0.8354869726957996
100,2,0.8175788569897139
100,3,0.8354865415756307
100,4,0.8808004295721057
100,5,0.8354884208390105
100,6,0.8175818621204619
100,7,0.7981915988396721
100,8,0.835487803140006
112,0,0.9399141595345454
112,1,0.0003353483501186037
112,2,0.0003353483501186037
112,3,0.9324540237352004
112,4,0.9324539212277401
112,5,0.9324541669691434
112,6,0.0002305056643416344
112,7,0.924143168208469
112,8,0.9525746775866594
115,0,0.5926801827285205
115,1,0.5926801827285205
115,2,0.5926755534515684
115,3,0.5312195130452012
115,4,0.6791877055587102
115,5,0.5621862361133629
115,6,0.6224661845475556
115,7,0.6224730375124844
115,8,0.8933119060354917
116,0,0.08510588685910025
116,1,0.04742706952197946
116,2,0.060088128000518146
116,3,0.03732779652497423
116,4,0.07586002043673688
116,5,0.03732914944902522
116,6,0.025959457747298416
116,7,0.06754847910092909
116,8,0.053402978036194274
117,0,0.867037373183849
117,1,0.8933124445496721
117,2,0.867037373183849
117,3,0.867037373183849
117,4,0.867037373183849
117,5,0.867037373183849
117,6,0.8519546283494167
117,7,0.8519546283494167
117,8,0.867037373183849
118,0,0.32084212187759287
118,1,0.3208424065323932
118,2,0.20182671002796032
118,3,0.20182671002796032
118,4,0.3208424065323932
118,5,0.3208424065323932
118,6,0.20182671002796032
118,7,0.3208424065323932
118,8,0.32084212187759287
125,0,0.0953600233502918
125,1,0.0953600233502918
125,2,0.1645295462032195
125,3,0.0953600233502918
125,4,0.1192143453941678
125,5,0.1192143453941678
125,6,0.1645295462032195
125,7,0.1192143453941678
125,8,0.13297003150205167
128,0,0.7549216147792092
128,1,0.7549216147792092
128,2,0.7549216147792092
128,3,0.24509841474313399
128,4,0.24509841474313399
128,5,0.7549206482651232
128,6,0.7549206482651232
128,7,0.7549206482651232
128,8,0.26895386591674486
136,0,0.8354880413885887
136,1,0.8354880413885887
136,2,0.8354880413885887
136,3,0.8354880413885887
136,4,0.8354880742693296
136,5,0.8354880413885887
136,6,0.8354880413885887
136,7,0.8354880413885887
136,8,0.8354880413885887
137,0,0.0004878558320931548
137,1,0.053407816250787825
137,2,0.00023050580468293185
137,3,0.06009114597238251
137,4,0.0004878557334397469
137,5,0.07586017316713989
137,6,0.047430383984786495
137,7,0.0004305549182163225
137,8,0.000626332508571699
138,0,0.8807983868480362
138,1,0.7310612917627136
138,2,0.8354859805741602
138,3,0.8807992744289503
138,4,0.7057908484586133
138,5,0.2942245673445504
138,6,0.7773026243918223
138,7,0.7310629839086974
138,8,0.8519549304189059
129,0,0.43783767129096396
129,1,0.5000117518978674
129,2,0.5000117518978674
129,3,0.43783767129096396
129,4,0.4378360060744482
129,5,0.5000117518978674
129,6,0.43783767129096396
129,7,0.5000117518978674
129,8,0.5000117518978674
145,0,0.4073430720651763
145,1,0.7057886845514488
145,2,0.7057886845514488
145,3,0.7057886845514488
145,4,0.6513604026017282
145,5,0.22270898177780737
145,6,0.4073430720651763
145,7,0.7057886845514488
145,8,0.34865384708434977
149,0,0.13297170107384232
149,1,0.13297170107384232
149,2,0.00013982143594833403
149,3,0.00013982143594833403
149,4,0.2450944398516506
149,5,0.01590684614513275
149,6,0.0002034264594722561
149,7,0.13297130395883583
149,8,0.13297130395883583
152,0,0.6224661727924646
152,1,0.4687965590208683
152,2,0.11921054104962012
152,3,0.6224661727924646
152,4,0.40734027129214084
152,5,0.1645261057180123
152,6,0.43783714736474844
152,7,0.18243508698788438
152,8,0.43783714736474844
159,0,0.904652719414574
159,1,0.893311828057072
159,2,0.893311828057072
159,3,0.893311828057072
159,4,0.893311828057072
159,5,0.893311828057072
159,6,0.893311828057072
159,7,0.893311828057072
159,8,0.8354876514802468
168,0,0.3486609658809413
168,1,0.43783809707745586
168,2,0.3486609658809413
168,3,0.3486609658809413
168,4,0.43784841387620277
168,5,0.5000103925494483
168,6,0.377556391381671
168,7,0.40735017565407006
168,8,0.22271616651655046
169,0,0.9525745221792877
169,1,0.26895827347566986
169,2,0.2689549567471036
169,3,0.9324542880509026
169,4,0.9241425228188559
169,5,0.8933103121673917
169,6,0.9149025277486573
169,7,0.2689603726871232
169,8,0.26895596589258874
173,0,0.0007096659891408344
173,1,0.0009110450266446323
173,2,0.002472598402945239
173,3,0.001700707677990349
173,4,0.003172648411432946
173,5,0.000911045980471674
173,6,0.029314444104800923
173,7,0.0075771486342059
173,8,0.0008040815997689587
186,0,0.8354885891671865
186,1,0.8354885891671865
186,2,0.8354885891671865
186,3,0.8354885891671865
186,4,0.8354885891671865
186,5,0.8175793685271735
186,6,0.8175793685271735
186,7,0.8175788210699193
186,8,0.8175788210699193
189,0,0.6224706982763643
189,1,0.6224706982763643
189,2,0.6513633687052062
189,3,0.6513637194304343
189,4,0.6513633687052062
189,5,0.6513637194304343
189,6,0.6513633687052062
189,7,0.6513637194304343
189,8,0.6513637194304343
192,0,0.03308673156117131
192,1,0.03308673156117131
192,2,0.04743023460152575
192,3,0.04743023460152575
192,4,0.03308673156117131
192,5,0.03308673156117131
192,6,0.04743023460152575
192,7,0.03308673156117131
192,8,0.04743023460152575
194,0,1.0129974879121822e-05
194,1,1.0129974879121822e-05
194,2,2.9023033152489544e-06
194,3,3.7266367544274206e-06
194,4,1.0129974879121822e-05
194,5,1.3007075568046235e-05
194,6,3.288745492622324e-06
194,7,1.0129974879121822e-05
194,8,3.288745492622324e-06
