scorer,qid,n_columns,n_gold,recall@5,all@5,recall@10,all@10,recall@20,all@20
lexical,1471,21,1,1.0,1.0,1.0,1.0,1.0,1.0
lexical,1472,21,5,0.8,0.0,1.0,1.0,1.0,1.0
lexical,1473,21,5,1.0,1.0,1.0,1.0,1.0,1.0
lexical,1476,21,5,0.8,0.0,1.0,1.0,1.0,1.0
lexical,1479,21,5,0.8,0.0,1.0,1.0,1.0,1.0
lexical,1480,21,5,0.8,0.0,1.0,1.0,1.0,1.0
lexical,1481,21,6,0.8333333333333334,0.0,1.0,1.0,1.0,1.0
lexical,1482,21,6,0.6666666666666666,0.0,1.0,1.0,1.0,1.0
lexical,1483,21,3,1.0,1.0,1.0,1.0,1.0,1.0
lexical,1484,21,2,1.0,1.0,1.0,1.0,1.0,1.0
lexical,1486,21,2,1.0,1.0,1.0,1.0,1.0,1.0
lexical,1490,21,4,0.5,0.0,0.5,0.0,0.75,0.0
lexical,1493,21,3,0.6666666666666666,0.0,1.0,1.0,1.0,1.0
lexical,1498,21,2,1.0,1.0,1.0,1.0,1.0,1.0
lexical,1500,21,4,0.75,0.0,0.75,0.0,1.0,1.0
lexical,1501,21,4,0.25,0.0,0.5,0.0,1.0,1.0
lexical,1505,21,4,0.75,0.0,0.75,0.0,1.0,1.0
lexical,1506,21,6,0.3333333333333333,0.0,0.5,0.0,1.0,1.0
lexical,1507,21,4,0.25,0.0,0.5,0.0,1.0,1.0
lexical,1509,21,5,0.6,0.0,1.0,1.0,1.0,1.0
lexical,1514,21,7,0.42857142857142855,0.0,0.42857142857142855,0.0,1.0,1.0
lexical,1515,21,5,0.4,0.0,0.4,0.0,1.0,1.0
lexical,1521,21,6,0.5,0.0,1.0,1.0,1.0,1.0
lexical,1524,21,5,0.4,0.0,0.4,0.0,1.0,1.0
lexical,1525,21,4,0.75,0.0,0.75,0.0,1.0,1.0
lexical,1526,21,8,0.25,0.0,0.25,0.0,0.875,0.0
lexical,1528,21,2,1.0,1.0,1.0,1.0,1.0,1.0
lexical,1529,21,4,0.5,0.0,0.5,0.0,1.0,1.0
lexical,1531,21,5,0.8,0.0,0.8,0.0,1.0,1.0
lexical,1533,21,7,0.5714285714285714,0.0,0.5714285714285714,0.0,0.8571428571428571,0.0
lexical,1312,48,5,0.8,0.0,1.0,1.0,1.0,1.0
lexical,1317,48,6,0.6666666666666666,0.0,0.6666666666666666,0.0,0.8333333333333334,0.0
lexical,1322,48,4,1.0,1.0,1.0,1.0,1.0,1.0
lexical,1323,48,4,0.75,0.0,1.0,1.0,1.0,1.0
lexical,1331,48,4,0.5,0.0,0.75,0.0,0.75,0.0
lexical,1334,48,5,0.4,0.0,0.4,0.0,0.8,0.0
lexical,1338,48,7,0.5714285714285714,0.0,0.5714285714285714,0.0,0.7142857142857143,0.0
lexical,1339,48,7,0.42857142857142855,0.0,0.7142857142857143,0.0,0.8571428571428571,0.0
lexical,1340,48,4,0.5,0.0,0.75,0.0,1.0,1.0
lexical,1344,48,3,0.6666666666666666,0.0,1.0,1.0,1.0,1.0
lexical,1346,48,3,1.0,1.0,1.0,1.0,1.0,1.0
lexical,1350,48,5,0.6,0.0,0.8,0.0,0.8,0.0
lexical,1351,48,5,0.8,0.0,1.0,1.0,1.0,1.0
lexical,1352,48,5,0.8,0.0,0.8,0.0,0.8,0.0
lexical,1356,48,4,0.5,0.0,0.75,0.0,0.75,0.0
lexical,1357,48,6,0.5,0.0,0.6666666666666666,0.0,0.8333333333333334,0.0
lexical,1359,48,6,0.6666666666666666,0.0,1.0,1.0,1.0,1.0
lexical,1361,48,2,1.0,1.0,1.0,1.0,1.0,1.0
lexical,1362,48,3,0.6666666666666666,0.0,0.6666666666666666,0.0,1.0,1.0
lexical,1368,48,4,0.75,0.0,1.0,1.0,1.0,1.0
lexical,1371,48,4,0.5,0.0,0.5,0.0,0.75,0.0
lexical,1375,48,5,0.6,0.0,0.6,0.0,1.0,1.0
lexical,1376,48,6,0.6666666666666666,0.0,1.0,1.0,1.0,1.0
lexical,1378,48,2,1.0,1.0,1.0,1.0,1.0,1.0
lexical,1380,48,2,1.0,1.0,1.0,1.0,1.0,1.0
lexical,1381,48,5,0.6,0.0,0.8,0.0,0.8,0.0
lexical,1387,48,9,0.4444444444444444,0.0,0.6666666666666666,0.0,0.7777777777777778,0.0
lexical,1389,48,6,0.5,0.0,0.5,0.0,0.8333333333333334,0.0
lexical,1390,48,6,0.3333333333333333,0.0,0.5,0.0,0.6666666666666666,0.0
lexical,1392,48,3,0.6666666666666666,0.0,1.0,1.0,1.0,1.0
lexical,1394,48,4,0.5,0.0,0.75,0.0,0.75,0.0
lexical,1398,48,5,0.6,0.0,0.6,0.0,1.0,1.0
lexical,1399,48,7,0.5714285714285714,0.0,0.7142857142857143,0.0,0.8571428571428571,0.0
lexical,1401,48,7,0.5714285714285714,0.0,0.5714285714285714,0.0,0.8571428571428571,0.0
lexical,1403,48,5,0.8,0.0,1.0,1.0,1.0,1.0
lexical,1404,48,8,0.375,0.0,0.375,0.0,0.875,0.0
lexical,1405,48,5,0.8,0.0,1.0,1.0,1.0,1.0
lexical,1409,48,2,1.0,1.0,1.0,1.0,1.0,1.0
lexical,1410,48,5,0.8,0.0,0.8,0.0,1.0,1.0
lexical,1411,48,5,0.8,0.0,0.8,0.0,0.8,0.0
lexical,1422,48,2,1.0,1.0,1.0,1.0,1.0,1.0
lexical,1426,48,7,0.7142857142857143,0.0,0.8571428571428571,0.0,1.0,1.0
lexical,1427,48,6,0.6666666666666666,0.0,0.8333333333333334,0.0,1.0,1.0
lexical,1432,48,6,0.5,0.0,0.8333333333333334,0.0,1.0,1.0
lexical,1435,48,4,1.0,1.0,1.0,1.0,1.0,1.0
lexical,1457,48,8,0.625,0.0,0.625,0.0,0.75,0.0
lexical,1460,48,6,0.8333333333333334,0.0,0.8333333333333334,0.0,1.0,1.0
lexical,1464,48,6,0.5,0.0,0.6666666666666666,0.0,0.8333333333333334,0.0
lexical,1149,64,2,1.0,1.0,1.0,1.0,1.0,1.0
lexical,1150,64,2,1.0,1.0,1.0,1.0,1.0,1.0
lexical,1152,64,2,1.0,1.0,1.0,1.0,1.0,1.0
lexical,1153,64,4,1.0,1.0,1.0,1.0,1.0,1.0
lexical,1155,64,5,0.6,0.0,1.0,1.0,1.0,1.0
lexical,1156,64,4,1.0,1.0,1.0,1.0,1.0,1.0
lexical,1157,64,5,0.8,0.0,1.0,1.0,1.0,1.0
lexical,1162,64,3,1.0,1.0,1.0,1.0,1.0,1.0
lexical,1164,64,5,0.8,0.0,0.8,0.0,1.0,1.0
lexical,1166,64,5,0.8,0.0,0.8,0.0,1.0,1.0
lexical,1168,64,6,0.6666666666666666,0.0,0.8333333333333334,0.0,1.0,1.0
lexical,1169,64,4,0.5,0.0,0.5,0.0,0.75,0.0
lexical,1171,64,4,0.5,0.0,0.75,0.0,1.0,1.0
lexical,1175,64,6,0.6666666666666666,0.0,0.8333333333333334,0.0,1.0,1.0
lexical,1179,64,7,0.7142857142857143,0.0,0.8571428571428571,0.0,1.0,1.0
lexical,1185,64,5,0.4,0.0,0.8,0.0,0.8,0.0
lexical,1187,64,4,0.75,0.0,0.75,0.0,0.75,0.0
lexical,1189,64,4,0.75,0.0,1.0,1.0,1.0,1.0
lexical,1192,64,5,0.8,0.0,0.8,0.0,0.8,0.0
lexical,1195,64,6,0.6666666666666666,0.0,0.6666666666666666,0.0,0.8333333333333334,0.0
lexical,1198,64,3,1.0,1.0,1.0,1.0,1.0,1.0
lexical,1201,64,4,1.0,1.0,1.0,1.0,1.0,1.0
lexical,1205,64,4,0.5,0.0,0.75,0.0,0.75,0.0
lexical,1208,64,4,0.5,0.0,0.5,0.0,0.75,0.0
lexical,1209,64,5,0.4,0.0,0.6,0.0,0.8,0.0
lexical,1220,64,5,0.8,0.0,1.0,1.0,1.0,1.0
lexical,1225,64,4,1.0,1.0,1.0,1.0,1.0,1.0
lexical,1227,64,5,0.6,0.0,1.0,1.0,1.0,1.0
lexical,1229,64,4,0.5,0.0,0.5,0.0,0.75,0.0
lexical,1231,64,5,0.6,0.0,0.8,0.0,0.8,0.0
lexical,1232,64,6,0.6666666666666666,0.0,1.0,1.0,1.0,1.0
lexical,1235,64,5,0.6,0.0,1.0,1.0,1.0,1.0
lexical,1238,64,6,0.5,0.0,1.0,1.0,1.0,1.0
lexical,1239,64,4,1.0,1.0,1.0,1.0,1.0,1.0
lexical,1241,64,3,0.3333333333333333,0.0,0.3333333333333333,0.0,0.6666666666666666,0.0
lexical,1242,64,5,0.8,0.0,0.8,0.0,0.8,0.0
lexical,1243,64,5,0.6,0.0,0.6,0.0,0.8,0.0
lexical,1247,64,5,0.6,0.0,0.6,0.0,0.8,0.0
lexical,1251,64,3,0.3333333333333333,0.0,0.3333333333333333,0.0,0.6666666666666666,0.0
lexical,1252,64,5,0.6,0.0,0.6,0.0,0.8,0.0
lexical,1254,64,4,0.5,0.0,0.5,0.0,0.75,0.0
lexical,1255,64,4,0.5,0.0,0.5,0.0,0.75,0.0
lexical,1256,64,4,0.5,0.0,0.5,0.0,0.75,0.0
lexical,1257,64,4,0.5,0.0,0.5,0.0,0.75,0.0
lexical,1265,64,4,0.5,0.0,0.5,0.0,0.75,0.0
lexical,1267,64,4,0.75,0.0,0.75,0.0,0.75,0.0
lexical,1270,64,6,0.5,0.0,0.5,0.0,0.8333333333333334,0.0
lexical,1275,64,5,0.6,0.0,0.6,0.0,0.8,0.0
lexical,1281,64,4,0.5,0.0,0.5,0.0,0.75,0.0
lexical,1302,64,7,0.7142857142857143,0.0,0.7142857142857143,0.0,0.8571428571428571,0.0
lexical,1025,199,6,0.5,0.0,0.6666666666666666,0.0,0.8333333333333334,0.0
lexical,1028,199,9,0.3333333333333333,0.0,0.6666666666666666,0.0,0.8888888888888888,0.0
lexical,1029,199,3,0.3333333333333333,0.0,0.6666666666666666,0.0,0.6666666666666666,0.0
lexical,1030,199,7,0.42857142857142855,0.0,0.5714285714285714,0.0,0.7142857142857143,0.0
lexical,1031,199,5,0.6,0.0,0.6,0.0,0.6,0.0
lexical,1032,199,4,0.75,0.0,1.0,1.0,1.0,1.0
lexical,1035,199,2,0.5,0.0,0.5,0.0,1.0,1.0
lexical,1036,199,6,0.5,0.0,0.6666666666666666,0.0,0.8333333333333334,0.0
lexical,1037,199,5,0.6,0.0,1.0,1.0,1.0,1.0
lexical,1039,199,4,0.75,0.0,0.75,0.0,1.0,1.0
lexical,1040,199,5,0.6,0.0,0.8,0.0,1.0,1.0
lexical,1042,199,7,0.42857142857142855,0.0,1.0,1.0,1.0,1.0
lexical,1044,199,2,0.5,0.0,0.5,0.0,0.5,0.0
lexical,1048,199,5,0.6,0.0,0.6,0.0,0.6,0.0
lexical,1057,199,6,0.3333333333333333,0.0,1.0,1.0,1.0,1.0
lexical,1058,199,4,0.5,0.0,0.5,0.0,0.5,0.0
lexical,1068,199,5,0.6,0.0,1.0,1.0,1.0,1.0
lexical,1076,199,5,0.8,0.0,1.0,1.0,1.0,1.0
lexical,1078,199,2,1.0,1.0,1.0,1.0,1.0,1.0
lexical,1079,199,2,1.0,1.0,1.0,1.0,1.0,1.0
lexical,1080,199,3,0.6666666666666666,0.0,0.6666666666666666,0.0,0.6666666666666666,0.0
lexical,1084,199,5,0.4,0.0,0.4,0.0,0.4,0.0
lexical,1088,199,5,0.6,0.0,0.6,0.0,0.6,0.0
lexical,1091,199,5,0.6,0.0,0.6,0.0,0.8,0.0
lexical,1092,199,5,0.6,0.0,0.8,0.0,0.8,0.0
lexical,1094,199,5,0.4,0.0,0.6,0.0,0.6,0.0
lexical,1096,199,5,0.4,0.0,0.6,0.0,0.6,0.0
lexical,1098,199,5,0.6,0.0,0.8,0.0,0.8,0.0
lexical,1102,199,6,0.6666666666666666,0.0,0.6666666666666666,0.0,0.6666666666666666,0.0
lexical,1103,199,5,0.6,0.0,0.6,0.0,0.6,0.0
lexical,1105,199,5,0.6,0.0,0.6,0.0,0.6,0.0
lexical,1107,199,5,0.6,0.0,0.6,0.0,0.6,0.0
lexical,1110,199,5,0.4,0.0,0.4,0.0,0.8,0.0
lexical,1113,199,5,0.4,0.0,0.4,0.0,0.6,0.0
lexical,1114,199,6,0.5,0.0,0.5,0.0,0.6666666666666666,0.0
lexical,1115,199,5,0.4,0.0,0.6,0.0,0.6,0.0
lexical,1116,199,2,1.0,1.0,1.0,1.0,1.0,1.0
lexical,1122,199,4,0.5,0.0,0.5,0.0,0.5,0.0
lexical,1124,199,4,0.5,0.0,0.75,0.0,0.75,0.0
lexical,1130,199,4,0.5,0.0,0.75,0.0,0.75,0.0
lexical,1133,199,3,1.0,1.0,1.0,1.0,1.0,1.0
lexical,1134,199,2,1.0,1.0,1.0,1.0,1.0,1.0
lexical,1135,199,3,0.6666666666666666,0.0,1.0,1.0,1.0,1.0
lexical,1136,199,3,0.6666666666666666,0.0,1.0,1.0,1.0,1.0
lexical,1139,199,6,0.5,0.0,0.6666666666666666,0.0,0.8333333333333334,0.0
lexical,1141,199,4,0.5,0.0,0.75,0.0,0.75,0.0
lexical,1144,199,5,0.6,0.0,0.8,0.0,0.8,0.0
lexical,1145,199,5,0.6,0.0,0.8,0.0,1.0,1.0
lexical,1146,199,4,1.0,1.0,1.0,1.0,1.0,1.0
lexical,1147,199,4,0.5,0.0,0.5,0.0,0.5,0.0
lexical,1148,199,5,0.6,0.0,0.6,0.0,0.6,0.0
lexical,846,94,6,0.5,0.0,0.8333333333333334,0.0,0.8333333333333334,0.0
lexical,847,94,5,0.6,0.0,0.6,0.0,0.8,0.0
lexical,850,94,4,0.5,0.0,0.5,0.0,0.75,0.0
lexical,854,94,5,0.6,0.0,0.8,0.0,1.0,1.0
lexical,857,94,5,0.6,0.0,0.8,0.0,1.0,1.0
lexical,859,94,6,0.5,0.0,0.8333333333333334,0.0,0.8333333333333334,0.0
lexical,861,94,5,0.6,0.0,0.6,0.0,0.8,0.0
lexical,862,94,7,0.2857142857142857,0.0,0.2857142857142857,0.0,0.5714285714285714,0.0
lexical,865,94,7,0.5714285714285714,0.0,0.5714285714285714,0.0,0.5714285714285714,0.0
lexical,866,94,7,0.42857142857142855,0.0,0.5714285714285714,0.0,0.7142857142857143,0.0
lexical,868,94,5,0.6,0.0,0.8,0.0,1.0,1.0
lexical,869,94,5,0.6,0.0,0.6,0.0,0.8,0.0
lexical,872,94,5,0.2,0.0,0.2,0.0,0.6,0.0
lexical,875,94,4,0.25,0.0,1.0,1.0,1.0,1.0
lexical,877,94,9,0.3333333333333333,0.0,0.5555555555555556,0.0,0.6666666666666666,0.0
lexical,879,94,4,0.5,0.0,0.5,0.0,0.75,0.0
lexical,880,94,6,0.3333333333333333,0.0,0.5,0.0,0.5,0.0
lexical,881,94,6,0.16666666666666666,0.0,0.16666666666666666,0.0,0.5,0.0
lexical,884,94,2,0.5,0.0,1.0,1.0,1.0,1.0
lexical,892,94,5,0.4,0.0,0.6,0.0,0.8,0.0
lexical,894,94,8,0.375,0.0,0.5,0.0,0.625,0.0
lexical,895,94,9,0.3333333333333333,0.0,0.4444444444444444,0.0,0.6666666666666666,0.0
lexical,896,94,7,0.5714285714285714,0.0,0.7142857142857143,0.0,0.8571428571428571,0.0
lexical,897,94,7,0.42857142857142855,0.0,0.5714285714285714,0.0,0.8571428571428571,0.0
lexical,898,94,4,1.0,1.0,1.0,1.0,1.0,1.0
lexical,901,94,7,0.7142857142857143,0.0,0.8571428571428571,0.0,1.0,1.0
lexical,902,94,8,0.375,0.0,0.5,0.0,0.875,0.0
lexical,904,94,9,0.3333333333333333,0.0,0.3333333333333333,0.0,0.6666666666666666,0.0
lexical,906,94,9,0.3333333333333333,0.0,0.4444444444444444,0.0,0.8888888888888888,0.0
lexical,909,94,4,0.5,0.0,0.75,0.0,1.0,1.0
lexical,910,94,3,1.0,1.0,1.0,1.0,1.0,1.0
lexical,912,94,2,1.0,1.0,1.0,1.0,1.0,1.0
lexical,915,94,2,0.5,0.0,1.0,1.0,1.0,1.0
lexical,928,94,10,0.3,0.0,0.6,0.0,0.6,0.0
lexical,930,94,8,0.375,0.0,0.5,0.0,0.75,0.0
lexical,931,94,5,0.2,0.0,0.2,0.0,0.6,0.0
lexical,933,94,9,0.3333333333333333,0.0,0.4444444444444444,0.0,0.7777777777777778,0.0
lexical,937,94,6,0.3333333333333333,0.0,0.5,0.0,0.6666666666666666,0.0
lexical,940,94,8,0.25,0.0,0.25,0.0,0.5,0.0
lexical,944,94,9,0.1111111111111111,0.0,0.2222222222222222,0.0,0.2222222222222222,0.0
lexical,945,94,3,1.0,1.0,1.0,1.0,1.0,1.0
lexical,948,94,4,0.5,0.0,0.75,0.0,0.75,0.0
lexical,950,94,5,0.6,0.0,0.6,0.0,0.6,0.0
lexical,951,94,5,0.4,0.0,0.4,0.0,0.8,0.0
lexical,954,94,9,0.2222222222222222,0.0,0.3333333333333333,0.0,0.6666666666666666,0.0
lexical,955,94,5,0.2,0.0,0.2,0.0,0.2,0.0
lexical,959,94,5,0.2,0.0,0.4,0.0,0.4,0.0
lexical,960,94,5,0.2,0.0,0.4,0.0,0.4,0.0
lexical,962,94,7,0.5714285714285714,0.0,0.5714285714285714,0.0,0.8571428571428571,0.0
lexical,963,94,4,0.25,0.0,0.5,0.0,0.75,0.0
lexical,964,94,2,1.0,1.0,1.0,1.0,1.0,1.0
lexical,967,94,2,0.5,0.0,1.0,1.0,1.0,1.0
lexical,971,94,3,0.3333333333333333,0.0,0.3333333333333333,0.0,0.6666666666666666,0.0
lexical,972,94,5,0.6,0.0,0.6,0.0,0.8,0.0
lexical,977,94,3,0.0,0.0,0.0,0.0,1.0,1.0
lexical,978,94,4,0.75,0.0,1.0,1.0,1.0,1.0
lexical,981,94,9,0.5555555555555556,0.0,0.6666666666666666,0.0,0.7777777777777778,0.0
lexical,988,94,7,0.42857142857142855,0.0,0.7142857142857143,0.0,0.8571428571428571,0.0
lexical,989,94,5,0.2,0.0,0.2,0.0,0.2,0.0
lexical,990,94,9,0.2222222222222222,0.0,0.3333333333333333,0.0,0.4444444444444444,0.0
lexical,717,31,6,0.3333333333333333,0.0,0.5,0.0,0.8333333333333334,0.0
lexical,994,94,9,0.3333333333333333,0.0,0.6666666666666666,0.0,0.7777777777777778,0.0
lexical,1001,94,12,0.3333333333333333,0.0,0.5833333333333334,0.0,0.75,0.0
lexical,1002,94,9,0.2222222222222222,0.0,0.5555555555555556,0.0,0.6666666666666666,0.0
lexical,1003,94,6,0.16666666666666666,0.0,0.5,0.0,0.5,0.0
lexical,1011,94,5,0.6,0.0,0.6,0.0,0.6,0.0
lexical,1014,94,6,0.3333333333333333,0.0,0.3333333333333333,0.0,0.5,0.0
lexical,719,31,6,0.3333333333333333,0.0,0.6666666666666666,0.0,0.8333333333333334,0.0
lexical,723,31,8,0.625,0.0,0.75,0.0,1.0,1.0
lexical,724,31,5,0.6,0.0,0.8,0.0,1.0,1.0
lexical,726,31,5,0.8,0.0,1.0,1.0,1.0,1.0
lexical,728,31,7,0.7142857142857143,0.0,0.7142857142857143,0.0,0.8571428571428571,0.0
lexical,730,31,9,0.4444444444444444,0.0,0.7777777777777778,0.0,0.8888888888888888,0.0
lexical,732,31,9,0.3333333333333333,0.0,0.7777777777777778,0.0,1.0,1.0
lexical,733,31,7,0.7142857142857143,0.0,0.8571428571428571,0.0,1.0,1.0
lexical,736,31,7,0.5714285714285714,0.0,0.7142857142857143,0.0,1.0,1.0
lexical,737,31,4,0.75,0.0,1.0,1.0,1.0,1.0
lexical,738,31,7,0.5714285714285714,0.0,0.8571428571428571,0.0,1.0,1.0
lexical,739,31,6,0.3333333333333333,0.0,0.5,0.0,0.8333333333333334,0.0
lexical,740,31,9,0.5555555555555556,0.0,0.7777777777777778,0.0,1.0,1.0
lexical,743,31,6,0.8333333333333334,0.0,1.0,1.0,1.0,1.0
lexical,744,31,3,0.6666666666666666,0.0,1.0,1.0,1.0,1.0
lexical,745,31,2,1.0,1.0,1.0,1.0,1.0,1.0
lexical,747,31,2,0.5,0.0,0.5,0.0,1.0,1.0
lexical,750,31,4,1.0,1.0,1.0,1.0,1.0,1.0
lexical,751,31,8,0.375,0.0,0.75,0.0,0.875,0.0
lexical,753,31,5,0.8,0.0,0.8,0.0,1.0,1.0
lexical,758,31,7,0.42857142857142855,0.0,0.7142857142857143,0.0,1.0,1.0
lexical,760,31,5,0.8,0.0,0.8,0.0,1.0,1.0
lexical,761,31,5,0.8,0.0,1.0,1.0,1.0,1.0
lexical,764,31,4,0.75,0.0,0.75,0.0,1.0,1.0
lexical,765,31,4,0.25,0.0,0.75,0.0,0.75,0.0
lexical,766,31,7,0.5714285714285714,0.0,0.8571428571428571,0.0,1.0,1.0
lexical,769,31,10,0.4,0.0,0.8,0.0,1.0,1.0
lexical,772,31,9,0.4444444444444444,0.0,0.6666666666666666,0.0,1.0,1.0
lexical,773,31,7,0.5714285714285714,0.0,1.0,1.0,1.0,1.0
lexical,775,31,7,0.5714285714285714,0.0,0.8571428571428571,0.0,1.0,1.0
lexical,779,31,4,0.5,0.0,0.5,0.0,1.0,1.0
lexical,781,31,4,0.75,0.0,1.0,1.0,1.0,1.0
lexical,782,31,5,0.6,0.0,0.8,0.0,1.0,1.0
lexical,785,31,4,1.0,1.0,1.0,1.0,1.0,1.0
lexical,786,31,5,0.6,0.0,1.0,1.0,1.0,1.0
lexical,788,31,6,0.6666666666666666,0.0,1.0,1.0,1.0,1.0
lexical,790,31,2,1.0,1.0,1.0,1.0,1.0,1.0
lexical,791,31,1,1.0,1.0,1.0,1.0,1.0,1.0
lexical,792,31,6,0.3333333333333333,0.0,0.6666666666666666,0.0,1.0,1.0
lexical,794,31,7,0.5714285714285714,0.0,1.0,1.0,1.0,1.0
lexical,796,31,7,0.5714285714285714,0.0,0.7142857142857143,0.0,1.0,1.0
lexical,797,31,5,0.6,0.0,0.8,0.0,1.0,1.0
lexical,798,31,4,0.75,0.0,1.0,1.0,1.0,1.0
lexical,800,31,4,0.75,0.0,0.75,0.0,1.0,1.0
lexical,801,31,4,0.75,0.0,1.0,1.0,1.0,1.0
lexical,806,31,4,0.75,0.0,0.75,0.0,1.0,1.0
lexical,819,31,3,1.0,1.0,1.0,1.0,1.0,1.0
lexical,822,31,7,0.42857142857142855,0.0,0.7142857142857143,0.0,1.0,1.0
lexical,824,31,6,0.3333333333333333,0.0,0.5,0.0,0.8333333333333334,0.0
lexical,825,31,8,0.375,0.0,0.625,0.0,0.875,0.0
lexical,829,31,3,0.6666666666666666,0.0,1.0,1.0,1.0,1.0
lexical,531,71,2,1.0,1.0,1.0,1.0,1.0,1.0
lexical,532,71,2,0.5,0.0,1.0,1.0,1.0,1.0
lexical,533,71,2,1.0,1.0,1.0,1.0,1.0,1.0
lexical,539,71,4,0.5,0.0,0.5,0.0,0.5,0.0
lexical,537,71,4,0.25,0.0,0.5,0.0,0.5,0.0
lexical,544,71,4,0.5,0.0,0.5,0.0,0.5,0.0
lexical,547,71,5,0.6,0.0,0.8,0.0,0.8,0.0
lexical,549,71,4,0.75,0.0,0.75,0.0,0.75,0.0
lexical,555,71,4,0.25,0.0,0.5,0.0,0.5,0.0
lexical,557,71,5,1.0,1.0,1.0,1.0,1.0,1.0
lexical,563,71,5,0.4,0.0,0.4,0.0,0.6,0.0
lexical,565,71,5,0.4,0.0,0.6,0.0,0.8,0.0
lexical,567,71,3,0.0,0.0,0.3333333333333333,0.0,0.3333333333333333,0.0
lexical,568,71,4,0.0,0.0,0.5,0.0,0.5,0.0
lexical,571,71,2,1.0,1.0,1.0,1.0,1.0,1.0
lexical,572,71,2,1.0,1.0,1.0,1.0,1.0,1.0
lexical,573,71,2,1.0,1.0,1.0,1.0,1.0,1.0
lexical,576,71,4,0.5,0.0,0.5,0.0,0.75,0.0
lexical,578,71,5,0.6,0.0,0.6,0.0,0.6,0.0
lexical,581,71,4,0.5,0.0,0.5,0.0,0.5,0.0
lexical,584,71,4,0.0,0.0,0.25,0.0,0.25,0.0
lexical,586,71,7,0.42857142857142855,0.0,0.42857142857142855,0.0,0.42857142857142855,0.0
lexical,587,71,6,0.5,0.0,0.6666666666666666,0.0,0.8333333333333334,0.0
lexical,592,71,2,1.0,1.0,1.0,1.0,1.0,1.0
lexical,595,71,6,0.5,0.0,0.5,0.0,0.5,0.0
lexical,598,71,3,1.0,1.0,1.0,1.0,1.0,1.0
lexical,604,71,4,0.5,0.0,0.5,0.0,0.75,0.0
lexical,629,71,1,1.0,1.0,1.0,1.0,1.0,1.0
lexical,633,71,5,0.2,0.0,0.8,0.0,0.8,0.0
lexical,634,71,4,0.25,0.0,0.5,0.0,0.5,0.0
lexical,637,71,5,0.4,0.0,0.4,0.0,0.6,0.0
lexical,639,71,4,0.25,0.0,0.25,0.0,0.5,0.0
lexical,640,71,4,0.25,0.0,0.5,0.0,0.5,0.0
lexical,665,71,5,0.4,0.0,0.8,0.0,0.8,0.0
lexical,669,71,4,0.25,0.0,0.5,0.0,0.5,0.0
lexical,671,71,5,0.6,0.0,0.6,0.0,0.6,0.0
lexical,672,71,4,0.75,0.0,0.75,0.0,0.75,0.0
lexical,678,71,6,0.16666666666666666,0.0,0.8333333333333334,0.0,0.8333333333333334,0.0
lexical,682,71,6,0.0,0.0,0.3333333333333333,0.0,0.5,0.0
lexical,683,71,5,0.2,0.0,0.2,0.0,0.6,0.0
lexical,685,71,7,0.42857142857142855,0.0,0.42857142857142855,0.0,0.5714285714285714,0.0
lexical,687,71,4,0.5,0.0,0.75,0.0,0.75,0.0
lexical,694,71,8,0.375,0.0,0.5,0.0,0.625,0.0
lexical,701,71,4,0.25,0.0,0.25,0.0,0.5,0.0
lexical,704,71,3,0.0,0.0,0.3333333333333333,0.0,0.3333333333333333,0.0
lexical,705,71,5,0.4,0.0,0.4,0.0,0.6,0.0
lexical,707,71,7,0.5714285714285714,0.0,0.7142857142857143,0.0,0.7142857142857143,0.0
lexical,710,71,5,0.8,0.0,0.8,0.0,1.0,1.0
lexical,716,71,4,0.75,0.0,0.75,0.0,1.0,1.0
lexical,340,115,3,1.0,1.0,1.0,1.0,1.0,1.0
lexical,341,115,4,1.0,1.0,1.0,1.0,1.0,1.0
lexical,344,115,6,0.6666666666666666,0.0,0.6666666666666666,0.0,0.6666666666666666,0.0
lexical,345,115,6,0.6666666666666666,0.0,0.6666666666666666,0.0,0.6666666666666666,0.0
lexical,346,115,7,0.5714285714285714,0.0,0.7142857142857143,0.0,0.7142857142857143,0.0
lexical,347,115,6,0.5,0.0,0.5,0.0,0.5,0.0
lexical,349,115,7,0.7142857142857143,0.0,0.8571428571428571,0.0,1.0,1.0
lexical,352,115,4,0.25,0.0,0.25,0.0,0.25,0.0
lexical,356,115,1,1.0,1.0,1.0,1.0,1.0,1.0
lexical,358,115,2,0.5,0.0,1.0,1.0,1.0,1.0
lexical,366,115,2,1.0,1.0,1.0,1.0,1.0,1.0
lexical,368,115,2,1.0,1.0,1.0,1.0,1.0,1.0
lexical,371,115,5,0.4,0.0,0.4,0.0,0.4,0.0
lexical,377,115,3,0.6666666666666666,0.0,0.6666666666666666,0.0,0.6666666666666666,0.0
lexical,379,115,2,1.0,1.0,1.0,1.0,1.0,1.0
lexical,383,115,5,0.4,0.0,0.4,0.0,0.4,0.0
lexical,391,115,5,0.4,0.0,0.6,0.0,0.6,0.0
lexical,397,115,5,0.8,0.0,0.8,0.0,0.8,0.0
lexical,402,115,3,0.6666666666666666,0.0,0.6666666666666666,0.0,0.6666666666666666,0.0
lexical,405,115,5,0.6,0.0,0.6,0.0,0.6,0.0
lexical,407,115,5,0.4,0.0,0.4,0.0,0.4,0.0
lexical,408,115,5,0.4,0.0,0.4,0.0,0.4,0.0
lexical,409,115,7,0.2857142857142857,0.0,0.2857142857142857,0.0,0.2857142857142857,0.0
lexical,412,115,9,0.4444444444444444,0.0,0.7777777777777778,0.0,0.8888888888888888,0.0
lexical,414,115,5,0.2,0.0,0.2,0.0,0.2,0.0
lexical,415,115,6,0.3333333333333333,0.0,0.3333333333333333,0.0,0.3333333333333333,0.0
lexical,416,115,5,0.4,0.0,0.4,0.0,0.4,0.0
lexical,422,115,2,1.0,1.0,1.0,1.0,1.0,1.0
lexical,424,115,2,1.0,1.0,1.0,1.0,1.0,1.0
lexical,427,115,4,0.75,0.0,1.0,1.0,1.0,1.0
lexical,440,115,2,1.0,1.0,1.0,1.0,1.0,1.0
lexical,459,115,2,1.0,1.0,1.0,1.0,1.0,1.0
lexical,462,115,5,0.4,0.0,0.4,0.0,0.4,0.0
lexical,465,115,6,0.5,0.0,0.5,0.0,0.5,0.0
lexical,466,115,5,0.6,0.0,0.6,0.0,0.6,0.0
lexical,468,115,5,0.6,0.0,0.8,0.0,0.8,0.0
lexical,469,115,5,0.6,0.0,0.6,0.0,0.6,0.0
lexical,472,115,6,0.5,0.0,0.5,0.0,0.5,0.0
lexical,473,115,4,0.5,0.0,0.75,0.0,0.75,0.0
lexical,474,115,6,0.5,0.0,0.5,0.0,0.5,0.0
lexical,477,115,4,0.5,0.0,0.5,0.0,0.5,0.0
lexical,479,115,5,0.4,0.0,0.4,0.0,0.4,0.0
lexical,480,115,5,0.2,0.0,0.6,0.0,0.6,0.0
lexical,483,115,7,0.0,0.0,0.0,0.0,0.0,0.0
lexical,484,115,8,0.125,0.0,0.125,0.0,0.125,0.0
lexical,486,115,5,0.4,0.0,0.4,0.0,0.4,0.0
lexical,487,115,6,0.5,0.0,0.5,0.0,0.5,0.0
lexical,518,115,5,0.4,0.0,0.4,0.0,0.4,0.0
lexical,522,115,6,0.3333333333333333,0.0,0.3333333333333333,0.0,0.3333333333333333,0.0
lexical,528,115,8,0.125,0.0,0.125,0.0,0.125,0.0
lexical,529,115,5,0.0,0.0,0.0,0.0,0.0,0.0
lexical,530,115,6,0.3333333333333333,0.0,0.3333333333333333,0.0,0.3333333333333333,0.0
lexical,195,11,2,1.0,1.0,1.0,1.0,1.0,1.0
lexical,197,11,4,0.75,0.0,1.0,1.0,1.0,1.0
lexical,198,11,4,1.0,1.0,1.0,1.0,1.0,1.0
lexical,200,11,4,0.75,0.0,0.75,0.0,1.0,1.0
lexical,201,11,5,0.8,0.0,1.0,1.0,1.0,1.0
lexical,206,11,4,0.5,0.0,1.0,1.0,1.0,1.0
lexical,207,11,6,0.6666666666666666,0.0,1.0,1.0,1.0,1.0
lexical,208,11,4,0.75,0.0,0.75,0.0,1.0,1.0
lexical,212,11,4,0.75,0.0,0.75,0.0,1.0,1.0
lexical,213,11,5,0.4,0.0,1.0,1.0,1.0,1.0
lexical,215,11,5,0.6,0.0,1.0,1.0,1.0,1.0
lexical,218,11,4,0.75,0.0,1.0,1.0,1.0,1.0
lexical,219,11,4,1.0,1.0,1.0,1.0,1.0,1.0
lexical,220,11,2,0.5,0.0,1.0,1.0,1.0,1.0
lexical,226,11,3,1.0,1.0,1.0,1.0,1.0,1.0
lexical,227,11,2,1.0,1.0,1.0,1.0,1.0,1.0
lexical,228,11,3,1.0,1.0,1.0,1.0,1.0,1.0
lexical,230,11,4,0.75,0.0,1.0,1.0,1.0,1.0
lexical,231,11,2,1.0,1.0,1.0,1.0,1.0,1.0
lexical,232,11,4,1.0,1.0,1.0,1.0,1.0,1.0
lexical,234,11,3,0.3333333333333333,0.0,1.0,1.0,1.0,1.0
lexical,236,11,5,0.4,0.0,1.0,1.0,1.0,1.0
lexical,239,11,2,0.5,0.0,1.0,1.0,1.0,1.0
lexical,240,11,2,0.5,0.0,1.0,1.0,1.0,1.0
lexical,242,11,4,0.5,0.0,1.0,1.0,1.0,1.0
lexical,243,11,4,0.75,0.0,1.0,1.0,1.0,1.0
lexical,244,11,4,1.0,1.0,1.0,1.0,1.0,1.0
lexical,245,11,4,0.5,0.0,1.0,1.0,1.0,1.0
lexical,247,11,3,0.6666666666666666,0.0,1.0,1.0,1.0,1.0
lexical,248,11,6,0.6666666666666666,0.0,1.0,1.0,1.0,1.0
lexical,249,11,4,0.5,0.0,1.0,1.0,1.0,1.0
lexical,253,11,6,0.6666666666666666,0.0,1.0,1.0,1.0,1.0
lexical,255,11,5,1.0,1.0,1.0,1.0,1.0,1.0
lexical,260,11,4,0.75,0.0,1.0,1.0,1.0,1.0
lexical,263,11,6,0.6666666666666666,0.0,1.0,1.0,1.0,1.0
lexical,268,11,4,0.5,0.0,1.0,1.0,1.0,1.0
lexical,273,11,4,0.75,0.0,0.75,0.0,1.0,1.0
lexical,281,11,5,1.0,1.0,1.0,1.0,1.0,1.0
lexical,282,11,5,0.8,0.0,1.0,1.0,1.0,1.0
lexical,327,11,4,1.0,1.0,1.0,1.0,1.0,1.0
lexical,5,89,5,0.4,0.0,0.4,0.0,0.4,0.0
lexical,11,89,5,0.4,0.0,0.6,0.0,0.8,0.0
lexical,12,89,7,0.2857142857142857,0.0,0.5714285714285714,0.0,0.5714285714285714,0.0
lexical,17,89,5,0.2,0.0,0.2,0.0,0.2,0.0
lexical,23,89,6,0.6666666666666666,0.0,0.8333333333333334,0.0,0.8333333333333334,0.0
lexical,24,89,7,0.14285714285714285,0.0,0.2857142857142857,0.0,0.2857142857142857,0.0
lexical,25,89,7,0.2857142857142857,0.0,0.2857142857142857,0.0,0.2857142857142857,0.0
lexical,26,89,11,0.36363636363636365,0.0,0.5454545454545454,0.0,0.7272727272727273,0.0
lexical,27,89,7,0.42857142857142855,0.0,0.42857142857142855,0.0,0.42857142857142855,0.0
lexical,28,89,7,0.2857142857142857,0.0,0.42857142857142855,0.0,0.5714285714285714,0.0
lexical,31,89,5,0.4,0.0,0.6,0.0,0.8,0.0
lexical,32,89,5,0.4,0.0,0.6,0.0,1.0,1.0
lexical,37,89,9,0.3333333333333333,0.0,0.6666666666666666,0.0,0.6666666666666666,0.0
lexical,36,89,10,0.1,0.0,0.1,0.0,0.1,0.0
lexical,39,89,5,0.4,0.0,0.4,0.0,0.4,0.0
lexical,40,89,6,0.16666666666666666,0.0,0.16666666666666666,0.0,0.16666666666666666,0.0
lexical,41,89,7,0.2857142857142857,0.0,0.42857142857142855,0.0,0.42857142857142855,0.0
lexical,45,89,6,0.3333333333333333,0.0,0.3333333333333333,0.0,0.3333333333333333,0.0
lexical,46,89,5,0.4,0.0,0.6,0.0,0.6,0.0
lexical,47,89,4,0.75,0.0,0.75,0.0,0.75,0.0
lexical,48,89,4,0.75,0.0,1.0,1.0,1.0,1.0
lexical,50,89,6,0.16666666666666666,0.0,0.16666666666666666,0.0,0.16666666666666666,0.0
lexical,62,89,7,0.42857142857142855,0.0,0.5714285714285714,0.0,0.8571428571428571,0.0
lexical,72,89,7,0.5714285714285714,0.0,0.7142857142857143,0.0,0.8571428571428571,0.0
lexical,77,89,7,0.2857142857142857,0.0,0.42857142857142855,0.0,0.7142857142857143,0.0
lexical,79,89,2,1.0,1.0,1.0,1.0,1.0,1.0
lexical,82,89,3,0.6666666666666666,0.0,0.6666666666666666,0.0,0.6666666666666666,0.0
lexical,83,89,5,0.6,0.0,0.6,0.0,0.6,0.0
lexical,85,89,6,0.16666666666666666,0.0,0.5,0.0,0.5,0.0
lexical,87,89,9,0.4444444444444444,0.0,0.5555555555555556,0.0,0.5555555555555556,0.0
lexical,89,55,5,0.8,0.0,0.8,0.0,1.0,1.0
lexical,92,55,4,0.5,0.0,0.5,0.0,1.0,1.0
lexical,93,55,6,0.6666666666666666,0.0,0.6666666666666666,0.0,0.8333333333333334,0.0
lexical,94,55,9,0.2222222222222222,0.0,0.4444444444444444,0.0,0.8888888888888888,0.0
lexical,95,55,8,0.375,0.0,0.625,0.0,0.625,0.0
lexical,98,55,5,0.4,0.0,0.4,0.0,1.0,1.0
lexical,99,55,5,0.8,0.0,1.0,1.0,1.0,1.0
lexical,100,55,6,0.16666666666666666,0.0,0.3333333333333333,0.0,0.8333333333333334,0.0
lexical,112,55,9,0.3333333333333333,0.0,0.6666666666666666,0.0,0.6666666666666666,0.0
lexical,115,55,6,0.5,0.0,0.5,0.0,0.8333333333333334,0.0
lexical,116,55,6,0.3333333333333333,0.0,0.5,0.0,0.8333333333333334,0.0
lexical,117,55,2,1.0,1.0,1.0,1.0,1.0,1.0
lexical,118,55,3,1.0,1.0,1.0,1.0,1.0,1.0
lexical,125,55,7,0.42857142857142855,0.0,0.5714285714285714,0.0,0.5714285714285714,0.0
lexical,128,55,5,0.4,0.0,0.4,0.0,0.8,0.0
lexical,136,55,5,0.6,0.0,0.8,0.0,0.8,0.0
lexical,137,55,5,0.2,0.0,0.6,0.0,0.8,0.0
lexical,138,55,5,0.4,0.0,0.4,0.0,1.0,1.0
lexical,129,55,9,0.1111111111111111,0.0,0.2222222222222222,0.0,0.2222222222222222,0.0
lexical,145,55,7,0.0,0.0,0.0,0.0,0.5714285714285714,0.0
lexical,149,55,6,0.5,0.0,0.8333333333333334,0.0,0.8333333333333334,0.0
lexical,152,55,4,0.5,0.0,0.5,0.0,0.75,0.0
lexical,159,55,7,0.42857142857142855,0.0,0.42857142857142855,0.0,0.8571428571428571,0.0
lexical,168,55,5,0.6,0.0,0.6,0.0,0.8,0.0
lexical,169,55,9,0.3333333333333333,0.0,0.4444444444444444,0.0,0.6666666666666666,0.0
lexical,173,55,5,0.4,0.0,0.6,0.0,0.8,0.0
lexical,186,55,6,0.3333333333333333,0.0,0.5,0.0,1.0,1.0
lexical,189,55,10,0.4,0.0,0.5,0.0,0.7,0.0
lexical,192,55,5,0.4,0.0,0.4,0.0,1.0,1.0
lexical,194,55,7,0.7142857142857143,0.0,0.8571428571428571,0.0,1.0,1.0
embed_bge_small,1471,21,1,1.0,1.0,1.0,1.0,1.0,1.0
embed_bge_small,1472,21,5,0.6,0.0,0.6,0.0,1.0,1.0
embed_bge_small,1473,21,5,0.8,0.0,1.0,1.0,1.0,1.0
embed_bge_small,1476,21,5,0.8,0.0,0.8,0.0,1.0,1.0
embed_bge_small,1479,21,5,0.6,0.0,0.6,0.0,1.0,1.0
embed_bge_small,1480,21,5,0.6,0.0,0.6,0.0,1.0,1.0
embed_bge_small,1481,21,6,0.8333333333333334,0.0,0.8333333333333334,0.0,1.0,1.0
embed_bge_small,1482,21,6,0.6666666666666666,0.0,0.8333333333333334,0.0,1.0,1.0
embed_bge_small,1483,21,3,1.0,1.0,1.0,1.0,1.0,1.0
embed_bge_small,1484,21,2,1.0,1.0,1.0,1.0,1.0,1.0
embed_bge_small,1486,21,2,0.5,0.0,1.0,1.0,1.0,1.0
embed_bge_small,1490,21,4,0.75,0.0,1.0,1.0,1.0,1.0
embed_bge_small,1493,21,3,1.0,1.0,1.0,1.0,1.0,1.0
embed_bge_small,1498,21,2,1.0,1.0,1.0,1.0,1.0,1.0
embed_bge_small,1500,21,4,0.75,0.0,1.0,1.0,1.0,1.0
embed_bge_small,1501,21,4,0.75,0.0,1.0,1.0,1.0,1.0
embed_bge_small,1505,21,4,0.5,0.0,1.0,1.0,1.0,1.0
embed_bge_small,1506,21,6,0.5,0.0,1.0,1.0,1.0,1.0
embed_bge_small,1507,21,4,0.5,0.0,0.75,0.0,1.0,1.0
embed_bge_small,1509,21,5,0.6,0.0,0.8,0.0,1.0,1.0
embed_bge_small,1514,21,7,0.42857142857142855,0.0,0.7142857142857143,0.0,1.0,1.0
embed_bge_small,1515,21,5,0.6,0.0,1.0,1.0,1.0,1.0
embed_bge_small,1521,21,6,0.8333333333333334,0.0,0.8333333333333334,0.0,1.0,1.0
embed_bge_small,1524,21,5,0.6,0.0,1.0,1.0,1.0,1.0
embed_bge_small,1525,21,4,0.5,0.0,0.75,0.0,1.0,1.0
embed_bge_small,1526,21,8,0.375,0.0,0.75,0.0,1.0,1.0
embed_bge_small,1528,21,2,0.5,0.0,0.5,0.0,1.0,1.0
embed_bge_small,1529,21,4,0.75,0.0,1.0,1.0,1.0,1.0
embed_bge_small,1531,21,5,1.0,1.0,1.0,1.0,1.0,1.0
embed_bge_small,1533,21,7,0.5714285714285714,0.0,0.8571428571428571,0.0,1.0,1.0
embed_bge_small,1312,48,5,0.8,0.0,1.0,1.0,1.0,1.0
embed_bge_small,1317,48,6,0.5,0.0,0.5,0.0,1.0,1.0
embed_bge_small,1322,48,4,1.0,1.0,1.0,1.0,1.0,1.0
embed_bge_small,1323,48,4,0.75,0.0,1.0,1.0,1.0,1.0
embed_bge_small,1331,48,4,0.5,0.0,0.5,0.0,0.75,0.0
embed_bge_small,1334,48,5,0.4,0.0,0.6,0.0,0.8,0.0
embed_bge_small,1338,48,7,0.2857142857142857,0.0,0.5714285714285714,0.0,1.0,1.0
embed_bge_small,1339,48,7,0.42857142857142855,0.0,0.42857142857142855,0.0,0.5714285714285714,0.0
embed_bge_small,1340,48,4,0.5,0.0,0.75,0.0,1.0,1.0
embed_bge_small,1344,48,3,0.3333333333333333,0.0,0.6666666666666666,0.0,0.6666666666666666,0.0
embed_bge_small,1346,48,3,1.0,1.0,1.0,1.0,1.0,1.0
embed_bge_small,1350,48,5,0.4,0.0,0.6,0.0,0.8,0.0
embed_bge_small,1351,48,5,0.8,0.0,1.0,1.0,1.0,1.0
embed_bge_small,1352,48,5,0.6,0.0,0.8,0.0,1.0,1.0
embed_bge_small,1356,48,4,0.75,0.0,0.75,0.0,1.0,1.0
embed_bge_small,1357,48,6,0.5,0.0,0.8333333333333334,0.0,1.0,1.0
embed_bge_small,1359,48,6,0.5,0.0,0.5,0.0,0.6666666666666666,0.0
embed_bge_small,1361,48,2,1.0,1.0,1.0,1.0,1.0,1.0
embed_bge_small,1362,48,3,1.0,1.0,1.0,1.0,1.0,1.0
embed_bge_small,1368,48,4,0.75,0.0,1.0,1.0,1.0,1.0
embed_bge_small,1371,48,4,0.75,0.0,1.0,1.0,1.0,1.0
embed_bge_small,1375,48,5,0.6,0.0,0.8,0.0,1.0,1.0
embed_bge_small,1376,48,6,0.5,0.0,0.6666666666666666,0.0,1.0,1.0
embed_bge_small,1378,48,2,1.0,1.0,1.0,1.0,1.0,1.0
embed_bge_small,1380,48,2,0.5,0.0,1.0,1.0,1.0,1.0
embed_bge_small,1381,48,5,0.6,0.0,0.8,0.0,1.0,1.0
embed_bge_small,1387,48,9,0.3333333333333333,0.0,0.5555555555555556,0.0,0.8888888888888888,0.0
embed_bge_small,1389,48,6,0.5,0.0,0.6666666666666666,0.0,1.0,1.0
embed_bge_small,1390,48,6,0.3333333333333333,0.0,0.5,0.0,0.8333333333333334,0.0
embed_bge_small,1392,48,3,0.3333333333333333,0.0,0.6666666666666666,0.0,1.0,1.0
embed_bge_small,1394,48,4,0.5,0.0,0.75,0.0,1.0,1.0
embed_bge_small,1398,48,5,0.6,0.0,1.0,1.0,1.0,1.0
embed_bge_small,1399,48,7,0.5714285714285714,0.0,0.8571428571428571,0.0,1.0,1.0
embed_bge_small,1401,48,7,0.5714285714285714,0.0,0.7142857142857143,0.0,1.0,1.0
embed_bge_small,1403,48,5,0.8,0.0,1.0,1.0,1.0,1.0
embed_bge_small,1404,48,8,0.25,0.0,0.625,0.0,1.0,1.0
embed_bge_small,1405,48,5,0.6,0.0,0.8,0.0,1.0,1.0
embed_bge_small,1409,48,2,1.0,1.0,1.0,1.0,1.0,1.0
embed_bge_small,1410,48,5,0.8,0.0,1.0,1.0,1.0,1.0
embed_bge_small,1411,48,5,0.2,0.0,0.4,0.0,0.8,0.0
embed_bge_small,1422,48,2,0.5,0.0,0.5,0.0,1.0,1.0
embed_bge_small,1426,48,7,0.7142857142857143,0.0,1.0,1.0,1.0,1.0
embed_bge_small,1427,48,6,0.3333333333333333,0.0,0.5,0.0,0.8333333333333334,0.0
embed_bge_small,1432,48,6,0.5,0.0,0.8333333333333334,0.0,1.0,1.0
embed_bge_small,1435,48,4,1.0,1.0,1.0,1.0,1.0,1.0
embed_bge_small,1457,48,8,0.25,0.0,0.75,0.0,0.875,0.0
embed_bge_small,1460,48,6,0.3333333333333333,0.0,0.8333333333333334,0.0,0.8333333333333334,0.0
embed_bge_small,1464,48,6,0.3333333333333333,0.0,0.5,0.0,0.5,0.0
embed_bge_small,1149,64,2,1.0,1.0,1.0,1.0,1.0,1.0
embed_bge_small,1150,64,2,1.0,1.0,1.0,1.0,1.0,1.0
embed_bge_small,1152,64,2,1.0,1.0,1.0,1.0,1.0,1.0
embed_bge_small,1153,64,4,0.5,0.0,0.75,0.0,1.0,1.0
embed_bge_small,1155,64,5,0.8,0.0,0.8,0.0,1.0,1.0
embed_bge_small,1156,64,4,0.5,0.0,0.75,0.0,0.75,0.0
embed_bge_small,1157,64,5,0.6,0.0,0.8,0.0,1.0,1.0
embed_bge_small,1162,64,3,1.0,1.0,1.0,1.0,1.0,1.0
embed_bge_small,1164,64,5,0.4,0.0,0.6,0.0,0.6,0.0
embed_bge_small,1166,64,5,0.6,0.0,0.8,0.0,1.0,1.0
embed_bge_small,1168,64,6,0.6666666666666666,0.0,0.8333333333333334,0.0,1.0,1.0
embed_bge_small,1169,64,4,0.5,0.0,0.75,0.0,0.75,0.0
embed_bge_small,1171,64,4,0.5,0.0,0.5,0.0,1.0,1.0
embed_bge_small,1175,64,6,0.6666666666666666,0.0,0.8333333333333334,0.0,0.8333333333333334,0.0
embed_bge_small,1179,64,7,0.14285714285714285,0.0,0.2857142857142857,0.0,0.5714285714285714,0.0
embed_bge_small,1185,64,5,0.6,0.0,0.6,0.0,0.8,0.0
embed_bge_small,1187,64,4,0.5,0.0,0.75,0.0,0.75,0.0
embed_bge_small,1189,64,4,0.75,0.0,0.75,0.0,0.75,0.0
embed_bge_small,1192,64,5,0.4,0.0,0.4,0.0,0.4,0.0
embed_bge_small,1195,64,6,0.3333333333333333,0.0,0.5,0.0,0.6666666666666666,0.0
embed_bge_small,1198,64,3,0.6666666666666666,0.0,1.0,1.0,1.0,1.0
embed_bge_small,1201,64,4,1.0,1.0,1.0,1.0,1.0,1.0
embed_bge_small,1205,64,4,0.75,0.0,0.75,0.0,1.0,1.0
embed_bge_small,1208,64,4,0.75,0.0,0.75,0.0,1.0,1.0
embed_bge_small,1209,64,5,0.6,0.0,0.6,0.0,0.8,0.0
embed_bge_small,1220,64,5,0.6,0.0,0.8,0.0,0.8,0.0
embed_bge_small,1225,64,4,0.5,0.0,0.75,0.0,1.0,1.0
embed_bge_small,1227,64,5,0.6,0.0,0.6,0.0,0.8,0.0
embed_bge_small,1229,64,4,0.5,0.0,0.5,0.0,0.75,0.0
embed_bge_small,1231,64,5,0.6,0.0,0.8,0.0,0.8,0.0
embed_bge_small,1232,64,6,0.3333333333333333,0.0,0.8333333333333334,0.0,1.0,1.0
embed_bge_small,1235,64,5,0.8,0.0,0.8,0.0,1.0,1.0
embed_bge_small,1238,64,6,0.6666666666666666,0.0,0.8333333333333334,0.0,1.0,1.0
embed_bge_small,1239,64,4,0.75,0.0,1.0,1.0,1.0,1.0
embed_bge_small,1241,64,3,0.3333333333333333,0.0,0.3333333333333333,0.0,0.6666666666666666,0.0
embed_bge_small,1242,64,5,0.4,0.0,0.6,0.0,0.6,0.0
embed_bge_small,1243,64,5,0.6,0.0,0.8,0.0,0.8,0.0
embed_bge_small,1247,64,5,0.6,0.0,0.6,0.0,0.6,0.0
embed_bge_small,1251,64,3,0.3333333333333333,0.0,0.3333333333333333,0.0,0.6666666666666666,0.0
embed_bge_small,1252,64,5,0.2,0.0,0.2,0.0,0.6,0.0
embed_bge_small,1254,64,4,0.25,0.0,0.75,0.0,0.75,0.0
embed_bge_small,1255,64,4,0.5,0.0,0.5,0.0,0.75,0.0
embed_bge_small,1256,64,4,0.75,0.0,0.75,0.0,0.75,0.0
embed_bge_small,1257,64,4,0.75,0.0,0.75,0.0,1.0,1.0
embed_bge_small,1265,64,4,0.5,0.0,0.75,0.0,0.75,0.0
embed_bge_small,1267,64,4,0.25,0.0,0.5,0.0,0.5,0.0
embed_bge_small,1270,64,6,0.5,0.0,0.6666666666666666,0.0,0.6666666666666666,0.0
embed_bge_small,1275,64,5,0.6,0.0,0.6,0.0,0.8,0.0
embed_bge_small,1281,64,4,0.25,0.0,0.5,0.0,0.75,0.0
embed_bge_small,1302,64,7,0.14285714285714285,0.0,0.14285714285714285,0.0,0.2857142857142857,0.0
embed_bge_small,1025,199,6,0.6666666666666666,0.0,0.8333333333333334,0.0,1.0,1.0
embed_bge_small,1028,199,9,0.4444444444444444,0.0,0.5555555555555556,0.0,0.7777777777777778,0.0
embed_bge_small,1029,199,3,0.0,0.0,0.0,0.0,0.0,0.0
embed_bge_small,1030,199,7,0.42857142857142855,0.0,0.5714285714285714,0.0,0.5714285714285714,0.0
embed_bge_small,1031,199,5,0.4,0.0,0.6,0.0,0.6,0.0
embed_bge_small,1032,199,4,0.75,0.0,0.75,0.0,0.75,0.0
embed_bge_small,1035,199,2,1.0,1.0,1.0,1.0,1.0,1.0
embed_bge_small,1036,199,6,0.3333333333333333,0.0,0.5,0.0,0.6666666666666666,0.0
embed_bge_small,1037,199,5,0.2,0.0,0.2,0.0,0.4,0.0
embed_bge_small,1039,199,4,0.25,0.0,0.5,0.0,0.5,0.0
embed_bge_small,1040,199,5,0.4,0.0,0.6,0.0,0.6,0.0
embed_bge_small,1042,199,7,0.5714285714285714,0.0,0.8571428571428571,0.0,0.8571428571428571,0.0
embed_bge_small,1044,199,2,1.0,1.0,1.0,1.0,1.0,1.0
embed_bge_small,1048,199,5,0.2,0.0,0.2,0.0,0.2,0.0
embed_bge_small,1057,199,6,0.16666666666666666,0.0,0.16666666666666666,0.0,0.16666666666666666,0.0
embed_bge_small,1058,199,4,0.5,0.0,0.5,0.0,0.5,0.0
embed_bge_small,1068,199,5,0.6,0.0,0.6,0.0,0.6,0.0
embed_bge_small,1076,199,5,0.2,0.0,0.2,0.0,0.2,0.0
embed_bge_small,1078,199,2,0.5,0.0,0.5,0.0,1.0,1.0
embed_bge_small,1079,199,2,1.0,1.0,1.0,1.0,1.0,1.0
embed_bge_small,1080,199,3,0.3333333333333333,0.0,0.3333333333333333,0.0,0.6666666666666666,0.0
embed_bge_small,1084,199,5,0.6,0.0,0.6,0.0,0.6,0.0
embed_bge_small,1088,199,5,0.4,0.0,0.4,0.0,0.6,0.0
embed_bge_small,1091,199,5,0.4,0.0,0.6,0.0,0.6,0.0
embed_bge_small,1092,199,5,0.8,0.0,0.8,0.0,0.8,0.0
embed_bge_small,1094,199,5,0.2,0.0,0.2,0.0,0.4,0.0
embed_bge_small,1096,199,5,0.4,0.0,0.4,0.0,0.4,0.0
embed_bge_small,1098,199,5,0.4,0.0,0.6,0.0,0.6,0.0
embed_bge_small,1102,199,6,0.6666666666666666,0.0,0.6666666666666666,0.0,0.6666666666666666,0.0
embed_bge_small,1103,199,5,0.6,0.0,0.6,0.0,0.6,0.0
embed_bge_small,1105,199,5,0.2,0.0,0.2,0.0,0.2,0.0
embed_bge_small,1107,199,5,0.4,0.0,0.4,0.0,0.4,0.0
embed_bge_small,1110,199,5,0.2,0.0,0.2,0.0,0.4,0.0
embed_bge_small,1113,199,5,0.4,0.0,0.4,0.0,0.6,0.0
embed_bge_small,1114,199,6,0.5,0.0,0.5,0.0,0.5,0.0
embed_bge_small,1115,199,5,0.2,0.0,0.4,0.0,0.4,0.0
embed_bge_small,1116,199,2,1.0,1.0,1.0,1.0,1.0,1.0
embed_bge_small,1122,199,4,0.5,0.0,0.5,0.0,0.5,0.0
embed_bge_small,1124,199,4,0.25,0.0,0.5,0.0,0.5,0.0
embed_bge_small,1130,199,4,0.5,0.0,0.5,0.0,0.5,0.0
embed_bge_small,1133,199,3,0.6666666666666666,0.0,1.0,1.0,1.0,1.0
embed_bge_small,1134,199,2,1.0,1.0,1.0,1.0,1.0,1.0
embed_bge_small,1135,199,3,0.6666666666666666,0.0,1.0,1.0,1.0,1.0
embed_bge_small,1136,199,3,0.6666666666666666,0.0,0.6666666666666666,0.0,0.6666666666666666,0.0
embed_bge_small,1139,199,6,0.3333333333333333,0.0,0.3333333333333333,0.0,0.5,0.0
embed_bge_small,1141,199,4,0.5,0.0,0.5,0.0,0.5,0.0
embed_bge_small,1144,199,5,0.6,0.0,0.6,0.0,0.6,0.0
embed_bge_small,1145,199,5,0.8,0.0,0.8,0.0,0.8,0.0
embed_bge_small,1146,199,4,0.5,0.0,0.5,0.0,0.75,0.0
embed_bge_small,1147,199,4,0.5,0.0,0.5,0.0,0.5,0.0
embed_bge_small,1148,199,5,0.4,0.0,0.4,0.0,0.4,0.0
embed_bge_small,846,94,6,0.5,0.0,0.5,0.0,0.8333333333333334,0.0
embed_bge_small,847,94,5,0.6,0.0,0.6,0.0,0.8,0.0
embed_bge_small,850,94,4,0.5,0.0,0.75,0.0,0.75,0.0
embed_bge_small,854,94,5,0.4,0.0,0.6,0.0,0.6,0.0
embed_bge_small,857,94,5,0.0,0.0,0.0,0.0,0.0,0.0
embed_bge_small,859,94,6,0.16666666666666666,0.0,0.5,0.0,0.5,0.0
embed_bge_small,861,94,5,0.6,0.0,0.6,0.0,0.6,0.0
embed_bge_small,862,94,7,0.2857142857142857,0.0,0.42857142857142855,0.0,0.5714285714285714,0.0
embed_bge_small,865,94,7,0.14285714285714285,0.0,0.2857142857142857,0.0,0.42857142857142855,0.0
embed_bge_small,866,94,7,0.2857142857142857,0.0,0.42857142857142855,0.0,0.5714285714285714,0.0
embed_bge_small,868,94,5,0.0,0.0,0.2,0.0,0.4,0.0
embed_bge_small,869,94,5,0.2,0.0,0.4,0.0,0.4,0.0
embed_bge_small,872,94,5,0.0,0.0,0.4,0.0,0.6,0.0
embed_bge_small,875,94,4,0.75,0.0,0.75,0.0,1.0,1.0
embed_bge_small,877,94,9,0.1111111111111111,0.0,0.1111111111111111,0.0,0.2222222222222222,0.0
embed_bge_small,879,94,4,0.5,0.0,0.5,0.0,0.5,0.0
embed_bge_small,880,94,6,0.16666666666666666,0.0,0.3333333333333333,0.0,0.5,0.0
embed_bge_small,881,94,6,0.16666666666666666,0.0,0.3333333333333333,0.0,0.5,0.0
embed_bge_small,884,94,2,1.0,1.0,1.0,1.0,1.0,1.0
embed_bge_small,892,94,5,0.6,0.0,0.6,0.0,0.8,0.0
embed_bge_small,894,94,8,0.25,0.0,0.375,0.0,0.5,0.0
embed_bge_small,895,94,9,0.2222222222222222,0.0,0.2222222222222222,0.0,0.5555555555555556,0.0
embed_bge_small,896,94,7,0.2857142857142857,0.0,0.2857142857142857,0.0,0.42857142857142855,0.0
embed_bge_small,897,94,7,0.5714285714285714,0.0,0.7142857142857143,0.0,0.7142857142857143,0.0
embed_bge_small,898,94,4,1.0,1.0,1.0,1.0,1.0,1.0
embed_bge_small,901,94,7,0.42857142857142855,0.0,0.5714285714285714,0.0,0.5714285714285714,0.0
embed_bge_small,902,94,8,0.375,0.0,0.375,0.0,0.625,0.0
embed_bge_small,904,94,9,0.2222222222222222,0.0,0.4444444444444444,0.0,0.5555555555555556,0.0
embed_bge_small,906,94,9,0.2222222222222222,0.0,0.4444444444444444,0.0,0.6666666666666666,0.0
embed_bge_small,909,94,4,0.25,0.0,0.5,0.0,0.5,0.0
embed_bge_small,910,94,3,1.0,1.0,1.0,1.0,1.0,1.0
embed_bge_small,912,94,2,1.0,1.0,1.0,1.0,1.0,1.0
embed_bge_small,915,94,2,1.0,1.0,1.0,1.0,1.0,1.0
embed_bge_small,928,94,10,0.3,0.0,0.5,0.0,0.7,0.0
embed_bge_small,930,94,8,0.25,0.0,0.375,0.0,0.75,0.0
embed_bge_small,931,94,5,0.2,0.0,0.6,0.0,0.6,0.0
embed_bge_small,933,94,9,0.4444444444444444,0.0,0.4444444444444444,0.0,0.6666666666666666,0.0
embed_bge_small,937,94,6,0.3333333333333333,0.0,0.5,0.0,0.8333333333333334,0.0
embed_bge_small,940,94,8,0.25,0.0,0.375,0.0,0.5,0.0
embed_bge_small,944,94,9,0.0,0.0,0.1111111111111111,0.0,0.2222222222222222,0.0
embed_bge_small,945,94,3,0.6666666666666666,0.0,1.0,1.0,1.0,1.0
embed_bge_small,948,94,4,0.5,0.0,0.5,0.0,0.75,0.0
embed_bge_small,950,94,5,0.4,0.0,0.4,0.0,0.4,0.0
embed_bge_small,951,94,5,0.2,0.0,0.6,0.0,0.6,0.0
embed_bge_small,954,94,9,0.2222222222222222,0.0,0.2222222222222222,0.0,0.3333333333333333,0.0
embed_bge_small,955,94,5,0.2,0.0,0.2,0.0,0.6,0.0
embed_bge_small,959,94,5,0.2,0.0,0.4,0.0,0.8,0.0
embed_bge_small,960,94,5,0.2,0.0,0.6,0.0,1.0,1.0
embed_bge_small,962,94,7,0.42857142857142855,0.0,0.42857142857142855,0.0,0.5714285714285714,0.0
embed_bge_small,963,94,4,0.25,0.0,0.5,0.0,0.75,0.0
embed_bge_small,964,94,2,1.0,1.0,1.0,1.0,1.0,1.0
embed_bge_small,967,94,2,1.0,1.0,1.0,1.0,1.0,1.0
embed_bge_small,971,94,3,1.0,1.0,1.0,1.0,1.0,1.0
embed_bge_small,972,94,5,0.0,0.0,0.0,0.0,0.2,0.0
embed_bge_small,977,94,3,0.3333333333333333,0.0,0.3333333333333333,0.0,0.6666666666666666,0.0
embed_bge_small,978,94,4,1.0,1.0,1.0,1.0,1.0,1.0
embed_bge_small,981,94,9,0.4444444444444444,0.0,0.6666666666666666,0.0,0.7777777777777778,0.0
embed_bge_small,988,94,7,0.42857142857142855,0.0,0.5714285714285714,0.0,0.8571428571428571,0.0
embed_bge_small,989,94,5,0.0,0.0,0.4,0.0,0.8,0.0
embed_bge_small,990,94,9,0.1111111111111111,0.0,0.1111111111111111,0.0,0.4444444444444444,0.0
embed_bge_small,717,31,6,0.5,0.0,0.6666666666666666,0.0,1.0,1.0
embed_bge_small,994,94,9,0.1111111111111111,0.0,0.4444444444444444,0.0,0.5555555555555556,0.0
embed_bge_small,1001,94,12,0.3333333333333333,0.0,0.3333333333333333,0.0,0.6666666666666666,0.0
embed_bge_small,1002,94,9,0.2222222222222222,0.0,0.4444444444444444,0.0,0.6666666666666666,0.0
embed_bge_small,1003,94,6,0.16666666666666666,0.0,0.3333333333333333,0.0,0.5,0.0
embed_bge_small,1011,94,5,0.0,0.0,0.4,0.0,0.8,0.0
embed_bge_small,1014,94,6,0.16666666666666666,0.0,0.3333333333333333,0.0,0.5,0.0
embed_bge_small,719,31,6,0.3333333333333333,0.0,0.6666666666666666,0.0,1.0,1.0
embed_bge_small,723,31,8,0.5,0.0,0.5,0.0,1.0,1.0
embed_bge_small,724,31,5,0.6,0.0,0.8,0.0,1.0,1.0
embed_bge_small,726,31,5,0.6,0.0,0.8,0.0,1.0,1.0
embed_bge_small,728,31,7,0.14285714285714285,0.0,0.5714285714285714,0.0,0.8571428571428571,0.0
embed_bge_small,730,31,9,0.3333333333333333,0.0,0.5555555555555556,0.0,1.0,1.0
embed_bge_small,732,31,9,0.4444444444444444,0.0,0.7777777777777778,0.0,1.0,1.0
embed_bge_small,733,31,7,0.2857142857142857,0.0,0.5714285714285714,0.0,1.0,1.0
embed_bge_small,736,31,7,0.2857142857142857,0.0,0.42857142857142855,0.0,0.8571428571428571,0.0
embed_bge_small,737,31,4,0.5,0.0,0.5,0.0,1.0,1.0
embed_bge_small,738,31,7,0.2857142857142857,0.0,0.42857142857142855,0.0,1.0,1.0
embed_bge_small,739,31,6,0.5,0.0,0.6666666666666666,0.0,1.0,1.0
embed_bge_small,740,31,9,0.2222222222222222,0.0,0.5555555555555556,0.0,0.7777777777777778,0.0
embed_bge_small,743,31,6,0.3333333333333333,0.0,0.3333333333333333,0.0,0.8333333333333334,0.0
embed_bge_small,744,31,3,0.6666666666666666,0.0,1.0,1.0,1.0,1.0
embed_bge_small,745,31,2,1.0,1.0,1.0,1.0,1.0,1.0
embed_bge_small,747,31,2,1.0,1.0,1.0,1.0,1.0,1.0
embed_bge_small,750,31,4,0.75,0.0,0.75,0.0,1.0,1.0
embed_bge_small,751,31,8,0.375,0.0,0.625,0.0,1.0,1.0
embed_bge_small,753,31,5,0.4,0.0,0.6,0.0,1.0,1.0
embed_bge_small,758,31,7,0.42857142857142855,0.0,0.42857142857142855,0.0,1.0,1.0
embed_bge_small,760,31,5,0.6,0.0,0.6,0.0,1.0,1.0
embed_bge_small,761,31,5,0.6,0.0,0.6,0.0,1.0,1.0
embed_bge_small,764,31,4,1.0,1.0,1.0,1.0,1.0,1.0
embed_bge_small,765,31,4,0.75,0.0,1.0,1.0,1.0,1.0
embed_bge_small,766,31,7,0.5714285714285714,0.0,0.8571428571428571,0.0,1.0,1.0
embed_bge_small,769,31,10,0.3,0.0,0.4,0.0,0.8,0.0
embed_bge_small,772,31,9,0.4444444444444444,0.0,0.6666666666666666,0.0,1.0,1.0
embed_bge_small,773,31,7,0.42857142857142855,0.0,0.7142857142857143,0.0,1.0,1.0
embed_bge_small,775,31,7,0.5714285714285714,0.0,1.0,1.0,1.0,1.0
embed_bge_small,779,31,4,0.75,0.0,1.0,1.0,1.0,1.0
embed_bge_small,781,31,4,1.0,1.0,1.0,1.0,1.0,1.0
embed_bge_small,782,31,5,0.6,0.0,1.0,1.0,1.0,1.0
embed_bge_small,785,31,4,0.5,0.0,0.75,0.0,1.0,1.0
embed_bge_small,786,31,5,0.8,0.0,1.0,1.0,1.0,1.0
embed_bge_small,788,31,6,0.5,0.0,0.6666666666666666,0.0,1.0,1.0
embed_bge_small,790,31,2,1.0,1.0,1.0,1.0,1.0,1.0
embed_bge_small,791,31,1,1.0,1.0,1.0,1.0,1.0,1.0
embed_bge_small,792,31,6,0.6666666666666666,0.0,0.8333333333333334,0.0,1.0,1.0
embed_bge_small,794,31,7,0.42857142857142855,0.0,0.8571428571428571,0.0,0.8571428571428571,0.0
embed_bge_small,796,31,7,0.5714285714285714,0.0,0.8571428571428571,0.0,1.0,1.0
embed_bge_small,797,31,5,0.6,0.0,0.8,0.0,1.0,1.0
embed_bge_small,798,31,4,1.0,1.0,1.0,1.0,1.0,1.0
embed_bge_small,800,31,4,0.25,0.0,1.0,1.0,1.0,1.0
embed_bge_small,801,31,4,0.75,0.0,1.0,1.0,1.0,1.0
embed_bge_small,806,31,4,0.5,0.0,1.0,1.0,1.0,1.0
embed_bge_small,819,31,3,0.6666666666666666,0.0,1.0,1.0,1.0,1.0
embed_bge_small,822,31,7,0.14285714285714285,0.0,0.5714285714285714,0.0,0.8571428571428571,0.0
embed_bge_small,824,31,6,0.5,0.0,0.5,0.0,1.0,1.0
embed_bge_small,825,31,8,0.125,0.0,0.375,0.0,1.0,1.0
embed_bge_small,829,31,3,0.6666666666666666,0.0,1.0,1.0,1.0,1.0
embed_bge_small,531,71,2,1.0,1.0,1.0,1.0,1.0,1.0
embed_bge_small,532,71,2,1.0,1.0,1.0,1.0,1.0,1.0
embed_bge_small,533,71,2,0.5,0.0,0.5,0.0,1.0,1.0
embed_bge_small,539,71,4,0.75,0.0,0.75,0.0,0.75,0.0
embed_bge_small,537,71,4,0.25,0.0,0.5,0.0,0.75,0.0
embed_bge_small,544,71,4,0.25,0.0,0.75,0.0,0.75,0.0
embed_bge_small,547,71,5,0.4,0.0,0.6,0.0,1.0,1.0
embed_bge_small,549,71,4,0.25,0.0,0.75,0.0,1.0,1.0
embed_bge_small,555,71,4,0.5,0.0,0.75,0.0,0.75,0.0
embed_bge_small,557,71,5,0.6,0.0,0.8,0.0,1.0,1.0
embed_bge_small,563,71,5,0.4,0.0,0.8,0.0,0.8,0.0
embed_bge_small,565,71,5,0.4,0.0,0.6,0.0,1.0,1.0
embed_bge_small,567,71,3,0.0,0.0,0.3333333333333333,0.0,0.6666666666666666,0.0
embed_bge_small,568,71,4,0.75,0.0,1.0,1.0,1.0,1.0
embed_bge_small,571,71,2,0.5,0.0,0.5,0.0,1.0,1.0
embed_bge_small,572,71,2,1.0,1.0,1.0,1.0,1.0,1.0
embed_bge_small,573,71,2,1.0,1.0,1.0,1.0,1.0,1.0
embed_bge_small,576,71,4,0.75,0.0,0.75,0.0,1.0,1.0
embed_bge_small,578,71,5,0.4,0.0,0.6,0.0,0.8,0.0
embed_bge_small,581,71,4,0.75,0.0,0.75,0.0,0.75,0.0
embed_bge_small,584,71,4,0.0,0.0,0.25,0.0,0.5,0.0
embed_bge_small,586,71,7,0.14285714285714285,0.0,0.42857142857142855,0.0,0.5714285714285714,0.0
embed_bge_small,587,71,6,0.16666666666666666,0.0,0.6666666666666666,0.0,1.0,1.0
embed_bge_small,592,71,2,1.0,1.0,1.0,1.0,1.0,1.0
embed_bge_small,595,71,6,0.5,0.0,0.5,0.0,0.8333333333333334,0.0
embed_bge_small,598,71,3,1.0,1.0,1.0,1.0,1.0,1.0
embed_bge_small,604,71,4,0.5,0.0,0.5,0.0,0.5,0.0
embed_bge_small,629,71,1,1.0,1.0,1.0,1.0,1.0,1.0
embed_bge_small,633,71,5,0.4,0.0,0.4,0.0,0.6,0.0
embed_bge_small,634,71,4,0.25,0.0,0.25,0.0,0.25,0.0
embed_bge_small,637,71,5,0.4,0.0,0.4,0.0,0.4,0.0
embed_bge_small,639,71,4,0.0,0.0,0.25,0.0,0.25,0.0
embed_bge_small,640,71,4,0.25,0.0,0.25,0.0,0.5,0.0
embed_bge_small,665,71,5,0.2,0.0,0.4,0.0,0.6,0.0
embed_bge_small,669,71,4,0.25,0.0,0.75,0.0,0.75,0.0
embed_bge_small,671,71,5,0.8,0.0,1.0,1.0,1.0,1.0
embed_bge_small,672,71,4,0.25,0.0,0.5,0.0,0.5,0.0
embed_bge_small,678,71,6,0.3333333333333333,0.0,0.5,0.0,0.6666666666666666,0.0
embed_bge_small,682,71,6,0.5,0.0,0.5,0.0,0.6666666666666666,0.0
embed_bge_small,683,71,5,0.2,0.0,0.6,0.0,0.8,0.0
embed_bge_small,685,71,7,0.2857142857142857,0.0,0.2857142857142857,0.0,0.5714285714285714,0.0
embed_bge_small,687,71,4,0.25,0.0,0.75,0.0,1.0,1.0
embed_bge_small,694,71,8,0.25,0.0,0.5,0.0,0.625,0.0
embed_bge_small,701,71,4,0.5,0.0,0.5,0.0,0.75,0.0
embed_bge_small,704,71,3,0.6666666666666666,0.0,1.0,1.0,1.0,1.0
embed_bge_small,705,71,5,0.6,0.0,0.8,0.0,0.8,0.0
embed_bge_small,707,71,7,0.42857142857142855,0.0,0.8571428571428571,0.0,0.8571428571428571,0.0
embed_bge_small,710,71,5,0.4,0.0,0.8,0.0,1.0,1.0
embed_bge_small,716,71,4,0.5,0.0,0.5,0.0,0.75,0.0
embed_bge_small,340,115,3,0.6666666666666666,0.0,0.6666666666666666,0.0,1.0,1.0
embed_bge_small,341,115,4,0.75,0.0,1.0,1.0,1.0,1.0
embed_bge_small,344,115,6,0.16666666666666666,0.0,0.16666666666666666,0.0,0.16666666666666666,0.0
embed_bge_small,345,115,6,0.0,0.0,0.16666666666666666,0.0,0.3333333333333333,0.0
embed_bge_small,346,115,7,0.2857142857142857,0.0,0.2857142857142857,0.0,0.2857142857142857,0.0
embed_bge_small,347,115,6,0.16666666666666666,0.0,0.3333333333333333,0.0,0.5,0.0
embed_bge_small,349,115,7,0.5714285714285714,0.0,0.8571428571428571,0.0,1.0,1.0
embed_bge_small,352,115,4,0.25,0.0,0.25,0.0,0.25,0.0
embed_bge_small,356,115,1,1.0,1.0,1.0,1.0,1.0,1.0
embed_bge_small,358,115,2,1.0,1.0,1.0,1.0,1.0,1.0
embed_bge_small,366,115,2,0.5,0.0,1.0,1.0,1.0,1.0
embed_bge_small,368,115,2,0.5,0.0,1.0,1.0,1.0,1.0
embed_bge_small,371,115,5,0.2,0.0,0.2,0.0,0.6,0.0
embed_bge_small,377,115,3,0.6666666666666666,0.0,0.6666666666666666,0.0,0.6666666666666666,0.0
embed_bge_small,379,115,2,1.0,1.0,1.0,1.0,1.0,1.0
embed_bge_small,383,115,5,0.2,0.0,0.2,0.0,0.4,0.0
embed_bge_small,391,115,5,0.4,0.0,0.4,0.0,0.6,0.0
embed_bge_small,397,115,5,0.6,0.0,1.0,1.0,1.0,1.0
embed_bge_small,402,115,3,0.3333333333333333,0.0,0.6666666666666666,0.0,0.6666666666666666,0.0
embed_bge_small,405,115,5,0.6,0.0,0.8,0.0,1.0,1.0
embed_bge_small,407,115,5,0.4,0.0,0.4,0.0,0.6,0.0
embed_bge_small,408,115,5,0.2,0.0,0.2,0.0,0.2,0.0
embed_bge_small,409,115,7,0.0,0.0,0.0,0.0,0.14285714285714285,0.0
embed_bge_small,412,115,9,0.3333333333333333,0.0,0.3333333333333333,0.0,0.5555555555555556,0.0
embed_bge_small,414,115,5,0.0,0.0,0.0,0.0,0.0,0.0
embed_bge_small,415,115,6,0.3333333333333333,0.0,0.5,0.0,0.5,0.0
embed_bge_small,416,115,5,0.2,0.0,0.2,0.0,0.2,0.0
embed_bge_small,422,115,2,0.5,0.0,0.5,0.0,0.5,0.0
embed_bge_small,424,115,2,1.0,1.0,1.0,1.0,1.0,1.0
embed_bge_small,427,115,4,0.0,0.0,0.0,0.0,0.0,0.0
embed_bge_small,440,115,2,1.0,1.0,1.0,1.0,1.0,1.0
embed_bge_small,459,115,2,1.0,1.0,1.0,1.0,1.0,1.0
embed_bge_small,462,115,5,0.2,0.0,0.2,0.0,0.6,0.0
embed_bge_small,465,115,6,0.0,0.0,0.16666666666666666,0.0,0.16666666666666666,0.0
embed_bge_small,466,115,5,0.4,0.0,0.4,0.0,0.4,0.0
embed_bge_small,468,115,5,0.0,0.0,0.0,0.0,0.2,0.0
embed_bge_small,469,115,5,0.2,0.0,0.2,0.0,0.4,0.0
embed_bge_small,472,115,6,0.5,0.0,0.6666666666666666,0.0,1.0,1.0
embed_bge_small,473,115,4,0.25,0.0,0.25,0.0,0.5,0.0
embed_bge_small,474,115,6,0.0,0.0,0.3333333333333333,0.0,0.6666666666666666,0.0
embed_bge_small,477,115,4,0.25,0.0,0.25,0.0,0.25,0.0
embed_bge_small,479,115,5,0.2,0.0,0.4,0.0,0.4,0.0
embed_bge_small,480,115,5,0.2,0.0,0.4,0.0,0.6,0.0
embed_bge_small,483,115,7,0.0,0.0,0.0,0.0,0.2857142857142857,0.0
embed_bge_small,484,115,8,0.125,0.0,0.125,0.0,0.25,0.0
embed_bge_small,486,115,5,0.2,0.0,0.2,0.0,0.4,0.0
embed_bge_small,487,115,6,0.0,0.0,0.16666666666666666,0.0,0.16666666666666666,0.0
embed_bge_small,518,115,5,0.4,0.0,0.4,0.0,0.4,0.0
embed_bge_small,522,115,6,0.3333333333333333,0.0,0.3333333333333333,0.0,0.3333333333333333,0.0
embed_bge_small,528,115,8,0.125,0.0,0.25,0.0,0.375,0.0
embed_bge_small,529,115,5,0.2,0.0,0.2,0.0,0.2,0.0
embed_bge_small,530,115,6,0.16666666666666666,0.0,0.3333333333333333,0.0,0.5,0.0
embed_bge_small,195,11,2,1.0,1.0,1.0,1.0,1.0,1.0
embed_bge_small,197,11,4,1.0,1.0,1.0,1.0,1.0,1.0
embed_bge_small,198,11,4,1.0,1.0,1.0,1.0,1.0,1.0
embed_bge_small,200,11,4,1.0,1.0,1.0,1.0,1.0,1.0
embed_bge_small,201,11,5,0.8,0.0,1.0,1.0,1.0,1.0
embed_bge_small,206,11,4,0.25,0.0,1.0,1.0,1.0,1.0
embed_bge_small,207,11,6,0.6666666666666666,0.0,0.8333333333333334,0.0,1.0,1.0
embed_bge_small,208,11,4,1.0,1.0,1.0,1.0,1.0,1.0
embed_bge_small,212,11,4,1.0,1.0,1.0,1.0,1.0,1.0
embed_bge_small,213,11,5,0.4,0.0,1.0,1.0,1.0,1.0
embed_bge_small,215,11,5,0.8,0.0,1.0,1.0,1.0,1.0
embed_bge_small,218,11,4,1.0,1.0,1.0,1.0,1.0,1.0
embed_bge_small,219,11,4,1.0,1.0,1.0,1.0,1.0,1.0
embed_bge_small,220,11,2,0.5,0.0,1.0,1.0,1.0,1.0
embed_bge_small,226,11,3,0.6666666666666666,0.0,1.0,1.0,1.0,1.0
embed_bge_small,227,11,2,1.0,1.0,1.0,1.0,1.0,1.0
embed_bge_small,228,11,3,0.6666666666666666,0.0,1.0,1.0,1.0,1.0
embed_bge_small,230,11,4,0.75,0.0,1.0,1.0,1.0,1.0
embed_bge_small,231,11,2,1.0,1.0,1.0,1.0,1.0,1.0
embed_bge_small,232,11,4,1.0,1.0,1.0,1.0,1.0,1.0
embed_bge_small,234,11,3,0.3333333333333333,0.0,1.0,1.0,1.0,1.0
embed_bge_small,236,11,5,0.6,0.0,1.0,1.0,1.0,1.0
embed_bge_small,239,11,2,1.0,1.0,1.0,1.0,1.0,1.0
embed_bge_small,240,11,2,0.5,0.0,1.0,1.0,1.0,1.0
embed_bge_small,242,11,4,1.0,1.0,1.0,1.0,1.0,1.0
embed_bge_small,243,11,4,0.5,0.0,1.0,1.0,1.0,1.0
embed_bge_small,244,11,4,1.0,1.0,1.0,1.0,1.0,1.0
embed_bge_small,245,11,4,0.25,0.0,0.75,0.0,1.0,1.0
embed_bge_small,247,11,3,1.0,1.0,1.0,1.0,1.0,1.0
embed_bge_small,248,11,6,0.5,0.0,1.0,1.0,1.0,1.0
embed_bge_small,249,11,4,0.25,0.0,1.0,1.0,1.0,1.0
embed_bge_small,253,11,6,0.6666666666666666,0.0,1.0,1.0,1.0,1.0
embed_bge_small,255,11,5,0.8,0.0,1.0,1.0,1.0,1.0
embed_bge_small,260,11,4,1.0,1.0,1.0,1.0,1.0,1.0
embed_bge_small,263,11,6,0.6666666666666666,0.0,1.0,1.0,1.0,1.0
embed_bge_small,268,11,4,0.25,0.0,1.0,1.0,1.0,1.0
embed_bge_small,273,11,4,1.0,1.0,1.0,1.0,1.0,1.0
embed_bge_small,281,11,5,0.8,0.0,1.0,1.0,1.0,1.0
embed_bge_small,282,11,5,0.8,0.0,1.0,1.0,1.0,1.0
embed_bge_small,327,11,4,0.75,0.0,1.0,1.0,1.0,1.0
embed_bge_small,5,89,5,0.2,0.0,0.2,0.0,0.4,0.0
embed_bge_small,11,89,5,0.4,0.0,0.6,0.0,0.8,0.0
embed_bge_small,12,89,7,0.14285714285714285,0.0,0.42857142857142855,0.0,0.5714285714285714,0.0
embed_bge_small,17,89,5,0.2,0.0,0.2,0.0,0.2,0.0
embed_bge_small,23,89,6,0.16666666666666666,0.0,0.16666666666666666,0.0,0.3333333333333333,0.0
embed_bge_small,24,89,7,0.14285714285714285,0.0,0.2857142857142857,0.0,0.2857142857142857,0.0
embed_bge_small,25,89,7,0.2857142857142857,0.0,0.42857142857142855,0.0,0.42857142857142855,0.0
embed_bge_small,26,89,11,0.0,0.0,0.09090909090909091,0.0,0.36363636363636365,0.0
embed_bge_small,27,89,7,0.2857142857142857,0.0,0.42857142857142855,0.0,0.7142857142857143,0.0
embed_bge_small,28,89,7,0.5714285714285714,0.0,0.5714285714285714,0.0,0.7142857142857143,0.0
embed_bge_small,31,89,5,0.4,0.0,0.4,0.0,0.6,0.0
embed_bge_small,32,89,5,0.2,0.0,0.4,0.0,0.4,0.0
embed_bge_small,37,89,9,0.3333333333333333,0.0,0.3333333333333333,0.0,0.5555555555555556,0.0
embed_bge_small,36,89,10,0.4,0.0,0.7,0.0,0.7,0.0
embed_bge_small,39,89,5,0.0,0.0,0.0,0.0,0.2,0.0
embed_bge_small,40,89,6,0.3333333333333333,0.0,0.3333333333333333,0.0,0.3333333333333333,0.0
embed_bge_small,41,89,7,0.2857142857142857,0.0,0.2857142857142857,0.0,0.2857142857142857,0.0
embed_bge_small,45,89,6,0.16666666666666666,0.0,0.16666666666666666,0.0,0.16666666666666666,0.0
embed_bge_small,46,89,5,0.4,0.0,0.4,0.0,0.4,0.0
embed_bge_small,47,89,4,0.75,0.0,0.75,0.0,0.75,0.0
embed_bge_small,48,89,4,0.5,0.0,0.5,0.0,1.0,1.0
embed_bge_small,50,89,6,0.16666666666666666,0.0,0.3333333333333333,0.0,0.3333333333333333,0.0
embed_bge_small,62,89,7,0.14285714285714285,0.0,0.42857142857142855,0.0,0.42857142857142855,0.0
embed_bge_small,72,89,7,0.14285714285714285,0.0,0.2857142857142857,0.0,0.42857142857142855,0.0
embed_bge_small,77,89,7,0.14285714285714285,0.0,0.2857142857142857,0.0,0.2857142857142857,0.0
embed_bge_small,79,89,2,0.5,0.0,0.5,0.0,0.5,0.0
embed_bge_small,82,89,3,0.6666666666666666,0.0,1.0,1.0,1.0,1.0
embed_bge_small,83,89,5,0.2,0.0,0.2,0.0,0.2,0.0
embed_bge_small,85,89,6,0.16666666666666666,0.0,0.3333333333333333,0.0,0.5,0.0
embed_bge_small,87,89,9,0.2222222222222222,0.0,0.2222222222222222,0.0,0.5555555555555556,0.0
embed_bge_small,89,55,5,0.6,0.0,0.6,0.0,0.8,0.0
embed_bge_small,92,55,4,0.75,0.0,1.0,1.0,1.0,1.0
embed_bge_small,93,55,6,0.5,0.0,0.6666666666666666,0.0,0.8333333333333334,0.0
embed_bge_small,94,55,9,0.2222222222222222,0.0,0.2222222222222222,0.0,0.4444444444444444,0.0
embed_bge_small,95,55,8,0.25,0.0,0.5,0.0,0.625,0.0
embed_bge_small,98,55,5,0.4,0.0,0.6,0.0,0.8,0.0
embed_bge_small,99,55,5,0.6,0.0,0.8,0.0,1.0,1.0
embed_bge_small,100,55,6,0.3333333333333333,0.0,0.5,0.0,0.8333333333333334,0.0
embed_bge_small,112,55,9,0.4444444444444444,0.0,0.6666666666666666,0.0,0.7777777777777778,0.0
embed_bge_small,115,55,6,0.5,0.0,0.6666666666666666,0.0,0.8333333333333334,0.0
embed_bge_small,116,55,6,0.16666666666666666,0.0,0.3333333333333333,0.0,0.8333333333333334,0.0
embed_bge_small,117,55,2,1.0,1.0,1.0,1.0,1.0,1.0
embed_bge_small,118,55,3,1.0,1.0,1.0,1.0,1.0,1.0
embed_bge_small,125,55,7,0.14285714285714285,0.0,0.42857142857142855,0.0,0.5714285714285714,0.0
embed_bge_small,128,55,5,0.8,0.0,0.8,0.0,0.8,0.0
embed_bge_small,136,55,5,0.8,0.0,0.8,0.0,1.0,1.0
embed_bge_small,137,55,5,0.4,0.0,0.6,0.0,1.0,1.0
embed_bge_small,138,55,5,0.4,0.0,0.4,0.0,0.8,0.0
embed_bge_small,129,55,9,0.3333333333333333,0.0,0.3333333333333333,0.0,0.4444444444444444,0.0
embed_bge_small,145,55,7,0.0,0.0,0.14285714285714285,0.0,0.2857142857142857,0.0
embed_bge_small,149,55,6,0.3333333333333333,0.0,0.5,0.0,0.6666666666666666,0.0
embed_bge_small,152,55,4,0.5,0.0,0.5,0.0,1.0,1.0
embed_bge_small,159,55,7,0.14285714285714285,0.0,0.2857142857142857,0.0,0.8571428571428571,0.0
embed_bge_small,168,55,5,0.4,0.0,0.4,0.0,0.8,0.0
embed_bge_small,169,55,9,0.2222222222222222,0.0,0.4444444444444444,0.0,0.5555555555555556,0.0
embed_bge_small,173,55,5,0.4,0.0,0.8,0.0,1.0,1.0
embed_bge_small,186,55,6,0.3333333333333333,0.0,0.3333333333333333,0.0,0.3333333333333333,0.0
embed_bge_small,189,55,10,0.4,0.0,0.5,0.0,0.7,0.0
embed_bge_small,192,55,5,0.4,0.0,0.6,0.0,0.8,0.0
embed_bge_small,194,55,7,0.14285714285714285,0.0,0.14285714285714285,0.0,0.8571428571428571,0.0
rerank_bge_m3,1471,21,1,1.0,1.0,1.0,1.0,1.0,1.0
rerank_bge_m3,1472,21,5,0.8,0.0,0.8,0.0,1.0,1.0
rerank_bge_m3,1473,21,5,0.8,0.0,1.0,1.0,1.0,1.0
rerank_bge_m3,1476,21,5,0.2,0.0,0.4,0.0,1.0,1.0
rerank_bge_m3,1479,21,5,0.6,0.0,0.8,0.0,1.0,1.0
rerank_bge_m3,1480,21,5,0.4,0.0,1.0,1.0,1.0,1.0
rerank_bge_m3,1481,21,6,0.6666666666666666,0.0,0.6666666666666666,0.0,1.0,1.0
rerank_bge_m3,1482,21,6,0.8333333333333334,0.0,0.8333333333333334,0.0,1.0,1.0
rerank_bge_m3,1483,21,3,0.3333333333333333,0.0,1.0,1.0,1.0,1.0
rerank_bge_m3,1484,21,2,1.0,1.0,1.0,1.0,1.0,1.0
rerank_bge_m3,1486,21,2,0.5,0.0,0.5,0.0,1.0,1.0
rerank_bge_m3,1490,21,4,1.0,1.0,1.0,1.0,1.0,1.0
rerank_bge_m3,1493,21,3,0.6666666666666666,0.0,1.0,1.0,1.0,1.0
rerank_bge_m3,1498,21,2,1.0,1.0,1.0,1.0,1.0,1.0
rerank_bge_m3,1500,21,4,0.75,0.0,1.0,1.0,1.0,1.0
rerank_bge_m3,1501,21,4,0.75,0.0,1.0,1.0,1.0,1.0
rerank_bge_m3,1505,21,4,1.0,1.0,1.0,1.0,1.0,1.0
rerank_bge_m3,1506,21,6,0.6666666666666666,0.0,0.6666666666666666,0.0,1.0,1.0
rerank_bge_m3,1507,21,4,0.75,0.0,1.0,1.0,1.0,1.0
rerank_bge_m3,1509,21,5,0.6,0.0,0.8,0.0,1.0,1.0
rerank_bge_m3,1514,21,7,0.42857142857142855,0.0,0.7142857142857143,0.0,1.0,1.0
rerank_bge_m3,1515,21,5,0.4,0.0,1.0,1.0,1.0,1.0
rerank_bge_m3,1521,21,6,0.6666666666666666,0.0,0.8333333333333334,0.0,1.0,1.0
rerank_bge_m3,1524,21,5,0.4,0.0,0.8,0.0,1.0,1.0
rerank_bge_m3,1525,21,4,0.75,0.0,1.0,1.0,1.0,1.0
rerank_bge_m3,1526,21,8,0.375,0.0,0.875,0.0,1.0,1.0
rerank_bge_m3,1528,21,2,1.0,1.0,1.0,1.0,1.0,1.0
rerank_bge_m3,1529,21,4,0.0,0.0,0.5,0.0,1.0,1.0
rerank_bge_m3,1531,21,5,0.8,0.0,1.0,1.0,1.0,1.0
rerank_bge_m3,1533,21,7,0.2857142857142857,0.0,0.7142857142857143,0.0,1.0,1.0
rerank_bge_m3,1312,48,5,0.6,0.0,1.0,1.0,1.0,1.0
rerank_bge_m3,1317,48,6,0.5,0.0,0.8333333333333334,0.0,1.0,1.0
rerank_bge_m3,1322,48,4,0.5,0.0,0.75,0.0,1.0,1.0
rerank_bge_m3,1323,48,4,0.75,0.0,1.0,1.0,1.0,1.0
rerank_bge_m3,1331,48,4,0.5,0.0,0.5,0.0,0.5,0.0
rerank_bge_m3,1334,48,5,0.4,0.0,0.8,0.0,0.8,0.0
rerank_bge_m3,1338,48,7,0.42857142857142855,0.0,0.5714285714285714,0.0,0.8571428571428571,0.0
rerank_bge_m3,1339,48,7,0.14285714285714285,0.0,0.2857142857142857,0.0,0.7142857142857143,0.0
rerank_bge_m3,1340,48,4,0.25,0.0,0.5,0.0,1.0,1.0
rerank_bge_m3,1344,48,3,1.0,1.0,1.0,1.0,1.0,1.0
rerank_bge_m3,1346,48,3,1.0,1.0,1.0,1.0,1.0,1.0
rerank_bge_m3,1350,48,5,0.4,0.0,0.6,0.0,0.8,0.0
rerank_bge_m3,1351,48,5,0.8,0.0,1.0,1.0,1.0,1.0
rerank_bge_m3,1352,48,5,0.6,0.0,1.0,1.0,1.0,1.0
rerank_bge_m3,1356,48,4,0.5,0.0,0.5,0.0,1.0,1.0
rerank_bge_m3,1357,48,6,0.3333333333333333,0.0,0.5,0.0,0.8333333333333334,0.0
rerank_bge_m3,1359,48,6,0.5,0.0,0.6666666666666666,0.0,1.0,1.0
rerank_bge_m3,1361,48,2,1.0,1.0,1.0,1.0,1.0,1.0
rerank_bge_m3,1362,48,3,0.6666666666666666,0.0,1.0,1.0,1.0,1.0
rerank_bge_m3,1368,48,4,0.75,0.0,1.0,1.0,1.0,1.0
rerank_bge_m3,1371,48,4,0.75,0.0,0.75,0.0,1.0,1.0
rerank_bge_m3,1375,48,5,0.6,0.0,0.8,0.0,1.0,1.0
rerank_bge_m3,1376,48,6,0.3333333333333333,0.0,0.6666666666666666,0.0,1.0,1.0
rerank_bge_m3,1378,48,2,1.0,1.0,1.0,1.0,1.0,1.0
rerank_bge_m3,1380,48,2,0.5,0.0,1.0,1.0,1.0,1.0
rerank_bge_m3,1381,48,5,0.8,0.0,0.8,0.0,1.0,1.0
rerank_bge_m3,1387,48,9,0.3333333333333333,0.0,0.5555555555555556,0.0,0.7777777777777778,0.0
rerank_bge_m3,1389,48,6,0.3333333333333333,0.0,0.6666666666666666,0.0,0.6666666666666666,0.0
rerank_bge_m3,1390,48,6,0.3333333333333333,0.0,0.6666666666666666,0.0,0.8333333333333334,0.0
rerank_bge_m3,1392,48,3,1.0,1.0,1.0,1.0,1.0,1.0
rerank_bge_m3,1394,48,4,0.5,0.0,0.75,0.0,1.0,1.0
rerank_bge_m3,1398,48,5,0.4,0.0,0.6,0.0,0.8,0.0
rerank_bge_m3,1399,48,7,0.5714285714285714,0.0,0.7142857142857143,0.0,1.0,1.0
rerank_bge_m3,1401,48,7,0.7142857142857143,0.0,0.7142857142857143,0.0,0.8571428571428571,0.0
rerank_bge_m3,1403,48,5,0.6,0.0,0.6,0.0,1.0,1.0
rerank_bge_m3,1404,48,8,0.625,0.0,0.75,0.0,0.875,0.0
rerank_bge_m3,1405,48,5,0.8,0.0,1.0,1.0,1.0,1.0
rerank_bge_m3,1409,48,2,1.0,1.0,1.0,1.0,1.0,1.0
rerank_bge_m3,1410,48,5,1.0,1.0,1.0,1.0,1.0,1.0
rerank_bge_m3,1411,48,5,0.4,0.0,0.8,0.0,0.8,0.0
rerank_bge_m3,1422,48,2,1.0,1.0,1.0,1.0,1.0,1.0
rerank_bge_m3,1426,48,7,0.7142857142857143,0.0,1.0,1.0,1.0,1.0
rerank_bge_m3,1427,48,6,0.6666666666666666,0.0,0.6666666666666666,0.0,1.0,1.0
rerank_bge_m3,1432,48,6,0.6666666666666666,0.0,0.6666666666666666,0.0,0.6666666666666666,0.0
rerank_bge_m3,1435,48,4,1.0,1.0,1.0,1.0,1.0,1.0
rerank_bge_m3,1457,48,8,0.5,0.0,0.875,0.0,0.875,0.0
rerank_bge_m3,1460,48,6,0.8333333333333334,0.0,1.0,1.0,1.0,1.0
rerank_bge_m3,1464,48,6,0.6666666666666666,0.0,0.6666666666666666,0.0,0.6666666666666666,0.0
rerank_bge_m3,1149,64,2,1.0,1.0,1.0,1.0,1.0,1.0
rerank_bge_m3,1150,64,2,1.0,1.0,1.0,1.0,1.0,1.0
rerank_bge_m3,1152,64,2,1.0,1.0,1.0,1.0,1.0,1.0
rerank_bge_m3,1153,64,4,1.0,1.0,1.0,1.0,1.0,1.0
rerank_bge_m3,1155,64,5,0.8,0.0,1.0,1.0,1.0,1.0
rerank_bge_m3,1156,64,4,0.5,0.0,1.0,1.0,1.0,1.0
rerank_bge_m3,1157,64,5,0.8,0.0,1.0,1.0,1.0,1.0
rerank_bge_m3,1162,64,3,1.0,1.0,1.0,1.0,1.0,1.0
rerank_bge_m3,1164,64,5,0.4,0.0,0.4,0.0,0.4,0.0
rerank_bge_m3,1166,64,5,0.6,0.0,1.0,1.0,1.0,1.0
rerank_bge_m3,1168,64,6,0.5,0.0,0.6666666666666666,0.0,0.6666666666666666,0.0
rerank_bge_m3,1169,64,4,0.25,0.0,0.25,0.0,0.25,0.0
rerank_bge_m3,1171,64,4,0.5,0.0,0.5,0.0,1.0,1.0
rerank_bge_m3,1175,64,6,0.5,0.0,0.5,0.0,0.6666666666666666,0.0
rerank_bge_m3,1179,64,7,0.5714285714285714,0.0,0.7142857142857143,0.0,0.7142857142857143,0.0
rerank_bge_m3,1185,64,5,0.4,0.0,0.6,0.0,0.6,0.0
rerank_bge_m3,1187,64,4,0.5,0.0,0.75,0.0,1.0,1.0
rerank_bge_m3,1189,64,4,0.75,0.0,0.75,0.0,0.75,0.0
rerank_bge_m3,1192,64,5,0.6,0.0,0.8,0.0,0.8,0.0
rerank_bge_m3,1195,64,6,0.5,0.0,0.5,0.0,0.6666666666666666,0.0
rerank_bge_m3,1198,64,3,0.6666666666666666,0.0,1.0,1.0,1.0,1.0
rerank_bge_m3,1201,64,4,0.75,0.0,0.75,0.0,0.75,0.0
rerank_bge_m3,1205,64,4,0.5,0.0,0.75,0.0,0.75,0.0
rerank_bge_m3,1208,64,4,0.75,0.0,1.0,1.0,1.0,1.0
rerank_bge_m3,1209,64,5,0.4,0.0,0.8,0.0,0.8,0.0
rerank_bge_m3,1220,64,5,0.8,0.0,0.8,0.0,1.0,1.0
rerank_bge_m3,1225,64,4,0.75,0.0,0.75,0.0,0.75,0.0
rerank_bge_m3,1227,64,5,0.8,0.0,0.8,0.0,0.8,0.0
rerank_bge_m3,1229,64,4,0.0,0.0,0.0,0.0,0.5,0.0
rerank_bge_m3,1231,64,5,0.2,0.0,0.2,0.0,0.2,0.0
rerank_bge_m3,1232,64,6,0.6666666666666666,0.0,1.0,1.0,1.0,1.0
rerank_bge_m3,1235,64,5,0.6,0.0,0.8,0.0,1.0,1.0
rerank_bge_m3,1238,64,6,0.6666666666666666,0.0,0.8333333333333334,0.0,0.8333333333333334,0.0
rerank_bge_m3,1239,64,4,0.75,0.0,1.0,1.0,1.0,1.0
rerank_bge_m3,1241,64,3,0.6666666666666666,0.0,0.6666666666666666,0.0,0.6666666666666666,0.0
rerank_bge_m3,1242,64,5,0.4,0.0,0.4,0.0,0.6,0.0
rerank_bge_m3,1243,64,5,0.0,0.0,0.0,0.0,0.0,0.0
rerank_bge_m3,1247,64,5,0.4,0.0,0.6,0.0,0.8,0.0
rerank_bge_m3,1251,64,3,0.6666666666666666,0.0,0.6666666666666666,0.0,0.6666666666666666,0.0
rerank_bge_m3,1252,64,5,0.6,0.0,0.6,0.0,0.6,0.0
rerank_bge_m3,1254,64,4,0.5,0.0,0.75,0.0,0.75,0.0
rerank_bge_m3,1255,64,4,0.5,0.0,0.75,0.0,1.0,1.0
rerank_bge_m3,1256,64,4,0.5,0.0,0.5,0.0,0.5,0.0
rerank_bge_m3,1257,64,4,0.5,0.0,0.75,0.0,0.75,0.0
rerank_bge_m3,1265,64,4,0.5,0.0,0.5,0.0,0.5,0.0
rerank_bge_m3,1267,64,4,0.5,0.0,0.5,0.0,0.75,0.0
rerank_bge_m3,1270,64,6,0.5,0.0,0.6666666666666666,0.0,0.6666666666666666,0.0
rerank_bge_m3,1275,64,5,0.6,0.0,0.6,0.0,0.6,0.0
rerank_bge_m3,1281,64,4,0.5,0.0,0.75,0.0,0.75,0.0
rerank_bge_m3,1302,64,7,0.0,0.0,0.0,0.0,0.0,0.0
rerank_bge_m3,1025,199,6,0.6666666666666666,0.0,0.8333333333333334,0.0,1.0,1.0
rerank_bge_m3,1028,199,9,0.4444444444444444,0.0,0.4444444444444444,0.0,0.4444444444444444,0.0
rerank_bge_m3,1029,199,3,0.0,0.0,0.3333333333333333,0.0,0.3333333333333333,0.0
rerank_bge_m3,1030,199,7,0.7142857142857143,0.0,0.8571428571428571,0.0,1.0,1.0
rerank_bge_m3,1031,199,5,0.6,0.0,0.6,0.0,0.6,0.0
rerank_bge_m3,1032,199,4,1.0,1.0,1.0,1.0,1.0,1.0
rerank_bge_m3,1035,199,2,0.5,0.0,1.0,1.0,1.0,1.0
rerank_bge_m3,1036,199,6,0.3333333333333333,0.0,0.5,0.0,0.6666666666666666,0.0
rerank_bge_m3,1037,199,5,0.4,0.0,1.0,1.0,1.0,1.0
rerank_bge_m3,1039,199,4,0.5,0.0,0.75,0.0,1.0,1.0
rerank_bge_m3,1040,199,5,0.6,0.0,0.8,0.0,1.0,1.0
rerank_bge_m3,1042,199,7,0.14285714285714285,0.0,0.2857142857142857,0.0,0.2857142857142857,0.0
rerank_bge_m3,1044,199,2,1.0,1.0,1.0,1.0,1.0,1.0
rerank_bge_m3,1048,199,5,0.6,0.0,0.6,0.0,0.6,0.0
rerank_bge_m3,1057,199,6,0.5,0.0,0.6666666666666666,0.0,0.6666666666666666,0.0
rerank_bge_m3,1058,199,4,0.0,0.0,0.0,0.0,0.25,0.0
rerank_bge_m3,1068,199,5,0.2,0.0,0.2,0.0,0.4,0.0
rerank_bge_m3,1076,199,5,0.0,0.0,0.0,0.0,0.2,0.0
rerank_bge_m3,1078,199,2,1.0,1.0,1.0,1.0,1.0,1.0
rerank_bge_m3,1079,199,2,1.0,1.0,1.0,1.0,1.0,1.0
rerank_bge_m3,1080,199,3,0.6666666666666666,0.0,0.6666666666666666,0.0,0.6666666666666666,0.0
rerank_bge_m3,1084,199,5,0.4,0.0,0.4,0.0,0.6,0.0
rerank_bge_m3,1088,199,5,0.6,0.0,0.6,0.0,0.6,0.0
rerank_bge_m3,1091,199,5,0.2,0.0,0.4,0.0,0.6,0.0
rerank_bge_m3,1092,199,5,0.4,0.0,0.6,0.0,0.8,0.0
rerank_bge_m3,1094,199,5,0.4,0.0,0.4,0.0,0.6,0.0
rerank_bge_m3,1096,199,5,0.6,0.0,0.8,0.0,1.0,1.0
rerank_bge_m3,1098,199,5,0.4,0.0,0.4,0.0,0.4,0.0
rerank_bge_m3,1102,199,6,0.6666666666666666,0.0,0.6666666666666666,0.0,0.6666666666666666,0.0
rerank_bge_m3,1103,199,5,0.6,0.0,0.6,0.0,0.6,0.0
rerank_bge_m3,1105,199,5,0.4,0.0,0.6,0.0,0.6,0.0
rerank_bge_m3,1107,199,5,0.6,0.0,0.6,0.0,0.6,0.0
rerank_bge_m3,1110,199,5,0.4,0.0,0.4,0.0,0.6,0.0
rerank_bge_m3,1113,199,5,0.4,0.0,0.6,0.0,0.6,0.0
rerank_bge_m3,1114,199,6,0.5,0.0,0.6666666666666666,0.0,0.6666666666666666,0.0
rerank_bge_m3,1115,199,5,0.2,0.0,0.2,0.0,0.2,0.0
rerank_bge_m3,1116,199,2,1.0,1.0,1.0,1.0,1.0,1.0
rerank_bge_m3,1122,199,4,0.5,0.0,0.5,0.0,0.5,0.0
rerank_bge_m3,1124,199,4,0.5,0.0,0.5,0.0,0.5,0.0
rerank_bge_m3,1130,199,4,0.5,0.0,0.5,0.0,0.5,0.0
rerank_bge_m3,1133,199,3,0.6666666666666666,0.0,1.0,1.0,1.0,1.0
rerank_bge_m3,1134,199,2,1.0,1.0,1.0,1.0,1.0,1.0
rerank_bge_m3,1135,199,3,1.0,1.0,1.0,1.0,1.0,1.0
rerank_bge_m3,1136,199,3,0.6666666666666666,0.0,0.6666666666666666,0.0,0.6666666666666666,0.0
rerank_bge_m3,1139,199,6,0.5,0.0,0.5,0.0,0.6666666666666666,0.0
rerank_bge_m3,1141,199,4,0.0,0.0,0.0,0.0,0.25,0.0
rerank_bge_m3,1144,199,5,0.6,0.0,0.6,0.0,0.6,0.0
rerank_bge_m3,1145,199,5,0.8,0.0,0.8,0.0,1.0,1.0
rerank_bge_m3,1146,199,4,0.75,0.0,1.0,1.0,1.0,1.0
rerank_bge_m3,1147,199,4,0.5,0.0,0.5,0.0,0.5,0.0
rerank_bge_m3,1148,199,5,0.4,0.0,0.4,0.0,0.4,0.0
rerank_bge_m3,846,94,6,0.6666666666666666,0.0,0.8333333333333334,0.0,1.0,1.0
rerank_bge_m3,847,94,5,0.8,0.0,0.8,0.0,1.0,1.0
rerank_bge_m3,850,94,4,0.5,0.0,0.75,0.0,1.0,1.0
rerank_bge_m3,854,94,5,0.2,0.0,0.2,0.0,0.6,0.0
rerank_bge_m3,857,94,5,0.4,0.0,0.6,0.0,0.6,0.0
rerank_bge_m3,859,94,6,0.5,0.0,0.8333333333333334,0.0,1.0,1.0
rerank_bge_m3,861,94,5,0.8,0.0,0.8,0.0,1.0,1.0
rerank_bge_m3,862,94,7,0.42857142857142855,0.0,0.7142857142857143,0.0,1.0,1.0
rerank_bge_m3,865,94,7,0.2857142857142857,0.0,0.5714285714285714,0.0,0.8571428571428571,0.0
rerank_bge_m3,866,94,7,0.5714285714285714,0.0,0.5714285714285714,0.0,0.7142857142857143,0.0
rerank_bge_m3,868,94,5,0.6,0.0,0.6,0.0,1.0,1.0
rerank_bge_m3,869,94,5,0.4,0.0,0.6,0.0,1.0,1.0
rerank_bge_m3,872,94,5,0.4,0.0,0.8,0.0,1.0,1.0
rerank_bge_m3,875,94,4,1.0,1.0,1.0,1.0,1.0,1.0
rerank_bge_m3,877,94,9,0.3333333333333333,0.0,0.4444444444444444,0.0,0.6666666666666666,0.0
rerank_bge_m3,879,94,4,0.5,0.0,0.5,0.0,0.5,0.0
rerank_bge_m3,880,94,6,0.16666666666666666,0.0,0.16666666666666666,0.0,0.16666666666666666,0.0
rerank_bge_m3,881,94,6,0.3333333333333333,0.0,0.3333333333333333,0.0,0.8333333333333334,0.0
rerank_bge_m3,884,94,2,1.0,1.0,1.0,1.0,1.0,1.0
rerank_bge_m3,892,94,5,0.6,0.0,0.6,0.0,1.0,1.0
rerank_bge_m3,894,94,8,0.25,0.0,0.375,0.0,0.5,0.0
rerank_bge_m3,895,94,9,0.1111111111111111,0.0,0.1111111111111111,0.0,0.2222222222222222,0.0
rerank_bge_m3,896,94,7,0.14285714285714285,0.0,0.42857142857142855,0.0,0.42857142857142855,0.0
rerank_bge_m3,897,94,7,0.42857142857142855,0.0,0.42857142857142855,0.0,0.5714285714285714,0.0
rerank_bge_m3,898,94,4,1.0,1.0,1.0,1.0,1.0,1.0
rerank_bge_m3,901,94,7,0.7142857142857143,0.0,0.8571428571428571,0.0,1.0,1.0
rerank_bge_m3,902,94,8,0.0,0.0,0.25,0.0,0.5,0.0
rerank_bge_m3,904,94,9,0.2222222222222222,0.0,0.4444444444444444,0.0,0.6666666666666666,0.0
rerank_bge_m3,906,94,9,0.0,0.0,0.1111111111111111,0.0,0.2222222222222222,0.0
rerank_bge_m3,909,94,4,0.25,0.0,0.5,0.0,0.75,0.0
rerank_bge_m3,910,94,3,0.0,0.0,0.3333333333333333,0.0,0.3333333333333333,0.0
rerank_bge_m3,912,94,2,1.0,1.0,1.0,1.0,1.0,1.0
rerank_bge_m3,915,94,2,1.0,1.0,1.0,1.0,1.0,1.0
rerank_bge_m3,928,94,10,0.4,0.0,0.4,0.0,0.8,0.0
rerank_bge_m3,930,94,8,0.375,0.0,0.5,0.0,0.75,0.0
rerank_bge_m3,931,94,5,0.2,0.0,0.4,0.0,0.6,0.0
rerank_bge_m3,933,94,9,0.0,0.0,0.1111111111111111,0.0,0.2222222222222222,0.0
rerank_bge_m3,937,94,6,0.3333333333333333,0.0,0.3333333333333333,0.0,0.3333333333333333,0.0
rerank_bge_m3,940,94,8,0.5,0.0,0.625,0.0,1.0,1.0
rerank_bge_m3,944,94,9,0.2222222222222222,0.0,0.4444444444444444,0.0,0.5555555555555556,0.0
rerank_bge_m3,945,94,3,0.6666666666666666,0.0,1.0,1.0,1.0,1.0
rerank_bge_m3,948,94,4,0.5,0.0,1.0,1.0,1.0,1.0
rerank_bge_m3,950,94,5,0.8,0.0,1.0,1.0,1.0,1.0
rerank_bge_m3,951,94,5,0.6,0.0,0.6,0.0,0.8,0.0
rerank_bge_m3,954,94,9,0.4444444444444444,0.0,0.5555555555555556,0.0,0.8888888888888888,0.0
rerank_bge_m3,955,94,5,0.2,0.0,0.4,0.0,0.8,0.0
rerank_bge_m3,959,94,5,0.4,0.0,0.6,0.0,0.8,0.0
rerank_bge_m3,960,94,5,0.2,0.0,0.4,0.0,1.0,1.0
rerank_bge_m3,962,94,7,0.2857142857142857,0.0,0.5714285714285714,0.0,0.8571428571428571,0.0
rerank_bge_m3,963,94,4,0.5,0.0,0.5,0.0,0.75,0.0
rerank_bge_m3,964,94,2,1.0,1.0,1.0,1.0,1.0,1.0
rerank_bge_m3,967,94,2,1.0,1.0,1.0,1.0,1.0,1.0
rerank_bge_m3,971,94,3,1.0,1.0,1.0,1.0,1.0,1.0
rerank_bge_m3,972,94,5,0.6,0.0,0.8,0.0,1.0,1.0
rerank_bge_m3,977,94,3,0.3333333333333333,0.0,0.6666666666666666,0.0,1.0,1.0
rerank_bge_m3,978,94,4,1.0,1.0,1.0,1.0,1.0,1.0
rerank_bge_m3,981,94,9,0.5555555555555556,0.0,0.5555555555555556,0.0,0.7777777777777778,0.0
rerank_bge_m3,988,94,7,0.5714285714285714,0.0,0.7142857142857143,0.0,0.7142857142857143,0.0
rerank_bge_m3,989,94,5,0.2,0.0,0.6,0.0,0.8,0.0
rerank_bge_m3,990,94,9,0.2222222222222222,0.0,0.3333333333333333,0.0,0.6666666666666666,0.0
rerank_bge_m3,717,31,6,0.6666666666666666,0.0,1.0,1.0,1.0,1.0
rerank_bge_m3,994,94,9,0.2222222222222222,0.0,0.5555555555555556,0.0,0.5555555555555556,0.0
rerank_bge_m3,1001,94,12,0.16666666666666666,0.0,0.16666666666666666,0.0,0.25,0.0
rerank_bge_m3,1002,94,9,0.4444444444444444,0.0,0.5555555555555556,0.0,0.5555555555555556,0.0
rerank_bge_m3,1003,94,6,0.3333333333333333,0.0,0.5,0.0,0.8333333333333334,0.0
rerank_bge_m3,1011,94,5,0.4,0.0,0.4,0.0,0.8,0.0
rerank_bge_m3,1014,94,6,0.3333333333333333,0.0,0.3333333333333333,0.0,0.5,0.0
rerank_bge_m3,719,31,6,0.5,0.0,1.0,1.0,1.0,1.0
rerank_bge_m3,723,31,8,0.5,0.0,0.875,0.0,1.0,1.0
rerank_bge_m3,724,31,5,0.6,0.0,1.0,1.0,1.0,1.0
rerank_bge_m3,726,31,5,0.6,0.0,0.8,0.0,1.0,1.0
rerank_bge_m3,728,31,7,0.5714285714285714,0.0,0.8571428571428571,0.0,1.0,1.0
rerank_bge_m3,730,31,9,0.5555555555555556,0.0,1.0,1.0,1.0,1.0
rerank_bge_m3,732,31,9,0.3333333333333333,0.0,0.5555555555555556,0.0,0.8888888888888888,0.0
rerank_bge_m3,733,31,7,0.5714285714285714,0.0,1.0,1.0,1.0,1.0
rerank_bge_m3,736,31,7,0.5714285714285714,0.0,0.7142857142857143,0.0,1.0,1.0
rerank_bge_m3,737,31,4,1.0,1.0,1.0,1.0,1.0,1.0
rerank_bge_m3,738,31,7,0.5714285714285714,0.0,0.7142857142857143,0.0,1.0,1.0
rerank_bge_m3,739,31,6,0.5,0.0,1.0,1.0,1.0,1.0
rerank_bge_m3,740,31,9,0.3333333333333333,0.0,0.5555555555555556,0.0,1.0,1.0
rerank_bge_m3,743,31,6,0.8333333333333334,0.0,1.0,1.0,1.0,1.0
rerank_bge_m3,744,31,3,0.0,0.0,0.6666666666666666,0.0,1.0,1.0
rerank_bge_m3,745,31,2,1.0,1.0,1.0,1.0,1.0,1.0
rerank_bge_m3,747,31,2,1.0,1.0,1.0,1.0,1.0,1.0
rerank_bge_m3,750,31,4,0.5,0.0,0.75,0.0,0.75,0.0
rerank_bge_m3,751,31,8,0.375,0.0,0.875,0.0,1.0,1.0
rerank_bge_m3,753,31,5,0.6,0.0,0.6,0.0,0.8,0.0
rerank_bge_m3,758,31,7,0.42857142857142855,0.0,0.7142857142857143,0.0,1.0,1.0
rerank_bge_m3,760,31,5,0.6,0.0,1.0,1.0,1.0,1.0
rerank_bge_m3,761,31,5,0.6,0.0,0.6,0.0,0.6,0.0
rerank_bge_m3,764,31,4,1.0,1.0,1.0,1.0,1.0,1.0
rerank_bge_m3,765,31,4,0.75,0.0,1.0,1.0,1.0,1.0
rerank_bge_m3,766,31,7,0.2857142857142857,0.0,0.7142857142857143,0.0,1.0,1.0
rerank_bge_m3,769,31,10,0.3,0.0,0.7,0.0,1.0,1.0
rerank_bge_m3,772,31,9,0.5555555555555556,0.0,0.7777777777777778,0.0,1.0,1.0
rerank_bge_m3,773,31,7,0.7142857142857143,0.0,1.0,1.0,1.0,1.0
rerank_bge_m3,775,31,7,0.42857142857142855,0.0,0.42857142857142855,0.0,0.8571428571428571,0.0
rerank_bge_m3,779,31,4,0.75,0.0,1.0,1.0,1.0,1.0
rerank_bge_m3,781,31,4,1.0,1.0,1.0,1.0,1.0,1.0
rerank_bge_m3,782,31,5,0.6,0.0,0.8,0.0,0.8,0.0
rerank_bge_m3,785,31,4,0.75,0.0,0.75,0.0,1.0,1.0
rerank_bge_m3,786,31,5,0.8,0.0,0.8,0.0,1.0,1.0
rerank_bge_m3,788,31,6,0.3333333333333333,0.0,0.8333333333333334,0.0,1.0,1.0
rerank_bge_m3,790,31,2,1.0,1.0,1.0,1.0,1.0,1.0
rerank_bge_m3,791,31,1,1.0,1.0,1.0,1.0,1.0,1.0
rerank_bge_m3,792,31,6,0.6666666666666666,0.0,1.0,1.0,1.0,1.0
rerank_bge_m3,794,31,7,0.2857142857142857,0.0,0.42857142857142855,0.0,0.8571428571428571,0.0
rerank_bge_m3,796,31,7,0.5714285714285714,0.0,0.7142857142857143,0.0,1.0,1.0
rerank_bge_m3,797,31,5,0.6,0.0,0.8,0.0,1.0,1.0
rerank_bge_m3,798,31,4,1.0,1.0,1.0,1.0,1.0,1.0
rerank_bge_m3,800,31,4,0.0,0.0,0.25,0.0,1.0,1.0
rerank_bge_m3,801,31,4,0.75,0.0,1.0,1.0,1.0,1.0
rerank_bge_m3,806,31,4,0.75,0.0,1.0,1.0,1.0,1.0
rerank_bge_m3,819,31,3,0.6666666666666666,0.0,1.0,1.0,1.0,1.0
rerank_bge_m3,822,31,7,0.42857142857142855,0.0,0.5714285714285714,0.0,1.0,1.0
rerank_bge_m3,824,31,6,0.5,0.0,0.6666666666666666,0.0,1.0,1.0
rerank_bge_m3,825,31,8,0.375,0.0,0.625,0.0,1.0,1.0
rerank_bge_m3,829,31,3,0.0,0.0,0.0,0.0,0.3333333333333333,0.0
rerank_bge_m3,531,71,2,1.0,1.0,1.0,1.0,1.0,1.0
rerank_bge_m3,532,71,2,1.0,1.0,1.0,1.0,1.0,1.0
rerank_bge_m3,533,71,2,1.0,1.0,1.0,1.0,1.0,1.0
rerank_bge_m3,539,71,4,0.0,0.0,0.25,0.0,0.5,0.0
rerank_bge_m3,537,71,4,0.5,0.0,0.5,0.0,0.75,0.0
rerank_bge_m3,544,71,4,0.25,0.0,1.0,1.0,1.0,1.0
rerank_bge_m3,547,71,5,0.6,0.0,0.6,0.0,0.8,0.0
rerank_bge_m3,549,71,4,0.25,0.0,0.5,0.0,0.5,0.0
rerank_bge_m3,555,71,4,0.75,0.0,0.75,0.0,0.75,0.0
rerank_bge_m3,557,71,5,0.4,0.0,0.4,0.0,0.6,0.0
rerank_bge_m3,563,71,5,0.6,0.0,0.8,0.0,1.0,1.0
rerank_bge_m3,565,71,5,0.4,0.0,0.6,0.0,0.8,0.0
rerank_bge_m3,567,71,3,0.3333333333333333,0.0,0.3333333333333333,0.0,0.6666666666666666,0.0
rerank_bge_m3,568,71,4,0.75,0.0,1.0,1.0,1.0,1.0
rerank_bge_m3,571,71,2,0.0,0.0,0.5,0.0,1.0,1.0
rerank_bge_m3,572,71,2,1.0,1.0,1.0,1.0,1.0,1.0
rerank_bge_m3,573,71,2,1.0,1.0,1.0,1.0,1.0,1.0
rerank_bge_m3,576,71,4,0.75,0.0,0.75,0.0,1.0,1.0
rerank_bge_m3,578,71,5,0.6,0.0,0.6,0.0,0.6,0.0
rerank_bge_m3,581,71,4,0.5,0.0,0.75,0.0,1.0,1.0
rerank_bge_m3,584,71,4,0.0,0.0,0.25,0.0,0.25,0.0
rerank_bge_m3,586,71,7,0.14285714285714285,0.0,0.7142857142857143,0.0,0.7142857142857143,0.0
rerank_bge_m3,587,71,6,0.5,0.0,0.8333333333333334,0.0,1.0,1.0
rerank_bge_m3,592,71,2,1.0,1.0,1.0,1.0,1.0,1.0
rerank_bge_m3,595,71,6,0.6666666666666666,0.0,1.0,1.0,1.0,1.0
rerank_bge_m3,598,71,3,0.3333333333333333,0.0,1.0,1.0,1.0,1.0
rerank_bge_m3,604,71,4,0.5,0.0,0.75,0.0,1.0,1.0
rerank_bge_m3,629,71,1,1.0,1.0,1.0,1.0,1.0,1.0
rerank_bge_m3,633,71,5,0.4,0.0,0.4,0.0,0.4,0.0
rerank_bge_m3,634,71,4,0.25,0.0,0.25,0.0,0.5,0.0
rerank_bge_m3,637,71,5,0.4,0.0,0.4,0.0,0.6,0.0
rerank_bge_m3,639,71,4,0.0,0.0,0.0,0.0,0.75,0.0
rerank_bge_m3,640,71,4,0.25,0.0,0.5,0.0,0.75,0.0
rerank_bge_m3,665,71,5,0.8,0.0,1.0,1.0,1.0,1.0
rerank_bge_m3,669,71,4,0.25,0.0,0.5,0.0,0.75,0.0
rerank_bge_m3,671,71,5,0.2,0.0,0.4,0.0,0.8,0.0
rerank_bge_m3,672,71,4,0.75,0.0,1.0,1.0,1.0,1.0
rerank_bge_m3,678,71,6,0.3333333333333333,0.0,0.5,0.0,0.6666666666666666,0.0
rerank_bge_m3,682,71,6,0.5,0.0,0.6666666666666666,0.0,0.8333333333333334,0.0
rerank_bge_m3,683,71,5,0.6,0.0,0.6,0.0,0.6,0.0
rerank_bge_m3,685,71,7,0.2857142857142857,0.0,0.42857142857142855,0.0,0.8571428571428571,0.0
rerank_bge_m3,687,71,4,0.5,0.0,0.75,0.0,0.75,0.0
rerank_bge_m3,694,71,8,0.25,0.0,0.375,0.0,0.75,0.0
rerank_bge_m3,701,71,4,0.75,0.0,0.75,0.0,1.0,1.0
rerank_bge_m3,704,71,3,1.0,1.0,1.0,1.0,1.0,1.0
rerank_bge_m3,705,71,5,0.6,0.0,0.8,0.0,1.0,1.0
rerank_bge_m3,707,71,7,0.5714285714285714,0.0,0.5714285714285714,0.0,1.0,1.0
rerank_bge_m3,710,71,5,0.4,0.0,0.6,0.0,1.0,1.0
rerank_bge_m3,716,71,4,0.5,0.0,1.0,1.0,1.0,1.0
rerank_bge_m3,340,115,3,1.0,1.0,1.0,1.0,1.0,1.0
rerank_bge_m3,341,115,4,0.75,0.0,1.0,1.0,1.0,1.0
rerank_bge_m3,344,115,6,0.3333333333333333,0.0,0.3333333333333333,0.0,0.3333333333333333,0.0
rerank_bge_m3,345,115,6,0.6666666666666666,0.0,0.6666666666666666,0.0,0.8333333333333334,0.0
rerank_bge_m3,346,115,7,0.42857142857142855,0.0,0.42857142857142855,0.0,0.7142857142857143,0.0
rerank_bge_m3,347,115,6,0.5,0.0,0.6666666666666666,0.0,0.6666666666666666,0.0
rerank_bge_m3,349,115,7,0.5714285714285714,0.0,0.8571428571428571,0.0,0.8571428571428571,0.0
rerank_bge_m3,352,115,4,0.0,0.0,0.25,0.0,0.5,0.0
rerank_bge_m3,356,115,1,1.0,1.0,1.0,1.0,1.0,1.0
rerank_bge_m3,358,115,2,1.0,1.0,1.0,1.0,1.0,1.0
rerank_bge_m3,366,115,2,1.0,1.0,1.0,1.0,1.0,1.0
rerank_bge_m3,368,115,2,1.0,1.0,1.0,1.0,1.0,1.0
rerank_bge_m3,371,115,5,0.2,0.0,0.2,0.0,0.2,0.0
rerank_bge_m3,377,115,3,0.6666666666666666,0.0,0.6666666666666666,0.0,0.6666666666666666,0.0
rerank_bge_m3,379,115,2,1.0,1.0,1.0,1.0,1.0,1.0
rerank_bge_m3,383,115,5,0.2,0.0,0.2,0.0,0.6,0.0
rerank_bge_m3,391,115,5,0.4,0.0,0.6,0.0,0.6,0.0
rerank_bge_m3,397,115,5,0.8,0.0,1.0,1.0,1.0,1.0
rerank_bge_m3,402,115,3,0.6666666666666666,0.0,0.6666666666666666,0.0,0.6666666666666666,0.0
rerank_bge_m3,405,115,5,0.8,0.0,0.8,0.0,1.0,1.0
rerank_bge_m3,407,115,5,0.4,0.0,0.4,0.0,0.4,0.0
rerank_bge_m3,408,115,5,0.4,0.0,0.6,0.0,0.8,0.0
rerank_bge_m3,409,115,7,0.2857142857142857,0.0,0.42857142857142855,0.0,0.42857142857142855,0.0
rerank_bge_m3,412,115,9,0.2222222222222222,0.0,0.4444444444444444,0.0,0.6666666666666666,0.0
rerank_bge_m3,414,115,5,0.6,0.0,0.6,0.0,0.6,0.0
rerank_bge_m3,415,115,6,0.16666666666666666,0.0,0.3333333333333333,0.0,0.5,0.0
rerank_bge_m3,416,115,5,0.2,0.0,0.4,0.0,0.4,0.0
rerank_bge_m3,422,115,2,0.0,0.0,0.0,0.0,0.0,0.0
rerank_bge_m3,424,115,2,1.0,1.0,1.0,1.0,1.0,1.0
rerank_bge_m3,427,115,4,0.25,0.0,0.25,0.0,0.25,0.0
rerank_bge_m3,440,115,2,1.0,1.0,1.0,1.0,1.0,1.0
rerank_bge_m3,459,115,2,0.0,0.0,0.0,0.0,0.0,0.0
rerank_bge_m3,462,115,5,0.0,0.0,0.0,0.0,0.0,0.0
rerank_bge_m3,465,115,6,0.3333333333333333,0.0,0.3333333333333333,0.0,0.6666666666666666,0.0
rerank_bge_m3,466,115,5,0.2,0.0,0.2,0.0,0.2,0.0
rerank_bge_m3,468,115,5,0.0,0.0,0.0,0.0,0.2,0.0
rerank_bge_m3,469,115,5,0.6,0.0,0.6,0.0,0.8,0.0
rerank_bge_m3,472,115,6,0.6666666666666666,0.0,0.8333333333333334,0.0,1.0,1.0
rerank_bge_m3,473,115,4,0.5,0.0,0.5,0.0,0.5,0.0
rerank_bge_m3,474,115,6,0.3333333333333333,0.0,0.5,0.0,0.5,0.0
rerank_bge_m3,477,115,4,0.0,0.0,0.0,0.0,0.0,0.0
rerank_bge_m3,479,115,5,0.2,0.0,0.2,0.0,0.4,0.0
rerank_bge_m3,480,115,5,0.0,0.0,0.0,0.0,0.2,0.0
rerank_bge_m3,483,115,7,0.0,0.0,0.0,0.0,0.42857142857142855,0.0
rerank_bge_m3,484,115,8,0.0,0.0,0.0,0.0,0.125,0.0
rerank_bge_m3,486,115,5,0.2,0.0,0.2,0.0,0.4,0.0
rerank_bge_m3,487,115,6,0.0,0.0,0.16666666666666666,0.0,0.16666666666666666,0.0
rerank_bge_m3,518,115,5,0.0,0.0,0.0,0.0,0.2,0.0
rerank_bge_m3,522,115,6,0.3333333333333333,0.0,0.3333333333333333,0.0,0.3333333333333333,0.0
rerank_bge_m3,528,115,8,0.125,0.0,0.125,0.0,0.125,0.0
rerank_bge_m3,529,115,5,0.2,0.0,0.2,0.0,0.4,0.0
rerank_bge_m3,530,115,6,0.3333333333333333,0.0,0.3333333333333333,0.0,0.5,0.0
rerank_bge_m3,195,11,2,1.0,1.0,1.0,1.0,1.0,1.0
rerank_bge_m3,197,11,4,0.5,0.0,1.0,1.0,1.0,1.0
rerank_bge_m3,198,11,4,1.0,1.0,1.0,1.0,1.0,1.0
rerank_bge_m3,200,11,4,1.0,1.0,1.0,1.0,1.0,1.0
rerank_bge_m3,201,11,5,0.8,0.0,1.0,1.0,1.0,1.0
rerank_bge_m3,206,11,4,0.25,0.0,1.0,1.0,1.0,1.0
rerank_bge_m3,207,11,6,0.5,0.0,0.8333333333333334,0.0,1.0,1.0
rerank_bge_m3,208,11,4,0.75,0.0,1.0,1.0,1.0,1.0
rerank_bge_m3,212,11,4,0.75,0.0,1.0,1.0,1.0,1.0
rerank_bge_m3,213,11,5,0.8,0.0,1.0,1.0,1.0,1.0
rerank_bge_m3,215,11,5,0.6,0.0,1.0,1.0,1.0,1.0
rerank_bge_m3,218,11,4,1.0,1.0,1.0,1.0,1.0,1.0
rerank_bge_m3,219,11,4,0.75,0.0,1.0,1.0,1.0,1.0
rerank_bge_m3,220,11,2,0.5,0.0,1.0,1.0,1.0,1.0
rerank_bge_m3,226,11,3,0.3333333333333333,0.0,1.0,1.0,1.0,1.0
rerank_bge_m3,227,11,2,1.0,1.0,1.0,1.0,1.0,1.0
rerank_bge_m3,228,11,3,0.6666666666666666,0.0,1.0,1.0,1.0,1.0
rerank_bge_m3,230,11,4,0.75,0.0,1.0,1.0,1.0,1.0
rerank_bge_m3,231,11,2,1.0,1.0,1.0,1.0,1.0,1.0
rerank_bge_m3,232,11,4,0.75,0.0,1.0,1.0,1.0,1.0
rerank_bge_m3,234,11,3,0.3333333333333333,0.0,1.0,1.0,1.0,1.0
rerank_bge_m3,236,11,5,0.6,0.0,1.0,1.0,1.0,1.0
rerank_bge_m3,239,11,2,1.0,1.0,1.0,1.0,1.0,1.0
rerank_bge_m3,240,11,2,0.5,0.0,1.0,1.0,1.0,1.0
rerank_bge_m3,242,11,4,1.0,1.0,1.0,1.0,1.0,1.0
rerank_bge_m3,243,11,4,0.75,0.0,1.0,1.0,1.0,1.0
rerank_bge_m3,244,11,4,1.0,1.0,1.0,1.0,1.0,1.0
rerank_bge_m3,245,11,4,0.5,0.0,1.0,1.0,1.0,1.0
rerank_bge_m3,247,11,3,1.0,1.0,1.0,1.0,1.0,1.0
rerank_bge_m3,248,11,6,0.5,0.0,0.8333333333333334,0.0,1.0,1.0
rerank_bge_m3,249,11,4,0.5,0.0,1.0,1.0,1.0,1.0
rerank_bge_m3,253,11,6,0.5,0.0,0.8333333333333334,0.0,1.0,1.0
rerank_bge_m3,255,11,5,0.8,0.0,1.0,1.0,1.0,1.0
rerank_bge_m3,260,11,4,0.75,0.0,1.0,1.0,1.0,1.0
rerank_bge_m3,263,11,6,0.8333333333333334,0.0,1.0,1.0,1.0,1.0
rerank_bge_m3,268,11,4,0.5,0.0,1.0,1.0,1.0,1.0
rerank_bge_m3,273,11,4,0.5,0.0,1.0,1.0,1.0,1.0
rerank_bge_m3,281,11,5,1.0,1.0,1.0,1.0,1.0,1.0
rerank_bge_m3,282,11,5,0.8,0.0,1.0,1.0,1.0,1.0
rerank_bge_m3,327,11,4,1.0,1.0,1.0,1.0,1.0,1.0
rerank_bge_m3,5,89,5,0.4,0.0,0.4,0.0,0.4,0.0
rerank_bge_m3,11,89,5,0.6,0.0,0.6,0.0,0.8,0.0
rerank_bge_m3,12,89,7,0.5714285714285714,0.0,0.5714285714285714,0.0,0.5714285714285714,0.0
rerank_bge_m3,17,89,5,0.2,0.0,0.2,0.0,0.4,0.0
rerank_bge_m3,23,89,6,0.6666666666666666,0.0,0.6666666666666666,0.0,0.6666666666666666,0.0
rerank_bge_m3,24,89,7,0.42857142857142855,0.0,0.42857142857142855,0.0,0.42857142857142855,0.0
rerank_bge_m3,25,89,7,0.42857142857142855,0.0,0.42857142857142855,0.0,0.7142857142857143,0.0
rerank_bge_m3,26,89,11,0.18181818181818182,0.0,0.36363636363636365,0.0,0.5454545454545454,0.0
rerank_bge_m3,27,89,7,0.42857142857142855,0.0,0.5714285714285714,0.0,0.5714285714285714,0.0
rerank_bge_m3,28,89,7,0.5714285714285714,0.0,0.7142857142857143,0.0,0.8571428571428571,0.0
rerank_bge_m3,31,89,5,0.6,0.0,0.6,0.0,0.6,0.0
rerank_bge_m3,32,89,5,0.2,0.0,0.4,0.0,0.4,0.0
rerank_bge_m3,37,89,9,0.5555555555555556,0.0,0.6666666666666666,0.0,0.6666666666666666,0.0
rerank_bge_m3,36,89,10,0.3,0.0,0.7,0.0,0.7,0.0
rerank_bge_m3,39,89,5,0.2,0.0,0.4,0.0,0.4,0.0
rerank_bge_m3,40,89,6,0.3333333333333333,0.0,0.5,0.0,0.5,0.0
rerank_bge_m3,41,89,7,0.2857142857142857,0.0,0.42857142857142855,0.0,0.42857142857142855,0.0
rerank_bge_m3,45,89,6,0.3333333333333333,0.0,0.5,0.0,0.6666666666666666,0.0
rerank_bge_m3,46,89,5,0.2,0.0,0.4,0.0,0.6,0.0
rerank_bge_m3,47,89,4,0.5,0.0,0.75,0.0,1.0,1.0
rerank_bge_m3,48,89,4,0.5,0.0,0.5,0.0,0.75,0.0
rerank_bge_m3,50,89,6,0.3333333333333333,0.0,0.3333333333333333,0.0,0.3333333333333333,0.0
rerank_bge_m3,62,89,7,0.14285714285714285,0.0,0.2857142857142857,0.0,0.42857142857142855,0.0
rerank_bge_m3,72,89,7,0.42857142857142855,0.0,0.42857142857142855,0.0,0.7142857142857143,0.0
rerank_bge_m3,77,89,7,0.14285714285714285,0.0,0.42857142857142855,0.0,0.5714285714285714,0.0
rerank_bge_m3,79,89,2,1.0,1.0,1.0,1.0,1.0,1.0
rerank_bge_m3,82,89,3,1.0,1.0,1.0,1.0,1.0,1.0
rerank_bge_m3,83,89,5,0.4,0.0,0.4,0.0,0.4,0.0
rerank_bge_m3,85,89,6,0.16666666666666666,0.0,0.3333333333333333,0.0,0.6666666666666666,0.0
rerank_bge_m3,87,89,9,0.1111111111111111,0.0,0.4444444444444444,0.0,0.4444444444444444,0.0
rerank_bge_m3,89,55,5,0.2,0.0,0.2,0.0,0.8,0.0
rerank_bge_m3,92,55,4,0.75,0.0,0.75,0.0,1.0,1.0
rerank_bge_m3,93,55,6,0.3333333333333333,0.0,0.3333333333333333,0.0,0.8333333333333334,0.0
rerank_bge_m3,94,55,9,0.1111111111111111,0.0,0.1111111111111111,0.0,0.3333333333333333,0.0
rerank_bge_m3,95,55,8,0.5,0.0,0.625,0.0,0.625,0.0
rerank_bge_m3,98,55,5,0.6,0.0,0.8,0.0,1.0,1.0
rerank_bge_m3,99,55,5,0.8,0.0,1.0,1.0,1.0,1.0
rerank_bge_m3,100,55,6,0.3333333333333333,0.0,0.5,0.0,0.8333333333333334,0.0
rerank_bge_m3,112,55,9,0.3333333333333333,0.0,0.4444444444444444,0.0,0.5555555555555556,0.0
rerank_bge_m3,115,55,6,0.6666666666666666,0.0,0.8333333333333334,0.0,0.8333333333333334,0.0
rerank_bge_m3,116,55,6,0.3333333333333333,0.0,0.6666666666666666,0.0,0.8333333333333334,0.0
rerank_bge_m3,117,55,2,1.0,1.0,1.0,1.0,1.0,1.0
rerank_bge_m3,118,55,3,0.6666666666666666,0.0,1.0,1.0,1.0,1.0
rerank_bge_m3,125,55,7,0.2857142857142857,0.0,0.2857142857142857,0.0,0.42857142857142855,0.0
rerank_bge_m3,128,55,5,0.8,0.0,0.8,0.0,0.8,0.0
rerank_bge_m3,136,55,5,0.6,0.0,1.0,1.0,1.0,1.0
rerank_bge_m3,137,55,5,0.4,0.0,0.6,0.0,0.8,0.0
rerank_bge_m3,138,55,5,0.4,0.0,0.6,0.0,0.6,0.0
rerank_bge_m3,129,55,9,0.1111111111111111,0.0,0.2222222222222222,0.0,0.2222222222222222,0.0
rerank_bge_m3,145,55,7,0.2857142857142857,0.0,0.5714285714285714,0.0,0.7142857142857143,0.0
rerank_bge_m3,149,55,6,0.16666666666666666,0.0,0.16666666666666666,0.0,0.8333333333333334,0.0
rerank_bge_m3,152,55,4,0.75,0.0,0.75,0.0,1.0,1.0
rerank_bge_m3,159,55,7,0.42857142857142855,0.0,0.5714285714285714,0.0,1.0,1.0
rerank_bge_m3,168,55,5,0.6,0.0,0.6,0.0,1.0,1.0
rerank_bge_m3,169,55,9,0.3333333333333333,0.0,0.5555555555555556,0.0,0.7777777777777778,0.0
rerank_bge_m3,173,55,5,0.6,0.0,0.8,0.0,1.0,1.0
rerank_bge_m3,186,55,6,0.5,0.0,0.5,0.0,0.6666666666666666,0.0
rerank_bge_m3,189,55,10,0.4,0.0,0.7,0.0,0.8,0.0
rerank_bge_m3,192,55,5,0.4,0.0,0.4,0.0,0.8,0.0
rerank_bge_m3,194,55,7,0.5714285714285714,0.0,0.7142857142857143,0.0,1.0,1.0
gliclass_large_v3,1471,21,1,1.0,1.0,1.0,1.0,1.0,1.0
gliclass_large_v3,1472,21,5,0.4,0.0,0.6,0.0,1.0,1.0
gliclass_large_v3,1473,21,5,0.6,0.0,1.0,1.0,1.0,1.0
gliclass_large_v3,1476,21,5,0.6,0.0,0.6,0.0,1.0,1.0
gliclass_large_v3,1479,21,5,0.6,0.0,0.6,0.0,1.0,1.0
gliclass_large_v3,1480,21,5,0.4,0.0,0.8,0.0,1.0,1.0
gliclass_large_v3,1481,21,6,0.6666666666666666,0.0,0.8333333333333334,0.0,1.0,1.0
gliclass_large_v3,1482,21,6,0.5,0.0,0.6666666666666666,0.0,1.0,1.0
gliclass_large_v3,1483,21,3,0.6666666666666666,0.0,0.6666666666666666,0.0,1.0,1.0
gliclass_large_v3,1484,21,2,1.0,1.0,1.0,1.0,1.0,1.0
gliclass_large_v3,1486,21,2,0.5,0.0,0.5,0.0,1.0,1.0
gliclass_large_v3,1490,21,4,0.75,0.0,0.75,0.0,1.0,1.0
gliclass_large_v3,1493,21,3,0.6666666666666666,0.0,0.6666666666666666,0.0,0.6666666666666666,0.0
gliclass_large_v3,1498,21,2,1.0,1.0,1.0,1.0,1.0,1.0
gliclass_large_v3,1500,21,4,1.0,1.0,1.0,1.0,1.0,1.0
gliclass_large_v3,1501,21,4,1.0,1.0,1.0,1.0,1.0,1.0
gliclass_large_v3,1505,21,4,0.75,0.0,0.75,0.0,1.0,1.0
gliclass_large_v3,1506,21,6,0.8333333333333334,0.0,1.0,1.0,1.0,1.0
gliclass_large_v3,1507,21,4,1.0,1.0,1.0,1.0,1.0,1.0
gliclass_large_v3,1509,21,5,0.8,0.0,1.0,1.0,1.0,1.0
gliclass_large_v3,1514,21,7,0.42857142857142855,0.0,0.8571428571428571,0.0,1.0,1.0
gliclass_large_v3,1515,21,5,0.6,0.0,1.0,1.0,1.0,1.0
gliclass_large_v3,1521,21,6,0.6666666666666666,0.0,1.0,1.0,1.0,1.0
gliclass_large_v3,1524,21,5,0.4,0.0,1.0,1.0,1.0,1.0
gliclass_large_v3,1525,21,4,0.75,0.0,1.0,1.0,1.0,1.0
gliclass_large_v3,1526,21,8,0.5,0.0,0.625,0.0,1.0,1.0
gliclass_large_v3,1528,21,2,1.0,1.0,1.0,1.0,1.0,1.0
gliclass_large_v3,1529,21,4,0.5,0.0,1.0,1.0,1.0,1.0
gliclass_large_v3,1531,21,5,1.0,1.0,1.0,1.0,1.0,1.0
gliclass_large_v3,1533,21,7,0.5714285714285714,0.0,0.8571428571428571,0.0,1.0,1.0
gliclass_large_v3,1312,48,5,0.8,0.0,0.8,0.0,1.0,1.0
gliclass_large_v3,1317,48,6,0.3333333333333333,0.0,0.6666666666666666,0.0,0.6666666666666666,0.0
gliclass_large_v3,1322,48,4,0.75,0.0,0.75,0.0,1.0,1.0
gliclass_large_v3,1323,48,4,0.75,0.0,1.0,1.0,1.0,1.0
gliclass_large_v3,1331,48,4,0.5,0.0,0.75,0.0,0.75,0.0
gliclass_large_v3,1334,48,5,0.6,0.0,0.6,0.0,0.6,0.0
gliclass_large_v3,1338,48,7,0.42857142857142855,0.0,0.5714285714285714,0.0,1.0,1.0
gliclass_large_v3,1339,48,7,0.42857142857142855,0.0,0.5714285714285714,0.0,0.8571428571428571,0.0
gliclass_large_v3,1340,48,4,0.5,0.0,0.75,0.0,1.0,1.0
gliclass_large_v3,1344,48,3,1.0,1.0,1.0,1.0,1.0,1.0
gliclass_large_v3,1346,48,3,1.0,1.0,1.0,1.0,1.0,1.0
gliclass_large_v3,1350,48,5,0.6,0.0,0.6,0.0,1.0,1.0
gliclass_large_v3,1351,48,5,0.8,0.0,0.8,0.0,1.0,1.0
gliclass_large_v3,1352,48,5,0.6,0.0,1.0,1.0,1.0,1.0
gliclass_large_v3,1356,48,4,0.75,0.0,0.75,0.0,1.0,1.0
gliclass_large_v3,1357,48,6,0.6666666666666666,0.0,0.8333333333333334,0.0,1.0,1.0
gliclass_large_v3,1359,48,6,0.5,0.0,0.6666666666666666,0.0,0.8333333333333334,0.0
gliclass_large_v3,1361,48,2,1.0,1.0,1.0,1.0,1.0,1.0
gliclass_large_v3,1362,48,3,1.0,1.0,1.0,1.0,1.0,1.0
gliclass_large_v3,1368,48,4,1.0,1.0,1.0,1.0,1.0,1.0
gliclass_large_v3,1371,48,4,0.75,0.0,1.0,1.0,1.0,1.0
gliclass_large_v3,1375,48,5,0.6,0.0,0.6,0.0,0.8,0.0
gliclass_large_v3,1376,48,6,0.6666666666666666,0.0,0.8333333333333334,0.0,1.0,1.0
gliclass_large_v3,1378,48,2,0.5,0.0,1.0,1.0,1.0,1.0
gliclass_large_v3,1380,48,2,1.0,1.0,1.0,1.0,1.0,1.0
gliclass_large_v3,1381,48,5,0.6,0.0,0.8,0.0,0.8,0.0
gliclass_large_v3,1387,48,9,0.3333333333333333,0.0,0.4444444444444444,0.0,0.7777777777777778,0.0
gliclass_large_v3,1389,48,6,0.3333333333333333,0.0,0.6666666666666666,0.0,1.0,1.0
gliclass_large_v3,1390,48,6,0.3333333333333333,0.0,0.6666666666666666,0.0,1.0,1.0
gliclass_large_v3,1392,48,3,1.0,1.0,1.0,1.0,1.0,1.0
gliclass_large_v3,1394,48,4,0.75,0.0,1.0,1.0,1.0,1.0
gliclass_large_v3,1398,48,5,0.6,0.0,0.8,0.0,1.0,1.0
gliclass_large_v3,1399,48,7,0.42857142857142855,0.0,0.7142857142857143,0.0,0.8571428571428571,0.0
gliclass_large_v3,1401,48,7,0.42857142857142855,0.0,0.42857142857142855,0.0,1.0,1.0
gliclass_large_v3,1403,48,5,0.6,0.0,0.8,0.0,1.0,1.0
gliclass_large_v3,1404,48,8,0.5,0.0,0.625,0.0,1.0,1.0
gliclass_large_v3,1405,48,5,0.8,0.0,1.0,1.0,1.0,1.0
gliclass_large_v3,1409,48,2,1.0,1.0,1.0,1.0,1.0,1.0
gliclass_large_v3,1410,48,5,0.8,0.0,1.0,1.0,1.0,1.0
gliclass_large_v3,1411,48,5,0.6,0.0,0.6,0.0,0.8,0.0
gliclass_large_v3,1422,48,2,1.0,1.0,1.0,1.0,1.0,1.0
gliclass_large_v3,1426,48,7,0.7142857142857143,0.0,1.0,1.0,1.0,1.0
gliclass_large_v3,1427,48,6,0.6666666666666666,0.0,1.0,1.0,1.0,1.0
gliclass_large_v3,1432,48,6,0.6666666666666666,0.0,1.0,1.0,1.0,1.0
gliclass_large_v3,1435,48,4,1.0,1.0,1.0,1.0,1.0,1.0
gliclass_large_v3,1457,48,8,0.5,0.0,0.75,0.0,0.875,0.0
gliclass_large_v3,1460,48,6,0.6666666666666666,0.0,1.0,1.0,1.0,1.0
gliclass_large_v3,1464,48,6,0.6666666666666666,0.0,0.6666666666666666,0.0,0.8333333333333334,0.0
gliclass_large_v3,1149,64,2,1.0,1.0,1.0,1.0,1.0,1.0
gliclass_large_v3,1150,64,2,1.0,1.0,1.0,1.0,1.0,1.0
gliclass_large_v3,1152,64,2,1.0,1.0,1.0,1.0,1.0,1.0
gliclass_large_v3,1153,64,4,0.75,0.0,1.0,1.0,1.0,1.0
gliclass_large_v3,1155,64,5,0.8,0.0,1.0,1.0,1.0,1.0
gliclass_large_v3,1156,64,4,1.0,1.0,1.0,1.0,1.0,1.0
gliclass_large_v3,1157,64,5,0.8,0.0,1.0,1.0,1.0,1.0
gliclass_large_v3,1162,64,3,1.0,1.0,1.0,1.0,1.0,1.0
gliclass_large_v3,1164,64,5,0.6,0.0,1.0,1.0,1.0,1.0
gliclass_large_v3,1166,64,5,0.8,0.0,1.0,1.0,1.0,1.0
gliclass_large_v3,1168,64,6,0.6666666666666666,0.0,1.0,1.0,1.0,1.0
gliclass_large_v3,1169,64,4,0.5,0.0,0.75,0.0,1.0,1.0
gliclass_large_v3,1171,64,4,0.5,0.0,1.0,1.0,1.0,1.0
gliclass_large_v3,1175,64,6,0.6666666666666666,0.0,0.8333333333333334,0.0,1.0,1.0
gliclass_large_v3,1179,64,7,0.7142857142857143,0.0,1.0,1.0,1.0,1.0
gliclass_large_v3,1185,64,5,0.6,0.0,0.8,0.0,1.0,1.0
gliclass_large_v3,1187,64,4,0.5,0.0,1.0,1.0,1.0,1.0
gliclass_large_v3,1189,64,4,0.75,0.0,1.0,1.0,1.0,1.0
gliclass_large_v3,1192,64,5,0.6,0.0,0.8,0.0,1.0,1.0
gliclass_large_v3,1195,64,6,0.6666666666666666,0.0,0.8333333333333334,0.0,1.0,1.0
gliclass_large_v3,1198,64,3,0.6666666666666666,0.0,1.0,1.0,1.0,1.0
gliclass_large_v3,1201,64,4,0.75,0.0,1.0,1.0,1.0,1.0
gliclass_large_v3,1205,64,4,0.75,0.0,1.0,1.0,1.0,1.0
gliclass_large_v3,1208,64,4,0.75,0.0,1.0,1.0,1.0,1.0
gliclass_large_v3,1209,64,5,0.6,0.0,0.6,0.0,0.8,0.0
gliclass_large_v3,1220,64,5,0.8,0.0,0.8,0.0,1.0,1.0
gliclass_large_v3,1225,64,4,1.0,1.0,1.0,1.0,1.0,1.0
gliclass_large_v3,1227,64,5,0.8,0.0,1.0,1.0,1.0,1.0
gliclass_large_v3,1229,64,4,0.5,0.0,1.0,1.0,1.0,1.0
gliclass_large_v3,1231,64,5,0.6,0.0,0.8,0.0,1.0,1.0
gliclass_large_v3,1232,64,6,0.8333333333333334,0.0,1.0,1.0,1.0,1.0
gliclass_large_v3,1235,64,5,0.6,0.0,1.0,1.0,1.0,1.0
gliclass_large_v3,1238,64,6,0.8333333333333334,0.0,0.8333333333333334,0.0,1.0,1.0
gliclass_large_v3,1239,64,4,1.0,1.0,1.0,1.0,1.0,1.0
gliclass_large_v3,1241,64,3,0.3333333333333333,0.0,0.6666666666666666,0.0,0.6666666666666666,0.0
gliclass_large_v3,1242,64,5,0.6,0.0,1.0,1.0,1.0,1.0
gliclass_large_v3,1243,64,5,0.6,0.0,0.8,0.0,0.8,0.0
gliclass_large_v3,1247,64,5,0.4,0.0,0.8,0.0,1.0,1.0
gliclass_large_v3,1251,64,3,0.3333333333333333,0.0,0.3333333333333333,0.0,1.0,1.0
gliclass_large_v3,1252,64,5,0.4,0.0,0.6,0.0,1.0,1.0
gliclass_large_v3,1254,64,4,0.5,0.0,0.5,0.0,0.75,0.0
gliclass_large_v3,1255,64,4,0.5,0.0,0.5,0.0,1.0,1.0
gliclass_large_v3,1256,64,4,0.5,0.0,0.75,0.0,1.0,1.0
gliclass_large_v3,1257,64,4,0.5,0.0,0.75,0.0,0.75,0.0
gliclass_large_v3,1265,64,4,0.5,0.0,0.75,0.0,1.0,1.0
gliclass_large_v3,1267,64,4,0.25,0.0,0.75,0.0,1.0,1.0
gliclass_large_v3,1270,64,6,0.5,0.0,0.8333333333333334,0.0,1.0,1.0
gliclass_large_v3,1275,64,5,0.6,0.0,0.8,0.0,1.0,1.0
gliclass_large_v3,1281,64,4,0.5,0.0,0.75,0.0,0.75,0.0
gliclass_large_v3,1302,64,7,0.5714285714285714,0.0,0.7142857142857143,0.0,0.8571428571428571,0.0
gliclass_large_v3,1025,199,6,0.8333333333333334,0.0,1.0,1.0,1.0,1.0
gliclass_large_v3,1028,199,9,0.5555555555555556,0.0,0.8888888888888888,0.0,0.8888888888888888,0.0
gliclass_large_v3,1029,199,3,0.0,0.0,0.3333333333333333,0.0,0.3333333333333333,0.0
gliclass_large_v3,1030,199,7,0.7142857142857143,0.0,0.8571428571428571,0.0,0.8571428571428571,0.0
gliclass_large_v3,1031,199,5,0.6,0.0,0.6,0.0,0.6,0.0
gliclass_large_v3,1032,199,4,0.75,0.0,1.0,1.0,1.0,1.0
gliclass_large_v3,1035,199,2,1.0,1.0,1.0,1.0,1.0,1.0
gliclass_large_v3,1036,199,6,0.5,0.0,0.5,0.0,0.6666666666666666,0.0
gliclass_large_v3,1037,199,5,0.4,0.0,0.4,0.0,0.4,0.0
gliclass_large_v3,1039,199,4,0.25,0.0,0.75,0.0,0.75,0.0
gliclass_large_v3,1040,199,5,0.6,0.0,0.8,0.0,0.8,0.0
gliclass_large_v3,1042,199,7,0.7142857142857143,0.0,0.8571428571428571,0.0,0.8571428571428571,0.0
gliclass_large_v3,1044,199,2,0.5,0.0,0.5,0.0,0.5,0.0
gliclass_large_v3,1048,199,5,0.4,0.0,0.4,0.0,0.4,0.0
gliclass_large_v3,1057,199,6,0.6666666666666666,0.0,1.0,1.0,1.0,1.0
gliclass_large_v3,1058,199,4,0.5,0.0,0.5,0.0,0.5,0.0
gliclass_large_v3,1068,199,5,0.6,0.0,0.6,0.0,0.6,0.0
gliclass_large_v3,1076,199,5,0.4,0.0,0.6,0.0,0.6,0.0
gliclass_large_v3,1078,199,2,0.5,0.0,0.5,0.0,1.0,1.0
gliclass_large_v3,1079,199,2,0.5,0.0,0.5,0.0,0.5,0.0
gliclass_large_v3,1080,199,3,0.6666666666666666,0.0,0.6666666666666666,0.0,0.6666666666666666,0.0
gliclass_large_v3,1084,199,5,0.4,0.0,0.4,0.0,0.4,0.0
gliclass_large_v3,1088,199,5,0.6,0.0,0.6,0.0,0.6,0.0
gliclass_large_v3,1091,199,5,0.8,0.0,1.0,1.0,1.0,1.0
gliclass_large_v3,1092,199,5,0.8,0.0,0.8,0.0,0.8,0.0
gliclass_large_v3,1094,199,5,0.4,0.0,0.4,0.0,0.4,0.0
gliclass_large_v3,1096,199,5,0.4,0.0,0.4,0.0,0.4,0.0
gliclass_large_v3,1098,199,5,0.6,0.0,0.8,0.0,1.0,1.0
gliclass_large_v3,1102,199,6,0.6666666666666666,0.0,0.6666666666666666,0.0,0.6666666666666666,0.0
gliclass_large_v3,1103,199,5,0.6,0.0,0.6,0.0,0.8,0.0
gliclass_large_v3,1105,199,5,0.6,0.0,0.6,0.0,0.8,0.0
gliclass_large_v3,1107,199,5,0.6,0.0,1.0,1.0,1.0,1.0
gliclass_large_v3,1110,199,5,0.6,0.0,0.6,0.0,1.0,1.0
gliclass_large_v3,1113,199,5,0.6,0.0,0.6,0.0,1.0,1.0
gliclass_large_v3,1114,199,6,0.5,0.0,0.8333333333333334,0.0,0.8333333333333334,0.0
gliclass_large_v3,1115,199,5,0.6,0.0,0.8,0.0,0.8,0.0
gliclass_large_v3,1116,199,2,1.0,1.0,1.0,1.0,1.0,1.0
gliclass_large_v3,1122,199,4,0.5,0.0,0.5,0.0,0.5,0.0
gliclass_large_v3,1124,199,4,0.5,0.0,0.5,0.0,0.5,0.0
gliclass_large_v3,1130,199,4,0.5,0.0,0.75,0.0,1.0,1.0
gliclass_large_v3,1133,199,3,0.6666666666666666,0.0,0.6666666666666666,0.0,0.6666666666666666,0.0
gliclass_large_v3,1134,199,2,1.0,1.0,1.0,1.0,1.0,1.0
gliclass_large_v3,1135,199,3,1.0,1.0,1.0,1.0,1.0,1.0
gliclass_large_v3,1136,199,3,0.6666666666666666,0.0,0.6666666666666666,0.0,0.6666666666666666,0.0
gliclass_large_v3,1139,199,6,0.6666666666666666,0.0,0.8333333333333334,0.0,1.0,1.0
gliclass_large_v3,1141,199,4,0.5,0.0,1.0,1.0,1.0,1.0
gliclass_large_v3,1144,199,5,0.6,0.0,0.6,0.0,0.6,0.0
gliclass_large_v3,1145,199,5,0.8,0.0,1.0,1.0,1.0,1.0
gliclass_large_v3,1146,199,4,1.0,1.0,1.0,1.0,1.0,1.0
gliclass_large_v3,1147,199,4,0.25,0.0,0.25,0.0,0.25,0.0
gliclass_large_v3,1148,199,5,0.4,0.0,0.4,0.0,0.4,0.0
gliclass_large_v3,846,94,6,0.6666666666666666,0.0,0.8333333333333334,0.0,1.0,1.0
gliclass_large_v3,847,94,5,0.6,0.0,0.6,0.0,0.8,0.0
gliclass_large_v3,850,94,4,0.5,0.0,0.5,0.0,1.0,1.0
gliclass_large_v3,854,94,5,0.6,0.0,1.0,1.0,1.0,1.0
gliclass_large_v3,857,94,5,0.6,0.0,0.6,0.0,0.8,0.0
gliclass_large_v3,859,94,6,0.8333333333333334,0.0,0.8333333333333334,0.0,0.8333333333333334,0.0
gliclass_large_v3,861,94,5,0.4,0.0,1.0,1.0,1.0,1.0
gliclass_large_v3,862,94,7,0.42857142857142855,0.0,0.7142857142857143,0.0,0.8571428571428571,0.0
gliclass_large_v3,865,94,7,0.42857142857142855,0.0,0.7142857142857143,0.0,0.7142857142857143,0.0
gliclass_large_v3,866,94,7,0.42857142857142855,0.0,0.7142857142857143,0.0,0.8571428571428571,0.0
gliclass_large_v3,868,94,5,0.6,0.0,0.6,0.0,0.8,0.0
gliclass_large_v3,869,94,5,0.4,0.0,0.6,0.0,0.8,0.0
gliclass_large_v3,872,94,5,0.4,0.0,0.6,0.0,1.0,1.0
gliclass_large_v3,875,94,4,0.75,0.0,1.0,1.0,1.0,1.0
gliclass_large_v3,877,94,9,0.3333333333333333,0.0,0.4444444444444444,0.0,0.7777777777777778,0.0
gliclass_large_v3,879,94,4,0.5,0.0,0.5,0.0,0.5,0.0
gliclass_large_v3,880,94,6,0.5,0.0,0.6666666666666666,0.0,0.8333333333333334,0.0
gliclass_large_v3,881,94,6,0.3333333333333333,0.0,0.8333333333333334,0.0,1.0,1.0
gliclass_large_v3,884,94,2,1.0,1.0,1.0,1.0,1.0,1.0
gliclass_large_v3,892,94,5,0.6,0.0,0.6,0.0,0.8,0.0
gliclass_large_v3,894,94,8,0.5,0.0,0.75,0.0,0.75,0.0
gliclass_large_v3,895,94,9,0.4444444444444444,0.0,0.4444444444444444,0.0,0.5555555555555556,0.0
gliclass_large_v3,896,94,7,0.5714285714285714,0.0,0.7142857142857143,0.0,0.7142857142857143,0.0
gliclass_large_v3,897,94,7,0.7142857142857143,0.0,0.8571428571428571,0.0,1.0,1.0
gliclass_large_v3,898,94,4,1.0,1.0,1.0,1.0,1.0,1.0
gliclass_large_v3,901,94,7,0.7142857142857143,0.0,1.0,1.0,1.0,1.0
gliclass_large_v3,902,94,8,0.375,0.0,0.5,0.0,0.625,0.0
gliclass_large_v3,904,94,9,0.4444444444444444,0.0,0.5555555555555556,0.0,0.6666666666666666,0.0
gliclass_large_v3,906,94,9,0.3333333333333333,0.0,0.5555555555555556,0.0,0.7777777777777778,0.0
gliclass_large_v3,909,94,4,0.5,0.0,1.0,1.0,1.0,1.0
gliclass_large_v3,910,94,3,1.0,1.0,1.0,1.0,1.0,1.0
gliclass_large_v3,912,94,2,1.0,1.0,1.0,1.0,1.0,1.0
gliclass_large_v3,915,94,2,1.0,1.0,1.0,1.0,1.0,1.0
gliclass_large_v3,928,94,10,0.4,0.0,0.5,0.0,0.6,0.0
gliclass_large_v3,930,94,8,0.375,0.0,0.375,0.0,0.625,0.0
gliclass_large_v3,931,94,5,0.6,0.0,0.6,0.0,0.8,0.0
gliclass_large_v3,933,94,9,0.4444444444444444,0.0,0.5555555555555556,0.0,0.5555555555555556,0.0
gliclass_large_v3,937,94,6,0.5,0.0,0.6666666666666666,0.0,0.8333333333333334,0.0
gliclass_large_v3,940,94,8,0.375,0.0,0.625,0.0,0.625,0.0
gliclass_large_v3,944,94,9,0.1111111111111111,0.0,0.2222222222222222,0.0,0.5555555555555556,0.0
gliclass_large_v3,945,94,3,1.0,1.0,1.0,1.0,1.0,1.0
gliclass_large_v3,948,94,4,0.5,0.0,0.75,0.0,0.75,0.0
gliclass_large_v3,950,94,5,0.4,0.0,0.6,0.0,0.8,0.0
gliclass_large_v3,951,94,5,0.4,0.0,0.6,0.0,0.8,0.0
gliclass_large_v3,954,94,9,0.3333333333333333,0.0,0.5555555555555556,0.0,0.6666666666666666,0.0
gliclass_large_v3,955,94,5,0.2,0.0,0.4,0.0,0.4,0.0
gliclass_large_v3,959,94,5,0.4,0.0,0.6,0.0,0.8,0.0
gliclass_large_v3,960,94,5,0.6,0.0,0.8,0.0,0.8,0.0
gliclass_large_v3,962,94,7,0.5714285714285714,0.0,0.7142857142857143,0.0,0.8571428571428571,0.0
gliclass_large_v3,963,94,4,0.25,0.0,0.5,0.0,0.5,0.0
gliclass_large_v3,964,94,2,1.0,1.0,1.0,1.0,1.0,1.0
gliclass_large_v3,967,94,2,1.0,1.0,1.0,1.0,1.0,1.0
gliclass_large_v3,971,94,3,0.6666666666666666,0.0,0.6666666666666666,0.0,1.0,1.0
gliclass_large_v3,972,94,5,0.8,0.0,0.8,0.0,0.8,0.0
gliclass_large_v3,977,94,3,0.3333333333333333,0.0,1.0,1.0,1.0,1.0
gliclass_large_v3,978,94,4,1.0,1.0,1.0,1.0,1.0,1.0
gliclass_large_v3,981,94,9,0.4444444444444444,0.0,0.7777777777777778,0.0,0.8888888888888888,0.0
gliclass_large_v3,988,94,7,0.5714285714285714,0.0,0.5714285714285714,0.0,0.7142857142857143,0.0
gliclass_large_v3,989,94,5,0.2,0.0,0.4,0.0,0.6,0.0
gliclass_large_v3,990,94,9,0.3333333333333333,0.0,0.3333333333333333,0.0,0.5555555555555556,0.0
gliclass_large_v3,717,31,6,0.8333333333333334,0.0,1.0,1.0,1.0,1.0
gliclass_large_v3,994,94,9,0.3333333333333333,0.0,0.4444444444444444,0.0,0.6666666666666666,0.0
gliclass_large_v3,1001,94,12,0.3333333333333333,0.0,0.4166666666666667,0.0,0.5833333333333334,0.0
gliclass_large_v3,1002,94,9,0.5555555555555556,0.0,0.5555555555555556,0.0,0.7777777777777778,0.0
gliclass_large_v3,1003,94,6,0.3333333333333333,0.0,0.6666666666666666,0.0,0.6666666666666666,0.0
gliclass_large_v3,1011,94,5,0.4,0.0,0.4,0.0,0.8,0.0
gliclass_large_v3,1014,94,6,0.3333333333333333,0.0,0.3333333333333333,0.0,0.6666666666666666,0.0
gliclass_large_v3,719,31,6,0.8333333333333334,0.0,1.0,1.0,1.0,1.0
gliclass_large_v3,723,31,8,0.625,0.0,0.875,0.0,1.0,1.0
gliclass_large_v3,724,31,5,1.0,1.0,1.0,1.0,1.0,1.0
gliclass_large_v3,726,31,5,0.8,0.0,1.0,1.0,1.0,1.0
gliclass_large_v3,728,31,7,0.7142857142857143,0.0,1.0,1.0,1.0,1.0
gliclass_large_v3,730,31,9,0.5555555555555556,0.0,0.8888888888888888,0.0,1.0,1.0
gliclass_large_v3,732,31,9,0.5555555555555556,0.0,0.8888888888888888,0.0,1.0,1.0
gliclass_large_v3,733,31,7,0.7142857142857143,0.0,1.0,1.0,1.0,1.0
gliclass_large_v3,736,31,7,0.7142857142857143,0.0,1.0,1.0,1.0,1.0
gliclass_large_v3,737,31,4,0.75,0.0,1.0,1.0,1.0,1.0
gliclass_large_v3,738,31,7,0.7142857142857143,0.0,0.8571428571428571,0.0,1.0,1.0
gliclass_large_v3,739,31,6,0.8333333333333334,0.0,1.0,1.0,1.0,1.0
gliclass_large_v3,740,31,9,0.5555555555555556,0.0,0.8888888888888888,0.0,1.0,1.0
gliclass_large_v3,743,31,6,0.8333333333333334,0.0,1.0,1.0,1.0,1.0
gliclass_large_v3,744,31,3,1.0,1.0,1.0,1.0,1.0,1.0
gliclass_large_v3,745,31,2,1.0,1.0,1.0,1.0,1.0,1.0
gliclass_large_v3,747,31,2,1.0,1.0,1.0,1.0,1.0,1.0
gliclass_large_v3,750,31,4,1.0,1.0,1.0,1.0,1.0,1.0
gliclass_large_v3,751,31,8,0.625,0.0,0.875,0.0,1.0,1.0
gliclass_large_v3,753,31,5,0.8,0.0,1.0,1.0,1.0,1.0
gliclass_large_v3,758,31,7,0.5714285714285714,0.0,0.8571428571428571,0.0,1.0,1.0
gliclass_large_v3,760,31,5,1.0,1.0,1.0,1.0,1.0,1.0
gliclass_large_v3,761,31,5,0.8,0.0,1.0,1.0,1.0,1.0
gliclass_large_v3,764,31,4,1.0,1.0,1.0,1.0,1.0,1.0
gliclass_large_v3,765,31,4,0.75,0.0,1.0,1.0,1.0,1.0
gliclass_large_v3,766,31,7,0.5714285714285714,0.0,1.0,1.0,1.0,1.0
gliclass_large_v3,769,31,10,0.5,0.0,0.9,0.0,1.0,1.0
gliclass_large_v3,772,31,9,0.4444444444444444,0.0,0.8888888888888888,0.0,1.0,1.0
gliclass_large_v3,773,31,7,0.7142857142857143,0.0,1.0,1.0,1.0,1.0
gliclass_large_v3,775,31,7,0.7142857142857143,0.0,1.0,1.0,1.0,1.0
gliclass_large_v3,779,31,4,1.0,1.0,1.0,1.0,1.0,1.0
gliclass_large_v3,781,31,4,1.0,1.0,1.0,1.0,1.0,1.0
gliclass_large_v3,782,31,5,0.8,0.0,1.0,1.0,1.0,1.0
gliclass_large_v3,785,31,4,1.0,1.0,1.0,1.0,1.0,1.0
gliclass_large_v3,786,31,5,0.8,0.0,1.0,1.0,1.0,1.0
gliclass_large_v3,788,31,6,0.8333333333333334,0.0,1.0,1.0,1.0,1.0
gliclass_large_v3,790,31,2,1.0,1.0,1.0,1.0,1.0,1.0
gliclass_large_v3,791,31,1,1.0,1.0,1.0,1.0,1.0,1.0
gliclass_large_v3,792,31,6,0.8333333333333334,0.0,1.0,1.0,1.0,1.0
gliclass_large_v3,794,31,7,0.7142857142857143,0.0,1.0,1.0,1.0,1.0
gliclass_large_v3,796,31,7,0.7142857142857143,0.0,0.8571428571428571,0.0,1.0,1.0
gliclass_large_v3,797,31,5,0.8,0.0,1.0,1.0,1.0,1.0
gliclass_large_v3,798,31,4,1.0,1.0,1.0,1.0,1.0,1.0
gliclass_large_v3,800,31,4,1.0,1.0,1.0,1.0,1.0,1.0
gliclass_large_v3,801,31,4,1.0,1.0,1.0,1.0,1.0,1.0
gliclass_large_v3,806,31,4,1.0,1.0,1.0,1.0,1.0,1.0
gliclass_large_v3,819,31,3,1.0,1.0,1.0,1.0,1.0,1.0
gliclass_large_v3,822,31,7,0.7142857142857143,0.0,1.0,1.0,1.0,1.0
gliclass_large_v3,824,31,6,0.8333333333333334,0.0,1.0,1.0,1.0,1.0
gliclass_large_v3,825,31,8,0.625,0.0,1.0,1.0,1.0,1.0
gliclass_large_v3,829,31,3,1.0,1.0,1.0,1.0,1.0,1.0
gliclass_large_v3,531,71,2,1.0,1.0,1.0,1.0,1.0,1.0
gliclass_large_v3,532,71,2,1.0,1.0,1.0,1.0,1.0,1.0
gliclass_large_v3,533,71,2,1.0,1.0,1.0,1.0,1.0,1.0
gliclass_large_v3,539,71,4,0.75,0.0,0.75,0.0,1.0,1.0
gliclass_large_v3,537,71,4,0.75,0.0,1.0,1.0,1.0,1.0
gliclass_large_v3,544,71,4,0.75,0.0,1.0,1.0,1.0,1.0
gliclass_large_v3,547,71,5,0.6,0.0,0.8,0.0,1.0,1.0
gliclass_large_v3,549,71,4,0.75,0.0,1.0,1.0,1.0,1.0
gliclass_large_v3,555,71,4,0.75,0.0,1.0,1.0,1.0,1.0
gliclass_large_v3,557,71,5,0.6,0.0,1.0,1.0,1.0,1.0
gliclass_large_v3,563,71,5,0.2,0.0,0.4,0.0,0.8,0.0
gliclass_large_v3,565,71,5,0.2,0.0,0.4,0.0,0.8,0.0
gliclass_large_v3,567,71,3,0.6666666666666666,0.0,1.0,1.0,1.0,1.0
gliclass_large_v3,568,71,4,1.0,1.0,1.0,1.0,1.0,1.0
gliclass_large_v3,571,71,2,1.0,1.0,1.0,1.0,1.0,1.0
gliclass_large_v3,572,71,2,1.0,1.0,1.0,1.0,1.0,1.0
gliclass_large_v3,573,71,2,1.0,1.0,1.0,1.0,1.0,1.0
gliclass_large_v3,576,71,4,0.5,0.0,0.75,0.0,1.0,1.0
gliclass_large_v3,578,71,5,0.8,0.0,0.8,0.0,0.8,0.0
gliclass_large_v3,581,71,4,0.75,0.0,0.75,0.0,0.75,0.0
gliclass_large_v3,584,71,4,0.5,0.0,0.5,0.0,1.0,1.0
gliclass_large_v3,586,71,7,0.5714285714285714,0.0,0.7142857142857143,0.0,1.0,1.0
gliclass_large_v3,587,71,6,0.3333333333333333,0.0,0.6666666666666666,0.0,0.8333333333333334,0.0
gliclass_large_v3,592,71,2,1.0,1.0,1.0,1.0,1.0,1.0
gliclass_large_v3,595,71,6,0.5,0.0,0.8333333333333334,0.0,1.0,1.0
gliclass_large_v3,598,71,3,1.0,1.0,1.0,1.0,1.0,1.0
gliclass_large_v3,604,71,4,0.75,0.0,0.75,0.0,0.75,0.0
gliclass_large_v3,629,71,1,1.0,1.0,1.0,1.0,1.0,1.0
gliclass_large_v3,633,71,5,0.6,0.0,0.8,0.0,0.8,0.0
gliclass_large_v3,634,71,4,0.5,0.0,0.5,0.0,0.5,0.0
gliclass_large_v3,637,71,5,0.4,0.0,0.4,0.0,0.8,0.0
gliclass_large_v3,639,71,4,0.5,0.0,0.75,0.0,0.75,0.0
gliclass_large_v3,640,71,4,0.5,0.0,0.5,0.0,0.5,0.0
gliclass_large_v3,665,71,5,0.8,0.0,0.8,0.0,1.0,1.0
gliclass_large_v3,669,71,4,0.5,0.0,0.75,0.0,1.0,1.0
gliclass_large_v3,671,71,5,0.8,0.0,1.0,1.0,1.0,1.0
gliclass_large_v3,672,71,4,0.5,0.0,0.75,0.0,0.75,0.0
gliclass_large_v3,678,71,6,0.6666666666666666,0.0,0.8333333333333334,0.0,0.8333333333333334,0.0
gliclass_large_v3,682,71,6,0.5,0.0,0.6666666666666666,0.0,1.0,1.0
gliclass_large_v3,683,71,5,0.4,0.0,1.0,1.0,1.0,1.0
gliclass_large_v3,685,71,7,0.2857142857142857,0.0,0.5714285714285714,0.0,0.8571428571428571,0.0
gliclass_large_v3,687,71,4,0.25,0.0,0.5,0.0,1.0,1.0
gliclass_large_v3,694,71,8,0.375,0.0,0.5,0.0,0.75,0.0
gliclass_large_v3,701,71,4,0.5,0.0,0.5,0.0,0.75,0.0
gliclass_large_v3,704,71,3,1.0,1.0,1.0,1.0,1.0,1.0
gliclass_large_v3,705,71,5,0.4,0.0,0.6,0.0,1.0,1.0
gliclass_large_v3,707,71,7,0.42857142857142855,0.0,0.7142857142857143,0.0,1.0,1.0
gliclass_large_v3,710,71,5,0.6,0.0,0.8,0.0,1.0,1.0
gliclass_large_v3,716,71,4,0.75,0.0,1.0,1.0,1.0,1.0
gliclass_large_v3,340,115,3,1.0,1.0,1.0,1.0,1.0,1.0
gliclass_large_v3,341,115,4,1.0,1.0,1.0,1.0,1.0,1.0
gliclass_large_v3,344,115,6,0.6666666666666666,0.0,0.8333333333333334,0.0,0.8333333333333334,0.0
gliclass_large_v3,345,115,6,0.6666666666666666,0.0,0.6666666666666666,0.0,0.6666666666666666,0.0
gliclass_large_v3,346,115,7,0.7142857142857143,0.0,0.7142857142857143,0.0,1.0,1.0
gliclass_large_v3,347,115,6,0.6666666666666666,0.0,0.6666666666666666,0.0,0.8333333333333334,0.0
gliclass_large_v3,349,115,7,0.5714285714285714,0.0,0.8571428571428571,0.0,1.0,1.0
gliclass_large_v3,352,115,4,0.5,0.0,0.5,0.0,0.5,0.0
gliclass_large_v3,356,115,1,1.0,1.0,1.0,1.0,1.0,1.0
gliclass_large_v3,358,115,2,1.0,1.0,1.0,1.0,1.0,1.0
gliclass_large_v3,366,115,2,1.0,1.0,1.0,1.0,1.0,1.0
gliclass_large_v3,368,115,2,1.0,1.0,1.0,1.0,1.0,1.0
gliclass_large_v3,371,115,5,0.6,0.0,0.6,0.0,0.6,0.0
gliclass_large_v3,377,115,3,0.6666666666666666,0.0,0.6666666666666666,0.0,1.0,1.0
gliclass_large_v3,379,115,2,1.0,1.0,1.0,1.0,1.0,1.0
gliclass_large_v3,383,115,5,0.6,0.0,0.6,0.0,0.8,0.0
gliclass_large_v3,391,115,5,0.2,0.0,0.4,0.0,0.6,0.0
gliclass_large_v3,397,115,5,1.0,1.0,1.0,1.0,1.0,1.0
gliclass_large_v3,402,115,3,1.0,1.0,1.0,1.0,1.0,1.0
gliclass_large_v3,405,115,5,0.6,0.0,1.0,1.0,1.0,1.0
gliclass_large_v3,407,115,5,0.6,0.0,0.6,0.0,0.6,0.0
gliclass_large_v3,408,115,5,0.4,0.0,0.4,0.0,0.8,0.0
gliclass_large_v3,409,115,7,0.42857142857142855,0.0,0.5714285714285714,0.0,0.8571428571428571,0.0
gliclass_large_v3,412,115,9,0.4444444444444444,0.0,0.7777777777777778,0.0,0.7777777777777778,0.0
gliclass_large_v3,414,115,5,0.6,0.0,0.6,0.0,1.0,1.0
gliclass_large_v3,415,115,6,0.6666666666666666,0.0,0.6666666666666666,0.0,0.8333333333333334,0.0
gliclass_large_v3,416,115,5,0.4,0.0,0.4,0.0,0.4,0.0
gliclass_large_v3,422,115,2,0.5,0.0,1.0,1.0,1.0,1.0
gliclass_large_v3,424,115,2,1.0,1.0,1.0,1.0,1.0,1.0
gliclass_large_v3,427,115,4,0.75,0.0,1.0,1.0,1.0,1.0
gliclass_large_v3,440,115,2,1.0,1.0,1.0,1.0,1.0,1.0
gliclass_large_v3,459,115,2,1.0,1.0,1.0,1.0,1.0,1.0
gliclass_large_v3,462,115,5,0.4,0.0,0.6,0.0,0.6,0.0
gliclass_large_v3,465,115,6,0.5,0.0,0.5,0.0,0.5,0.0
gliclass_large_v3,466,115,5,0.4,0.0,0.6,0.0,0.8,0.0
gliclass_large_v3,468,115,5,0.6,0.0,0.6,0.0,0.8,0.0
gliclass_large_v3,469,115,5,0.8,0.0,1.0,1.0,1.0,1.0
gliclass_large_v3,472,115,6,0.6666666666666666,0.0,0.6666666666666666,0.0,0.8333333333333334,0.0
gliclass_large_v3,473,115,4,0.5,0.0,0.5,0.0,1.0,1.0
gliclass_large_v3,474,115,6,0.5,0.0,0.6666666666666666,0.0,1.0,1.0
gliclass_large_v3,477,115,4,0.5,0.0,0.5,0.0,0.75,0.0
gliclass_large_v3,479,115,5,0.6,0.0,0.8,0.0,1.0,1.0
gliclass_large_v3,480,115,5,0.6,0.0,0.6,0.0,0.6,0.0
gliclass_large_v3,483,115,7,0.2857142857142857,0.0,0.42857142857142855,0.0,0.42857142857142855,0.0
gliclass_large_v3,484,115,8,0.375,0.0,0.5,0.0,0.75,0.0
gliclass_large_v3,486,115,5,0.6,0.0,0.6,0.0,1.0,1.0
gliclass_large_v3,487,115,6,0.3333333333333333,0.0,0.6666666666666666,0.0,1.0,1.0
gliclass_large_v3,518,115,5,0.6,0.0,0.8,0.0,0.8,0.0
gliclass_large_v3,522,115,6,0.6666666666666666,0.0,0.8333333333333334,0.0,0.8333333333333334,0.0
gliclass_large_v3,528,115,8,0.5,0.0,0.5,0.0,0.875,0.0
gliclass_large_v3,529,115,5,0.4,0.0,0.6,0.0,0.6,0.0
gliclass_large_v3,530,115,6,0.5,0.0,0.6666666666666666,0.0,0.6666666666666666,0.0
gliclass_large_v3,195,11,2,1.0,1.0,1.0,1.0,1.0,1.0
gliclass_large_v3,197,11,4,0.5,0.0,0.75,0.0,1.0,1.0
gliclass_large_v3,198,11,4,1.0,1.0,1.0,1.0,1.0,1.0
gliclass_large_v3,200,11,4,0.75,0.0,1.0,1.0,1.0,1.0
gliclass_large_v3,201,11,5,0.4,0.0,0.8,0.0,1.0,1.0
gliclass_large_v3,206,11,4,1.0,1.0,1.0,1.0,1.0,1.0
gliclass_large_v3,207,11,6,0.8333333333333334,0.0,1.0,1.0,1.0,1.0
gliclass_large_v3,208,11,4,1.0,1.0,1.0,1.0,1.0,1.0
gliclass_large_v3,212,11,4,0.75,0.0,1.0,1.0,1.0,1.0
gliclass_large_v3,213,11,5,0.8,0.0,1.0,1.0,1.0,1.0
gliclass_large_v3,215,11,5,0.4,0.0,0.8,0.0,1.0,1.0
gliclass_large_v3,218,11,4,0.75,0.0,1.0,1.0,1.0,1.0
gliclass_large_v3,219,11,4,1.0,1.0,1.0,1.0,1.0,1.0
gliclass_large_v3,220,11,2,0.5,0.0,1.0,1.0,1.0,1.0
gliclass_large_v3,226,11,3,1.0,1.0,1.0,1.0,1.0,1.0
gliclass_large_v3,227,11,2,1.0,1.0,1.0,1.0,1.0,1.0
gliclass_large_v3,228,11,3,0.6666666666666666,0.0,1.0,1.0,1.0,1.0
gliclass_large_v3,230,11,4,0.75,0.0,1.0,1.0,1.0,1.0
gliclass_large_v3,231,11,2,1.0,1.0,1.0,1.0,1.0,1.0
gliclass_large_v3,232,11,4,1.0,1.0,1.0,1.0,1.0,1.0
gliclass_large_v3,234,11,3,0.6666666666666666,0.0,1.0,1.0,1.0,1.0
gliclass_large_v3,236,11,5,0.6,0.0,1.0,1.0,1.0,1.0
gliclass_large_v3,239,11,2,1.0,1.0,1.0,1.0,1.0,1.0
gliclass_large_v3,240,11,2,0.5,0.0,1.0,1.0,1.0,1.0
gliclass_large_v3,242,11,4,0.75,0.0,1.0,1.0,1.0,1.0
gliclass_large_v3,243,11,4,0.75,0.0,1.0,1.0,1.0,1.0
gliclass_large_v3,244,11,4,1.0,1.0,1.0,1.0,1.0,1.0
gliclass_large_v3,245,11,4,1.0,1.0,1.0,1.0,1.0,1.0
gliclass_large_v3,247,11,3,1.0,1.0,1.0,1.0,1.0,1.0
gliclass_large_v3,248,11,6,0.6666666666666666,0.0,1.0,1.0,1.0,1.0
gliclass_large_v3,249,11,4,1.0,1.0,1.0,1.0,1.0,1.0
gliclass_large_v3,253,11,6,0.8333333333333334,0.0,1.0,1.0,1.0,1.0
gliclass_large_v3,255,11,5,1.0,1.0,1.0,1.0,1.0,1.0
gliclass_large_v3,260,11,4,0.5,0.0,1.0,1.0,1.0,1.0
gliclass_large_v3,263,11,6,0.6666666666666666,0.0,0.8333333333333334,0.0,1.0,1.0
gliclass_large_v3,268,11,4,0.5,0.0,1.0,1.0,1.0,1.0
gliclass_large_v3,273,11,4,0.75,0.0,1.0,1.0,1.0,1.0
gliclass_large_v3,281,11,5,0.8,0.0,1.0,1.0,1.0,1.0
gliclass_large_v3,282,11,5,0.8,0.0,1.0,1.0,1.0,1.0
gliclass_large_v3,327,11,4,0.75,0.0,1.0,1.0,1.0,1.0
gliclass_large_v3,5,89,5,0.4,0.0,0.4,0.0,0.4,0.0
gliclass_large_v3,11,89,5,0.4,0.0,0.6,0.0,0.6,0.0
gliclass_large_v3,12,89,7,0.5714285714285714,0.0,0.5714285714285714,0.0,0.5714285714285714,0.0
gliclass_large_v3,17,89,5,0.4,0.0,0.4,0.0,0.4,0.0
gliclass_large_v3,23,89,6,0.5,0.0,0.6666666666666666,0.0,0.6666666666666666,0.0
gliclass_large_v3,24,89,7,0.42857142857142855,0.0,0.42857142857142855,0.0,0.5714285714285714,0.0
gliclass_large_v3,25,89,7,0.2857142857142857,0.0,0.42857142857142855,0.0,0.42857142857142855,0.0
gliclass_large_v3,26,89,11,0.2727272727272727,0.0,0.45454545454545453,0.0,0.6363636363636364,0.0
gliclass_large_v3,27,89,7,0.42857142857142855,0.0,0.7142857142857143,0.0,0.7142857142857143,0.0
gliclass_large_v3,28,89,7,0.42857142857142855,0.0,0.5714285714285714,0.0,0.7142857142857143,0.0
gliclass_large_v3,31,89,5,0.4,0.0,0.4,0.0,0.6,0.0
gliclass_large_v3,32,89,5,0.6,0.0,0.6,0.0,0.6,0.0
gliclass_large_v3,37,89,9,0.5555555555555556,0.0,0.6666666666666666,0.0,0.6666666666666666,0.0
gliclass_large_v3,36,89,10,0.3,0.0,0.4,0.0,0.6,0.0
gliclass_large_v3,39,89,5,0.4,0.0,0.4,0.0,0.4,0.0
gliclass_large_v3,40,89,6,0.16666666666666666,0.0,0.3333333333333333,0.0,0.5,0.0
gliclass_large_v3,41,89,7,0.42857142857142855,0.0,0.42857142857142855,0.0,0.42857142857142855,0.0
gliclass_large_v3,45,89,6,0.3333333333333333,0.0,0.5,0.0,0.5,0.0
gliclass_large_v3,46,89,5,0.4,0.0,0.6,0.0,0.6,0.0
gliclass_large_v3,47,89,4,1.0,1.0,1.0,1.0,1.0,1.0
gliclass_large_v3,48,89,4,0.5,0.0,0.5,0.0,0.5,0.0
gliclass_large_v3,50,89,6,0.5,0.0,0.5,0.0,0.5,0.0
gliclass_large_v3,62,89,7,0.2857142857142857,0.0,0.42857142857142855,0.0,0.42857142857142855,0.0
gliclass_large_v3,72,89,7,0.42857142857142855,0.0,0.42857142857142855,0.0,0.5714285714285714,0.0
gliclass_large_v3,77,89,7,0.5714285714285714,0.0,0.7142857142857143,0.0,0.7142857142857143,0.0
gliclass_large_v3,79,89,2,1.0,1.0,1.0,1.0,1.0,1.0
gliclass_large_v3,82,89,3,0.6666666666666666,0.0,1.0,1.0,1.0,1.0
gliclass_large_v3,83,89,5,0.6,0.0,0.6,0.0,0.6,0.0
gliclass_large_v3,85,89,6,0.5,0.0,0.5,0.0,0.6666666666666666,0.0
gliclass_large_v3,87,89,9,0.3333333333333333,0.0,0.5555555555555556,0.0,0.7777777777777778,0.0
gliclass_large_v3,89,55,5,0.6,0.0,0.6,0.0,0.8,0.0
gliclass_large_v3,92,55,4,0.5,0.0,0.5,0.0,1.0,1.0
gliclass_large_v3,93,55,6,0.6666666666666666,0.0,0.8333333333333334,0.0,0.8333333333333334,0.0
gliclass_large_v3,94,55,9,0.4444444444444444,0.0,0.4444444444444444,0.0,0.5555555555555556,0.0
gliclass_large_v3,95,55,8,0.375,0.0,0.5,0.0,0.5,0.0
gliclass_large_v3,98,55,5,0.6,0.0,1.0,1.0,1.0,1.0
gliclass_large_v3,99,55,5,0.6,0.0,1.0,1.0,1.0,1.0
gliclass_large_v3,100,55,6,0.8333333333333334,0.0,0.8333333333333334,0.0,0.8333333333333334,0.0
gliclass_large_v3,112,55,9,0.4444444444444444,0.0,0.6666666666666666,0.0,0.6666666666666666,0.0
gliclass_large_v3,115,55,6,0.5,0.0,0.5,0.0,0.8333333333333334,0.0
gliclass_large_v3,116,55,6,0.5,0.0,0.6666666666666666,0.0,0.8333333333333334,0.0
gliclass_large_v3,117,55,2,1.0,1.0,1.0,1.0,1.0,1.0
gliclass_large_v3,118,55,3,1.0,1.0,1.0,1.0,1.0,1.0
gliclass_large_v3,125,55,7,0.7142857142857143,0.0,0.7142857142857143,0.0,0.8571428571428571,0.0
gliclass_large_v3,128,55,5,0.4,0.0,0.4,0.0,1.0,1.0
gliclass_large_v3,136,55,5,0.4,0.0,0.8,0.0,0.8,0.0
gliclass_large_v3,137,55,5,0.6,0.0,0.6,0.0,0.6,0.0
gliclass_large_v3,138,55,5,0.6,0.0,0.6,0.0,0.6,0.0
gliclass_large_v3,129,55,9,0.4444444444444444,0.0,0.5555555555555556,0.0,0.6666666666666666,0.0
gliclass_large_v3,145,55,7,0.42857142857142855,0.0,0.5714285714285714,0.0,0.5714285714285714,0.0
gliclass_large_v3,149,55,6,0.6666666666666666,0.0,0.6666666666666666,0.0,0.6666666666666666,0.0
gliclass_large_v3,152,55,4,0.5,0.0,0.5,0.0,1.0,1.0
gliclass_large_v3,159,55,7,0.42857142857142855,0.0,0.5714285714285714,0.0,0.5714285714285714,0.0
gliclass_large_v3,168,55,5,0.6,0.0,0.6,0.0,1.0,1.0
gliclass_large_v3,169,55,9,0.5555555555555556,0.0,0.5555555555555556,0.0,0.5555555555555556,0.0
gliclass_large_v3,173,55,5,0.6,0.0,0.6,0.0,0.8,0.0
gliclass_large_v3,186,55,6,0.3333333333333333,0.0,0.3333333333333333,0.0,0.5,0.0
gliclass_large_v3,189,55,10,0.4,0.0,0.5,0.0,0.6,0.0
gliclass_large_v3,192,55,5,0.4,0.0,0.6,0.0,0.6,0.0
gliclass_large_v3,194,55,7,0.42857142857142855,0.0,0.7142857142857143,0.0,0.7142857142857143,0.0
gliner_bi_base_v2,1471,21,1,1.0,1.0,1.0,1.0,1.0,1.0
gliner_bi_base_v2,1472,21,5,0.4,0.0,0.8,0.0,0.8,0.0
gliner_bi_base_v2,1473,21,5,0.4,0.0,0.4,0.0,0.8,0.0
gliner_bi_base_v2,1476,21,5,0.4,0.0,0.6,0.0,0.8,0.0
gliner_bi_base_v2,1479,21,5,0.4,0.0,0.4,0.0,0.8,0.0
gliner_bi_base_v2,1480,21,5,0.4,0.0,0.6,0.0,0.8,0.0
gliner_bi_base_v2,1481,21,6,0.5,0.0,0.8333333333333334,0.0,0.8333333333333334,0.0
gliner_bi_base_v2,1482,21,6,0.8333333333333334,0.0,0.8333333333333334,0.0,1.0,1.0
gliner_bi_base_v2,1483,21,3,1.0,1.0,1.0,1.0,1.0,1.0
gliner_bi_base_v2,1484,21,2,0.5,0.0,1.0,1.0,1.0,1.0
gliner_bi_base_v2,1486,21,2,1.0,1.0,1.0,1.0,1.0,1.0
gliner_bi_base_v2,1490,21,4,0.5,0.0,0.75,0.0,1.0,1.0
gliner_bi_base_v2,1493,21,3,0.3333333333333333,0.0,0.3333333333333333,0.0,0.6666666666666666,0.0
gliner_bi_base_v2,1498,21,2,0.0,0.0,0.0,0.0,0.5,0.0
gliner_bi_base_v2,1500,21,4,0.25,0.0,0.25,0.0,1.0,1.0
gliner_bi_base_v2,1501,21,4,0.0,0.0,0.5,0.0,1.0,1.0
gliner_bi_base_v2,1505,21,4,0.5,0.0,0.75,0.0,1.0,1.0
gliner_bi_base_v2,1506,21,6,0.3333333333333333,0.0,0.6666666666666666,0.0,1.0,1.0
gliner_bi_base_v2,1507,21,4,0.5,0.0,0.75,0.0,1.0,1.0
gliner_bi_base_v2,1509,21,5,0.0,0.0,0.4,0.0,1.0,1.0
gliner_bi_base_v2,1514,21,7,0.14285714285714285,0.0,0.5714285714285714,0.0,1.0,1.0
gliner_bi_base_v2,1515,21,5,0.6,0.0,0.6,0.0,1.0,1.0
gliner_bi_base_v2,1521,21,6,0.3333333333333333,0.0,0.5,0.0,1.0,1.0
gliner_bi_base_v2,1524,21,5,0.6,0.0,0.6,0.0,1.0,1.0
gliner_bi_base_v2,1525,21,4,0.5,0.0,0.75,0.0,1.0,1.0
gliner_bi_base_v2,1526,21,8,0.375,0.0,0.5,0.0,0.875,0.0
gliner_bi_base_v2,1528,21,2,0.0,0.0,1.0,1.0,1.0,1.0
gliner_bi_base_v2,1529,21,4,0.0,0.0,0.0,0.0,1.0,1.0
gliner_bi_base_v2,1531,21,5,0.4,0.0,0.6,0.0,1.0,1.0
gliner_bi_base_v2,1533,21,7,0.2857142857142857,0.0,0.2857142857142857,0.0,0.8571428571428571,0.0
gliner_bi_base_v2,1312,48,5,0.6,0.0,0.6,0.0,1.0,1.0
gliner_bi_base_v2,1317,48,6,0.5,0.0,0.6666666666666666,0.0,0.6666666666666666,0.0
gliner_bi_base_v2,1322,48,4,0.25,0.0,0.75,0.0,0.75,0.0
gliner_bi_base_v2,1323,48,4,0.5,0.0,1.0,1.0,1.0,1.0
gliner_bi_base_v2,1331,48,4,0.25,0.0,0.25,0.0,0.25,0.0
gliner_bi_base_v2,1334,48,5,0.4,0.0,0.4,0.0,0.6,0.0
gliner_bi_base_v2,1338,48,7,0.2857142857142857,0.0,0.2857142857142857,0.0,0.42857142857142855,0.0
gliner_bi_base_v2,1339,48,7,0.2857142857142857,0.0,0.2857142857142857,0.0,0.42857142857142855,0.0
gliner_bi_base_v2,1340,48,4,0.25,0.0,0.25,0.0,0.5,0.0
gliner_bi_base_v2,1344,48,3,0.0,0.0,0.0,0.0,0.0,0.0
gliner_bi_base_v2,1346,48,3,0.6666666666666666,0.0,0.6666666666666666,0.0,0.6666666666666666,0.0
gliner_bi_base_v2,1350,48,5,0.0,0.0,0.2,0.0,0.2,0.0
gliner_bi_base_v2,1351,48,5,0.4,0.0,0.4,0.0,0.8,0.0
gliner_bi_base_v2,1352,48,5,0.6,0.0,0.6,0.0,0.8,0.0
gliner_bi_base_v2,1356,48,4,0.5,0.0,0.5,0.0,1.0,1.0
gliner_bi_base_v2,1357,48,6,0.16666666666666666,0.0,0.5,0.0,0.5,0.0
gliner_bi_base_v2,1359,48,6,0.3333333333333333,0.0,0.5,0.0,0.5,0.0
gliner_bi_base_v2,1361,48,2,0.0,0.0,0.0,0.0,0.0,0.0
gliner_bi_base_v2,1362,48,3,0.3333333333333333,0.0,0.3333333333333333,0.0,1.0,1.0
gliner_bi_base_v2,1368,48,4,0.25,0.0,0.25,0.0,0.75,0.0
gliner_bi_base_v2,1371,48,4,0.25,0.0,0.5,0.0,0.75,0.0
gliner_bi_base_v2,1375,48,5,0.4,0.0,0.8,0.0,1.0,1.0
gliner_bi_base_v2,1376,48,6,0.16666666666666666,0.0,0.5,0.0,0.5,0.0
gliner_bi_base_v2,1378,48,2,0.0,0.0,0.0,0.0,0.0,0.0
gliner_bi_base_v2,1380,48,2,0.5,0.0,0.5,0.0,0.5,0.0
gliner_bi_base_v2,1381,48,5,0.2,0.0,0.4,0.0,0.4,0.0
gliner_bi_base_v2,1387,48,9,0.4444444444444444,0.0,0.5555555555555556,0.0,0.5555555555555556,0.0
gliner_bi_base_v2,1389,48,6,0.0,0.0,0.3333333333333333,0.0,0.3333333333333333,0.0
gliner_bi_base_v2,1390,48,6,0.16666666666666666,0.0,0.3333333333333333,0.0,0.3333333333333333,0.0
gliner_bi_base_v2,1392,48,3,0.0,0.0,0.0,0.0,0.0,0.0
gliner_bi_base_v2,1394,48,4,0.75,0.0,0.75,0.0,1.0,1.0
gliner_bi_base_v2,1398,48,5,0.2,0.0,0.8,0.0,0.8,0.0
gliner_bi_base_v2,1399,48,7,0.42857142857142855,0.0,0.7142857142857143,0.0,0.7142857142857143,0.0
gliner_bi_base_v2,1401,48,7,0.42857142857142855,0.0,0.42857142857142855,0.0,0.42857142857142855,0.0
gliner_bi_base_v2,1403,48,5,0.4,0.0,0.4,0.0,0.8,0.0
gliner_bi_base_v2,1404,48,8,0.125,0.0,0.25,0.0,0.25,0.0
gliner_bi_base_v2,1405,48,5,0.2,0.0,0.6,0.0,0.6,0.0
gliner_bi_base_v2,1409,48,2,0.0,0.0,0.0,0.0,0.0,0.0
gliner_bi_base_v2,1410,48,5,0.4,0.0,0.4,0.0,0.4,0.0
gliner_bi_base_v2,1411,48,5,0.6,0.0,0.6,0.0,0.6,0.0
gliner_bi_base_v2,1422,48,2,1.0,1.0,1.0,1.0,1.0,1.0
gliner_bi_base_v2,1426,48,7,0.42857142857142855,0.0,0.42857142857142855,0.0,0.8571428571428571,0.0
gliner_bi_base_v2,1427,48,6,0.16666666666666666,0.0,0.5,0.0,0.6666666666666666,0.0
gliner_bi_base_v2,1432,48,6,0.3333333333333333,0.0,0.3333333333333333,0.0,0.3333333333333333,0.0
gliner_bi_base_v2,1435,48,4,0.5,0.0,1.0,1.0,1.0,1.0
gliner_bi_base_v2,1457,48,8,0.25,0.0,0.375,0.0,0.375,0.0
gliner_bi_base_v2,1460,48,6,0.3333333333333333,0.0,0.5,0.0,0.5,0.0
gliner_bi_base_v2,1464,48,6,0.16666666666666666,0.0,0.5,0.0,0.5,0.0
gliner_bi_base_v2,1149,64,2,0.0,0.0,0.0,0.0,0.5,0.0
gliner_bi_base_v2,1150,64,2,0.0,0.0,0.0,0.0,0.5,0.0
gliner_bi_base_v2,1152,64,2,0.5,0.0,1.0,1.0,1.0,1.0
gliner_bi_base_v2,1153,64,4,0.25,0.0,0.25,0.0,0.25,0.0
gliner_bi_base_v2,1155,64,5,0.2,0.0,0.2,0.0,0.6,0.0
gliner_bi_base_v2,1156,64,4,0.5,0.0,0.5,0.0,1.0,1.0
gliner_bi_base_v2,1157,64,5,0.6,0.0,0.6,0.0,1.0,1.0
gliner_bi_base_v2,1162,64,3,0.0,0.0,0.0,0.0,0.3333333333333333,0.0
gliner_bi_base_v2,1164,64,5,0.6,0.0,0.6,0.0,1.0,1.0
gliner_bi_base_v2,1166,64,5,0.4,0.0,0.4,0.0,0.8,0.0
gliner_bi_base_v2,1168,64,6,0.0,0.0,0.0,0.0,0.3333333333333333,0.0
gliner_bi_base_v2,1169,64,4,0.25,0.0,0.25,0.0,0.5,0.0
gliner_bi_base_v2,1171,64,4,0.5,0.0,0.5,0.0,1.0,1.0
gliner_bi_base_v2,1175,64,6,0.0,0.0,0.0,0.0,0.3333333333333333,0.0
gliner_bi_base_v2,1179,64,7,0.2857142857142857,0.0,0.5714285714285714,0.0,0.8571428571428571,0.0
gliner_bi_base_v2,1185,64,5,0.2,0.0,0.2,0.0,0.6,0.0
gliner_bi_base_v2,1187,64,4,0.0,0.0,0.0,0.0,0.0,0.0
gliner_bi_base_v2,1189,64,4,0.5,0.0,0.5,0.0,1.0,1.0
gliner_bi_base_v2,1192,64,5,0.0,0.0,0.2,0.0,0.4,0.0
gliner_bi_base_v2,1195,64,6,0.16666666666666666,0.0,0.16666666666666666,0.0,0.3333333333333333,0.0
gliner_bi_base_v2,1198,64,3,0.3333333333333333,0.0,0.3333333333333333,0.0,0.6666666666666666,0.0
gliner_bi_base_v2,1201,64,4,0.0,0.0,0.0,0.0,0.75,0.0
gliner_bi_base_v2,1205,64,4,0.25,0.0,0.25,0.0,0.5,0.0
gliner_bi_base_v2,1208,64,4,0.5,0.0,0.75,0.0,0.75,0.0
gliner_bi_base_v2,1209,64,5,0.0,0.0,0.0,0.0,0.4,0.0
gliner_bi_base_v2,1220,64,5,0.2,0.0,0.2,0.0,0.6,0.0
gliner_bi_base_v2,1225,64,4,0.25,0.0,0.25,0.0,0.25,0.0
gliner_bi_base_v2,1227,64,5,0.0,0.0,0.0,0.0,0.6,0.0
gliner_bi_base_v2,1229,64,4,0.0,0.0,0.0,0.0,0.5,0.0
gliner_bi_base_v2,1231,64,5,0.2,0.0,0.2,0.0,0.6,0.0
gliner_bi_base_v2,1232,64,6,0.16666666666666666,0.0,0.3333333333333333,0.0,0.3333333333333333,0.0
gliner_bi_base_v2,1235,64,5,0.0,0.0,0.0,0.0,0.4,0.0
gliner_bi_base_v2,1238,64,6,0.16666666666666666,0.0,0.5,0.0,0.5,0.0
gliner_bi_base_v2,1239,64,4,0.25,0.0,0.25,0.0,0.5,0.0
gliner_bi_base_v2,1241,64,3,0.0,0.0,0.0,0.0,0.3333333333333333,0.0
gliner_bi_base_v2,1242,64,5,0.0,0.0,0.2,0.0,0.4,0.0
gliner_bi_base_v2,1243,64,5,0.2,0.0,0.2,0.0,0.6,0.0
gliner_bi_base_v2,1247,64,5,0.2,0.0,0.2,0.0,0.6,0.0
gliner_bi_base_v2,1251,64,3,0.0,0.0,0.0,0.0,0.3333333333333333,0.0
gliner_bi_base_v2,1252,64,5,0.2,0.0,0.2,0.0,0.6,0.0
gliner_bi_base_v2,1254,64,4,0.0,0.0,0.0,0.0,0.25,0.0
gliner_bi_base_v2,1255,64,4,0.0,0.0,0.0,0.0,0.25,0.0
gliner_bi_base_v2,1256,64,4,0.0,0.0,0.0,0.0,0.5,0.0
gliner_bi_base_v2,1257,64,4,0.25,0.0,0.25,0.0,0.5,0.0
gliner_bi_base_v2,1265,64,4,0.0,0.0,0.0,0.0,0.25,0.0
gliner_bi_base_v2,1267,64,4,0.25,0.0,0.5,0.0,0.5,0.0
gliner_bi_base_v2,1270,64,6,0.3333333333333333,0.0,0.3333333333333333,0.0,0.6666666666666666,0.0
gliner_bi_base_v2,1275,64,5,0.0,0.0,0.0,0.0,0.4,0.0
gliner_bi_base_v2,1281,64,4,0.0,0.0,0.0,0.0,0.25,0.0
gliner_bi_base_v2,1302,64,7,0.14285714285714285,0.0,0.5714285714285714,0.0,0.7142857142857143,0.0
gliner_bi_base_v2,1025,199,6,0.16666666666666666,0.0,0.16666666666666666,0.0,0.16666666666666666,0.0
gliner_bi_base_v2,1028,199,9,0.2222222222222222,0.0,0.2222222222222222,0.0,0.2222222222222222,0.0
gliner_bi_base_v2,1029,199,3,0.0,0.0,0.0,0.0,0.0,0.0
gliner_bi_base_v2,1030,199,7,0.14285714285714285,0.0,0.14285714285714285,0.0,0.14285714285714285,0.0
gliner_bi_base_v2,1031,199,5,0.4,0.0,0.4,0.0,0.4,0.0
gliner_bi_base_v2,1032,199,4,0.0,0.0,0.0,0.0,0.0,0.0
gliner_bi_base_v2,1035,199,2,0.0,0.0,0.0,0.0,0.0,0.0
gliner_bi_base_v2,1036,199,6,0.0,0.0,0.0,0.0,0.0,0.0
gliner_bi_base_v2,1037,199,5,0.0,0.0,0.0,0.0,0.2,0.0
gliner_bi_base_v2,1039,199,4,0.0,0.0,0.0,0.0,0.25,0.0
gliner_bi_base_v2,1040,199,5,0.0,0.0,0.0,0.0,0.2,0.0
gliner_bi_base_v2,1042,199,7,0.14285714285714285,0.0,0.14285714285714285,0.0,0.14285714285714285,0.0
gliner_bi_base_v2,1044,199,2,0.0,0.0,0.0,0.0,0.0,0.0
gliner_bi_base_v2,1048,199,5,0.0,0.0,0.0,0.0,0.6,0.0
gliner_bi_base_v2,1057,199,6,0.3333333333333333,0.0,0.3333333333333333,0.0,0.3333333333333333,0.0
gliner_bi_base_v2,1058,199,4,0.0,0.0,0.0,0.0,0.5,0.0
gliner_bi_base_v2,1068,199,5,0.0,0.0,0.0,0.0,0.6,0.0
gliner_bi_base_v2,1076,199,5,0.2,0.0,0.2,0.0,0.4,0.0
gliner_bi_base_v2,1078,199,2,0.5,0.0,0.5,0.0,0.5,0.0
gliner_bi_base_v2,1079,199,2,0.0,0.0,0.0,0.0,0.0,0.0
gliner_bi_base_v2,1080,199,3,0.3333333333333333,0.0,0.3333333333333333,0.0,0.6666666666666666,0.0
gliner_bi_base_v2,1084,199,5,0.0,0.0,0.0,0.0,0.2,0.0
gliner_bi_base_v2,1088,199,5,0.0,0.0,0.0,0.0,0.2,0.0
gliner_bi_base_v2,1091,199,5,0.0,0.0,0.0,0.0,0.0,0.0
gliner_bi_base_v2,1092,199,5,0.2,0.0,0.2,0.0,0.2,0.0
gliner_bi_base_v2,1094,199,5,0.4,0.0,0.4,0.0,0.8,0.0
gliner_bi_base_v2,1096,199,5,0.2,0.0,0.2,0.0,0.6,0.0
gliner_bi_base_v2,1098,199,5,0.0,0.0,0.0,0.0,0.0,0.0
gliner_bi_base_v2,1102,199,6,0.16666666666666666,0.0,0.16666666666666666,0.0,0.5,0.0
gliner_bi_base_v2,1103,199,5,0.0,0.0,0.0,0.0,0.6,0.0
gliner_bi_base_v2,1105,199,5,0.0,0.0,0.0,0.0,0.6,0.0
gliner_bi_base_v2,1107,199,5,0.0,0.0,0.2,0.0,0.6,0.0
gliner_bi_base_v2,1110,199,5,0.0,0.0,0.0,0.0,0.0,0.0
gliner_bi_base_v2,1113,199,5,0.0,0.0,0.0,0.0,0.0,0.0
gliner_bi_base_v2,1114,199,6,0.16666666666666666,0.0,0.16666666666666666,0.0,0.8333333333333334,0.0
gliner_bi_base_v2,1115,199,5,0.4,0.0,0.4,0.0,0.8,0.0
gliner_bi_base_v2,1116,199,2,0.0,0.0,0.0,0.0,0.0,0.0
gliner_bi_base_v2,1122,199,4,0.25,0.0,0.25,0.0,0.5,0.0
gliner_bi_base_v2,1124,199,4,0.0,0.0,0.25,0.0,0.5,0.0
gliner_bi_base_v2,1130,199,4,0.0,0.0,0.0,0.0,0.0,0.0
gliner_bi_base_v2,1133,199,3,0.0,0.0,0.0,0.0,0.0,0.0
gliner_bi_base_v2,1134,199,2,0.0,0.0,0.0,0.0,0.5,0.0
gliner_bi_base_v2,1135,199,3,0.0,0.0,0.0,0.0,1.0,1.0
gliner_bi_base_v2,1136,199,3,0.3333333333333333,0.0,0.3333333333333333,0.0,1.0,1.0
gliner_bi_base_v2,1139,199,6,0.16666666666666666,0.0,0.16666666666666666,0.0,0.16666666666666666,0.0
gliner_bi_base_v2,1141,199,4,0.0,0.0,0.0,0.0,0.0,0.0
gliner_bi_base_v2,1144,199,5,0.0,0.0,0.0,0.0,0.4,0.0
gliner_bi_base_v2,1145,199,5,0.2,0.0,0.2,0.0,0.2,0.0
gliner_bi_base_v2,1146,199,4,0.0,0.0,0.0,0.0,0.0,0.0
gliner_bi_base_v2,1147,199,4,0.25,0.0,0.25,0.0,0.5,0.0
gliner_bi_base_v2,1148,199,5,0.2,0.0,0.2,0.0,0.4,0.0
gliner_bi_base_v2,846,94,6,0.0,0.0,0.16666666666666666,0.0,0.16666666666666666,0.0
gliner_bi_base_v2,847,94,5,0.0,0.0,0.0,0.0,0.0,0.0
gliner_bi_base_v2,850,94,4,0.5,0.0,1.0,1.0,1.0,1.0
gliner_bi_base_v2,854,94,5,0.4,0.0,0.6,0.0,1.0,1.0
gliner_bi_base_v2,857,94,5,0.4,0.0,0.6,0.0,1.0,1.0
gliner_bi_base_v2,859,94,6,0.0,0.0,0.0,0.0,0.0,0.0
gliner_bi_base_v2,861,94,5,0.0,0.0,0.0,0.0,0.0,0.0
gliner_bi_base_v2,862,94,7,0.42857142857142855,0.0,0.5714285714285714,0.0,0.5714285714285714,0.0
gliner_bi_base_v2,865,94,7,0.14285714285714285,0.0,0.2857142857142857,0.0,0.2857142857142857,0.0
gliner_bi_base_v2,866,94,7,0.0,0.0,0.0,0.0,0.0,0.0
gliner_bi_base_v2,868,94,5,0.4,0.0,0.6,0.0,1.0,1.0
gliner_bi_base_v2,869,94,5,0.2,0.0,0.2,0.0,0.4,0.0
gliner_bi_base_v2,872,94,5,0.0,0.0,0.0,0.0,0.0,0.0
gliner_bi_base_v2,875,94,4,0.25,0.0,0.25,0.0,0.25,0.0
gliner_bi_base_v2,877,94,9,0.2222222222222222,0.0,0.4444444444444444,0.0,0.4444444444444444,0.0
gliner_bi_base_v2,879,94,4,0.0,0.0,0.0,0.0,0.25,0.0
gliner_bi_base_v2,880,94,6,0.16666666666666666,0.0,0.3333333333333333,0.0,0.3333333333333333,0.0
gliner_bi_base_v2,881,94,6,0.3333333333333333,0.0,0.5,0.0,0.5,0.0
gliner_bi_base_v2,884,94,2,0.5,0.0,0.5,0.0,0.5,0.0
gliner_bi_base_v2,892,94,5,0.2,0.0,0.2,0.0,0.2,0.0
gliner_bi_base_v2,894,94,8,0.0,0.0,0.125,0.0,0.125,0.0
gliner_bi_base_v2,895,94,9,0.1111111111111111,0.0,0.1111111111111111,0.0,0.1111111111111111,0.0
gliner_bi_base_v2,896,94,7,0.2857142857142857,0.0,0.2857142857142857,0.0,0.2857142857142857,0.0
gliner_bi_base_v2,897,94,7,0.14285714285714285,0.0,0.2857142857142857,0.0,0.2857142857142857,0.0
gliner_bi_base_v2,898,94,4,0.0,0.0,0.25,0.0,0.25,0.0
gliner_bi_base_v2,901,94,7,0.42857142857142855,0.0,0.42857142857142855,0.0,0.8571428571428571,0.0
gliner_bi_base_v2,902,94,8,0.125,0.0,0.125,0.0,0.25,0.0
gliner_bi_base_v2,904,94,9,0.1111111111111111,0.0,0.1111111111111111,0.0,0.2222222222222222,0.0
gliner_bi_base_v2,906,94,9,0.3333333333333333,0.0,0.3333333333333333,0.0,0.4444444444444444,0.0
gliner_bi_base_v2,909,94,4,0.5,0.0,0.75,0.0,1.0,1.0
gliner_bi_base_v2,910,94,3,0.0,0.0,0.3333333333333333,0.0,1.0,1.0
gliner_bi_base_v2,912,94,2,0.0,0.0,1.0,1.0,1.0,1.0
gliner_bi_base_v2,915,94,2,0.0,0.0,0.0,0.0,0.0,0.0
gliner_bi_base_v2,928,94,10,0.3,0.0,0.3,0.0,0.4,0.0
gliner_bi_base_v2,930,94,8,0.25,0.0,0.25,0.0,0.375,0.0
gliner_bi_base_v2,931,94,5,0.6,0.0,0.6,0.0,0.6,0.0
gliner_bi_base_v2,933,94,9,0.2222222222222222,0.0,0.2222222222222222,0.0,0.3333333333333333,0.0
gliner_bi_base_v2,937,94,6,0.3333333333333333,0.0,0.5,0.0,0.5,0.0
gliner_bi_base_v2,940,94,8,0.25,0.0,0.25,0.0,0.25,0.0
gliner_bi_base_v2,944,94,9,0.3333333333333333,0.0,0.3333333333333333,0.0,0.4444444444444444,0.0
gliner_bi_base_v2,945,94,3,0.3333333333333333,0.0,0.6666666666666666,0.0,1.0,1.0
gliner_bi_base_v2,948,94,4,0.0,0.0,0.25,0.0,0.5,0.0
gliner_bi_base_v2,950,94,5,0.2,0.0,0.4,0.0,0.4,0.0
gliner_bi_base_v2,951,94,5,0.2,0.0,0.2,0.0,0.2,0.0
gliner_bi_base_v2,954,94,9,0.2222222222222222,0.0,0.4444444444444444,0.0,0.4444444444444444,0.0
gliner_bi_base_v2,955,94,5,0.2,0.0,0.4,0.0,0.4,0.0
gliner_bi_base_v2,959,94,5,0.2,0.0,0.4,0.0,0.4,0.0
gliner_bi_base_v2,960,94,5,0.4,0.0,0.4,0.0,0.4,0.0
gliner_bi_base_v2,962,94,7,0.42857142857142855,0.0,0.42857142857142855,0.0,0.42857142857142855,0.0
gliner_bi_base_v2,963,94,4,0.0,0.0,0.0,0.0,0.0,0.0
gliner_bi_base_v2,964,94,2,0.5,0.0,0.5,0.0,0.5,0.0
gliner_bi_base_v2,967,94,2,0.0,0.0,0.0,0.0,0.0,0.0
gliner_bi_base_v2,971,94,3,0.0,0.0,0.0,0.0,0.3333333333333333,0.0
gliner_bi_base_v2,972,94,5,0.0,0.0,0.0,0.0,0.2,0.0
gliner_bi_base_v2,977,94,3,0.3333333333333333,0.0,0.3333333333333333,0.0,0.3333333333333333,0.0
gliner_bi_base_v2,978,94,4,0.0,0.0,0.0,0.0,1.0,1.0
gliner_bi_base_v2,981,94,9,0.1111111111111111,0.0,0.1111111111111111,0.0,0.2222222222222222,0.0
gliner_bi_base_v2,988,94,7,0.2857142857142857,0.0,0.42857142857142855,0.0,0.5714285714285714,0.0
gliner_bi_base_v2,989,94,5,0.4,0.0,0.4,0.0,0.4,0.0
gliner_bi_base_v2,990,94,9,0.2222222222222222,0.0,0.2222222222222222,0.0,0.4444444444444444,0.0
gliner_bi_base_v2,717,31,6,0.16666666666666666,0.0,0.16666666666666666,0.0,0.3333333333333333,0.0
gliner_bi_base_v2,994,94,9,0.2222222222222222,0.0,0.2222222222222222,0.0,0.5555555555555556,0.0
gliner_bi_base_v2,1001,94,12,0.08333333333333333,0.0,0.16666666666666666,0.0,0.25,0.0
gliner_bi_base_v2,1002,94,9,0.1111111111111111,0.0,0.1111111111111111,0.0,0.2222222222222222,0.0
gliner_bi_base_v2,1003,94,6,0.3333333333333333,0.0,0.3333333333333333,0.0,0.3333333333333333,0.0
gliner_bi_base_v2,1011,94,5,0.0,0.0,0.0,0.0,0.0,0.0
gliner_bi_base_v2,1014,94,6,0.5,0.0,0.5,0.0,0.5,0.0
gliner_bi_base_v2,719,31,6,0.3333333333333333,0.0,0.3333333333333333,0.0,0.5,0.0
gliner_bi_base_v2,723,31,8,0.125,0.0,0.125,0.0,0.5,0.0
gliner_bi_base_v2,724,31,5,0.2,0.0,0.4,0.0,1.0,1.0
gliner_bi_base_v2,726,31,5,0.2,0.0,0.2,0.0,0.6,0.0
gliner_bi_base_v2,728,31,7,0.14285714285714285,0.0,0.14285714285714285,0.0,0.8571428571428571,0.0
gliner_bi_base_v2,730,31,9,0.2222222222222222,0.0,0.2222222222222222,0.0,0.5555555555555556,0.0
gliner_bi_base_v2,732,31,9,0.5555555555555556,0.0,0.6666666666666666,0.0,0.8888888888888888,0.0
gliner_bi_base_v2,733,31,7,0.14285714285714285,0.0,0.2857142857142857,0.0,0.8571428571428571,0.0
gliner_bi_base_v2,736,31,7,0.5714285714285714,0.0,0.7142857142857143,0.0,0.8571428571428571,0.0
gliner_bi_base_v2,737,31,4,0.5,0.0,0.5,0.0,0.75,0.0
gliner_bi_base_v2,738,31,7,0.42857142857142855,0.0,0.5714285714285714,0.0,0.8571428571428571,0.0
gliner_bi_base_v2,739,31,6,0.3333333333333333,0.0,0.3333333333333333,0.0,0.6666666666666666,0.0
gliner_bi_base_v2,740,31,9,0.4444444444444444,0.0,0.4444444444444444,0.0,0.7777777777777778,0.0
gliner_bi_base_v2,743,31,6,0.3333333333333333,0.0,0.6666666666666666,0.0,0.8333333333333334,0.0
gliner_bi_base_v2,744,31,3,0.6666666666666666,0.0,0.6666666666666666,0.0,1.0,1.0
gliner_bi_base_v2,745,31,2,0.5,0.0,0.5,0.0,1.0,1.0
gliner_bi_base_v2,747,31,2,0.0,0.0,0.0,0.0,0.5,0.0
gliner_bi_base_v2,750,31,4,0.25,0.0,0.5,0.0,0.75,0.0
gliner_bi_base_v2,751,31,8,0.375,0.0,0.375,0.0,0.5,0.0
gliner_bi_base_v2,753,31,5,0.0,0.0,0.2,0.0,0.8,0.0
gliner_bi_base_v2,758,31,7,0.14285714285714285,0.0,0.42857142857142855,0.0,0.7142857142857143,0.0
gliner_bi_base_v2,760,31,5,0.2,0.0,0.2,0.0,0.6,0.0
gliner_bi_base_v2,761,31,5,0.2,0.0,0.4,0.0,0.8,0.0
gliner_bi_base_v2,764,31,4,0.25,0.0,0.25,0.0,0.25,0.0
gliner_bi_base_v2,765,31,4,0.75,0.0,0.75,0.0,0.75,0.0
gliner_bi_base_v2,766,31,7,0.42857142857142855,0.0,0.5714285714285714,0.0,0.8571428571428571,0.0
gliner_bi_base_v2,769,31,10,0.5,0.0,0.6,0.0,0.9,0.0
gliner_bi_base_v2,772,31,9,0.2222222222222222,0.0,0.3333333333333333,0.0,0.8888888888888888,0.0
gliner_bi_base_v2,773,31,7,0.14285714285714285,0.0,0.14285714285714285,0.0,0.5714285714285714,0.0
gliner_bi_base_v2,775,31,7,0.2857142857142857,0.0,0.2857142857142857,0.0,0.7142857142857143,0.0
gliner_bi_base_v2,779,31,4,0.25,0.0,0.25,0.0,0.5,0.0
gliner_bi_base_v2,781,31,4,0.0,0.0,0.25,0.0,0.75,0.0
gliner_bi_base_v2,782,31,5,0.0,0.0,0.4,0.0,0.8,0.0
gliner_bi_base_v2,785,31,4,0.5,0.0,0.75,0.0,1.0,1.0
gliner_bi_base_v2,786,31,5,0.8,0.0,1.0,1.0,1.0,1.0
gliner_bi_base_v2,788,31,6,0.5,0.0,0.5,0.0,0.8333333333333334,0.0
gliner_bi_base_v2,790,31,2,0.5,0.0,0.5,0.0,0.5,0.0
gliner_bi_base_v2,791,31,1,0.0,0.0,0.0,0.0,0.0,0.0
gliner_bi_base_v2,792,31,6,0.3333333333333333,0.0,0.3333333333333333,0.0,0.3333333333333333,0.0
gliner_bi_base_v2,794,31,7,0.5714285714285714,0.0,0.8571428571428571,0.0,1.0,1.0
gliner_bi_base_v2,796,31,7,0.42857142857142855,0.0,0.42857142857142855,0.0,0.5714285714285714,0.0
gliner_bi_base_v2,797,31,5,0.4,0.0,0.4,0.0,0.8,0.0
gliner_bi_base_v2,798,31,4,0.5,0.0,0.5,0.0,1.0,1.0
gliner_bi_base_v2,800,31,4,0.5,0.0,0.5,0.0,0.75,0.0
gliner_bi_base_v2,801,31,4,0.0,0.0,0.25,0.0,1.0,1.0
gliner_bi_base_v2,806,31,4,0.0,0.0,0.0,0.0,1.0,1.0
gliner_bi_base_v2,819,31,3,0.0,0.0,0.0,0.0,0.3333333333333333,0.0
gliner_bi_base_v2,822,31,7,0.2857142857142857,0.0,0.7142857142857143,0.0,0.8571428571428571,0.0
gliner_bi_base_v2,824,31,6,0.0,0.0,0.0,0.0,0.3333333333333333,0.0
gliner_bi_base_v2,825,31,8,0.375,0.0,0.375,0.0,0.75,0.0
gliner_bi_base_v2,829,31,3,0.6666666666666666,0.0,0.6666666666666666,0.0,1.0,1.0
gliner_bi_base_v2,531,71,2,0.5,0.0,0.5,0.0,0.5,0.0
gliner_bi_base_v2,532,71,2,0.0,0.0,0.0,0.0,0.0,0.0
gliner_bi_base_v2,533,71,2,0.0,0.0,0.0,0.0,0.0,0.0
gliner_bi_base_v2,539,71,4,0.0,0.0,0.0,0.0,0.0,0.0
gliner_bi_base_v2,537,71,4,0.0,0.0,0.0,0.0,0.0,0.0
gliner_bi_base_v2,544,71,4,0.25,0.0,0.25,0.0,0.25,0.0
gliner_bi_base_v2,547,71,5,0.0,0.0,0.0,0.0,0.0,0.0
gliner_bi_base_v2,549,71,4,0.5,0.0,0.5,0.0,0.5,0.0
gliner_bi_base_v2,555,71,4,0.0,0.0,0.25,0.0,0.25,0.0
gliner_bi_base_v2,557,71,5,0.2,0.0,0.2,0.0,0.2,0.0
gliner_bi_base_v2,563,71,5,0.0,0.0,0.2,0.0,0.6,0.0
gliner_bi_base_v2,565,71,5,0.0,0.0,0.4,0.0,0.8,0.0
gliner_bi_base_v2,567,71,3,0.0,0.0,0.0,0.0,0.0,0.0
gliner_bi_base_v2,568,71,4,0.25,0.0,0.25,0.0,0.25,0.0
gliner_bi_base_v2,571,71,2,0.0,0.0,0.0,0.0,0.0,0.0
gliner_bi_base_v2,572,71,2,0.5,0.0,0.5,0.0,0.5,0.0
gliner_bi_base_v2,573,71,2,0.5,0.0,1.0,1.0,1.0,1.0
gliner_bi_base_v2,576,71,4,0.5,0.0,0.5,0.0,0.5,0.0
gliner_bi_base_v2,578,71,5,0.4,0.0,0.4,0.0,0.4,0.0
gliner_bi_base_v2,581,71,4,0.25,0.0,0.25,0.0,0.25,0.0
gliner_bi_base_v2,584,71,4,0.5,0.0,0.5,0.0,0.5,0.0
gliner_bi_base_v2,586,71,7,0.14285714285714285,0.0,0.14285714285714285,0.0,0.14285714285714285,0.0
gliner_bi_base_v2,587,71,6,0.3333333333333333,0.0,0.3333333333333333,0.0,0.5,0.0
gliner_bi_base_v2,592,71,2,0.0,0.0,0.0,0.0,1.0,1.0
gliner_bi_base_v2,595,71,6,0.16666666666666666,0.0,0.3333333333333333,0.0,0.5,0.0
gliner_bi_base_v2,598,71,3,0.0,0.0,0.0,0.0,1.0,1.0
gliner_bi_base_v2,604,71,4,0.0,0.0,0.0,0.0,0.0,0.0
gliner_bi_base_v2,629,71,1,0.0,0.0,1.0,1.0,1.0,1.0
gliner_bi_base_v2,633,71,5,0.0,0.0,0.0,0.0,0.0,0.0
gliner_bi_base_v2,634,71,4,0.0,0.0,0.0,0.0,0.0,0.0
gliner_bi_base_v2,637,71,5,0.0,0.0,0.0,0.0,0.0,0.0
gliner_bi_base_v2,639,71,4,0.0,0.0,0.0,0.0,0.0,0.0
gliner_bi_base_v2,640,71,4,0.25,0.0,0.25,0.0,0.25,0.0
gliner_bi_base_v2,665,71,5,0.2,0.0,0.2,0.0,0.2,0.0
gliner_bi_base_v2,669,71,4,0.25,0.0,0.25,0.0,0.25,0.0
gliner_bi_base_v2,671,71,5,0.2,0.0,0.2,0.0,0.6,0.0
gliner_bi_base_v2,672,71,4,0.25,0.0,0.25,0.0,0.25,0.0
gliner_bi_base_v2,678,71,6,0.0,0.0,0.0,0.0,0.0,0.0
gliner_bi_base_v2,682,71,6,0.0,0.0,0.0,0.0,0.0,0.0
gliner_bi_base_v2,683,71,5,0.2,0.0,0.2,0.0,0.2,0.0
gliner_bi_base_v2,685,71,7,0.0,0.0,0.0,0.0,0.0,0.0
gliner_bi_base_v2,687,71,4,0.25,0.0,0.25,0.0,0.75,0.0
gliner_bi_base_v2,694,71,8,0.125,0.0,0.125,0.0,0.625,0.0
gliner_bi_base_v2,701,71,4,0.25,0.0,0.25,0.0,0.25,0.0
gliner_bi_base_v2,704,71,3,0.3333333333333333,0.0,0.6666666666666666,0.0,0.6666666666666666,0.0
gliner_bi_base_v2,705,71,5,0.4,0.0,0.4,0.0,0.6,0.0
gliner_bi_base_v2,707,71,7,0.14285714285714285,0.0,0.42857142857142855,0.0,0.7142857142857143,0.0
gliner_bi_base_v2,710,71,5,0.2,0.0,0.2,0.0,0.6,0.0
gliner_bi_base_v2,716,71,4,0.5,0.0,0.5,0.0,0.5,0.0
gliner_bi_base_v2,340,115,3,0.0,0.0,0.3333333333333333,0.0,1.0,1.0
gliner_bi_base_v2,341,115,4,0.0,0.0,0.25,0.0,1.0,1.0
gliner_bi_base_v2,344,115,6,0.0,0.0,0.16666666666666666,0.0,0.16666666666666666,0.0
gliner_bi_base_v2,345,115,6,0.16666666666666666,0.0,0.3333333333333333,0.0,0.3333333333333333,0.0
gliner_bi_base_v2,346,115,7,0.14285714285714285,0.0,0.14285714285714285,0.0,0.2857142857142857,0.0
gliner_bi_base_v2,347,115,6,0.5,0.0,0.5,0.0,0.5,0.0
gliner_bi_base_v2,349,115,7,0.0,0.0,0.42857142857142855,0.0,0.5714285714285714,0.0
gliner_bi_base_v2,352,115,4,0.25,0.0,0.25,0.0,0.25,0.0
gliner_bi_base_v2,356,115,1,0.0,0.0,0.0,0.0,0.0,0.0
gliner_bi_base_v2,358,115,2,0.0,0.0,0.5,0.0,0.5,0.0
gliner_bi_base_v2,366,115,2,0.5,0.0,0.5,0.0,0.5,0.0
gliner_bi_base_v2,368,115,2,0.5,0.0,0.5,0.0,1.0,1.0
gliner_bi_base_v2,371,115,5,0.0,0.0,0.2,0.0,0.2,0.0
gliner_bi_base_v2,377,115,3,0.3333333333333333,0.0,0.3333333333333333,0.0,0.6666666666666666,0.0
gliner_bi_base_v2,379,115,2,0.0,0.0,0.5,0.0,1.0,1.0
gliner_bi_base_v2,383,115,5,0.0,0.0,0.2,0.0,0.4,0.0
gliner_bi_base_v2,391,115,5,0.2,0.0,0.2,0.0,0.2,0.0
gliner_bi_base_v2,397,115,5,0.2,0.0,0.4,0.0,0.6,0.0
gliner_bi_base_v2,402,115,3,0.0,0.0,0.3333333333333333,0.0,0.3333333333333333,0.0
gliner_bi_base_v2,405,115,5,0.4,0.0,0.4,0.0,0.4,0.0
gliner_bi_base_v2,407,115,5,0.0,0.0,0.0,0.0,0.0,0.0
gliner_bi_base_v2,408,115,5,0.0,0.0,0.0,0.0,0.2,0.0
gliner_bi_base_v2,409,115,7,0.0,0.0,0.14285714285714285,0.0,0.42857142857142855,0.0
gliner_bi_base_v2,412,115,9,0.2222222222222222,0.0,0.3333333333333333,0.0,0.3333333333333333,0.0
gliner_bi_base_v2,414,115,5,0.0,0.0,0.2,0.0,0.2,0.0
gliner_bi_base_v2,415,115,6,0.0,0.0,0.16666666666666666,0.0,0.3333333333333333,0.0
gliner_bi_base_v2,416,115,5,0.0,0.0,0.0,0.0,0.4,0.0
gliner_bi_base_v2,422,115,2,0.0,0.0,0.0,0.0,0.0,0.0
gliner_bi_base_v2,424,115,2,0.5,0.0,0.5,0.0,0.5,0.0
gliner_bi_base_v2,427,115,4,0.25,0.0,0.25,0.0,0.25,0.0
gliner_bi_base_v2,440,115,2,0.0,0.0,0.0,0.0,0.0,0.0
gliner_bi_base_v2,459,115,2,0.5,0.0,0.5,0.0,1.0,1.0
gliner_bi_base_v2,462,115,5,0.2,0.0,0.2,0.0,0.2,0.0
gliner_bi_base_v2,465,115,6,0.16666666666666666,0.0,0.16666666666666666,0.0,0.16666666666666666,0.0
gliner_bi_base_v2,466,115,5,0.2,0.0,0.4,0.0,0.4,0.0
gliner_bi_base_v2,468,115,5,0.2,0.0,0.2,0.0,0.2,0.0
gliner_bi_base_v2,469,115,5,0.4,0.0,0.4,0.0,0.4,0.0
gliner_bi_base_v2,472,115,6,0.16666666666666666,0.0,0.3333333333333333,0.0,0.3333333333333333,0.0
gliner_bi_base_v2,473,115,4,0.25,0.0,0.25,0.0,0.25,0.0
gliner_bi_base_v2,474,115,6,0.16666666666666666,0.0,0.16666666666666666,0.0,0.16666666666666666,0.0
gliner_bi_base_v2,477,115,4,0.5,0.0,0.5,0.0,0.5,0.0
gliner_bi_base_v2,479,115,5,0.0,0.0,0.0,0.0,0.0,0.0
gliner_bi_base_v2,480,115,5,0.0,0.0,0.0,0.0,0.0,0.0
gliner_bi_base_v2,483,115,7,0.0,0.0,0.0,0.0,0.0,0.0
gliner_bi_base_v2,484,115,8,0.0,0.0,0.0,0.0,0.0,0.0
gliner_bi_base_v2,486,115,5,0.0,0.0,0.2,0.0,0.2,0.0
gliner_bi_base_v2,487,115,6,0.0,0.0,0.0,0.0,0.3333333333333333,0.0
gliner_bi_base_v2,518,115,5,0.0,0.0,0.0,0.0,0.0,0.0
gliner_bi_base_v2,522,115,6,0.0,0.0,0.0,0.0,0.0,0.0
gliner_bi_base_v2,528,115,8,0.125,0.0,0.125,0.0,0.125,0.0
gliner_bi_base_v2,529,115,5,0.0,0.0,0.0,0.0,0.0,0.0
gliner_bi_base_v2,530,115,6,0.16666666666666666,0.0,0.16666666666666666,0.0,0.16666666666666666,0.0
gliner_bi_base_v2,195,11,2,0.5,0.0,1.0,1.0,1.0,1.0
gliner_bi_base_v2,197,11,4,0.5,0.0,1.0,1.0,1.0,1.0
gliner_bi_base_v2,198,11,4,0.5,0.0,0.75,0.0,1.0,1.0
gliner_bi_base_v2,200,11,4,0.5,0.0,0.75,0.0,1.0,1.0
gliner_bi_base_v2,201,11,5,0.6,0.0,1.0,1.0,1.0,1.0
gliner_bi_base_v2,206,11,4,0.25,0.0,1.0,1.0,1.0,1.0
gliner_bi_base_v2,207,11,6,0.5,0.0,1.0,1.0,1.0,1.0
gliner_bi_base_v2,208,11,4,0.25,0.0,0.75,0.0,1.0,1.0
gliner_bi_base_v2,212,11,4,0.25,0.0,0.75,0.0,1.0,1.0
gliner_bi_base_v2,213,11,5,0.4,0.0,1.0,1.0,1.0,1.0
gliner_bi_base_v2,215,11,5,0.6,0.0,1.0,1.0,1.0,1.0
gliner_bi_base_v2,218,11,4,0.5,0.0,0.75,0.0,1.0,1.0
gliner_bi_base_v2,219,11,4,0.5,0.0,0.75,0.0,1.0,1.0
gliner_bi_base_v2,220,11,2,0.0,0.0,1.0,1.0,1.0,1.0
gliner_bi_base_v2,226,11,3,0.3333333333333333,0.0,1.0,1.0,1.0,1.0
gliner_bi_base_v2,227,11,2,0.5,0.0,0.5,0.0,1.0,1.0
gliner_bi_base_v2,228,11,3,0.3333333333333333,0.0,1.0,1.0,1.0,1.0
gliner_bi_base_v2,230,11,4,0.25,0.0,0.75,0.0,1.0,1.0
gliner_bi_base_v2,231,11,2,0.5,0.0,1.0,1.0,1.0,1.0
gliner_bi_base_v2,232,11,4,0.5,0.0,0.75,0.0,1.0,1.0
gliner_bi_base_v2,234,11,3,0.6666666666666666,0.0,1.0,1.0,1.0,1.0
gliner_bi_base_v2,236,11,5,0.6,0.0,1.0,1.0,1.0,1.0
gliner_bi_base_v2,239,11,2,1.0,1.0,1.0,1.0,1.0,1.0
gliner_bi_base_v2,240,11,2,0.0,0.0,1.0,1.0,1.0,1.0
gliner_bi_base_v2,242,11,4,0.75,0.0,1.0,1.0,1.0,1.0
gliner_bi_base_v2,243,11,4,0.5,0.0,1.0,1.0,1.0,1.0
gliner_bi_base_v2,244,11,4,0.5,0.0,0.75,0.0,1.0,1.0
gliner_bi_base_v2,245,11,4,0.75,0.0,1.0,1.0,1.0,1.0
gliner_bi_base_v2,247,11,3,1.0,1.0,1.0,1.0,1.0,1.0
gliner_bi_base_v2,248,11,6,0.6666666666666666,0.0,1.0,1.0,1.0,1.0
gliner_bi_base_v2,249,11,4,0.5,0.0,1.0,1.0,1.0,1.0
gliner_bi_base_v2,253,11,6,0.6666666666666666,0.0,1.0,1.0,1.0,1.0
gliner_bi_base_v2,255,11,5,0.6,0.0,0.8,0.0,1.0,1.0
gliner_bi_base_v2,260,11,4,0.75,0.0,1.0,1.0,1.0,1.0
gliner_bi_base_v2,263,11,6,0.3333333333333333,0.0,0.8333333333333334,0.0,1.0,1.0
gliner_bi_base_v2,268,11,4,0.75,0.0,1.0,1.0,1.0,1.0
gliner_bi_base_v2,273,11,4,0.5,0.0,0.75,0.0,1.0,1.0
gliner_bi_base_v2,281,11,5,0.8,0.0,1.0,1.0,1.0,1.0
gliner_bi_base_v2,282,11,5,0.4,0.0,0.8,0.0,1.0,1.0
gliner_bi_base_v2,327,11,4,0.75,0.0,1.0,1.0,1.0,1.0
gliner_bi_base_v2,5,89,5,0.2,0.0,0.4,0.0,0.4,0.0
gliner_bi_base_v2,11,89,5,0.2,0.0,0.2,0.0,0.2,0.0
gliner_bi_base_v2,12,89,7,0.2857142857142857,0.0,0.42857142857142855,0.0,0.42857142857142855,0.0
gliner_bi_base_v2,17,89,5,0.0,0.0,0.2,0.0,0.4,0.0
gliner_bi_base_v2,23,89,6,0.16666666666666666,0.0,0.16666666666666666,0.0,0.16666666666666666,0.0
gliner_bi_base_v2,24,89,7,0.42857142857142855,0.0,0.42857142857142855,0.0,0.5714285714285714,0.0
gliner_bi_base_v2,25,89,7,0.42857142857142855,0.0,0.42857142857142855,0.0,0.42857142857142855,0.0
gliner_bi_base_v2,26,89,11,0.0,0.0,0.09090909090909091,0.0,0.2727272727272727,0.0
gliner_bi_base_v2,27,89,7,0.14285714285714285,0.0,0.14285714285714285,0.0,0.14285714285714285,0.0
gliner_bi_base_v2,28,89,7,0.14285714285714285,0.0,0.2857142857142857,0.0,0.2857142857142857,0.0
gliner_bi_base_v2,31,89,5,0.0,0.0,0.2,0.0,0.2,0.0
gliner_bi_base_v2,32,89,5,0.0,0.0,0.2,0.0,0.2,0.0
gliner_bi_base_v2,37,89,9,0.1111111111111111,0.0,0.2222222222222222,0.0,0.2222222222222222,0.0
gliner_bi_base_v2,36,89,10,0.2,0.0,0.3,0.0,0.3,0.0
gliner_bi_base_v2,39,89,5,0.2,0.0,0.2,0.0,0.2,0.0
gliner_bi_base_v2,40,89,6,0.5,0.0,0.5,0.0,0.5,0.0
gliner_bi_base_v2,41,89,7,0.14285714285714285,0.0,0.2857142857142857,0.0,0.2857142857142857,0.0
gliner_bi_base_v2,45,89,6,0.16666666666666666,0.0,0.16666666666666666,0.0,0.16666666666666666,0.0
gliner_bi_base_v2,46,89,5,0.0,0.0,0.2,0.0,0.2,0.0
gliner_bi_base_v2,47,89,4,0.25,0.0,0.25,0.0,0.25,0.0
gliner_bi_base_v2,48,89,4,0.0,0.0,0.0,0.0,0.25,0.0
gliner_bi_base_v2,50,89,6,0.3333333333333333,0.0,0.3333333333333333,0.0,0.3333333333333333,0.0
gliner_bi_base_v2,62,89,7,0.14285714285714285,0.0,0.14285714285714285,0.0,0.2857142857142857,0.0
gliner_bi_base_v2,72,89,7,0.0,0.0,0.0,0.0,0.2857142857142857,0.0
gliner_bi_base_v2,77,89,7,0.14285714285714285,0.0,0.2857142857142857,0.0,0.2857142857142857,0.0
gliner_bi_base_v2,79,89,2,0.0,0.0,0.0,0.0,0.0,0.0
gliner_bi_base_v2,82,89,3,0.0,0.0,0.0,0.0,0.0,0.0
gliner_bi_base_v2,83,89,5,0.0,0.0,0.2,0.0,0.4,0.0
gliner_bi_base_v2,85,89,6,0.16666666666666666,0.0,0.3333333333333333,0.0,0.5,0.0
gliner_bi_base_v2,87,89,9,0.1111111111111111,0.0,0.3333333333333333,0.0,0.3333333333333333,0.0
gliner_bi_base_v2,89,55,5,0.0,0.0,0.6,0.0,0.8,0.0
gliner_bi_base_v2,92,55,4,0.25,0.0,0.25,0.0,0.5,0.0
gliner_bi_base_v2,93,55,6,0.16666666666666666,0.0,0.16666666666666666,0.0,0.5,0.0
gliner_bi_base_v2,94,55,9,0.2222222222222222,0.0,0.2222222222222222,0.0,0.7777777777777778,0.0
gliner_bi_base_v2,95,55,8,0.25,0.0,0.25,0.0,0.75,0.0
gliner_bi_base_v2,98,55,5,0.0,0.0,0.2,0.0,0.4,0.0
gliner_bi_base_v2,99,55,5,0.2,0.0,0.2,0.0,0.6,0.0
gliner_bi_base_v2,100,55,6,0.3333333333333333,0.0,0.3333333333333333,0.0,0.8333333333333334,0.0
gliner_bi_base_v2,112,55,9,0.1111111111111111,0.0,0.1111111111111111,0.0,0.6666666666666666,0.0
gliner_bi_base_v2,115,55,6,0.16666666666666666,0.0,0.16666666666666666,0.0,0.6666666666666666,0.0
gliner_bi_base_v2,116,55,6,0.16666666666666666,0.0,0.3333333333333333,0.0,0.3333333333333333,0.0
gliner_bi_base_v2,117,55,2,1.0,1.0,1.0,1.0,1.0,1.0
gliner_bi_base_v2,118,55,3,0.6666666666666666,0.0,0.6666666666666666,0.0,0.6666666666666666,0.0
gliner_bi_base_v2,125,55,7,0.14285714285714285,0.0,0.14285714285714285,0.0,0.42857142857142855,0.0
gliner_bi_base_v2,128,55,5,0.2,0.0,0.2,0.0,0.8,0.0
gliner_bi_base_v2,136,55,5,0.4,0.0,0.6,0.0,0.6,0.0
gliner_bi_base_v2,137,55,5,0.2,0.0,0.6,0.0,0.6,0.0
gliner_bi_base_v2,138,55,5,0.2,0.0,0.2,0.0,0.8,0.0
gliner_bi_base_v2,129,55,9,0.1111111111111111,0.0,0.2222222222222222,0.0,0.4444444444444444,0.0
gliner_bi_base_v2,145,55,7,0.14285714285714285,0.0,0.2857142857142857,0.0,0.42857142857142855,0.0
gliner_bi_base_v2,149,55,6,0.0,0.0,0.0,0.0,0.3333333333333333,0.0
gliner_bi_base_v2,152,55,4,0.0,0.0,0.0,0.0,0.5,0.0
gliner_bi_base_v2,159,55,7,0.0,0.0,0.14285714285714285,0.0,0.5714285714285714,0.0
gliner_bi_base_v2,168,55,5,0.2,0.0,0.2,0.0,0.8,0.0
gliner_bi_base_v2,169,55,9,0.2222222222222222,0.0,0.5555555555555556,0.0,0.7777777777777778,0.0
gliner_bi_base_v2,173,55,5,0.4,0.0,0.6,0.0,0.8,0.0
gliner_bi_base_v2,186,55,6,0.16666666666666666,0.0,0.3333333333333333,0.0,1.0,1.0
gliner_bi_base_v2,189,55,10,0.1,0.0,0.2,0.0,0.8,0.0
gliner_bi_base_v2,192,55,5,0.4,0.0,0.6,0.0,0.6,0.0
gliner_bi_base_v2,194,55,7,0.2857142857142857,0.0,0.2857142857142857,0.0,0.5714285714285714,0.0
