# job 51825 V2_text_featurizer exit=0 Sat Oct  3 20:26:07 UTC 2026
# last 4000 lines of /home/yarin.b/projects/excel_magic/sbatch/logs/V2_text_featurizer_51825.out
/home/yarin.b/projects/excel_magic/vfd-agent/vfd/tabular.py:15: PerformanceWarning: DataFrame is highly fragmented.  This is usually the result of calling `frame.insert` many times, which has poor performance.  Consider joining all columns at once using pd.concat(axis=1) instead. To get a de-fragmented frame, use `newframe = frame.copy()`
  out_tr[c] = s.astype(float)
/home/yarin.b/projects/excel_magic/vfd-agent/vfd/tabular.py:17: PerformanceWarning: DataFrame is highly fragmented.  This is usually the result of calling `frame.insert` many times, which has poor performance.  Consider joining all columns at once using pd.concat(axis=1) instead. To get a de-fragmented frame, use `newframe = frame.copy()`
  oo[c] = o[c].astype(float)
/home/yarin.b/projects/excel_magic/vfd-agent/vfd/tabular.py:15: PerformanceWarning: DataFrame is highly fragmented.  This is usually the result of calling `frame.insert` many times, which has poor performance.  Consider joining all columns at once using pd.concat(axis=1) instead. To get a de-fragmented frame, use `newframe = frame.copy()`
  out_tr[c] = s.astype(float)
/home/yarin.b/projects/excel_magic/vfd-agent/vfd/tabular.py:17: PerformanceWarning: DataFrame is highly fragmented.  This is usually the result of calling `frame.insert` many times, which has poor performance.  Consider joining all columns at once using pd.concat(axis=1) instead. To get a de-fragmented frame, use `newframe = frame.copy()`
  oo[c] = o[c].astype(float)
/home/yarin.b/projects/excel_magic/vfd-agent/vfd/tabular.py:15: PerformanceWarning: DataFrame is highly fragmented.  This is usually the result of calling `frame.insert` many times, which has poor performance.  Consider joining all columns at once using pd.concat(axis=1) instead. To get a de-fragmented frame, use `newframe = frame.copy()`
  out_tr[c] = s.astype(float)
/home/yarin.b/projects/excel_magic/vfd-agent/vfd/tabular.py:17: PerformanceWarning: DataFrame is highly fragmented.  This is usually the result of calling `frame.insert` many times, which has poor performance.  Consider joining all columns at once using pd.concat(axis=1) instead. To get a de-fragmented frame, use `newframe = frame.copy()`
  oo[c] = o[c].astype(float)
/home/yarin.b/projects/excel_magic/vfd-agent/vfd/tabular.py:15: PerformanceWarning: DataFrame is highly fragmented.  This is usually the result of calling `frame.insert` many times, which has poor performance.  Consider joining all columns at once using pd.concat(axis=1) instead. To get a de-fragmented frame, use `newframe = frame.copy()`
  out_tr[c] = s.astype(float)
/home/yarin.b/projects/excel_magic/vfd-agent/vfd/tabular.py:17: PerformanceWarning: DataFrame is highly fragmented.  This is usually the result of calling `frame.insert` many times, which has poor performance.  Consider joining all columns at once using pd.concat(axis=1) instead. To get a de-fragmented frame, use `newframe = frame.copy()`
  oo[c] = o[c].astype(float)
/home/yarin.b/projects/excel_magic/vfd-agent/vfd/tabular.py:15: PerformanceWarning: DataFrame is highly fragmented.  This is usually the result of calling `frame.insert` many times, which has poor performance.  Consider joining all columns at once using pd.concat(axis=1) instead. To get a de-fragmented frame, use `newframe = frame.copy()`
  out_tr[c] = s.astype(float)
/home/yarin.b/projects/excel_magic/vfd-agent/vfd/tabular.py:17: PerformanceWarning: DataFrame is highly fragmented.  This is usually the result of calling `frame.insert` many times, which has poor performance.  Consider joining all columns at once using pd.concat(axis=1) instead. To get a de-fragmented frame, use `newframe = frame.copy()`
  oo[c] = o[c].astype(float)
/home/yarin.b/projects/excel_magic/vfd-agent/vfd/tabular.py:15: PerformanceWarning: DataFrame is highly fragmented.  This is usually the result of calling `frame.insert` many times, which has poor performance.  Consider joining all columns at once using pd.concat(axis=1) instead. To get a de-fragmented frame, use `newframe = frame.copy()`
  out_tr[c] = s.astype(float)
/home/yarin.b/projects/excel_magic/vfd-agent/vfd/tabular.py:17: PerformanceWarning: DataFrame is highly fragmented.  This is usually the result of calling `frame.insert` many times, which has poor performance.  Consider joining all columns at once using pd.concat(axis=1) instead. To get a de-fragmented frame, use `newframe = frame.copy()`
  oo[c] = o[c].astype(float)
/home/yarin.b/projects/excel_magic/vfd-agent/vfd/tabular.py:15: PerformanceWarning: DataFrame is highly fragmented.  This is usually the result of calling `frame.insert` many times, which has poor performance.  Consider joining all columns at once using pd.concat(axis=1) instead. To get a de-fragmented frame, use `newframe = frame.copy()`
  out_tr[c] = s.astype(float)
/home/yarin.b/projects/excel_magic/vfd-agent/vfd/tabular.py:17: PerformanceWarning: DataFrame is highly fragmented.  This is usually the result of calling `frame.insert` many times, which has poor performance.  Consider joining all columns at once using pd.concat(axis=1) instead. To get a de-fragmented frame, use `newframe = frame.copy()`
  oo[c] = o[c].astype(float)
/home/yarin.b/projects/excel_magic/vfd-agent/vfd/tabular.py:15: PerformanceWarning: DataFrame is highly fragmented.  This is usually the result of calling `frame.insert` many times, which has poor performance.  Consider joining all columns at once using pd.concat(axis=1) instead. To get a de-fragmented frame, use `newframe = frame.copy()`
  out_tr[c] = s.astype(float)
/home/yarin.b/projects/excel_magic/vfd-agent/vfd/tabular.py:17: PerformanceWarning: DataFrame is highly fragmented.  This is usually the result of calling `frame.insert` many times, which has poor performance.  Consider joining all columns at once using pd.concat(axis=1) instead. To get a de-fragmented frame, use `newframe = frame.copy()`
  oo[c] = o[c].astype(float)
/home/yarin.b/projects/excel_magic/vfd-agent/vfd/tabular.py:15: PerformanceWarning: DataFrame is highly fragmented.  This is usually the result of calling `frame.insert` many times, which has poor performance.  Consider joining all columns at once using pd.concat(axis=1) instead. To get a de-fragmented frame, use `newframe = frame.copy()`
  out_tr[c] = s.astype(float)
/home/yarin.b/projects/excel_magic/vfd-agent/vfd/tabular.py:17: PerformanceWarning: DataFrame is highly fragmented.  This is usually the result of calling `frame.insert` many times, which has poor performance.  Consider joining all columns at once using pd.concat(axis=1) instead. To get a de-fragmented frame, use `newframe = frame.copy()`
  oo[c] = o[c].astype(float)
/home/yarin.b/projects/excel_magic/vfd-agent/vfd/tabular.py:15: PerformanceWarning: DataFrame is highly fragmented.  This is usually the result of calling `frame.insert` many times, which has poor performance.  Consider joining all columns at once using pd.concat(axis=1) instead. To get a de-fragmented frame, use `newframe = frame.copy()`
  out_tr[c] = s.astype(float)
/home/yarin.b/projects/excel_magic/vfd-agent/vfd/tabular.py:17: PerformanceWarning: DataFrame is highly fragmented.  This is usually the result of calling `frame.insert` many times, which has poor performance.  Consider joining all columns at once using pd.concat(axis=1) instead. To get a de-fragmented frame, use `newframe = frame.copy()`
  oo[c] = o[c].astype(float)
/home/yarin.b/projects/excel_magic/vfd-agent/vfd/tabular.py:15: PerformanceWarning: DataFrame is highly fragmented.  This is usually the result of calling `frame.insert` many times, which has poor performance.  Consider joining all columns at once using pd.concat(axis=1) instead. To get a de-fragmented frame, use `newframe = frame.copy()`
  out_tr[c] = s.astype(float)
/home/yarin.b/projects/excel_magic/vfd-agent/vfd/tabular.py:17: PerformanceWarning: DataFrame is highly fragmented.  This is usually the result of calling `frame.insert` many times, which has poor performance.  Consider joining all columns at once using pd.concat(axis=1) instead. To get a de-fragmented frame, use `newframe = frame.copy()`
  oo[c] = o[c].astype(float)
/home/yarin.b/projects/excel_magic/vfd-agent/vfd/tabular.py:15: PerformanceWarning: DataFrame is highly fragmented.  This is usually the result of calling `frame.insert` many times, which has poor performance.  Consider joining all columns at once using pd.concat(axis=1) instead. To get a de-fragmented frame, use `newframe = frame.copy()`
  out_tr[c] = s.astype(float)
/home/yarin.b/projects/excel_magic/vfd-agent/vfd/tabular.py:17: PerformanceWarning: DataFrame is highly fragmented.  This is usually the result of calling `frame.insert` many times, which has poor performance.  Consider joining all columns at once using pd.concat(axis=1) instead. To get a de-fragmented frame, use `newframe = frame.copy()`
  oo[c] = o[c].astype(float)
/home/yarin.b/projects/excel_magic/vfd-agent/vfd/tabular.py:15: PerformanceWarning: DataFrame is highly fragmented.  This is usually the result of calling `frame.insert` many times, which has poor performance.  Consider joining all columns at once using pd.concat(axis=1) instead. To get a de-fragmented frame, use `newframe = frame.copy()`
  out_tr[c] = s.astype(float)
/home/yarin.b/projects/excel_magic/vfd-agent/vfd/tabular.py:17: PerformanceWarning: DataFrame is highly fragmented.  This is usually the result of calling `frame.insert` many times, which has poor performance.  Consider joining all columns at once using pd.concat(axis=1) instead. To get a de-fragmented frame, use `newframe = frame.copy()`
  oo[c] = o[c].astype(float)
/home/yarin.b/projects/excel_magic/vfd-agent/vfd/tabular.py:15: PerformanceWarning: DataFrame is highly fragmented.  This is usually the result of calling `frame.insert` many times, which has poor performance.  Consider joining all columns at once using pd.concat(axis=1) instead. To get a de-fragmented frame, use `newframe = frame.copy()`
  out_tr[c] = s.astype(float)
/home/yarin.b/projects/excel_magic/vfd-agent/vfd/tabular.py:17: PerformanceWarning: DataFrame is highly fragmented.  This is usually the result of calling `frame.insert` many times, which has poor performance.  Consider joining all columns at once using pd.concat(axis=1) instead. To get a de-fragmented frame, use `newframe = frame.copy()`
  oo[c] = o[c].astype(float)
/home/yarin.b/projects/excel_magic/vfd-agent/vfd/tabular.py:15: PerformanceWarning: DataFrame is highly fragmented.  This is usually the result of calling `frame.insert` many times, which has poor performance.  Consider joining all columns at once using pd.concat(axis=1) instead. To get a de-fragmented frame, use `newframe = frame.copy()`
  out_tr[c] = s.astype(float)
/home/yarin.b/projects/excel_magic/vfd-agent/vfd/tabular.py:17: PerformanceWarning: DataFrame is highly fragmented.  This is usually the result of calling `frame.insert` many times, which has poor performance.  Consider joining all columns at once using pd.concat(axis=1) instead. To get a de-fragmented frame, use `newframe = frame.copy()`
  oo[c] = o[c].astype(float)
/home/yarin.b/projects/excel_magic/vfd-agent/vfd/tabular.py:15: PerformanceWarning: DataFrame is highly fragmented.  This is usually the result of calling `frame.insert` many times, which has poor performance.  Consider joining all columns at once using pd.concat(axis=1) instead. To get a de-fragmented frame, use `newframe = frame.copy()`
  out_tr[c] = s.astype(float)
/home/yarin.b/projects/excel_magic/vfd-agent/vfd/tabular.py:17: PerformanceWarning: DataFrame is highly fragmented.  This is usually the result of calling `frame.insert` many times, which has poor performance.  Consider joining all columns at once using pd.concat(axis=1) instead. To get a de-fragmented frame, use `newframe = frame.copy()`
  oo[c] = o[c].astype(float)
/home/yarin.b/projects/excel_magic/vfd-agent/vfd/tabular.py:15: PerformanceWarning: DataFrame is highly fragmented.  This is usually the result of calling `frame.insert` many times, which has poor performance.  Consider joining all columns at once using pd.concat(axis=1) instead. To get a de-fragmented frame, use `newframe = frame.copy()`
  out_tr[c] = s.astype(float)
/home/yarin.b/projects/excel_magic/vfd-agent/vfd/tabular.py:17: PerformanceWarning: DataFrame is highly fragmented.  This is usually the result of calling `frame.insert` many times, which has poor performance.  Consider joining all columns at once using pd.concat(axis=1) instead. To get a de-fragmented frame, use `newframe = frame.copy()`
  oo[c] = o[c].astype(float)
/home/yarin.b/projects/excel_magic/vfd-agent/vfd/tabular.py:15: PerformanceWarning: DataFrame is highly fragmented.  This is usually the result of calling `frame.insert` many times, which has poor performance.  Consider joining all columns at once using pd.concat(axis=1) instead. To get a de-fragmented frame, use `newframe = frame.copy()`
  out_tr[c] = s.astype(float)
/home/yarin.b/projects/excel_magic/vfd-agent/vfd/tabular.py:17: PerformanceWarning: DataFrame is highly fragmented.  This is usually the result of calling `frame.insert` many times, which has poor performance.  Consider joining all columns at once using pd.concat(axis=1) instead. To get a de-fragmented frame, use `newframe = frame.copy()`
  oo[c] = o[c].astype(float)
/home/yarin.b/projects/excel_magic/vfd-agent/vfd/tabular.py:15: PerformanceWarning: DataFrame is highly fragmented.  This is usually the result of calling `frame.insert` many times, which has poor performance.  Consider joining all columns at once using pd.concat(axis=1) instead. To get a de-fragmented frame, use `newframe = frame.copy()`
  out_tr[c] = s.astype(float)
/home/yarin.b/projects/excel_magic/vfd-agent/vfd/tabular.py:17: PerformanceWarning: DataFrame is highly fragmented.  This is usually the result of calling `frame.insert` many times, which has poor performance.  Consider joining all columns at once using pd.concat(axis=1) instead. To get a de-fragmented frame, use `newframe = frame.copy()`
  oo[c] = o[c].astype(float)
/home/yarin.b/projects/excel_magic/vfd-agent/vfd/tabular.py:15: PerformanceWarning: DataFrame is highly fragmented.  This is usually the result of calling `frame.insert` many times, which has poor performance.  Consider joining all columns at once using pd.concat(axis=1) instead. To get a de-fragmented frame, use `newframe = frame.copy()`
  out_tr[c] = s.astype(float)
/home/yarin.b/projects/excel_magic/vfd-agent/vfd/tabular.py:17: PerformanceWarning: DataFrame is highly fragmented.  This is usually the result of calling `frame.insert` many times, which has poor performance.  Consider joining all columns at once using pd.concat(axis=1) instead. To get a de-fragmented frame, use `newframe = frame.copy()`
  oo[c] = o[c].astype(float)
/home/yarin.b/projects/excel_magic/vfd-agent/vfd/tabular.py:15: PerformanceWarning: DataFrame is highly fragmented.  This is usually the result of calling `frame.insert` many times, which has poor performance.  Consider joining all columns at once using pd.concat(axis=1) instead. To get a de-fragmented frame, use `newframe = frame.copy()`
  out_tr[c] = s.astype(float)
/home/yarin.b/projects/excel_magic/vfd-agent/vfd/tabular.py:17: PerformanceWarning: DataFrame is highly fragmented.  This is usually the result of calling `frame.insert` many times, which has poor performance.  Consider joining all columns at once using pd.concat(axis=1) instead. To get a de-fragmented frame, use `newframe = frame.copy()`
  oo[c] = o[c].astype(float)
/home/yarin.b/projects/excel_magic/vfd-agent/vfd/tabular.py:15: PerformanceWarning: DataFrame is highly fragmented.  This is usually the result of calling `frame.insert` many times, which has poor performance.  Consider joining all columns at once using pd.concat(axis=1) instead. To get a de-fragmented frame, use `newframe = frame.copy()`
  out_tr[c] = s.astype(float)
/home/yarin.b/projects/excel_magic/vfd-agent/vfd/tabular.py:17: PerformanceWarning: DataFrame is highly fragmented.  This is usually the result of calling `frame.insert` many times, which has poor performance.  Consider joining all columns at once using pd.concat(axis=1) instead. To get a de-fragmented frame, use `newframe = frame.copy()`
  oo[c] = o[c].astype(float)
/home/yarin.b/projects/excel_magic/vfd-agent/vfd/tabular.py:15: PerformanceWarning: DataFrame is highly fragmented.  This is usually the result of calling `frame.insert` many times, which has poor performance.  Consider joining all columns at once using pd.concat(axis=1) instead. To get a de-fragmented frame, use `newframe = frame.copy()`
  out_tr[c] = s.astype(float)
/home/yarin.b/projects/excel_magic/vfd-agent/vfd/tabular.py:17: PerformanceWarning: DataFrame is highly fragmented.  This is usually the result of calling `frame.insert` many times, which has poor performance.  Consider joining all columns at once using pd.concat(axis=1) instead. To get a de-fragmented frame, use `newframe = frame.copy()`
  oo[c] = o[c].astype(float)
/home/yarin.b/projects/excel_magic/vfd-agent/vfd/tabular.py:15: PerformanceWarning: DataFrame is highly fragmented.  This is usually the result of calling `frame.insert` many times, which has poor performance.  Consider joining all columns at once using pd.concat(axis=1) instead. To get a de-fragmented frame, use `newframe = frame.copy()`
  out_tr[c] = s.astype(float)
/home/yarin.b/projects/excel_magic/vfd-agent/vfd/tabular.py:17: PerformanceWarning: DataFrame is highly fragmented.  This is usually the result of calling `frame.insert` many times, which has poor performance.  Consider joining all columns at once using pd.concat(axis=1) instead. To get a de-fragmented frame, use `newframe = frame.copy()`
  oo[c] = o[c].astype(float)
/home/yarin.b/projects/excel_magic/vfd-agent/vfd/tabular.py:15: PerformanceWarning: DataFrame is highly fragmented.  This is usually the result of calling `frame.insert` many times, which has poor performance.  Consider joining all columns at once using pd.concat(axis=1) instead. To get a de-fragmented frame, use `newframe = frame.copy()`
  out_tr[c] = s.astype(float)
/home/yarin.b/projects/excel_magic/vfd-agent/vfd/tabular.py:17: PerformanceWarning: DataFrame is highly fragmented.  This is usually the result of calling `frame.insert` many times, which has poor performance.  Consider joining all columns at once using pd.concat(axis=1) instead. To get a de-fragmented frame, use `newframe = frame.copy()`
  oo[c] = o[c].astype(float)
/home/yarin.b/projects/excel_magic/vfd-agent/vfd/tabular.py:15: PerformanceWarning: DataFrame is highly fragmented.  This is usually the result of calling `frame.insert` many times, which has poor performance.  Consider joining all columns at once using pd.concat(axis=1) instead. To get a de-fragmented frame, use `newframe = frame.copy()`
  out_tr[c] = s.astype(float)
/home/yarin.b/projects/excel_magic/vfd-agent/vfd/tabular.py:17: PerformanceWarning: DataFrame is highly fragmented.  This is usually the result of calling `frame.insert` many times, which has poor performance.  Consider joining all columns at once using pd.concat(axis=1) instead. To get a de-fragmented frame, use `newframe = frame.copy()`
  oo[c] = o[c].astype(float)
/home/yarin.b/projects/excel_magic/vfd-agent/vfd/tabular.py:15: PerformanceWarning: DataFrame is highly fragmented.  This is usually the result of calling `frame.insert` many times, which has poor performance.  Consider joining all columns at once using pd.concat(axis=1) instead. To get a de-fragmented frame, use `newframe = frame.copy()`
  out_tr[c] = s.astype(float)
/home/yarin.b/projects/excel_magic/vfd-agent/vfd/tabular.py:17: PerformanceWarning: DataFrame is highly fragmented.  This is usually the result of calling `frame.insert` many times, which has poor performance.  Consider joining all columns at once using pd.concat(axis=1) instead. To get a de-fragmented frame, use `newframe = frame.copy()`
  oo[c] = o[c].astype(float)
/home/yarin.b/projects/excel_magic/vfd-agent/vfd/tabular.py:15: PerformanceWarning: DataFrame is highly fragmented.  This is usually the result of calling `frame.insert` many times, which has poor performance.  Consider joining all columns at once using pd.concat(axis=1) instead. To get a de-fragmented frame, use `newframe = frame.copy()`
  out_tr[c] = s.astype(float)
/home/yarin.b/projects/excel_magic/vfd-agent/vfd/tabular.py:17: PerformanceWarning: DataFrame is highly fragmented.  This is usually the result of calling `frame.insert` many times, which has poor performance.  Consider joining all columns at once using pd.concat(axis=1) instead. To get a de-fragmented frame, use `newframe = frame.copy()`
  oo[c] = o[c].astype(float)
/home/yarin.b/projects/excel_magic/vfd-agent/vfd/tabular.py:15: PerformanceWarning: DataFrame is highly fragmented.  This is usually the result of calling `frame.insert` many times, which has poor performance.  Consider joining all columns at once using pd.concat(axis=1) instead. To get a de-fragmented frame, use `newframe = frame.copy()`
  out_tr[c] = s.astype(float)
/home/yarin.b/projects/excel_magic/vfd-agent/vfd/tabular.py:17: PerformanceWarning: DataFrame is highly fragmented.  This is usually the result of calling `frame.insert` many times, which has poor performance.  Consider joining all columns at once using pd.concat(axis=1) instead. To get a de-fragmented frame, use `newframe = frame.copy()`
  oo[c] = o[c].astype(float)
/home/yarin.b/projects/excel_magic/vfd-agent/vfd/tabular.py:15: PerformanceWarning: DataFrame is highly fragmented.  This is usually the result of calling `frame.insert` many times, which has poor performance.  Consider joining all columns at once using pd.concat(axis=1) instead. To get a de-fragmented frame, use `newframe = frame.copy()`
  out_tr[c] = s.astype(float)
/home/yarin.b/projects/excel_magic/vfd-agent/vfd/tabular.py:17: PerformanceWarning: DataFrame is highly fragmented.  This is usually the result of calling `frame.insert` many times, which has poor performance.  Consider joining all columns at once using pd.concat(axis=1) instead. To get a de-fragmented frame, use `newframe = frame.copy()`
  oo[c] = o[c].astype(float)
/home/yarin.b/projects/excel_magic/vfd-agent/vfd/tabular.py:15: PerformanceWarning: DataFrame is highly fragmented.  This is usually the result of calling `frame.insert` many times, which has poor performance.  Consider joining all columns at once using pd.concat(axis=1) instead. To get a de-fragmented frame, use `newframe = frame.copy()`
  out_tr[c] = s.astype(float)
/home/yarin.b/projects/excel_magic/vfd-agent/vfd/tabular.py:17: PerformanceWarning: DataFrame is highly fragmented.  This is usually the result of calling `frame.insert` many times, which has poor performance.  Consider joining all columns at once using pd.concat(axis=1) instead. To get a de-fragmented frame, use `newframe = frame.copy()`
  oo[c] = o[c].astype(float)
/home/yarin.b/projects/excel_magic/vfd-agent/vfd/tabular.py:15: PerformanceWarning: DataFrame is highly fragmented.  This is usually the result of calling `frame.insert` many times, which has poor performance.  Consider joining all columns at once using pd.concat(axis=1) instead. To get a de-fragmented frame, use `newframe = frame.copy()`
  out_tr[c] = s.astype(float)
/home/yarin.b/projects/excel_magic/vfd-agent/vfd/tabular.py:17: PerformanceWarning: DataFrame is highly fragmented.  This is usually the result of calling `frame.insert` many times, which has poor performance.  Consider joining all columns at once using pd.concat(axis=1) instead. To get a de-fragmented frame, use `newframe = frame.copy()`
  oo[c] = o[c].astype(float)
/home/yarin.b/projects/excel_magic/vfd-agent/vfd/tabular.py:15: PerformanceWarning: DataFrame is highly fragmented.  This is usually the result of calling `frame.insert` many times, which has poor performance.  Consider joining all columns at once using pd.concat(axis=1) instead. To get a de-fragmented frame, use `newframe = frame.copy()`
  out_tr[c] = s.astype(float)
/home/yarin.b/projects/excel_magic/vfd-agent/vfd/tabular.py:17: PerformanceWarning: DataFrame is highly fragmented.  This is usually the result of calling `frame.insert` many times, which has poor performance.  Consider joining all columns at once using pd.concat(axis=1) instead. To get a de-fragmented frame, use `newframe = frame.copy()`
  oo[c] = o[c].astype(float)
/home/yarin.b/projects/excel_magic/vfd-agent/vfd/tabular.py:15: PerformanceWarning: DataFrame is highly fragmented.  This is usually the result of calling `frame.insert` many times, which has poor performance.  Consider joining all columns at once using pd.concat(axis=1) instead. To get a de-fragmented frame, use `newframe = frame.copy()`
  out_tr[c] = s.astype(float)
/home/yarin.b/projects/excel_magic/vfd-agent/vfd/tabular.py:17: PerformanceWarning: DataFrame is highly fragmented.  This is usually the result of calling `frame.insert` many times, which has poor performance.  Consider joining all columns at once using pd.concat(axis=1) instead. To get a de-fragmented frame, use `newframe = frame.copy()`
  oo[c] = o[c].astype(float)
/home/yarin.b/projects/excel_magic/vfd-agent/vfd/tabular.py:15: PerformanceWarning: DataFrame is highly fragmented.  This is usually the result of calling `frame.insert` many times, which has poor performance.  Consider joining all columns at once using pd.concat(axis=1) instead. To get a de-fragmented frame, use `newframe = frame.copy()`
  out_tr[c] = s.astype(float)
/home/yarin.b/projects/excel_magic/vfd-agent/vfd/tabular.py:17: PerformanceWarning: DataFrame is highly fragmented.  This is usually the result of calling `frame.insert` many times, which has poor performance.  Consider joining all columns at once using pd.concat(axis=1) instead. To get a de-fragmented frame, use `newframe = frame.copy()`
  oo[c] = o[c].astype(float)
/home/yarin.b/projects/excel_magic/vfd-agent/vfd/tabular.py:15: PerformanceWarning: DataFrame is highly fragmented.  This is usually the result of calling `frame.insert` many times, which has poor performance.  Consider joining all columns at once using pd.concat(axis=1) instead. To get a de-fragmented frame, use `newframe = frame.copy()`
  out_tr[c] = s.astype(float)
/home/yarin.b/projects/excel_magic/vfd-agent/vfd/tabular.py:17: PerformanceWarning: DataFrame is highly fragmented.  This is usually the result of calling `frame.insert` many times, which has poor performance.  Consider joining all columns at once using pd.concat(axis=1) instead. To get a de-fragmented frame, use `newframe = frame.copy()`
  oo[c] = o[c].astype(float)
/home/yarin.b/projects/excel_magic/vfd-agent/vfd/tabular.py:15: PerformanceWarning: DataFrame is highly fragmented.  This is usually the result of calling `frame.insert` many times, which has poor performance.  Consider joining all columns at once using pd.concat(axis=1) instead. To get a de-fragmented frame, use `newframe = frame.copy()`
  out_tr[c] = s.astype(float)
/home/yarin.b/projects/excel_magic/vfd-agent/vfd/tabular.py:17: PerformanceWarning: DataFrame is highly fragmented.  This is usually the result of calling `frame.insert` many times, which has poor performance.  Consider joining all columns at once using pd.concat(axis=1) instead. To get a de-fragmented frame, use `newframe = frame.copy()`
  oo[c] = o[c].astype(float)
/home/yarin.b/projects/excel_magic/vfd-agent/vfd/tabular.py:15: PerformanceWarning: DataFrame is highly fragmented.  This is usually the result of calling `frame.insert` many times, which has poor performance.  Consider joining all columns at once using pd.concat(axis=1) instead. To get a de-fragmented frame, use `newframe = frame.copy()`
  out_tr[c] = s.astype(float)
/home/yarin.b/projects/excel_magic/vfd-agent/vfd/tabular.py:17: PerformanceWarning: DataFrame is highly fragmented.  This is usually the result of calling `frame.insert` many times, which has poor performance.  Consider joining all columns at once using pd.concat(axis=1) instead. To get a de-fragmented frame, use `newframe = frame.copy()`
  oo[c] = o[c].astype(float)
/home/yarin.b/projects/excel_magic/vfd-agent/vfd/tabular.py:15: PerformanceWarning: DataFrame is highly fragmented.  This is usually the result of calling `frame.insert` many times, which has poor performance.  Consider joining all columns at once using pd.concat(axis=1) instead. To get a de-fragmented frame, use `newframe = frame.copy()`
  out_tr[c] = s.astype(float)
/home/yarin.b/projects/excel_magic/vfd-agent/vfd/tabular.py:17: PerformanceWarning: DataFrame is highly fragmented.  This is usually the result of calling `frame.insert` many times, which has poor performance.  Consider joining all columns at once using pd.concat(axis=1) instead. To get a de-fragmented frame, use `newframe = frame.copy()`
  oo[c] = o[c].astype(float)
/home/yarin.b/projects/excel_magic/vfd-agent/vfd/tabular.py:15: PerformanceWarning: DataFrame is highly fragmented.  This is usually the result of calling `frame.insert` many times, which has poor performance.  Consider joining all columns at once using pd.concat(axis=1) instead. To get a de-fragmented frame, use `newframe = frame.copy()`
  out_tr[c] = s.astype(float)
/home/yarin.b/projects/excel_magic/vfd-agent/vfd/tabular.py:17: PerformanceWarning: DataFrame is highly fragmented.  This is usually the result of calling `frame.insert` many times, which has poor performance.  Consider joining all columns at once using pd.concat(axis=1) instead. To get a de-fragmented frame, use `newframe = frame.copy()`
  oo[c] = o[c].astype(float)
/home/yarin.b/projects/excel_magic/vfd-agent/vfd/tabular.py:15: PerformanceWarning: DataFrame is highly fragmented.  This is usually the result of calling `frame.insert` many times, which has poor performance.  Consider joining all columns at once using pd.concat(axis=1) instead. To get a de-fragmented frame, use `newframe = frame.copy()`
  out_tr[c] = s.astype(float)
/home/yarin.b/projects/excel_magic/vfd-agent/vfd/tabular.py:17: PerformanceWarning: DataFrame is highly fragmented.  This is usually the result of calling `frame.insert` many times, which has poor performance.  Consider joining all columns at once using pd.concat(axis=1) instead. To get a de-fragmented frame, use `newframe = frame.copy()`
  oo[c] = o[c].astype(float)
/home/yarin.b/projects/excel_magic/vfd-agent/vfd/tabular.py:15: PerformanceWarning: DataFrame is highly fragmented.  This is usually the result of calling `frame.insert` many times, which has poor performance.  Consider joining all columns at once using pd.concat(axis=1) instead. To get a de-fragmented frame, use `newframe = frame.copy()`
  out_tr[c] = s.astype(float)
/home/yarin.b/projects/excel_magic/vfd-agent/vfd/tabular.py:17: PerformanceWarning: DataFrame is highly fragmented.  This is usually the result of calling `frame.insert` many times, which has poor performance.  Consider joining all columns at once using pd.concat(axis=1) instead. To get a de-fragmented frame, use `newframe = frame.copy()`
  oo[c] = o[c].astype(float)
/home/yarin.b/projects/excel_magic/vfd-agent/vfd/tabular.py:15: PerformanceWarning: DataFrame is highly fragmented.  This is usually the result of calling `frame.insert` many times, which has poor performance.  Consider joining all columns at once using pd.concat(axis=1) instead. To get a de-fragmented frame, use `newframe = frame.copy()`
  out_tr[c] = s.astype(float)
/home/yarin.b/projects/excel_magic/vfd-agent/vfd/tabular.py:17: PerformanceWarning: DataFrame is highly fragmented.  This is usually the result of calling `frame.insert` many times, which has poor performance.  Consider joining all columns at once using pd.concat(axis=1) instead. To get a de-fragmented frame, use `newframe = frame.copy()`
  oo[c] = o[c].astype(float)
/home/yarin.b/projects/excel_magic/vfd-agent/vfd/tabular.py:15: PerformanceWarning: DataFrame is highly fragmented.  This is usually the result of calling `frame.insert` many times, which has poor performance.  Consider joining all columns at once using pd.concat(axis=1) instead. To get a de-fragmented frame, use `newframe = frame.copy()`
  out_tr[c] = s.astype(float)
/home/yarin.b/projects/excel_magic/vfd-agent/vfd/tabular.py:17: PerformanceWarning: DataFrame is highly fragmented.  This is usually the result of calling `frame.insert` many times, which has poor performance.  Consider joining all columns at once using pd.concat(axis=1) instead. To get a de-fragmented frame, use `newframe = frame.copy()`
  oo[c] = o[c].astype(float)
/home/yarin.b/projects/excel_magic/vfd-agent/vfd/tabular.py:15: PerformanceWarning: DataFrame is highly fragmented.  This is usually the result of calling `frame.insert` many times, which has poor performance.  Consider joining all columns at once using pd.concat(axis=1) instead. To get a de-fragmented frame, use `newframe = frame.copy()`
  out_tr[c] = s.astype(float)
/home/yarin.b/projects/excel_magic/vfd-agent/vfd/tabular.py:17: PerformanceWarning: DataFrame is highly fragmented.  This is usually the result of calling `frame.insert` many times, which has poor performance.  Consider joining all columns at once using pd.concat(axis=1) instead. To get a de-fragmented frame, use `newframe = frame.copy()`
  oo[c] = o[c].astype(float)
/home/yarin.b/projects/excel_magic/vfd-agent/vfd/tabular.py:15: PerformanceWarning: DataFrame is highly fragmented.  This is usually the result of calling `frame.insert` many times, which has poor performance.  Consider joining all columns at once using pd.concat(axis=1) instead. To get a de-fragmented frame, use `newframe = frame.copy()`
  out_tr[c] = s.astype(float)
/home/yarin.b/projects/excel_magic/vfd-agent/vfd/tabular.py:17: PerformanceWarning: DataFrame is highly fragmented.  This is usually the result of calling `frame.insert` many times, which has poor performance.  Consider joining all columns at once using pd.concat(axis=1) instead. To get a de-fragmented frame, use `newframe = frame.copy()`
  oo[c] = o[c].astype(float)
/home/yarin.b/projects/excel_magic/vfd-agent/vfd/tabular.py:15: PerformanceWarning: DataFrame is highly fragmented.  This is usually the result of calling `frame.insert` many times, which has poor performance.  Consider joining all columns at once using pd.concat(axis=1) instead. To get a de-fragmented frame, use `newframe = frame.copy()`
  out_tr[c] = s.astype(float)
/home/yarin.b/projects/excel_magic/vfd-agent/vfd/tabular.py:17: PerformanceWarning: DataFrame is highly fragmented.  This is usually the result of calling `frame.insert` many times, which has poor performance.  Consider joining all columns at once using pd.concat(axis=1) instead. To get a de-fragmented frame, use `newframe = frame.copy()`
  oo[c] = o[c].astype(float)
/home/yarin.b/projects/excel_magic/vfd-agent/vfd/tabular.py:15: PerformanceWarning: DataFrame is highly fragmented.  This is usually the result of calling `frame.insert` many times, which has poor performance.  Consider joining all columns at once using pd.concat(axis=1) instead. To get a de-fragmented frame, use `newframe = frame.copy()`
  out_tr[c] = s.astype(float)
/home/yarin.b/projects/excel_magic/vfd-agent/vfd/tabular.py:17: PerformanceWarning: DataFrame is highly fragmented.  This is usually the result of calling `frame.insert` many times, which has poor performance.  Consider joining all columns at once using pd.concat(axis=1) instead. To get a de-fragmented frame, use `newframe = frame.copy()`
  oo[c] = o[c].astype(float)
/home/yarin.b/projects/excel_magic/vfd-agent/vfd/tabular.py:15: PerformanceWarning: DataFrame is highly fragmented.  This is usually the result of calling `frame.insert` many times, which has poor performance.  Consider joining all columns at once using pd.concat(axis=1) instead. To get a de-fragmented frame, use `newframe = frame.copy()`
  out_tr[c] = s.astype(float)
/home/yarin.b/projects/excel_magic/vfd-agent/vfd/tabular.py:17: PerformanceWarning: DataFrame is highly fragmented.  This is usually the result of calling `frame.insert` many times, which has poor performance.  Consider joining all columns at once using pd.concat(axis=1) instead. To get a de-fragmented frame, use `newframe = frame.copy()`
  oo[c] = o[c].astype(float)
/home/yarin.b/projects/excel_magic/vfd-agent/vfd/tabular.py:15: PerformanceWarning: DataFrame is highly fragmented.  This is usually the result of calling `frame.insert` many times, which has poor performance.  Consider joining all columns at once using pd.concat(axis=1) instead. To get a de-fragmented frame, use `newframe = frame.copy()`
  out_tr[c] = s.astype(float)
/home/yarin.b/projects/excel_magic/vfd-agent/vfd/tabular.py:17: PerformanceWarning: DataFrame is highly fragmented.  This is usually the result of calling `frame.insert` many times, which has poor performance.  Consider joining all columns at once using pd.concat(axis=1) instead. To get a de-fragmented frame, use `newframe = frame.copy()`
  oo[c] = o[c].astype(float)
/home/yarin.b/projects/excel_magic/vfd-agent/vfd/tabular.py:15: PerformanceWarning: DataFrame is highly fragmented.  This is usually the result of calling `frame.insert` many times, which has poor performance.  Consider joining all columns at once using pd.concat(axis=1) instead. To get a de-fragmented frame, use `newframe = frame.copy()`
  out_tr[c] = s.astype(float)
/home/yarin.b/projects/excel_magic/vfd-agent/vfd/tabular.py:17: PerformanceWarning: DataFrame is highly fragmented.  This is usually the result of calling `frame.insert` many times, which has poor performance.  Consider joining all columns at once using pd.concat(axis=1) instead. To get a de-fragmented frame, use `newframe = frame.copy()`
  oo[c] = o[c].astype(float)
/home/yarin.b/projects/excel_magic/vfd-agent/vfd/tabular.py:15: PerformanceWarning: DataFrame is highly fragmented.  This is usually the result of calling `frame.insert` many times, which has poor performance.  Consider joining all columns at once using pd.concat(axis=1) instead. To get a de-fragmented frame, use `newframe = frame.copy()`
  out_tr[c] = s.astype(float)
/home/yarin.b/projects/excel_magic/vfd-agent/vfd/tabular.py:17: PerformanceWarning: DataFrame is highly fragmented.  This is usually the result of calling `frame.insert` many times, which has poor performance.  Consider joining all columns at once using pd.concat(axis=1) instead. To get a de-fragmented frame, use `newframe = frame.copy()`
  oo[c] = o[c].astype(float)
/home/yarin.b/projects/excel_magic/vfd-agent/vfd/tabular.py:15: PerformanceWarning: DataFrame is highly fragmented.  This is usually the result of calling `frame.insert` many times, which has poor performance.  Consider joining all columns at once using pd.concat(axis=1) instead. To get a de-fragmented frame, use `newframe = frame.copy()`
  out_tr[c] = s.astype(float)
/home/yarin.b/projects/excel_magic/vfd-agent/vfd/tabular.py:17: PerformanceWarning: DataFrame is highly fragmented.  This is usually the result of calling `frame.insert` many times, which has poor performance.  Consider joining all columns at once using pd.concat(axis=1) instead. To get a de-fragmented frame, use `newframe = frame.copy()`
  oo[c] = o[c].astype(float)
/home/yarin.b/projects/excel_magic/vfd-agent/vfd/tabular.py:15: PerformanceWarning: DataFrame is highly fragmented.  This is usually the result of calling `frame.insert` many times, which has poor performance.  Consider joining all columns at once using pd.concat(axis=1) instead. To get a de-fragmented frame, use `newframe = frame.copy()`
  out_tr[c] = s.astype(float)
/home/yarin.b/projects/excel_magic/vfd-agent/vfd/tabular.py:17: PerformanceWarning: DataFrame is highly fragmented.  This is usually the result of calling `frame.insert` many times, which has poor performance.  Consider joining all columns at once using pd.concat(axis=1) instead. To get a de-fragmented frame, use `newframe = frame.copy()`
  oo[c] = o[c].astype(float)
/home/yarin.b/projects/excel_magic/vfd-agent/vfd/tabular.py:15: PerformanceWarning: DataFrame is highly fragmented.  This is usually the result of calling `frame.insert` many times, which has poor performance.  Consider joining all columns at once using pd.concat(axis=1) instead. To get a de-fragmented frame, use `newframe = frame.copy()`
  out_tr[c] = s.astype(float)
/home/yarin.b/projects/excel_magic/vfd-agent/vfd/tabular.py:17: PerformanceWarning: DataFrame is highly fragmented.  This is usually the result of calling `frame.insert` many times, which has poor performance.  Consider joining all columns at once using pd.concat(axis=1) instead. To get a de-fragmented frame, use `newframe = frame.copy()`
  oo[c] = o[c].astype(float)
/home/yarin.b/projects/excel_magic/vfd-agent/vfd/tabular.py:15: PerformanceWarning: DataFrame is highly fragmented.  This is usually the result of calling `frame.insert` many times, which has poor performance.  Consider joining all columns at once using pd.concat(axis=1) instead. To get a de-fragmented frame, use `newframe = frame.copy()`
  out_tr[c] = s.astype(float)
/home/yarin.b/projects/excel_magic/vfd-agent/vfd/tabular.py:17: PerformanceWarning: DataFrame is highly fragmented.  This is usually the result of calling `frame.insert` many times, which has poor performance.  Consider joining all columns at once using pd.concat(axis=1) instead. To get a de-fragmented frame, use `newframe = frame.copy()`
  oo[c] = o[c].astype(float)
/home/yarin.b/projects/excel_magic/vfd-agent/vfd/tabular.py:15: PerformanceWarning: DataFrame is highly fragmented.  This is usually the result of calling `frame.insert` many times, which has poor performance.  Consider joining all columns at once using pd.concat(axis=1) instead. To get a de-fragmented frame, use `newframe = frame.copy()`
  out_tr[c] = s.astype(float)
/home/yarin.b/projects/excel_magic/vfd-agent/vfd/tabular.py:17: PerformanceWarning: DataFrame is highly fragmented.  This is usually the result of calling `frame.insert` many times, which has poor performance.  Consider joining all columns at once using pd.concat(axis=1) instead. To get a de-fragmented frame, use `newframe = frame.copy()`
  oo[c] = o[c].astype(float)
/home/yarin.b/projects/excel_magic/vfd-agent/vfd/tabular.py:15: PerformanceWarning: DataFrame is highly fragmented.  This is usually the result of calling `frame.insert` many times, which has poor performance.  Consider joining all columns at once using pd.concat(axis=1) instead. To get a de-fragmented frame, use `newframe = frame.copy()`
  out_tr[c] = s.astype(float)
/home/yarin.b/projects/excel_magic/vfd-agent/vfd/tabular.py:17: PerformanceWarning: DataFrame is highly fragmented.  This is usually the result of calling `frame.insert` many times, which has poor performance.  Consider joining all columns at once using pd.concat(axis=1) instead. To get a de-fragmented frame, use `newframe = frame.copy()`
  oo[c] = o[c].astype(float)
/home/yarin.b/projects/excel_magic/vfd-agent/vfd/tabular.py:15: PerformanceWarning: DataFrame is highly fragmented.  This is usually the result of calling `frame.insert` many times, which has poor performance.  Consider joining all columns at once using pd.concat(axis=1) instead. To get a de-fragmented frame, use `newframe = frame.copy()`
  out_tr[c] = s.astype(float)
/home/yarin.b/projects/excel_magic/vfd-agent/vfd/tabular.py:17: PerformanceWarning: DataFrame is highly fragmented.  This is usually the result of calling `frame.insert` many times, which has poor performance.  Consider joining all columns at once using pd.concat(axis=1) instead. To get a de-fragmented frame, use `newframe = frame.copy()`
  oo[c] = o[c].astype(float)
/home/yarin.b/projects/excel_magic/vfd-agent/vfd/tabular.py:15: PerformanceWarning: DataFrame is highly fragmented.  This is usually the result of calling `frame.insert` many times, which has poor performance.  Consider joining all columns at once using pd.concat(axis=1) instead. To get a de-fragmented frame, use `newframe = frame.copy()`
  out_tr[c] = s.astype(float)
/home/yarin.b/projects/excel_magic/vfd-agent/vfd/tabular.py:17: PerformanceWarning: DataFrame is highly fragmented.  This is usually the result of calling `frame.insert` many times, which has poor performance.  Consider joining all columns at once using pd.concat(axis=1) instead. To get a de-fragmented frame, use `newframe = frame.copy()`
  oo[c] = o[c].astype(float)
/home/yarin.b/projects/excel_magic/vfd-agent/vfd/tabular.py:15: PerformanceWarning: DataFrame is highly fragmented.  This is usually the result of calling `frame.insert` many times, which has poor performance.  Consider joining all columns at once using pd.concat(axis=1) instead. To get a de-fragmented frame, use `newframe = frame.copy()`
  out_tr[c] = s.astype(float)
/home/yarin.b/projects/excel_magic/vfd-agent/vfd/tabular.py:17: PerformanceWarning: DataFrame is highly fragmented.  This is usually the result of calling `frame.insert` many times, which has poor performance.  Consider joining all columns at once using pd.concat(axis=1) instead. To get a de-fragmented frame, use `newframe = frame.copy()`
  oo[c] = o[c].astype(float)
/home/yarin.b/projects/excel_magic/vfd-agent/vfd/tabular.py:15: PerformanceWarning: DataFrame is highly fragmented.  This is usually the result of calling `frame.insert` many times, which has poor performance.  Consider joining all columns at once using pd.concat(axis=1) instead. To get a de-fragmented frame, use `newframe = frame.copy()`
  out_tr[c] = s.astype(float)
/home/yarin.b/projects/excel_magic/vfd-agent/vfd/tabular.py:17: PerformanceWarning: DataFrame is highly fragmented.  This is usually the result of calling `frame.insert` many times, which has poor performance.  Consider joining all columns at once using pd.concat(axis=1) instead. To get a de-fragmented frame, use `newframe = frame.copy()`
  oo[c] = o[c].astype(float)
/home/yarin.b/projects/excel_magic/vfd-agent/vfd/tabular.py:15: PerformanceWarning: DataFrame is highly fragmented.  This is usually the result of calling `frame.insert` many times, which has poor performance.  Consider joining all columns at once using pd.concat(axis=1) instead. To get a de-fragmented frame, use `newframe = frame.copy()`
  out_tr[c] = s.astype(float)
/home/yarin.b/projects/excel_magic/vfd-agent/vfd/tabular.py:17: PerformanceWarning: DataFrame is highly fragmented.  This is usually the result of calling `frame.insert` many times, which has poor performance.  Consider joining all columns at once using pd.concat(axis=1) instead. To get a de-fragmented frame, use `newframe = frame.copy()`
  oo[c] = o[c].astype(float)
/home/yarin.b/projects/excel_magic/vfd-agent/vfd/tabular.py:15: PerformanceWarning: DataFrame is highly fragmented.  This is usually the result of calling `frame.insert` many times, which has poor performance.  Consider joining all columns at once using pd.concat(axis=1) instead. To get a de-fragmented frame, use `newframe = frame.copy()`
  out_tr[c] = s.astype(float)
/home/yarin.b/projects/excel_magic/vfd-agent/vfd/tabular.py:17: PerformanceWarning: DataFrame is highly fragmented.  This is usually the result of calling `frame.insert` many times, which has poor performance.  Consider joining all columns at once using pd.concat(axis=1) instead. To get a de-fragmented frame, use `newframe = frame.copy()`
  oo[c] = o[c].astype(float)
/home/yarin.b/projects/excel_magic/vfd-agent/vfd/tabular.py:15: PerformanceWarning: DataFrame is highly fragmented.  This is usually the result of calling `frame.insert` many times, which has poor performance.  Consider joining all columns at once using pd.concat(axis=1) instead. To get a de-fragmented frame, use `newframe = frame.copy()`
  out_tr[c] = s.astype(float)
/home/yarin.b/projects/excel_magic/vfd-agent/vfd/tabular.py:17: PerformanceWarning: DataFrame is highly fragmented.  This is usually the result of calling `frame.insert` many times, which has poor performance.  Consider joining all columns at once using pd.concat(axis=1) instead. To get a de-fragmented frame, use `newframe = frame.copy()`
  oo[c] = o[c].astype(float)
/home/yarin.b/projects/excel_magic/vfd-agent/vfd/tabular.py:15: PerformanceWarning: DataFrame is highly fragmented.  This is usually the result of calling `frame.insert` many times, which has poor performance.  Consider joining all columns at once using pd.concat(axis=1) instead. To get a de-fragmented frame, use `newframe = frame.copy()`
  out_tr[c] = s.astype(float)
/home/yarin.b/projects/excel_magic/vfd-agent/vfd/tabular.py:17: PerformanceWarning: DataFrame is highly fragmented.  This is usually the result of calling `frame.insert` many times, which has poor performance.  Consider joining all columns at once using pd.concat(axis=1) instead. To get a de-fragmented frame, use `newframe = frame.copy()`
  oo[c] = o[c].astype(float)
/home/yarin.b/projects/excel_magic/vfd-agent/vfd/tabular.py:15: PerformanceWarning: DataFrame is highly fragmented.  This is usually the result of calling `frame.insert` many times, which has poor performance.  Consider joining all columns at once using pd.concat(axis=1) instead. To get a de-fragmented frame, use `newframe = frame.copy()`
  out_tr[c] = s.astype(float)
/home/yarin.b/projects/excel_magic/vfd-agent/vfd/tabular.py:17: PerformanceWarning: DataFrame is highly fragmented.  This is usually the result of calling `frame.insert` many times, which has poor performance.  Consider joining all columns at once using pd.concat(axis=1) instead. To get a de-fragmented frame, use `newframe = frame.copy()`
  oo[c] = o[c].astype(float)
/home/yarin.b/projects/excel_magic/vfd-agent/vfd/tabular.py:15: PerformanceWarning: DataFrame is highly fragmented.  This is usually the result of calling `frame.insert` many times, which has poor performance.  Consider joining all columns at once using pd.concat(axis=1) instead. To get a de-fragmented frame, use `newframe = frame.copy()`
  out_tr[c] = s.astype(float)
/home/yarin.b/projects/excel_magic/vfd-agent/vfd/tabular.py:17: PerformanceWarning: DataFrame is highly fragmented.  This is usually the result of calling `frame.insert` many times, which has poor performance.  Consider joining all columns at once using pd.concat(axis=1) instead. To get a de-fragmented frame, use `newframe = frame.copy()`
  oo[c] = o[c].astype(float)
/home/yarin.b/projects/excel_magic/vfd-agent/vfd/tabular.py:15: PerformanceWarning: DataFrame is highly fragmented.  This is usually the result of calling `frame.insert` many times, which has poor performance.  Consider joining all columns at once using pd.concat(axis=1) instead. To get a de-fragmented frame, use `newframe = frame.copy()`
  out_tr[c] = s.astype(float)
/home/yarin.b/projects/excel_magic/vfd-agent/vfd/tabular.py:17: PerformanceWarning: DataFrame is highly fragmented.  This is usually the result of calling `frame.insert` many times, which has poor performance.  Consider joining all columns at once using pd.concat(axis=1) instead. To get a de-fragmented frame, use `newframe = frame.copy()`
  oo[c] = o[c].astype(float)
/home/yarin.b/projects/excel_magic/vfd-agent/vfd/tabular.py:15: PerformanceWarning: DataFrame is highly fragmented.  This is usually the result of calling `frame.insert` many times, which has poor performance.  Consider joining all columns at once using pd.concat(axis=1) instead. To get a de-fragmented frame, use `newframe = frame.copy()`
  out_tr[c] = s.astype(float)
/home/yarin.b/projects/excel_magic/vfd-agent/vfd/tabular.py:17: PerformanceWarning: DataFrame is highly fragmented.  This is usually the result of calling `frame.insert` many times, which has poor performance.  Consider joining all columns at once using pd.concat(axis=1) instead. To get a de-fragmented frame, use `newframe = frame.copy()`
  oo[c] = o[c].astype(float)
/home/yarin.b/projects/excel_magic/vfd-agent/vfd/tabular.py:15: PerformanceWarning: DataFrame is highly fragmented.  This is usually the result of calling `frame.insert` many times, which has poor performance.  Consider joining all columns at once using pd.concat(axis=1) instead. To get a de-fragmented frame, use `newframe = frame.copy()`
  out_tr[c] = s.astype(float)
/home/yarin.b/projects/excel_magic/vfd-agent/vfd/tabular.py:17: PerformanceWarning: DataFrame is highly fragmented.  This is usually the result of calling `frame.insert` many times, which has poor performance.  Consider joining all columns at once using pd.concat(axis=1) instead. To get a de-fragmented frame, use `newframe = frame.copy()`
  oo[c] = o[c].astype(float)
/home/yarin.b/projects/excel_magic/vfd-agent/vfd/tabular.py:15: PerformanceWarning: DataFrame is highly fragmented.  This is usually the result of calling `frame.insert` many times, which has poor performance.  Consider joining all columns at once using pd.concat(axis=1) instead. To get a de-fragmented frame, use `newframe = frame.copy()`
  out_tr[c] = s.astype(float)
/home/yarin.b/projects/excel_magic/vfd-agent/vfd/tabular.py:17: PerformanceWarning: DataFrame is highly fragmented.  This is usually the result of calling `frame.insert` many times, which has poor performance.  Consider joining all columns at once using pd.concat(axis=1) instead. To get a de-fragmented frame, use `newframe = frame.copy()`
  oo[c] = o[c].astype(float)
/home/yarin.b/projects/excel_magic/vfd-agent/vfd/tabular.py:15: PerformanceWarning: DataFrame is highly fragmented.  This is usually the result of calling `frame.insert` many times, which has poor performance.  Consider joining all columns at once using pd.concat(axis=1) instead. To get a de-fragmented frame, use `newframe = frame.copy()`
  out_tr[c] = s.astype(float)
/home/yarin.b/projects/excel_magic/vfd-agent/vfd/tabular.py:17: PerformanceWarning: DataFrame is highly fragmented.  This is usually the result of calling `frame.insert` many times, which has poor performance.  Consider joining all columns at once using pd.concat(axis=1) instead. To get a de-fragmented frame, use `newframe = frame.copy()`
  oo[c] = o[c].astype(float)
/home/yarin.b/projects/excel_magic/vfd-agent/vfd/tabular.py:15: PerformanceWarning: DataFrame is highly fragmented.  This is usually the result of calling `frame.insert` many times, which has poor performance.  Consider joining all columns at once using pd.concat(axis=1) instead. To get a de-fragmented frame, use `newframe = frame.copy()`
  out_tr[c] = s.astype(float)
/home/yarin.b/projects/excel_magic/vfd-agent/vfd/tabular.py:17: PerformanceWarning: DataFrame is highly fragmented.  This is usually the result of calling `frame.insert` many times, which has poor performance.  Consider joining all columns at once using pd.concat(axis=1) instead. To get a de-fragmented frame, use `newframe = frame.copy()`
  oo[c] = o[c].astype(float)
/home/yarin.b/projects/excel_magic/vfd-agent/vfd/tabular.py:15: PerformanceWarning: DataFrame is highly fragmented.  This is usually the result of calling `frame.insert` many times, which has poor performance.  Consider joining all columns at once using pd.concat(axis=1) instead. To get a de-fragmented frame, use `newframe = frame.copy()`
  out_tr[c] = s.astype(float)
/home/yarin.b/projects/excel_magic/vfd-agent/vfd/tabular.py:17: PerformanceWarning: DataFrame is highly fragmented.  This is usually the result of calling `frame.insert` many times, which has poor performance.  Consider joining all columns at once using pd.concat(axis=1) instead. To get a de-fragmented frame, use `newframe = frame.copy()`
  oo[c] = o[c].astype(float)
/home/yarin.b/projects/excel_magic/vfd-agent/vfd/tabular.py:15: PerformanceWarning: DataFrame is highly fragmented.  This is usually the result of calling `frame.insert` many times, which has poor performance.  Consider joining all columns at once using pd.concat(axis=1) instead. To get a de-fragmented frame, use `newframe = frame.copy()`
  out_tr[c] = s.astype(float)
/home/yarin.b/projects/excel_magic/vfd-agent/vfd/tabular.py:17: PerformanceWarning: DataFrame is highly fragmented.  This is usually the result of calling `frame.insert` many times, which has poor performance.  Consider joining all columns at once using pd.concat(axis=1) instead. To get a de-fragmented frame, use `newframe = frame.copy()`
  oo[c] = o[c].astype(float)
/home/yarin.b/projects/excel_magic/vfd-agent/vfd/tabular.py:15: PerformanceWarning: DataFrame is highly fragmented.  This is usually the result of calling `frame.insert` many times, which has poor performance.  Consider joining all columns at once using pd.concat(axis=1) instead. To get a de-fragmented frame, use `newframe = frame.copy()`
  out_tr[c] = s.astype(float)
/home/yarin.b/projects/excel_magic/vfd-agent/vfd/tabular.py:17: PerformanceWarning: DataFrame is highly fragmented.  This is usually the result of calling `frame.insert` many times, which has poor performance.  Consider joining all columns at once using pd.concat(axis=1) instead. To get a de-fragmented frame, use `newframe = frame.copy()`
  oo[c] = o[c].astype(float)
/home/yarin.b/projects/excel_magic/vfd-agent/vfd/tabular.py:15: PerformanceWarning: DataFrame is highly fragmented.  This is usually the result of calling `frame.insert` many times, which has poor performance.  Consider joining all columns at once using pd.concat(axis=1) instead. To get a de-fragmented frame, use `newframe = frame.copy()`
  out_tr[c] = s.astype(float)
/home/yarin.b/projects/excel_magic/vfd-agent/vfd/tabular.py:17: PerformanceWarning: DataFrame is highly fragmented.  This is usually the result of calling `frame.insert` many times, which has poor performance.  Consider joining all columns at once using pd.concat(axis=1) instead. To get a de-fragmented frame, use `newframe = frame.copy()`
  oo[c] = o[c].astype(float)
/home/yarin.b/projects/excel_magic/vfd-agent/vfd/tabular.py:15: PerformanceWarning: DataFrame is highly fragmented.  This is usually the result of calling `frame.insert` many times, which has poor performance.  Consider joining all columns at once using pd.concat(axis=1) instead. To get a de-fragmented frame, use `newframe = frame.copy()`
  out_tr[c] = s.astype(float)
/home/yarin.b/projects/excel_magic/vfd-agent/vfd/tabular.py:17: PerformanceWarning: DataFrame is highly fragmented.  This is usually the result of calling `frame.insert` many times, which has poor performance.  Consider joining all columns at once using pd.concat(axis=1) instead. To get a de-fragmented frame, use `newframe = frame.copy()`
  oo[c] = o[c].astype(float)
/home/yarin.b/projects/excel_magic/vfd-agent/vfd/tabular.py:15: PerformanceWarning: DataFrame is highly fragmented.  This is usually the result of calling `frame.insert` many times, which has poor performance.  Consider joining all columns at once using pd.concat(axis=1) instead. To get a de-fragmented frame, use `newframe = frame.copy()`
  out_tr[c] = s.astype(float)
/home/yarin.b/projects/excel_magic/vfd-agent/vfd/tabular.py:17: PerformanceWarning: DataFrame is highly fragmented.  This is usually the result of calling `frame.insert` many times, which has poor performance.  Consider joining all columns at once using pd.concat(axis=1) instead. To get a de-fragmented frame, use `newframe = frame.copy()`
  oo[c] = o[c].astype(float)
/home/yarin.b/projects/excel_magic/vfd-agent/vfd/tabular.py:15: PerformanceWarning: DataFrame is highly fragmented.  This is usually the result of calling `frame.insert` many times, which has poor performance.  Consider joining all columns at once using pd.concat(axis=1) instead. To get a de-fragmented frame, use `newframe = frame.copy()`
  out_tr[c] = s.astype(float)
/home/yarin.b/projects/excel_magic/vfd-agent/vfd/tabular.py:17: PerformanceWarning: DataFrame is highly fragmented.  This is usually the result of calling `frame.insert` many times, which has poor performance.  Consider joining all columns at once using pd.concat(axis=1) instead. To get a de-fragmented frame, use `newframe = frame.copy()`
  oo[c] = o[c].astype(float)
/home/yarin.b/projects/excel_magic/vfd-agent/vfd/tabular.py:15: PerformanceWarning: DataFrame is highly fragmented.  This is usually the result of calling `frame.insert` many times, which has poor performance.  Consider joining all columns at once using pd.concat(axis=1) instead. To get a de-fragmented frame, use `newframe = frame.copy()`
  out_tr[c] = s.astype(float)
/home/yarin.b/projects/excel_magic/vfd-agent/vfd/tabular.py:17: PerformanceWarning: DataFrame is highly fragmented.  This is usually the result of calling `frame.insert` many times, which has poor performance.  Consider joining all columns at once using pd.concat(axis=1) instead. To get a de-fragmented frame, use `newframe = frame.copy()`
  oo[c] = o[c].astype(float)
/home/yarin.b/projects/excel_magic/vfd-agent/vfd/tabular.py:15: PerformanceWarning: DataFrame is highly fragmented.  This is usually the result of calling `frame.insert` many times, which has poor performance.  Consider joining all columns at once using pd.concat(axis=1) instead. To get a de-fragmented frame, use `newframe = frame.copy()`
  out_tr[c] = s.astype(float)
/home/yarin.b/projects/excel_magic/vfd-agent/vfd/tabular.py:17: PerformanceWarning: DataFrame is highly fragmented.  This is usually the result of calling `frame.insert` many times, which has poor performance.  Consider joining all columns at once using pd.concat(axis=1) instead. To get a de-fragmented frame, use `newframe = frame.copy()`
  oo[c] = o[c].astype(float)
/home/yarin.b/projects/excel_magic/vfd-agent/vfd/tabular.py:15: PerformanceWarning: DataFrame is highly fragmented.  This is usually the result of calling `frame.insert` many times, which has poor performance.  Consider joining all columns at once using pd.concat(axis=1) instead. To get a de-fragmented frame, use `newframe = frame.copy()`
  out_tr[c] = s.astype(float)
/home/yarin.b/projects/excel_magic/vfd-agent/vfd/tabular.py:17: PerformanceWarning: DataFrame is highly fragmented.  This is usually the result of calling `frame.insert` many times, which has poor performance.  Consider joining all columns at once using pd.concat(axis=1) instead. To get a de-fragmented frame, use `newframe = frame.copy()`
  oo[c] = o[c].astype(float)
/home/yarin.b/projects/excel_magic/vfd-agent/vfd/tabular.py:15: PerformanceWarning: DataFrame is highly fragmented.  This is usually the result of calling `frame.insert` many times, which has poor performance.  Consider joining all columns at once using pd.concat(axis=1) instead. To get a de-fragmented frame, use `newframe = frame.copy()`
  out_tr[c] = s.astype(float)
/home/yarin.b/projects/excel_magic/vfd-agent/vfd/tabular.py:17: PerformanceWarning: DataFrame is highly fragmented.  This is usually the result of calling `frame.insert` many times, which has poor performance.  Consider joining all columns at once using pd.concat(axis=1) instead. To get a de-fragmented frame, use `newframe = frame.copy()`
  oo[c] = o[c].astype(float)
/home/yarin.b/projects/excel_magic/vfd-agent/vfd/tabular.py:15: PerformanceWarning: DataFrame is highly fragmented.  This is usually the result of calling `frame.insert` many times, which has poor performance.  Consider joining all columns at once using pd.concat(axis=1) instead. To get a de-fragmented frame, use `newframe = frame.copy()`
  out_tr[c] = s.astype(float)
/home/yarin.b/projects/excel_magic/vfd-agent/vfd/tabular.py:17: PerformanceWarning: DataFrame is highly fragmented.  This is usually the result of calling `frame.insert` many times, which has poor performance.  Consider joining all columns at once using pd.concat(axis=1) instead. To get a de-fragmented frame, use `newframe = frame.copy()`
  oo[c] = o[c].astype(float)
/home/yarin.b/projects/excel_magic/vfd-agent/vfd/tabular.py:15: PerformanceWarning: DataFrame is highly fragmented.  This is usually the result of calling `frame.insert` many times, which has poor performance.  Consider joining all columns at once using pd.concat(axis=1) instead. To get a de-fragmented frame, use `newframe = frame.copy()`
  out_tr[c] = s.astype(float)
/home/yarin.b/projects/excel_magic/vfd-agent/vfd/tabular.py:17: PerformanceWarning: DataFrame is highly fragmented.  This is usually the result of calling `frame.insert` many times, which has poor performance.  Consider joining all columns at once using pd.concat(axis=1) instead. To get a de-fragmented frame, use `newframe = frame.copy()`
  oo[c] = o[c].astype(float)
/home/yarin.b/projects/excel_magic/vfd-agent/vfd/tabular.py:15: PerformanceWarning: DataFrame is highly fragmented.  This is usually the result of calling `frame.insert` many times, which has poor performance.  Consider joining all columns at once using pd.concat(axis=1) instead. To get a de-fragmented frame, use `newframe = frame.copy()`
  out_tr[c] = s.astype(float)
/home/yarin.b/projects/excel_magic/vfd-agent/vfd/tabular.py:17: PerformanceWarning: DataFrame is highly fragmented.  This is usually the result of calling `frame.insert` many times, which has poor performance.  Consider joining all columns at once using pd.concat(axis=1) instead. To get a de-fragmented frame, use `newframe = frame.copy()`
  oo[c] = o[c].astype(float)
/home/yarin.b/projects/excel_magic/vfd-agent/vfd/tabular.py:15: PerformanceWarning: DataFrame is highly fragmented.  This is usually the result of calling `frame.insert` many times, which has poor performance.  Consider joining all columns at once using pd.concat(axis=1) instead. To get a de-fragmented frame, use `newframe = frame.copy()`
  out_tr[c] = s.astype(float)
/home/yarin.b/projects/excel_magic/vfd-agent/vfd/tabular.py:17: PerformanceWarning: DataFrame is highly fragmented.  This is usually the result of calling `frame.insert` many times, which has poor performance.  Consider joining all columns at once using pd.concat(axis=1) instead. To get a de-fragmented frame, use `newframe = frame.copy()`
  oo[c] = o[c].astype(float)
/home/yarin.b/projects/excel_magic/vfd-agent/vfd/tabular.py:15: PerformanceWarning: DataFrame is highly fragmented.  This is usually the result of calling `frame.insert` many times, which has poor performance.  Consider joining all columns at once using pd.concat(axis=1) instead. To get a de-fragmented frame, use `newframe = frame.copy()`
  out_tr[c] = s.astype(float)
/home/yarin.b/projects/excel_magic/vfd-agent/vfd/tabular.py:17: PerformanceWarning: DataFrame is highly fragmented.  This is usually the result of calling `frame.insert` many times, which has poor performance.  Consider joining all columns at once using pd.concat(axis=1) instead. To get a de-fragmented frame, use `newframe = frame.copy()`
  oo[c] = o[c].astype(float)
/home/yarin.b/projects/excel_magic/vfd-agent/vfd/tabular.py:15: PerformanceWarning: DataFrame is highly fragmented.  This is usually the result of calling `frame.insert` many times, which has poor performance.  Consider joining all columns at once using pd.concat(axis=1) instead. To get a de-fragmented frame, use `newframe = frame.copy()`
  out_tr[c] = s.astype(float)
/home/yarin.b/projects/excel_magic/vfd-agent/vfd/tabular.py:17: PerformanceWarning: DataFrame is highly fragmented.  This is usually the result of calling `frame.insert` many times, which has poor performance.  Consider joining all columns at once using pd.concat(axis=1) instead. To get a de-fragmented frame, use `newframe = frame.copy()`
  oo[c] = o[c].astype(float)
/home/yarin.b/projects/excel_magic/vfd-agent/vfd/tabular.py:15: PerformanceWarning: DataFrame is highly fragmented.  This is usually the result of calling `frame.insert` many times, which has poor performance.  Consider joining all columns at once using pd.concat(axis=1) instead. To get a de-fragmented frame, use `newframe = frame.copy()`
  out_tr[c] = s.astype(float)
/home/yarin.b/projects/excel_magic/vfd-agent/vfd/tabular.py:17: PerformanceWarning: DataFrame is highly fragmented.  This is usually the result of calling `frame.insert` many times, which has poor performance.  Consider joining all columns at once using pd.concat(axis=1) instead. To get a de-fragmented frame, use `newframe = frame.copy()`
  oo[c] = o[c].astype(float)
/home/yarin.b/projects/excel_magic/vfd-agent/vfd/tabular.py:15: PerformanceWarning: DataFrame is highly fragmented.  This is usually the result of calling `frame.insert` many times, which has poor performance.  Consider joining all columns at once using pd.concat(axis=1) instead. To get a de-fragmented frame, use `newframe = frame.copy()`
  out_tr[c] = s.astype(float)
/home/yarin.b/projects/excel_magic/vfd-agent/vfd/tabular.py:17: PerformanceWarning: DataFrame is highly fragmented.  This is usually the result of calling `frame.insert` many times, which has poor performance.  Consider joining all columns at once using pd.concat(axis=1) instead. To get a de-fragmented frame, use `newframe = frame.copy()`
  oo[c] = o[c].astype(float)
/home/yarin.b/projects/excel_magic/vfd-agent/vfd/tabular.py:15: PerformanceWarning: DataFrame is highly fragmented.  This is usually the result of calling `frame.insert` many times, which has poor performance.  Consider joining all columns at once using pd.concat(axis=1) instead. To get a de-fragmented frame, use `newframe = frame.copy()`
  out_tr[c] = s.astype(float)
/home/yarin.b/projects/excel_magic/vfd-agent/vfd/tabular.py:17: PerformanceWarning: DataFrame is highly fragmented.  This is usually the result of calling `frame.insert` many times, which has poor performance.  Consider joining all columns at once using pd.concat(axis=1) instead. To get a de-fragmented frame, use `newframe = frame.copy()`
  oo[c] = o[c].astype(float)
/home/yarin.b/projects/excel_magic/vfd-agent/vfd/tabular.py:15: PerformanceWarning: DataFrame is highly fragmented.  This is usually the result of calling `frame.insert` many times, which has poor performance.  Consider joining all columns at once using pd.concat(axis=1) instead. To get a de-fragmented frame, use `newframe = frame.copy()`
  out_tr[c] = s.astype(float)
/home/yarin.b/projects/excel_magic/vfd-agent/vfd/tabular.py:17: PerformanceWarning: DataFrame is highly fragmented.  This is usually the result of calling `frame.insert` many times, which has poor performance.  Consider joining all columns at once using pd.concat(axis=1) instead. To get a de-fragmented frame, use `newframe = frame.copy()`
  oo[c] = o[c].astype(float)
/home/yarin.b/projects/excel_magic/vfd-agent/vfd/tabular.py:15: PerformanceWarning: DataFrame is highly fragmented.  This is usually the result of calling `frame.insert` many times, which has poor performance.  Consider joining all columns at once using pd.concat(axis=1) instead. To get a de-fragmented frame, use `newframe = frame.copy()`
  out_tr[c] = s.astype(float)
/home/yarin.b/projects/excel_magic/vfd-agent/vfd/tabular.py:17: PerformanceWarning: DataFrame is highly fragmented.  This is usually the result of calling `frame.insert` many times, which has poor performance.  Consider joining all columns at once using pd.concat(axis=1) instead. To get a de-fragmented frame, use `newframe = frame.copy()`
  oo[c] = o[c].astype(float)
/home/yarin.b/projects/excel_magic/vfd-agent/vfd/tabular.py:15: PerformanceWarning: DataFrame is highly fragmented.  This is usually the result of calling `frame.insert` many times, which has poor performance.  Consider joining all columns at once using pd.concat(axis=1) instead. To get a de-fragmented frame, use `newframe = frame.copy()`
  out_tr[c] = s.astype(float)
/home/yarin.b/projects/excel_magic/vfd-agent/vfd/tabular.py:17: PerformanceWarning: DataFrame is highly fragmented.  This is usually the result of calling `frame.insert` many times, which has poor performance.  Consider joining all columns at once using pd.concat(axis=1) instead. To get a de-fragmented frame, use `newframe = frame.copy()`
  oo[c] = o[c].astype(float)
/home/yarin.b/projects/excel_magic/vfd-agent/vfd/tabular.py:15: PerformanceWarning: DataFrame is highly fragmented.  This is usually the result of calling `frame.insert` many times, which has poor performance.  Consider joining all columns at once using pd.concat(axis=1) instead. To get a de-fragmented frame, use `newframe = frame.copy()`
  out_tr[c] = s.astype(float)
/home/yarin.b/projects/excel_magic/vfd-agent/vfd/tabular.py:17: PerformanceWarning: DataFrame is highly fragmented.  This is usually the result of calling `frame.insert` many times, which has poor performance.  Consider joining all columns at once using pd.concat(axis=1) instead. To get a de-fragmented frame, use `newframe = frame.copy()`
  oo[c] = o[c].astype(float)
/home/yarin.b/projects/excel_magic/vfd-agent/vfd/tabular.py:15: PerformanceWarning: DataFrame is highly fragmented.  This is usually the result of calling `frame.insert` many times, which has poor performance.  Consider joining all columns at once using pd.concat(axis=1) instead. To get a de-fragmented frame, use `newframe = frame.copy()`
  out_tr[c] = s.astype(float)
/home/yarin.b/projects/excel_magic/vfd-agent/vfd/tabular.py:17: PerformanceWarning: DataFrame is highly fragmented.  This is usually the result of calling `frame.insert` many times, which has poor performance.  Consider joining all columns at once using pd.concat(axis=1) instead. To get a de-fragmented frame, use `newframe = frame.copy()`
  oo[c] = o[c].astype(float)
/home/yarin.b/projects/excel_magic/vfd-agent/vfd/tabular.py:15: PerformanceWarning: DataFrame is highly fragmented.  This is usually the result of calling `frame.insert` many times, which has poor performance.  Consider joining all columns at once using pd.concat(axis=1) instead. To get a de-fragmented frame, use `newframe = frame.copy()`
  out_tr[c] = s.astype(float)
/home/yarin.b/projects/excel_magic/vfd-agent/vfd/tabular.py:17: PerformanceWarning: DataFrame is highly fragmented.  This is usually the result of calling `frame.insert` many times, which has poor performance.  Consider joining all columns at once using pd.concat(axis=1) instead. To get a de-fragmented frame, use `newframe = frame.copy()`
  oo[c] = o[c].astype(float)
/home/yarin.b/projects/excel_magic/vfd-agent/vfd/tabular.py:15: PerformanceWarning: DataFrame is highly fragmented.  This is usually the result of calling `frame.insert` many times, which has poor performance.  Consider joining all columns at once using pd.concat(axis=1) instead. To get a de-fragmented frame, use `newframe = frame.copy()`
  out_tr[c] = s.astype(float)
/home/yarin.b/projects/excel_magic/vfd-agent/vfd/tabular.py:17: PerformanceWarning: DataFrame is highly fragmented.  This is usually the result of calling `frame.insert` many times, which has poor performance.  Consider joining all columns at once using pd.concat(axis=1) instead. To get a de-fragmented frame, use `newframe = frame.copy()`
  oo[c] = o[c].astype(float)
/home/yarin.b/projects/excel_magic/vfd-agent/vfd/tabular.py:15: PerformanceWarning: DataFrame is highly fragmented.  This is usually the result of calling `frame.insert` many times, which has poor performance.  Consider joining all columns at once using pd.concat(axis=1) instead. To get a de-fragmented frame, use `newframe = frame.copy()`
  out_tr[c] = s.astype(float)
/home/yarin.b/projects/excel_magic/vfd-agent/vfd/tabular.py:17: PerformanceWarning: DataFrame is highly fragmented.  This is usually the result of calling `frame.insert` many times, which has poor performance.  Consider joining all columns at once using pd.concat(axis=1) instead. To get a de-fragmented frame, use `newframe = frame.copy()`
  oo[c] = o[c].astype(float)
/home/yarin.b/projects/excel_magic/vfd-agent/vfd/tabular.py:15: PerformanceWarning: DataFrame is highly fragmented.  This is usually the result of calling `frame.insert` many times, which has poor performance.  Consider joining all columns at once using pd.concat(axis=1) instead. To get a de-fragmented frame, use `newframe = frame.copy()`
  out_tr[c] = s.astype(float)
/home/yarin.b/projects/excel_magic/vfd-agent/vfd/tabular.py:17: PerformanceWarning: DataFrame is highly fragmented.  This is usually the result of calling `frame.insert` many times, which has poor performance.  Consider joining all columns at once using pd.concat(axis=1) instead. To get a de-fragmented frame, use `newframe = frame.copy()`
  oo[c] = o[c].astype(float)
/home/yarin.b/projects/excel_magic/vfd-agent/vfd/tabular.py:15: PerformanceWarning: DataFrame is highly fragmented.  This is usually the result of calling `frame.insert` many times, which has poor performance.  Consider joining all columns at once using pd.concat(axis=1) instead. To get a de-fragmented frame, use `newframe = frame.copy()`
  out_tr[c] = s.astype(float)
/home/yarin.b/projects/excel_magic/vfd-agent/vfd/tabular.py:17: PerformanceWarning: DataFrame is highly fragmented.  This is usually the result of calling `frame.insert` many times, which has poor performance.  Consider joining all columns at once using pd.concat(axis=1) instead. To get a de-fragmented frame, use `newframe = frame.copy()`
  oo[c] = o[c].astype(float)
/home/yarin.b/projects/excel_magic/vfd-agent/vfd/tabular.py:15: PerformanceWarning: DataFrame is highly fragmented.  This is usually the result of calling `frame.insert` many times, which has poor performance.  Consider joining all columns at once using pd.concat(axis=1) instead. To get a de-fragmented frame, use `newframe = frame.copy()`
  out_tr[c] = s.astype(float)
/home/yarin.b/projects/excel_magic/vfd-agent/vfd/tabular.py:17: PerformanceWarning: DataFrame is highly fragmented.  This is usually the result of calling `frame.insert` many times, which has poor performance.  Consider joining all columns at once using pd.concat(axis=1) instead. To get a de-fragmented frame, use `newframe = frame.copy()`
  oo[c] = o[c].astype(float)
/home/yarin.b/projects/excel_magic/vfd-agent/vfd/tabular.py:15: PerformanceWarning: DataFrame is highly fragmented.  This is usually the result of calling `frame.insert` many times, which has poor performance.  Consider joining all columns at once using pd.concat(axis=1) instead. To get a de-fragmented frame, use `newframe = frame.copy()`
  out_tr[c] = s.astype(float)
/home/yarin.b/projects/excel_magic/vfd-agent/vfd/tabular.py:17: PerformanceWarning: DataFrame is highly fragmented.  This is usually the result of calling `frame.insert` many times, which has poor performance.  Consider joining all columns at once using pd.concat(axis=1) instead. To get a de-fragmented frame, use `newframe = frame.copy()`
  oo[c] = o[c].astype(float)
/home/yarin.b/projects/excel_magic/vfd-agent/vfd/tabular.py:15: PerformanceWarning: DataFrame is highly fragmented.  This is usually the result of calling `frame.insert` many times, which has poor performance.  Consider joining all columns at once using pd.concat(axis=1) instead. To get a de-fragmented frame, use `newframe = frame.copy()`
  out_tr[c] = s.astype(float)
/home/yarin.b/projects/excel_magic/vfd-agent/vfd/tabular.py:17: PerformanceWarning: DataFrame is highly fragmented.  This is usually the result of calling `frame.insert` many times, which has poor performance.  Consider joining all columns at once using pd.concat(axis=1) instead. To get a de-fragmented frame, use `newframe = frame.copy()`
  oo[c] = o[c].astype(float)
/home/yarin.b/projects/excel_magic/vfd-agent/vfd/tabular.py:15: PerformanceWarning: DataFrame is highly fragmented.  This is usually the result of calling `frame.insert` many times, which has poor performance.  Consider joining all columns at once using pd.concat(axis=1) instead. To get a de-fragmented frame, use `newframe = frame.copy()`
  out_tr[c] = s.astype(float)
/home/yarin.b/projects/excel_magic/vfd-agent/vfd/tabular.py:17: PerformanceWarning: DataFrame is highly fragmented.  This is usually the result of calling `frame.insert` many times, which has poor performance.  Consider joining all columns at once using pd.concat(axis=1) instead. To get a de-fragmented frame, use `newframe = frame.copy()`
  oo[c] = o[c].astype(float)
/home/yarin.b/projects/excel_magic/vfd-agent/vfd/tabular.py:15: PerformanceWarning: DataFrame is highly fragmented.  This is usually the result of calling `frame.insert` many times, which has poor performance.  Consider joining all columns at once using pd.concat(axis=1) instead. To get a de-fragmented frame, use `newframe = frame.copy()`
  out_tr[c] = s.astype(float)
/home/yarin.b/projects/excel_magic/vfd-agent/vfd/tabular.py:17: PerformanceWarning: DataFrame is highly fragmented.  This is usually the result of calling `frame.insert` many times, which has poor performance.  Consider joining all columns at once using pd.concat(axis=1) instead. To get a de-fragmented frame, use `newframe = frame.copy()`
  oo[c] = o[c].astype(float)
/home/yarin.b/projects/excel_magic/vfd-agent/vfd/tabular.py:15: PerformanceWarning: DataFrame is highly fragmented.  This is usually the result of calling `frame.insert` many times, which has poor performance.  Consider joining all columns at once using pd.concat(axis=1) instead. To get a de-fragmented frame, use `newframe = frame.copy()`
  out_tr[c] = s.astype(float)
/home/yarin.b/projects/excel_magic/vfd-agent/vfd/tabular.py:17: PerformanceWarning: DataFrame is highly fragmented.  This is usually the result of calling `frame.insert` many times, which has poor performance.  Consider joining all columns at once using pd.concat(axis=1) instead. To get a de-fragmented frame, use `newframe = frame.copy()`
  oo[c] = o[c].astype(float)
/home/yarin.b/projects/excel_magic/vfd-agent/vfd/tabular.py:15: PerformanceWarning: DataFrame is highly fragmented.  This is usually the result of calling `frame.insert` many times, which has poor performance.  Consider joining all columns at once using pd.concat(axis=1) instead. To get a de-fragmented frame, use `newframe = frame.copy()`
  out_tr[c] = s.astype(float)
/home/yarin.b/projects/excel_magic/vfd-agent/vfd/tabular.py:17: PerformanceWarning: DataFrame is highly fragmented.  This is usually the result of calling `frame.insert` many times, which has poor performance.  Consider joining all columns at once using pd.concat(axis=1) instead. To get a de-fragmented frame, use `newframe = frame.copy()`
  oo[c] = o[c].astype(float)
/home/yarin.b/projects/excel_magic/vfd-agent/vfd/tabular.py:15: PerformanceWarning: DataFrame is highly fragmented.  This is usually the result of calling `frame.insert` many times, which has poor performance.  Consider joining all columns at once using pd.concat(axis=1) instead. To get a de-fragmented frame, use `newframe = frame.copy()`
  out_tr[c] = s.astype(float)
/home/yarin.b/projects/excel_magic/vfd-agent/vfd/tabular.py:17: PerformanceWarning: DataFrame is highly fragmented.  This is usually the result of calling `frame.insert` many times, which has poor performance.  Consider joining all columns at once using pd.concat(axis=1) instead. To get a de-fragmented frame, use `newframe = frame.copy()`
  oo[c] = o[c].astype(float)
/home/yarin.b/projects/excel_magic/vfd-agent/vfd/tabular.py:15: PerformanceWarning: DataFrame is highly fragmented.  This is usually the result of calling `frame.insert` many times, which has poor performance.  Consider joining all columns at once using pd.concat(axis=1) instead. To get a de-fragmented frame, use `newframe = frame.copy()`
  out_tr[c] = s.astype(float)
/home/yarin.b/projects/excel_magic/vfd-agent/vfd/tabular.py:17: PerformanceWarning: DataFrame is highly fragmented.  This is usually the result of calling `frame.insert` many times, which has poor performance.  Consider joining all columns at once using pd.concat(axis=1) instead. To get a de-fragmented frame, use `newframe = frame.copy()`
  oo[c] = o[c].astype(float)
/home/yarin.b/projects/excel_magic/vfd-agent/vfd/tabular.py:15: PerformanceWarning: DataFrame is highly fragmented.  This is usually the result of calling `frame.insert` many times, which has poor performance.  Consider joining all columns at once using pd.concat(axis=1) instead. To get a de-fragmented frame, use `newframe = frame.copy()`
  out_tr[c] = s.astype(float)
/home/yarin.b/projects/excel_magic/vfd-agent/vfd/tabular.py:17: PerformanceWarning: DataFrame is highly fragmented.  This is usually the result of calling `frame.insert` many times, which has poor performance.  Consider joining all columns at once using pd.concat(axis=1) instead. To get a de-fragmented frame, use `newframe = frame.copy()`
  oo[c] = o[c].astype(float)
/home/yarin.b/projects/excel_magic/vfd-agent/vfd/tabular.py:15: PerformanceWarning: DataFrame is highly fragmented.  This is usually the result of calling `frame.insert` many times, which has poor performance.  Consider joining all columns at once using pd.concat(axis=1) instead. To get a de-fragmented frame, use `newframe = frame.copy()`
  out_tr[c] = s.astype(float)
/home/yarin.b/projects/excel_magic/vfd-agent/vfd/tabular.py:17: PerformanceWarning: DataFrame is highly fragmented.  This is usually the result of calling `frame.insert` many times, which has poor performance.  Consider joining all columns at once using pd.concat(axis=1) instead. To get a de-fragmented frame, use `newframe = frame.copy()`
  oo[c] = o[c].astype(float)
/home/yarin.b/projects/excel_magic/vfd-agent/vfd/tabular.py:15: PerformanceWarning: DataFrame is highly fragmented.  This is usually the result of calling `frame.insert` many times, which has poor performance.  Consider joining all columns at once using pd.concat(axis=1) instead. To get a de-fragmented frame, use `newframe = frame.copy()`
  out_tr[c] = s.astype(float)
/home/yarin.b/projects/excel_magic/vfd-agent/vfd/tabular.py:17: PerformanceWarning: DataFrame is highly fragmented.  This is usually the result of calling `frame.insert` many times, which has poor performance.  Consider joining all columns at once using pd.concat(axis=1) instead. To get a de-fragmented frame, use `newframe = frame.copy()`
  oo[c] = o[c].astype(float)
/home/yarin.b/projects/excel_magic/vfd-agent/vfd/tabular.py:15: PerformanceWarning: DataFrame is highly fragmented.  This is usually the result of calling `frame.insert` many times, which has poor performance.  Consider joining all columns at once using pd.concat(axis=1) instead. To get a de-fragmented frame, use `newframe = frame.copy()`
  out_tr[c] = s.astype(float)
/home/yarin.b/projects/excel_magic/vfd-agent/vfd/tabular.py:17: PerformanceWarning: DataFrame is highly fragmented.  This is usually the result of calling `frame.insert` many times, which has poor performance.  Consider joining all columns at once using pd.concat(axis=1) instead. To get a de-fragmented frame, use `newframe = frame.copy()`
  oo[c] = o[c].astype(float)
/home/yarin.b/projects/excel_magic/vfd-agent/vfd/tabular.py:15: PerformanceWarning: DataFrame is highly fragmented.  This is usually the result of calling `frame.insert` many times, which has poor performance.  Consider joining all columns at once using pd.concat(axis=1) instead. To get a de-fragmented frame, use `newframe = frame.copy()`
  out_tr[c] = s.astype(float)
/home/yarin.b/projects/excel_magic/vfd-agent/vfd/tabular.py:17: PerformanceWarning: DataFrame is highly fragmented.  This is usually the result of calling `frame.insert` many times, which has poor performance.  Consider joining all columns at once using pd.concat(axis=1) instead. To get a de-fragmented frame, use `newframe = frame.copy()`
  oo[c] = o[c].astype(float)
/home/yarin.b/projects/excel_magic/vfd-agent/vfd/tabular.py:15: PerformanceWarning: DataFrame is highly fragmented.  This is usually the result of calling `frame.insert` many times, which has poor performance.  Consider joining all columns at once using pd.concat(axis=1) instead. To get a de-fragmented frame, use `newframe = frame.copy()`
  out_tr[c] = s.astype(float)
/home/yarin.b/projects/excel_magic/vfd-agent/vfd/tabular.py:17: PerformanceWarning: DataFrame is highly fragmented.  This is usually the result of calling `frame.insert` many times, which has poor performance.  Consider joining all columns at once using pd.concat(axis=1) instead. To get a de-fragmented frame, use `newframe = frame.copy()`
  oo[c] = o[c].astype(float)
/home/yarin.b/projects/excel_magic/vfd-agent/vfd/tabular.py:15: PerformanceWarning: DataFrame is highly fragmented.  This is usually the result of calling `frame.insert` many times, which has poor performance.  Consider joining all columns at once using pd.concat(axis=1) instead. To get a de-fragmented frame, use `newframe = frame.copy()`
  out_tr[c] = s.astype(float)
/home/yarin.b/projects/excel_magic/vfd-agent/vfd/tabular.py:17: PerformanceWarning: DataFrame is highly fragmented.  This is usually the result of calling `frame.insert` many times, which has poor performance.  Consider joining all columns at once using pd.concat(axis=1) instead. To get a de-fragmented frame, use `newframe = frame.copy()`
  oo[c] = o[c].astype(float)
/home/yarin.b/projects/excel_magic/vfd-agent/vfd/tabular.py:15: PerformanceWarning: DataFrame is highly fragmented.  This is usually the result of calling `frame.insert` many times, which has poor performance.  Consider joining all columns at once using pd.concat(axis=1) instead. To get a de-fragmented frame, use `newframe = frame.copy()`
  out_tr[c] = s.astype(float)
/home/yarin.b/projects/excel_magic/vfd-agent/vfd/tabular.py:17: PerformanceWarning: DataFrame is highly fragmented.  This is usually the result of calling `frame.insert` many times, which has poor performance.  Consider joining all columns at once using pd.concat(axis=1) instead. To get a de-fragmented frame, use `newframe = frame.copy()`
  oo[c] = o[c].astype(float)
/home/yarin.b/projects/excel_magic/vfd-agent/vfd/tabular.py:15: PerformanceWarning: DataFrame is highly fragmented.  This is usually the result of calling `frame.insert` many times, which has poor performance.  Consider joining all columns at once using pd.concat(axis=1) instead. To get a de-fragmented frame, use `newframe = frame.copy()`
  out_tr[c] = s.astype(float)
/home/yarin.b/projects/excel_magic/vfd-agent/vfd/tabular.py:17: PerformanceWarning: DataFrame is highly fragmented.  This is usually the result of calling `frame.insert` many times, which has poor performance.  Consider joining all columns at once using pd.concat(axis=1) instead. To get a de-fragmented frame, use `newframe = frame.copy()`
  oo[c] = o[c].astype(float)
/home/yarin.b/projects/excel_magic/vfd-agent/vfd/tabular.py:15: PerformanceWarning: DataFrame is highly fragmented.  This is usually the result of calling `frame.insert` many times, which has poor performance.  Consider joining all columns at once using pd.concat(axis=1) instead. To get a de-fragmented frame, use `newframe = frame.copy()`
  out_tr[c] = s.astype(float)
/home/yarin.b/projects/excel_magic/vfd-agent/vfd/tabular.py:17: PerformanceWarning: DataFrame is highly fragmented.  This is usually the result of calling `frame.insert` many times, which has poor performance.  Consider joining all columns at once using pd.concat(axis=1) instead. To get a de-fragmented frame, use `newframe = frame.copy()`
  oo[c] = o[c].astype(float)
/home/yarin.b/projects/excel_magic/vfd-agent/vfd/tabular.py:15: PerformanceWarning: DataFrame is highly fragmented.  This is usually the result of calling `frame.insert` many times, which has poor performance.  Consider joining all columns at once using pd.concat(axis=1) instead. To get a de-fragmented frame, use `newframe = frame.copy()`
  out_tr[c] = s.astype(float)
/home/yarin.b/projects/excel_magic/vfd-agent/vfd/tabular.py:17: PerformanceWarning: DataFrame is highly fragmented.  This is usually the result of calling `frame.insert` many times, which has poor performance.  Consider joining all columns at once using pd.concat(axis=1) instead. To get a de-fragmented frame, use `newframe = frame.copy()`
  oo[c] = o[c].astype(float)
/home/yarin.b/projects/excel_magic/vfd-agent/vfd/tabular.py:15: PerformanceWarning: DataFrame is highly fragmented.  This is usually the result of calling `frame.insert` many times, which has poor performance.  Consider joining all columns at once using pd.concat(axis=1) instead. To get a de-fragmented frame, use `newframe = frame.copy()`
  out_tr[c] = s.astype(float)
/home/yarin.b/projects/excel_magic/vfd-agent/vfd/tabular.py:17: PerformanceWarning: DataFrame is highly fragmented.  This is usually the result of calling `frame.insert` many times, which has poor performance.  Consider joining all columns at once using pd.concat(axis=1) instead. To get a de-fragmented frame, use `newframe = frame.copy()`
  oo[c] = o[c].astype(float)
/home/yarin.b/projects/excel_magic/vfd-agent/vfd/tabular.py:15: PerformanceWarning: DataFrame is highly fragmented.  This is usually the result of calling `frame.insert` many times, which has poor performance.  Consider joining all columns at once using pd.concat(axis=1) instead. To get a de-fragmented frame, use `newframe = frame.copy()`
  out_tr[c] = s.astype(float)
/home/yarin.b/projects/excel_magic/vfd-agent/vfd/tabular.py:17: PerformanceWarning: DataFrame is highly fragmented.  This is usually the result of calling `frame.insert` many times, which has poor performance.  Consider joining all columns at once using pd.concat(axis=1) instead. To get a de-fragmented frame, use `newframe = frame.copy()`
  oo[c] = o[c].astype(float)
/home/yarin.b/projects/excel_magic/vfd-agent/vfd/tabular.py:15: PerformanceWarning: DataFrame is highly fragmented.  This is usually the result of calling `frame.insert` many times, which has poor performance.  Consider joining all columns at once using pd.concat(axis=1) instead. To get a de-fragmented frame, use `newframe = frame.copy()`
  out_tr[c] = s.astype(float)
/home/yarin.b/projects/excel_magic/vfd-agent/vfd/tabular.py:17: PerformanceWarning: DataFrame is highly fragmented.  This is usually the result of calling `frame.insert` many times, which has poor performance.  Consider joining all columns at once using pd.concat(axis=1) instead. To get a de-fragmented frame, use `newframe = frame.copy()`
  oo[c] = o[c].astype(float)
/home/yarin.b/projects/excel_magic/vfd-agent/vfd/tabular.py:15: PerformanceWarning: DataFrame is highly fragmented.  This is usually the result of calling `frame.insert` many times, which has poor performance.  Consider joining all columns at once using pd.concat(axis=1) instead. To get a de-fragmented frame, use `newframe = frame.copy()`
  out_tr[c] = s.astype(float)
/home/yarin.b/projects/excel_magic/vfd-agent/vfd/tabular.py:17: PerformanceWarning: DataFrame is highly fragmented.  This is usually the result of calling `frame.insert` many times, which has poor performance.  Consider joining all columns at once using pd.concat(axis=1) instead. To get a de-fragmented frame, use `newframe = frame.copy()`
  oo[c] = o[c].astype(float)
/home/yarin.b/projects/excel_magic/vfd-agent/vfd/tabular.py:15: PerformanceWarning: DataFrame is highly fragmented.  This is usually the result of calling `frame.insert` many times, which has poor performance.  Consider joining all columns at once using pd.concat(axis=1) instead. To get a de-fragmented frame, use `newframe = frame.copy()`
  out_tr[c] = s.astype(float)
/home/yarin.b/projects/excel_magic/vfd-agent/vfd/tabular.py:17: PerformanceWarning: DataFrame is highly fragmented.  This is usually the result of calling `frame.insert` many times, which has poor performance.  Consider joining all columns at once using pd.concat(axis=1) instead. To get a de-fragmented frame, use `newframe = frame.copy()`
  oo[c] = o[c].astype(float)
/home/yarin.b/projects/excel_magic/vfd-agent/vfd/tabular.py:15: PerformanceWarning: DataFrame is highly fragmented.  This is usually the result of calling `frame.insert` many times, which has poor performance.  Consider joining all columns at once using pd.concat(axis=1) instead. To get a de-fragmented frame, use `newframe = frame.copy()`
  out_tr[c] = s.astype(float)
/home/yarin.b/projects/excel_magic/vfd-agent/vfd/tabular.py:17: PerformanceWarning: DataFrame is highly fragmented.  This is usually the result of calling `frame.insert` many times, which has poor performance.  Consider joining all columns at once using pd.concat(axis=1) instead. To get a de-fragmented frame, use `newframe = frame.copy()`
  oo[c] = o[c].astype(float)
/home/yarin.b/projects/excel_magic/vfd-agent/vfd/tabular.py:15: PerformanceWarning: DataFrame is highly fragmented.  This is usually the result of calling `frame.insert` many times, which has poor performance.  Consider joining all columns at once using pd.concat(axis=1) instead. To get a de-fragmented frame, use `newframe = frame.copy()`
  out_tr[c] = s.astype(float)
/home/yarin.b/projects/excel_magic/vfd-agent/vfd/tabular.py:17: PerformanceWarning: DataFrame is highly fragmented.  This is usually the result of calling `frame.insert` many times, which has poor performance.  Consider joining all columns at once using pd.concat(axis=1) instead. To get a de-fragmented frame, use `newframe = frame.copy()`
  oo[c] = o[c].astype(float)
/home/yarin.b/projects/excel_magic/vfd-agent/vfd/tabular.py:15: PerformanceWarning: DataFrame is highly fragmented.  This is usually the result of calling `frame.insert` many times, which has poor performance.  Consider joining all columns at once using pd.concat(axis=1) instead. To get a de-fragmented frame, use `newframe = frame.copy()`
  out_tr[c] = s.astype(float)
/home/yarin.b/projects/excel_magic/vfd-agent/vfd/tabular.py:17: PerformanceWarning: DataFrame is highly fragmented.  This is usually the result of calling `frame.insert` many times, which has poor performance.  Consider joining all columns at once using pd.concat(axis=1) instead. To get a de-fragmented frame, use `newframe = frame.copy()`
  oo[c] = o[c].astype(float)
/home/yarin.b/projects/excel_magic/vfd-agent/vfd/tabular.py:15: PerformanceWarning: DataFrame is highly fragmented.  This is usually the result of calling `frame.insert` many times, which has poor performance.  Consider joining all columns at once using pd.concat(axis=1) instead. To get a de-fragmented frame, use `newframe = frame.copy()`
  out_tr[c] = s.astype(float)
/home/yarin.b/projects/excel_magic/vfd-agent/vfd/tabular.py:17: PerformanceWarning: DataFrame is highly fragmented.  This is usually the result of calling `frame.insert` many times, which has poor performance.  Consider joining all columns at once using pd.concat(axis=1) instead. To get a de-fragmented frame, use `newframe = frame.copy()`
  oo[c] = o[c].astype(float)
/home/yarin.b/projects/excel_magic/vfd-agent/vfd/tabular.py:15: PerformanceWarning: DataFrame is highly fragmented.  This is usually the result of calling `frame.insert` many times, which has poor performance.  Consider joining all columns at once using pd.concat(axis=1) instead. To get a de-fragmented frame, use `newframe = frame.copy()`
  out_tr[c] = s.astype(float)
/home/yarin.b/projects/excel_magic/vfd-agent/vfd/tabular.py:17: PerformanceWarning: DataFrame is highly fragmented.  This is usually the result of calling `frame.insert` many times, which has poor performance.  Consider joining all columns at once using pd.concat(axis=1) instead. To get a de-fragmented frame, use `newframe = frame.copy()`
  oo[c] = o[c].astype(float)
/home/yarin.b/projects/excel_magic/vfd-agent/vfd/tabular.py:15: PerformanceWarning: DataFrame is highly fragmented.  This is usually the result of calling `frame.insert` many times, which has poor performance.  Consider joining all columns at once using pd.concat(axis=1) instead. To get a de-fragmented frame, use `newframe = frame.copy()`
  out_tr[c] = s.astype(float)
/home/yarin.b/projects/excel_magic/vfd-agent/vfd/tabular.py:17: PerformanceWarning: DataFrame is highly fragmented.  This is usually the result of calling `frame.insert` many times, which has poor performance.  Consider joining all columns at once using pd.concat(axis=1) instead. To get a de-fragmented frame, use `newframe = frame.copy()`
  oo[c] = o[c].astype(float)
/home/yarin.b/projects/excel_magic/vfd-agent/vfd/tabular.py:15: PerformanceWarning: DataFrame is highly fragmented.  This is usually the result of calling `frame.insert` many times, which has poor performance.  Consider joining all columns at once using pd.concat(axis=1) instead. To get a de-fragmented frame, use `newframe = frame.copy()`
  out_tr[c] = s.astype(float)
/home/yarin.b/projects/excel_magic/vfd-agent/vfd/tabular.py:17: PerformanceWarning: DataFrame is highly fragmented.  This is usually the result of calling `frame.insert` many times, which has poor performance.  Consider joining all columns at once using pd.concat(axis=1) instead. To get a de-fragmented frame, use `newframe = frame.copy()`
  oo[c] = o[c].astype(float)
/home/yarin.b/projects/excel_magic/vfd-agent/vfd/tabular.py:15: PerformanceWarning: DataFrame is highly fragmented.  This is usually the result of calling `frame.insert` many times, which has poor performance.  Consider joining all columns at once using pd.concat(axis=1) instead. To get a de-fragmented frame, use `newframe = frame.copy()`
  out_tr[c] = s.astype(float)
/home/yarin.b/projects/excel_magic/vfd-agent/vfd/tabular.py:17: PerformanceWarning: DataFrame is highly fragmented.  This is usually the result of calling `frame.insert` many times, which has poor performance.  Consider joining all columns at once using pd.concat(axis=1) instead. To get a de-fragmented frame, use `newframe = frame.copy()`
  oo[c] = o[c].astype(float)
/home/yarin.b/projects/excel_magic/vfd-agent/vfd/tabular.py:15: PerformanceWarning: DataFrame is highly fragmented.  This is usually the result of calling `frame.insert` many times, which has poor performance.  Consider joining all columns at once using pd.concat(axis=1) instead. To get a de-fragmented frame, use `newframe = frame.copy()`
  out_tr[c] = s.astype(float)
/home/yarin.b/projects/excel_magic/vfd-agent/vfd/tabular.py:17: PerformanceWarning: DataFrame is highly fragmented.  This is usually the result of calling `frame.insert` many times, which has poor performance.  Consider joining all columns at once using pd.concat(axis=1) instead. To get a de-fragmented frame, use `newframe = frame.copy()`
  oo[c] = o[c].astype(float)
/home/yarin.b/projects/excel_magic/vfd-agent/vfd/tabular.py:15: PerformanceWarning: DataFrame is highly fragmented.  This is usually the result of calling `frame.insert` many times, which has poor performance.  Consider joining all columns at once using pd.concat(axis=1) instead. To get a de-fragmented frame, use `newframe = frame.copy()`
  out_tr[c] = s.astype(float)
/home/yarin.b/projects/excel_magic/vfd-agent/vfd/tabular.py:17: PerformanceWarning: DataFrame is highly fragmented.  This is usually the result of calling `frame.insert` many times, which has poor performance.  Consider joining all columns at once using pd.concat(axis=1) instead. To get a de-fragmented frame, use `newframe = frame.copy()`
  oo[c] = o[c].astype(float)
/home/yarin.b/projects/excel_magic/vfd-agent/vfd/tabular.py:15: PerformanceWarning: DataFrame is highly fragmented.  This is usually the result of calling `frame.insert` many times, which has poor performance.  Consider joining all columns at once using pd.concat(axis=1) instead. To get a de-fragmented frame, use `newframe = frame.copy()`
  out_tr[c] = s.astype(float)
/home/yarin.b/projects/excel_magic/vfd-agent/vfd/tabular.py:17: PerformanceWarning: DataFrame is highly fragmented.  This is usually the result of calling `frame.insert` many times, which has poor performance.  Consider joining all columns at once using pd.concat(axis=1) instead. To get a de-fragmented frame, use `newframe = frame.copy()`
  oo[c] = o[c].astype(float)
/home/yarin.b/projects/excel_magic/vfd-agent/vfd/tabular.py:15: PerformanceWarning: DataFrame is highly fragmented.  This is usually the result of calling `frame.insert` many times, which has poor performance.  Consider joining all columns at once using pd.concat(axis=1) instead. To get a de-fragmented frame, use `newframe = frame.copy()`
  out_tr[c] = s.astype(float)
/home/yarin.b/projects/excel_magic/vfd-agent/vfd/tabular.py:17: PerformanceWarning: DataFrame is highly fragmented.  This is usually the result of calling `frame.insert` many times, which has poor performance.  Consider joining all columns at once using pd.concat(axis=1) instead. To get a de-fragmented frame, use `newframe = frame.copy()`
  oo[c] = o[c].astype(float)
/home/yarin.b/projects/excel_magic/vfd-agent/vfd/tabular.py:15: PerformanceWarning: DataFrame is highly fragmented.  This is usually the result of calling `frame.insert` many times, which has poor performance.  Consider joining all columns at once using pd.concat(axis=1) instead. To get a de-fragmented frame, use `newframe = frame.copy()`
  out_tr[c] = s.astype(float)
/home/yarin.b/projects/excel_magic/vfd-agent/vfd/tabular.py:17: PerformanceWarning: DataFrame is highly fragmented.  This is usually the result of calling `frame.insert` many times, which has poor performance.  Consider joining all columns at once using pd.concat(axis=1) instead. To get a de-fragmented frame, use `newframe = frame.copy()`
  oo[c] = o[c].astype(float)
/home/yarin.b/projects/excel_magic/vfd-agent/vfd/tabular.py:15: PerformanceWarning: DataFrame is highly fragmented.  This is usually the result of calling `frame.insert` many times, which has poor performance.  Consider joining all columns at once using pd.concat(axis=1) instead. To get a de-fragmented frame, use `newframe = frame.copy()`
  out_tr[c] = s.astype(float)
/home/yarin.b/projects/excel_magic/vfd-agent/vfd/tabular.py:17: PerformanceWarning: DataFrame is highly fragmented.  This is usually the result of calling `frame.insert` many times, which has poor performance.  Consider joining all columns at once using pd.concat(axis=1) instead. To get a de-fragmented frame, use `newframe = frame.copy()`
  oo[c] = o[c].astype(float)
/home/yarin.b/projects/excel_magic/vfd-agent/vfd/tabular.py:15: PerformanceWarning: DataFrame is highly fragmented.  This is usually the result of calling `frame.insert` many times, which has poor performance.  Consider joining all columns at once using pd.concat(axis=1) instead. To get a de-fragmented frame, use `newframe = frame.copy()`
  out_tr[c] = s.astype(float)
/home/yarin.b/projects/excel_magic/vfd-agent/vfd/tabular.py:17: PerformanceWarning: DataFrame is highly fragmented.  This is usually the result of calling `frame.insert` many times, which has poor performance.  Consider joining all columns at once using pd.concat(axis=1) instead. To get a de-fragmented frame, use `newframe = frame.copy()`
  oo[c] = o[c].astype(float)
/home/yarin.b/projects/excel_magic/vfd-agent/vfd/tabular.py:15: PerformanceWarning: DataFrame is highly fragmented.  This is usually the result of calling `frame.insert` many times, which has poor performance.  Consider joining all columns at once using pd.concat(axis=1) instead. To get a de-fragmented frame, use `newframe = frame.copy()`
  out_tr[c] = s.astype(float)
/home/yarin.b/projects/excel_magic/vfd-agent/vfd/tabular.py:17: PerformanceWarning: DataFrame is highly fragmented.  This is usually the result of calling `frame.insert` many times, which has poor performance.  Consider joining all columns at once using pd.concat(axis=1) instead. To get a de-fragmented frame, use `newframe = frame.copy()`
  oo[c] = o[c].astype(float)
/home/yarin.b/projects/excel_magic/vfd-agent/vfd/tabular.py:15: PerformanceWarning: DataFrame is highly fragmented.  This is usually the result of calling `frame.insert` many times, which has poor performance.  Consider joining all columns at once using pd.concat(axis=1) instead. To get a de-fragmented frame, use `newframe = frame.copy()`
  out_tr[c] = s.astype(float)
/home/yarin.b/projects/excel_magic/vfd-agent/vfd/tabular.py:17: PerformanceWarning: DataFrame is highly fragmented.  This is usually the result of calling `frame.insert` many times, which has poor performance.  Consider joining all columns at once using pd.concat(axis=1) instead. To get a de-fragmented frame, use `newframe = frame.copy()`
  oo[c] = o[c].astype(float)
/home/yarin.b/projects/excel_magic/vfd-agent/vfd/tabular.py:15: PerformanceWarning: DataFrame is highly fragmented.  This is usually the result of calling `frame.insert` many times, which has poor performance.  Consider joining all columns at once using pd.concat(axis=1) instead. To get a de-fragmented frame, use `newframe = frame.copy()`
  out_tr[c] = s.astype(float)
/home/yarin.b/projects/excel_magic/vfd-agent/vfd/tabular.py:17: PerformanceWarning: DataFrame is highly fragmented.  This is usually the result of calling `frame.insert` many times, which has poor performance.  Consider joining all columns at once using pd.concat(axis=1) instead. To get a de-fragmented frame, use `newframe = frame.copy()`
  oo[c] = o[c].astype(float)
/home/yarin.b/projects/excel_magic/vfd-agent/vfd/tabular.py:15: PerformanceWarning: DataFrame is highly fragmented.  This is usually the result of calling `frame.insert` many times, which has poor performance.  Consider joining all columns at once using pd.concat(axis=1) instead. To get a de-fragmented frame, use `newframe = frame.copy()`
  out_tr[c] = s.astype(float)
/home/yarin.b/projects/excel_magic/vfd-agent/vfd/tabular.py:17: PerformanceWarning: DataFrame is highly fragmented.  This is usually the result of calling `frame.insert` many times, which has poor performance.  Consider joining all columns at once using pd.concat(axis=1) instead. To get a de-fragmented frame, use `newframe = frame.copy()`
  oo[c] = o[c].astype(float)
/home/yarin.b/projects/excel_magic/vfd-agent/vfd/tabular.py:15: PerformanceWarning: DataFrame is highly fragmented.  This is usually the result of calling `frame.insert` many times, which has poor performance.  Consider joining all columns at once using pd.concat(axis=1) instead. To get a de-fragmented frame, use `newframe = frame.copy()`
  out_tr[c] = s.astype(float)
/home/yarin.b/projects/excel_magic/vfd-agent/vfd/tabular.py:17: PerformanceWarning: DataFrame is highly fragmented.  This is usually the result of calling `frame.insert` many times, which has poor performance.  Consider joining all columns at once using pd.concat(axis=1) instead. To get a de-fragmented frame, use `newframe = frame.copy()`
  oo[c] = o[c].astype(float)
/home/yarin.b/projects/excel_magic/vfd-agent/vfd/tabular.py:15: PerformanceWarning: DataFrame is highly fragmented.  This is usually the result of calling `frame.insert` many times, which has poor performance.  Consider joining all columns at once using pd.concat(axis=1) instead. To get a de-fragmented frame, use `newframe = frame.copy()`
  out_tr[c] = s.astype(float)
/home/yarin.b/projects/excel_magic/vfd-agent/vfd/tabular.py:17: PerformanceWarning: DataFrame is highly fragmented.  This is usually the result of calling `frame.insert` many times, which has poor performance.  Consider joining all columns at once using pd.concat(axis=1) instead. To get a de-fragmented frame, use `newframe = frame.copy()`
  oo[c] = o[c].astype(float)
/home/yarin.b/projects/excel_magic/vfd-agent/vfd/tabular.py:15: PerformanceWarning: DataFrame is highly fragmented.  This is usually the result of calling `frame.insert` many times, which has poor performance.  Consider joining all columns at once using pd.concat(axis=1) instead. To get a de-fragmented frame, use `newframe = frame.copy()`
  out_tr[c] = s.astype(float)
/home/yarin.b/projects/excel_magic/vfd-agent/vfd/tabular.py:17: PerformanceWarning: DataFrame is highly fragmented.  This is usually the result of calling `frame.insert` many times, which has poor performance.  Consider joining all columns at once using pd.concat(axis=1) instead. To get a de-fragmented frame, use `newframe = frame.copy()`
  oo[c] = o[c].astype(float)
/home/yarin.b/projects/excel_magic/vfd-agent/vfd/tabular.py:15: PerformanceWarning: DataFrame is highly fragmented.  This is usually the result of calling `frame.insert` many times, which has poor performance.  Consider joining all columns at once using pd.concat(axis=1) instead. To get a de-fragmented frame, use `newframe = frame.copy()`
  out_tr[c] = s.astype(float)
/home/yarin.b/projects/excel_magic/vfd-agent/vfd/tabular.py:17: PerformanceWarning: DataFrame is highly fragmented.  This is usually the result of calling `frame.insert` many times, which has poor performance.  Consider joining all columns at once using pd.concat(axis=1) instead. To get a de-fragmented frame, use `newframe = frame.copy()`
  oo[c] = o[c].astype(float)
/home/yarin.b/projects/excel_magic/vfd-agent/vfd/tabular.py:15: PerformanceWarning: DataFrame is highly fragmented.  This is usually the result of calling `frame.insert` many times, which has poor performance.  Consider joining all columns at once using pd.concat(axis=1) instead. To get a de-fragmented frame, use `newframe = frame.copy()`
  out_tr[c] = s.astype(float)
/home/yarin.b/projects/excel_magic/vfd-agent/vfd/tabular.py:17: PerformanceWarning: DataFrame is highly fragmented.  This is usually the result of calling `frame.insert` many times, which has poor performance.  Consider joining all columns at once using pd.concat(axis=1) instead. To get a de-fragmented frame, use `newframe = frame.copy()`
  oo[c] = o[c].astype(float)
/home/yarin.b/projects/excel_magic/vfd-agent/vfd/tabular.py:15: PerformanceWarning: DataFrame is highly fragmented.  This is usually the result of calling `frame.insert` many times, which has poor performance.  Consider joining all columns at once using pd.concat(axis=1) instead. To get a de-fragmented frame, use `newframe = frame.copy()`
  out_tr[c] = s.astype(float)
/home/yarin.b/projects/excel_magic/vfd-agent/vfd/tabular.py:17: PerformanceWarning: DataFrame is highly fragmented.  This is usually the result of calling `frame.insert` many times, which has poor performance.  Consider joining all columns at once using pd.concat(axis=1) instead. To get a de-fragmented frame, use `newframe = frame.copy()`
  oo[c] = o[c].astype(float)
/home/yarin.b/projects/excel_magic/vfd-agent/vfd/tabular.py:15: PerformanceWarning: DataFrame is highly fragmented.  This is usually the result of calling `frame.insert` many times, which has poor performance.  Consider joining all columns at once using pd.concat(axis=1) instead. To get a de-fragmented frame, use `newframe = frame.copy()`
  out_tr[c] = s.astype(float)
/home/yarin.b/projects/excel_magic/vfd-agent/vfd/tabular.py:17: PerformanceWarning: DataFrame is highly fragmented.  This is usually the result of calling `frame.insert` many times, which has poor performance.  Consider joining all columns at once using pd.concat(axis=1) instead. To get a de-fragmented frame, use `newframe = frame.copy()`
  oo[c] = o[c].astype(float)
/home/yarin.b/projects/excel_magic/vfd-agent/vfd/tabular.py:15: PerformanceWarning: DataFrame is highly fragmented.  This is usually the result of calling `frame.insert` many times, which has poor performance.  Consider joining all columns at once using pd.concat(axis=1) instead. To get a de-fragmented frame, use `newframe = frame.copy()`
  out_tr[c] = s.astype(float)
/home/yarin.b/projects/excel_magic/vfd-agent/vfd/tabular.py:17: PerformanceWarning: DataFrame is highly fragmented.  This is usually the result of calling `frame.insert` many times, which has poor performance.  Consider joining all columns at once using pd.concat(axis=1) instead. To get a de-fragmented frame, use `newframe = frame.copy()`
  oo[c] = o[c].astype(float)
/home/yarin.b/projects/excel_magic/vfd-agent/vfd/tabular.py:15: PerformanceWarning: DataFrame is highly fragmented.  This is usually the result of calling `frame.insert` many times, which has poor performance.  Consider joining all columns at once using pd.concat(axis=1) instead. To get a de-fragmented frame, use `newframe = frame.copy()`
  out_tr[c] = s.astype(float)
/home/yarin.b/projects/excel_magic/vfd-agent/vfd/tabular.py:17: PerformanceWarning: DataFrame is highly fragmented.  This is usually the result of calling `frame.insert` many times, which has poor performance.  Consider joining all columns at once using pd.concat(axis=1) instead. To get a de-fragmented frame, use `newframe = frame.copy()`
  oo[c] = o[c].astype(float)
/home/yarin.b/projects/excel_magic/vfd-agent/vfd/tabular.py:15: PerformanceWarning: DataFrame is highly fragmented.  This is usually the result of calling `frame.insert` many times, which has poor performance.  Consider joining all columns at once using pd.concat(axis=1) instead. To get a de-fragmented frame, use `newframe = frame.copy()`
  out_tr[c] = s.astype(float)
/home/yarin.b/projects/excel_magic/vfd-agent/vfd/tabular.py:17: PerformanceWarning: DataFrame is highly fragmented.  This is usually the result of calling `frame.insert` many times, which has poor performance.  Consider joining all columns at once using pd.concat(axis=1) instead. To get a de-fragmented frame, use `newframe = frame.copy()`
  oo[c] = o[c].astype(float)
/home/yarin.b/projects/excel_magic/vfd-agent/vfd/tabular.py:15: PerformanceWarning: DataFrame is highly fragmented.  This is usually the result of calling `frame.insert` many times, which has poor performance.  Consider joining all columns at once using pd.concat(axis=1) instead. To get a de-fragmented frame, use `newframe = frame.copy()`
  out_tr[c] = s.astype(float)
/home/yarin.b/projects/excel_magic/vfd-agent/vfd/tabular.py:17: PerformanceWarning: DataFrame is highly fragmented.  This is usually the result of calling `frame.insert` many times, which has poor performance.  Consider joining all columns at once using pd.concat(axis=1) instead. To get a de-fragmented frame, use `newframe = frame.copy()`
  oo[c] = o[c].astype(float)
/home/yarin.b/projects/excel_magic/vfd-agent/vfd/tabular.py:15: PerformanceWarning: DataFrame is highly fragmented.  This is usually the result of calling `frame.insert` many times, which has poor performance.  Consider joining all columns at once using pd.concat(axis=1) instead. To get a de-fragmented frame, use `newframe = frame.copy()`
  out_tr[c] = s.astype(float)
/home/yarin.b/projects/excel_magic/vfd-agent/vfd/tabular.py:17: PerformanceWarning: DataFrame is highly fragmented.  This is usually the result of calling `frame.insert` many times, which has poor performance.  Consider joining all columns at once using pd.concat(axis=1) instead. To get a de-fragmented frame, use `newframe = frame.copy()`
  oo[c] = o[c].astype(float)
/home/yarin.b/projects/excel_magic/vfd-agent/vfd/tabular.py:15: PerformanceWarning: DataFrame is highly fragmented.  This is usually the result of calling `frame.insert` many times, which has poor performance.  Consider joining all columns at once using pd.concat(axis=1) instead. To get a de-fragmented frame, use `newframe = frame.copy()`
  out_tr[c] = s.astype(float)
/home/yarin.b/projects/excel_magic/vfd-agent/vfd/tabular.py:17: PerformanceWarning: DataFrame is highly fragmented.  This is usually the result of calling `frame.insert` many times, which has poor performance.  Consider joining all columns at once using pd.concat(axis=1) instead. To get a de-fragmented frame, use `newframe = frame.copy()`
  oo[c] = o[c].astype(float)
[evaluate] {'dataset': 'airbnb', 'variant': 'tfidf', 'model': 'kumo-tabular-l:n_estimators=4,device=cuda', 'metric': 'acc', 'value': 0.437, 'n_features': 492, 'seconds': 11.7, 'error': ''}
[evaluate] {'dataset': 'airbnb', 'variant': 'tfidf', 'model': 'tabpfn-2.5:n_estimators=4,device=cuda', 'metric': 'acc', 'value': 0.3505, 'n_features': 492, 'seconds': 8.7, 'error': ''}
[evaluate] {'dataset': 'airbnb', 'variant': 'tfidf', 'model': 'lightgbm', 'metric': 'acc', 'value': 0.382, 'n_features': 492, 'seconds': 62.6, 'error': ''}
/home/yarin.b/projects/excel_magic/vfd-agent/vfd/tabular.py:15: PerformanceWarning: DataFrame is highly fragmented.  This is usually the result of calling `frame.insert` many times, which has poor performance.  Consider joining all columns at once using pd.concat(axis=1) instead. To get a de-fragmented frame, use `newframe = frame.copy()`
  out_tr[c] = s.astype(float)
/home/yarin.b/projects/excel_magic/vfd-agent/vfd/tabular.py:17: PerformanceWarning: DataFrame is highly fragmented.  This is usually the result of calling `frame.insert` many times, which has poor performance.  Consider joining all columns at once using pd.concat(axis=1) instead. To get a de-fragmented frame, use `newframe = frame.copy()`
  oo[c] = o[c].astype(float)
/home/yarin.b/projects/excel_magic/vfd-agent/vfd/tabular.py:15: PerformanceWarning: DataFrame is highly fragmented.  This is usually the result of calling `frame.insert` many times, which has poor performance.  Consider joining all columns at once using pd.concat(axis=1) instead. To get a de-fragmented frame, use `newframe = frame.copy()`
  out_tr[c] = s.astype(float)
/home/yarin.b/projects/excel_magic/vfd-agent/vfd/tabular.py:17: PerformanceWarning: DataFrame is highly fragmented.  This is usually the result of calling `frame.insert` many times, which has poor performance.  Consider joining all columns at once using pd.concat(axis=1) instead. To get a de-fragmented frame, use `newframe = frame.copy()`
  oo[c] = o[c].astype(float)
/home/yarin.b/projects/excel_magic/vfd-agent/vfd/tabular.py:15: PerformanceWarning: DataFrame is highly fragmented.  This is usually the result of calling `frame.insert` many times, which has poor performance.  Consider joining all columns at once using pd.concat(axis=1) instead. To get a de-fragmented frame, use `newframe = frame.copy()`
  out_tr[c] = s.astype(float)
/home/yarin.b/projects/excel_magic/vfd-agent/vfd/tabular.py:17: PerformanceWarning: DataFrame is highly fragmented.  This is usually the result of calling `frame.insert` many times, which has poor performance.  Consider joining all columns at once using pd.concat(axis=1) instead. To get a de-fragmented frame, use `newframe = frame.copy()`
  oo[c] = o[c].astype(float)
/home/yarin.b/projects/excel_magic/vfd-agent/vfd/tabular.py:15: PerformanceWarning: DataFrame is highly fragmented.  This is usually the result of calling `frame.insert` many times, which has poor performance.  Consider joining all columns at once using pd.concat(axis=1) instead. To get a de-fragmented frame, use `newframe = frame.copy()`
  out_tr[c] = s.astype(float)
/home/yarin.b/projects/excel_magic/vfd-agent/vfd/tabular.py:17: PerformanceWarning: DataFrame is highly fragmented.  This is usually the result of calling `frame.insert` many times, which has poor performance.  Consider joining all columns at once using pd.concat(axis=1) instead. To get a de-fragmented frame, use `newframe = frame.copy()`
  oo[c] = o[c].astype(float)
/home/yarin.b/projects/excel_magic/vfd-agent/vfd/tabular.py:15: PerformanceWarning: DataFrame is highly fragmented.  This is usually the result of calling `frame.insert` many times, which has poor performance.  Consider joining all columns at once using pd.concat(axis=1) instead. To get a de-fragmented frame, use `newframe = frame.copy()`
  out_tr[c] = s.astype(float)
/home/yarin.b/projects/excel_magic/vfd-agent/vfd/tabular.py:17: PerformanceWarning: DataFrame is highly fragmented.  This is usually the result of calling `frame.insert` many times, which has poor performance.  Consider joining all columns at once using pd.concat(axis=1) instead. To get a de-fragmented frame, use `newframe = frame.copy()`
  oo[c] = o[c].astype(float)
/home/yarin.b/projects/excel_magic/vfd-agent/vfd/tabular.py:15: PerformanceWarning: DataFrame is highly fragmented.  This is usually the result of calling `frame.insert` many times, which has poor performance.  Consider joining all columns at once using pd.concat(axis=1) instead. To get a de-fragmented frame, use `newframe = frame.copy()`
  out_tr[c] = s.astype(float)
/home/yarin.b/projects/excel_magic/vfd-agent/vfd/tabular.py:17: PerformanceWarning: DataFrame is highly fragmented.  This is usually the result of calling `frame.insert` many times, which has poor performance.  Consider joining all columns at once using pd.concat(axis=1) instead. To get a de-fragmented frame, use `newframe = frame.copy()`
  oo[c] = o[c].astype(float)
/home/yarin.b/projects/excel_magic/vfd-agent/vfd/tabular.py:15: PerformanceWarning: DataFrame is highly fragmented.  This is usually the result of calling `frame.insert` many times, which has poor performance.  Consider joining all columns at once using pd.concat(axis=1) instead. To get a de-fragmented frame, use `newframe = frame.copy()`
  out_tr[c] = s.astype(float)
/home/yarin.b/projects/excel_magic/vfd-agent/vfd/tabular.py:17: PerformanceWarning: DataFrame is highly fragmented.  This is usually the result of calling `frame.insert` many times, which has poor performance.  Consider joining all columns at once using pd.concat(axis=1) instead. To get a de-fragmented frame, use `newframe = frame.copy()`
  oo[c] = o[c].astype(float)
/home/yarin.b/projects/excel_magic/vfd-agent/vfd/tabular.py:15: PerformanceWarning: DataFrame is highly fragmented.  This is usually the result of calling `frame.insert` many times, which has poor performance.  Consider joining all columns at once using pd.concat(axis=1) instead. To get a de-fragmented frame, use `newframe = frame.copy()`
  out_tr[c] = s.astype(float)
/home/yarin.b/projects/excel_magic/vfd-agent/vfd/tabular.py:17: PerformanceWarning: DataFrame is highly fragmented.  This is usually the result of calling `frame.insert` many times, which has poor performance.  Consider joining all columns at once using pd.concat(axis=1) instead. To get a de-fragmented frame, use `newframe = frame.copy()`
  oo[c] = o[c].astype(float)
/home/yarin.b/projects/excel_magic/vfd-agent/vfd/tabular.py:15: PerformanceWarning: DataFrame is highly fragmented.  This is usually the result of calling `frame.insert` many times, which has poor performance.  Consider joining all columns at once using pd.concat(axis=1) instead. To get a de-fragmented frame, use `newframe = frame.copy()`
  out_tr[c] = s.astype(float)
/home/yarin.b/projects/excel_magic/vfd-agent/vfd/tabular.py:17: PerformanceWarning: DataFrame is highly fragmented.  This is usually the result of calling `frame.insert` many times, which has poor performance.  Consider joining all columns at once using pd.concat(axis=1) instead. To get a de-fragmented frame, use `newframe = frame.copy()`
  oo[c] = o[c].astype(float)
/home/yarin.b/projects/excel_magic/vfd-agent/vfd/tabular.py:15: PerformanceWarning: DataFrame is highly fragmented.  This is usually the result of calling `frame.insert` many times, which has poor performance.  Consider joining all columns at once using pd.concat(axis=1) instead. To get a de-fragmented frame, use `newframe = frame.copy()`
  out_tr[c] = s.astype(float)
/home/yarin.b/projects/excel_magic/vfd-agent/vfd/tabular.py:17: PerformanceWarning: DataFrame is highly fragmented.  This is usually the result of calling `frame.insert` many times, which has poor performance.  Consider joining all columns at once using pd.concat(axis=1) instead. To get a de-fragmented frame, use `newframe = frame.copy()`
  oo[c] = o[c].astype(float)
/home/yarin.b/projects/excel_magic/vfd-agent/vfd/tabular.py:15: PerformanceWarning: DataFrame is highly fragmented.  This is usually the result of calling `frame.insert` many times, which has poor performance.  Consider joining all columns at once using pd.concat(axis=1) instead. To get a de-fragmented frame, use `newframe = frame.copy()`
  out_tr[c] = s.astype(float)
/home/yarin.b/projects/excel_magic/vfd-agent/vfd/tabular.py:17: PerformanceWarning: DataFrame is highly fragmented.  This is usually the result of calling `frame.insert` many times, which has poor performance.  Consider joining all columns at once using pd.concat(axis=1) instead. To get a de-fragmented frame, use `newframe = frame.copy()`
  oo[c] = o[c].astype(float)
/home/yarin.b/projects/excel_magic/vfd-agent/vfd/tabular.py:15: PerformanceWarning: DataFrame is highly fragmented.  This is usually the result of calling `frame.insert` many times, which has poor performance.  Consider joining all columns at once using pd.concat(axis=1) instead. To get a de-fragmented frame, use `newframe = frame.copy()`
  out_tr[c] = s.astype(float)
/home/yarin.b/projects/excel_magic/vfd-agent/vfd/tabular.py:17: PerformanceWarning: DataFrame is highly fragmented.  This is usually the result of calling `frame.insert` many times, which has poor performance.  Consider joining all columns at once using pd.concat(axis=1) instead. To get a de-fragmented frame, use `newframe = frame.copy()`
  oo[c] = o[c].astype(float)
/home/yarin.b/projects/excel_magic/vfd-agent/vfd/tabular.py:15: PerformanceWarning: DataFrame is highly fragmented.  This is usually the result of calling `frame.insert` many times, which has poor performance.  Consider joining all columns at once using pd.concat(axis=1) instead. To get a de-fragmented frame, use `newframe = frame.copy()`
  out_tr[c] = s.astype(float)
/home/yarin.b/projects/excel_magic/vfd-agent/vfd/tabular.py:17: PerformanceWarning: DataFrame is highly fragmented.  This is usually the result of calling `frame.insert` many times, which has poor performance.  Consider joining all columns at once using pd.concat(axis=1) instead. To get a de-fragmented frame, use `newframe = frame.copy()`
  oo[c] = o[c].astype(float)
/home/yarin.b/projects/excel_magic/vfd-agent/vfd/tabular.py:15: PerformanceWarning: DataFrame is highly fragmented.  This is usually the result of calling `frame.insert` many times, which has poor performance.  Consider joining all columns at once using pd.concat(axis=1) instead. To get a de-fragmented frame, use `newframe = frame.copy()`
  out_tr[c] = s.astype(float)
/home/yarin.b/projects/excel_magic/vfd-agent/vfd/tabular.py:17: PerformanceWarning: DataFrame is highly fragmented.  This is usually the result of calling `frame.insert` many times, which has poor performance.  Consider joining all columns at once using pd.concat(axis=1) instead. To get a de-fragmented frame, use `newframe = frame.copy()`
  oo[c] = o[c].astype(float)
/home/yarin.b/projects/excel_magic/vfd-agent/vfd/tabular.py:15: PerformanceWarning: DataFrame is highly fragmented.  This is usually the result of calling `frame.insert` many times, which has poor performance.  Consider joining all columns at once using pd.concat(axis=1) instead. To get a de-fragmented frame, use `newframe = frame.copy()`
  out_tr[c] = s.astype(float)
/home/yarin.b/projects/excel_magic/vfd-agent/vfd/tabular.py:17: PerformanceWarning: DataFrame is highly fragmented.  This is usually the result of calling `frame.insert` many times, which has poor performance.  Consider joining all columns at once using pd.concat(axis=1) instead. To get a de-fragmented frame, use `newframe = frame.copy()`
  oo[c] = o[c].astype(float)
/home/yarin.b/projects/excel_magic/vfd-agent/vfd/tabular.py:15: PerformanceWarning: DataFrame is highly fragmented.  This is usually the result of calling `frame.insert` many times, which has poor performance.  Consider joining all columns at once using pd.concat(axis=1) instead. To get a de-fragmented frame, use `newframe = frame.copy()`
  out_tr[c] = s.astype(float)
/home/yarin.b/projects/excel_magic/vfd-agent/vfd/tabular.py:17: PerformanceWarning: DataFrame is highly fragmented.  This is usually the result of calling `frame.insert` many times, which has poor performance.  Consider joining all columns at once using pd.concat(axis=1) instead. To get a de-fragmented frame, use `newframe = frame.copy()`
  oo[c] = o[c].astype(float)
/home/yarin.b/projects/excel_magic/vfd-agent/vfd/tabular.py:15: PerformanceWarning: DataFrame is highly fragmented.  This is usually the result of calling `frame.insert` many times, which has poor performance.  Consider joining all columns at once using pd.concat(axis=1) instead. To get a de-fragmented frame, use `newframe = frame.copy()`
  out_tr[c] = s.astype(float)
/home/yarin.b/projects/excel_magic/vfd-agent/vfd/tabular.py:17: PerformanceWarning: DataFrame is highly fragmented.  This is usually the result of calling `frame.insert` many times, which has poor performance.  Consider joining all columns at once using pd.concat(axis=1) instead. To get a de-fragmented frame, use `newframe = frame.copy()`
  oo[c] = o[c].astype(float)
/home/yarin.b/projects/excel_magic/vfd-agent/vfd/tabular.py:15: PerformanceWarning: DataFrame is highly fragmented.  This is usually the result of calling `frame.insert` many times, which has poor performance.  Consider joining all columns at once using pd.concat(axis=1) instead. To get a de-fragmented frame, use `newframe = frame.copy()`
  out_tr[c] = s.astype(float)
/home/yarin.b/projects/excel_magic/vfd-agent/vfd/tabular.py:17: PerformanceWarning: DataFrame is highly fragmented.  This is usually the result of calling `frame.insert` many times, which has poor performance.  Consider joining all columns at once using pd.concat(axis=1) instead. To get a de-fragmented frame, use `newframe = frame.copy()`
  oo[c] = o[c].astype(float)
/home/yarin.b/projects/excel_magic/vfd-agent/vfd/tabular.py:15: PerformanceWarning: DataFrame is highly fragmented.  This is usually the result of calling `frame.insert` many times, which has poor performance.  Consider joining all columns at once using pd.concat(axis=1) instead. To get a de-fragmented frame, use `newframe = frame.copy()`
  out_tr[c] = s.astype(float)
/home/yarin.b/projects/excel_magic/vfd-agent/vfd/tabular.py:17: PerformanceWarning: DataFrame is highly fragmented.  This is usually the result of calling `frame.insert` many times, which has poor performance.  Consider joining all columns at once using pd.concat(axis=1) instead. To get a de-fragmented frame, use `newframe = frame.copy()`
  oo[c] = o[c].astype(float)
/home/yarin.b/projects/excel_magic/vfd-agent/vfd/tabular.py:15: PerformanceWarning: DataFrame is highly fragmented.  This is usually the result of calling `frame.insert` many times, which has poor performance.  Consider joining all columns at once using pd.concat(axis=1) instead. To get a de-fragmented frame, use `newframe = frame.copy()`
  out_tr[c] = s.astype(float)
/home/yarin.b/projects/excel_magic/vfd-agent/vfd/tabular.py:17: PerformanceWarning: DataFrame is highly fragmented.  This is usually the result of calling `frame.insert` many times, which has poor performance.  Consider joining all columns at once using pd.concat(axis=1) instead. To get a de-fragmented frame, use `newframe = frame.copy()`
  oo[c] = o[c].astype(float)
/home/yarin.b/projects/excel_magic/vfd-agent/vfd/tabular.py:15: PerformanceWarning: DataFrame is highly fragmented.  This is usually the result of calling `frame.insert` many times, which has poor performance.  Consider joining all columns at once using pd.concat(axis=1) instead. To get a de-fragmented frame, use `newframe = frame.copy()`
  out_tr[c] = s.astype(float)
/home/yarin.b/projects/excel_magic/vfd-agent/vfd/tabular.py:17: PerformanceWarning: DataFrame is highly fragmented.  This is usually the result of calling `frame.insert` many times, which has poor performance.  Consider joining all columns at once using pd.concat(axis=1) instead. To get a de-fragmented frame, use `newframe = frame.copy()`
  oo[c] = o[c].astype(float)
/home/yarin.b/projects/excel_magic/vfd-agent/vfd/tabular.py:15: PerformanceWarning: DataFrame is highly fragmented.  This is usually the result of calling `frame.insert` many times, which has poor performance.  Consider joining all columns at once using pd.concat(axis=1) instead. To get a de-fragmented frame, use `newframe = frame.copy()`
  out_tr[c] = s.astype(float)
/home/yarin.b/projects/excel_magic/vfd-agent/vfd/tabular.py:17: PerformanceWarning: DataFrame is highly fragmented.  This is usually the result of calling `frame.insert` many times, which has poor performance.  Consider joining all columns at once using pd.concat(axis=1) instead. To get a de-fragmented frame, use `newframe = frame.copy()`
  oo[c] = o[c].astype(float)
/home/yarin.b/projects/excel_magic/vfd-agent/vfd/tabular.py:15: PerformanceWarning: DataFrame is highly fragmented.  This is usually the result of calling `frame.insert` many times, which has poor performance.  Consider joining all columns at once using pd.concat(axis=1) instead. To get a de-fragmented frame, use `newframe = frame.copy()`
  out_tr[c] = s.astype(float)
/home/yarin.b/projects/excel_magic/vfd-agent/vfd/tabular.py:17: PerformanceWarning: DataFrame is highly fragmented.  This is usually the result of calling `frame.insert` many times, which has poor performance.  Consider joining all columns at once using pd.concat(axis=1) instead. To get a de-fragmented frame, use `newframe = frame.copy()`
  oo[c] = o[c].astype(float)
/home/yarin.b/projects/excel_magic/vfd-agent/vfd/tabular.py:15: PerformanceWarning: DataFrame is highly fragmented.  This is usually the result of calling `frame.insert` many times, which has poor performance.  Consider joining all columns at once using pd.concat(axis=1) instead. To get a de-fragmented frame, use `newframe = frame.copy()`
  out_tr[c] = s.astype(float)
/home/yarin.b/projects/excel_magic/vfd-agent/vfd/tabular.py:17: PerformanceWarning: DataFrame is highly fragmented.  This is usually the result of calling `frame.insert` many times, which has poor performance.  Consider joining all columns at once using pd.concat(axis=1) instead. To get a de-fragmented frame, use `newframe = frame.copy()`
  oo[c] = o[c].astype(float)
/home/yarin.b/projects/excel_magic/vfd-agent/vfd/tabular.py:15: PerformanceWarning: DataFrame is highly fragmented.  This is usually the result of calling `frame.insert` many times, which has poor performance.  Consider joining all columns at once using pd.concat(axis=1) instead. To get a de-fragmented frame, use `newframe = frame.copy()`
  out_tr[c] = s.astype(float)
/home/yarin.b/projects/excel_magic/vfd-agent/vfd/tabular.py:17: PerformanceWarning: DataFrame is highly fragmented.  This is usually the result of calling `frame.insert` many times, which has poor performance.  Consider joining all columns at once using pd.concat(axis=1) instead. To get a de-fragmented frame, use `newframe = frame.copy()`
  oo[c] = o[c].astype(float)
/home/yarin.b/projects/excel_magic/vfd-agent/vfd/tabular.py:15: PerformanceWarning: DataFrame is highly fragmented.  This is usually the result of calling `frame.insert` many times, which has poor performance.  Consider joining all columns at once using pd.concat(axis=1) instead. To get a de-fragmented frame, use `newframe = frame.copy()`
  out_tr[c] = s.astype(float)
/home/yarin.b/projects/excel_magic/vfd-agent/vfd/tabular.py:17: PerformanceWarning: DataFrame is highly fragmented.  This is usually the result of calling `frame.insert` many times, which has poor performance.  Consider joining all columns at once using pd.concat(axis=1) instead. To get a de-fragmented frame, use `newframe = frame.copy()`
  oo[c] = o[c].astype(float)
/home/yarin.b/projects/excel_magic/vfd-agent/vfd/tabular.py:15: PerformanceWarning: DataFrame is highly fragmented.  This is usually the result of calling `frame.insert` many times, which has poor performance.  Consider joining all columns at once using pd.concat(axis=1) instead. To get a de-fragmented frame, use `newframe = frame.copy()`
  out_tr[c] = s.astype(float)
/home/yarin.b/projects/excel_magic/vfd-agent/vfd/tabular.py:17: PerformanceWarning: DataFrame is highly fragmented.  This is usually the result of calling `frame.insert` many times, which has poor performance.  Consider joining all columns at once using pd.concat(axis=1) instead. To get a de-fragmented frame, use `newframe = frame.copy()`
  oo[c] = o[c].astype(float)
/home/yarin.b/projects/excel_magic/vfd-agent/vfd/tabular.py:15: PerformanceWarning: DataFrame is highly fragmented.  This is usually the result of calling `frame.insert` many times, which has poor performance.  Consider joining all columns at once using pd.concat(axis=1) instead. To get a de-fragmented frame, use `newframe = frame.copy()`
  out_tr[c] = s.astype(float)
/home/yarin.b/projects/excel_magic/vfd-agent/vfd/tabular.py:17: PerformanceWarning: DataFrame is highly fragmented.  This is usually the result of calling `frame.insert` many times, which has poor performance.  Consider joining all columns at once using pd.concat(axis=1) instead. To get a de-fragmented frame, use `newframe = frame.copy()`
  oo[c] = o[c].astype(float)
/home/yarin.b/projects/excel_magic/vfd-agent/vfd/tabular.py:15: PerformanceWarning: DataFrame is highly fragmented.  This is usually the result of calling `frame.insert` many times, which has poor performance.  Consider joining all columns at once using pd.concat(axis=1) instead. To get a de-fragmented frame, use `newframe = frame.copy()`
  out_tr[c] = s.astype(float)
/home/yarin.b/projects/excel_magic/vfd-agent/vfd/tabular.py:17: PerformanceWarning: DataFrame is highly fragmented.  This is usually the result of calling `frame.insert` many times, which has poor performance.  Consider joining all columns at once using pd.concat(axis=1) instead. To get a de-fragmented frame, use `newframe = frame.copy()`
  oo[c] = o[c].astype(float)
/home/yarin.b/projects/excel_magic/vfd-agent/vfd/tabular.py:15: PerformanceWarning: DataFrame is highly fragmented.  This is usually the result of calling `frame.insert` many times, which has poor performance.  Consider joining all columns at once using pd.concat(axis=1) instead. To get a de-fragmented frame, use `newframe = frame.copy()`
  out_tr[c] = s.astype(float)
/home/yarin.b/projects/excel_magic/vfd-agent/vfd/tabular.py:17: PerformanceWarning: DataFrame is highly fragmented.  This is usually the result of calling `frame.insert` many times, which has poor performance.  Consider joining all columns at once using pd.concat(axis=1) instead. To get a de-fragmented frame, use `newframe = frame.copy()`
  oo[c] = o[c].astype(float)
/home/yarin.b/projects/excel_magic/vfd-agent/vfd/tabular.py:15: PerformanceWarning: DataFrame is highly fragmented.  This is usually the result of calling `frame.insert` many times, which has poor performance.  Consider joining all columns at once using pd.concat(axis=1) instead. To get a de-fragmented frame, use `newframe = frame.copy()`
  out_tr[c] = s.astype(float)
/home/yarin.b/projects/excel_magic/vfd-agent/vfd/tabular.py:17: PerformanceWarning: DataFrame is highly fragmented.  This is usually the result of calling `frame.insert` many times, which has poor performance.  Consider joining all columns at once using pd.concat(axis=1) instead. To get a de-fragmented frame, use `newframe = frame.copy()`
  oo[c] = o[c].astype(float)
/home/yarin.b/projects/excel_magic/vfd-agent/vfd/tabular.py:15: PerformanceWarning: DataFrame is highly fragmented.  This is usually the result of calling `frame.insert` many times, which has poor performance.  Consider joining all columns at once using pd.concat(axis=1) instead. To get a de-fragmented frame, use `newframe = frame.copy()`
  out_tr[c] = s.astype(float)
/home/yarin.b/projects/excel_magic/vfd-agent/vfd/tabular.py:17: PerformanceWarning: DataFrame is highly fragmented.  This is usually the result of calling `frame.insert` many times, which has poor performance.  Consider joining all columns at once using pd.concat(axis=1) instead. To get a de-fragmented frame, use `newframe = frame.copy()`
  oo[c] = o[c].astype(float)
/home/yarin.b/projects/excel_magic/vfd-agent/vfd/tabular.py:15: PerformanceWarning: DataFrame is highly fragmented.  This is usually the result of calling `frame.insert` many times, which has poor performance.  Consider joining all columns at once using pd.concat(axis=1) instead. To get a de-fragmented frame, use `newframe = frame.copy()`
  out_tr[c] = s.astype(float)
/home/yarin.b/projects/excel_magic/vfd-agent/vfd/tabular.py:17: PerformanceWarning: DataFrame is highly fragmented.  This is usually the result of calling `frame.insert` many times, which has poor performance.  Consider joining all columns at once using pd.concat(axis=1) instead. To get a de-fragmented frame, use `newframe = frame.copy()`
  oo[c] = o[c].astype(float)
/home/yarin.b/projects/excel_magic/vfd-agent/vfd/tabular.py:15: PerformanceWarning: DataFrame is highly fragmented.  This is usually the result of calling `frame.insert` many times, which has poor performance.  Consider joining all columns at once using pd.concat(axis=1) instead. To get a de-fragmented frame, use `newframe = frame.copy()`
  out_tr[c] = s.astype(float)
/home/yarin.b/projects/excel_magic/vfd-agent/vfd/tabular.py:17: PerformanceWarning: DataFrame is highly fragmented.  This is usually the result of calling `frame.insert` many times, which has poor performance.  Consider joining all columns at once using pd.concat(axis=1) instead. To get a de-fragmented frame, use `newframe = frame.copy()`
  oo[c] = o[c].astype(float)
/home/yarin.b/projects/excel_magic/vfd-agent/vfd/tabular.py:15: PerformanceWarning: DataFrame is highly fragmented.  This is usually the result of calling `frame.insert` many times, which has poor performance.  Consider joining all columns at once using pd.concat(axis=1) instead. To get a de-fragmented frame, use `newframe = frame.copy()`
  out_tr[c] = s.astype(float)
/home/yarin.b/projects/excel_magic/vfd-agent/vfd/tabular.py:17: PerformanceWarning: DataFrame is highly fragmented.  This is usually the result of calling `frame.insert` many times, which has poor performance.  Consider joining all columns at once using pd.concat(axis=1) instead. To get a de-fragmented frame, use `newframe = frame.copy()`
  oo[c] = o[c].astype(float)
/home/yarin.b/projects/excel_magic/vfd-agent/vfd/tabular.py:15: PerformanceWarning: DataFrame is highly fragmented.  This is usually the result of calling `frame.insert` many times, which has poor performance.  Consider joining all columns at once using pd.concat(axis=1) instead. To get a de-fragmented frame, use `newframe = frame.copy()`
  out_tr[c] = s.astype(float)
/home/yarin.b/projects/excel_magic/vfd-agent/vfd/tabular.py:17: PerformanceWarning: DataFrame is highly fragmented.  This is usually the result of calling `frame.insert` many times, which has poor performance.  Consider joining all columns at once using pd.concat(axis=1) instead. To get a de-fragmented frame, use `newframe = frame.copy()`
  oo[c] = o[c].astype(float)
/home/yarin.b/projects/excel_magic/vfd-agent/vfd/tabular.py:15: PerformanceWarning: DataFrame is highly fragmented.  This is usually the result of calling `frame.insert` many times, which has poor performance.  Consider joining all columns at once using pd.concat(axis=1) instead. To get a de-fragmented frame, use `newframe = frame.copy()`
  out_tr[c] = s.astype(float)
/home/yarin.b/projects/excel_magic/vfd-agent/vfd/tabular.py:17: PerformanceWarning: DataFrame is highly fragmented.  This is usually the result of calling `frame.insert` many times, which has poor performance.  Consider joining all columns at once using pd.concat(axis=1) instead. To get a de-fragmented frame, use `newframe = frame.copy()`
  oo[c] = o[c].astype(float)
/home/yarin.b/projects/excel_magic/vfd-agent/vfd/tabular.py:15: PerformanceWarning: DataFrame is highly fragmented.  This is usually the result of calling `frame.insert` many times, which has poor performance.  Consider joining all columns at once using pd.concat(axis=1) instead. To get a de-fragmented frame, use `newframe = frame.copy()`
  out_tr[c] = s.astype(float)
/home/yarin.b/projects/excel_magic/vfd-agent/vfd/tabular.py:17: PerformanceWarning: DataFrame is highly fragmented.  This is usually the result of calling `frame.insert` many times, which has poor performance.  Consider joining all columns at once using pd.concat(axis=1) instead. To get a de-fragmented frame, use `newframe = frame.copy()`
  oo[c] = o[c].astype(float)
/home/yarin.b/projects/excel_magic/vfd-agent/vfd/tabular.py:15: PerformanceWarning: DataFrame is highly fragmented.  This is usually the result of calling `frame.insert` many times, which has poor performance.  Consider joining all columns at once using pd.concat(axis=1) instead. To get a de-fragmented frame, use `newframe = frame.copy()`
  out_tr[c] = s.astype(float)
/home/yarin.b/projects/excel_magic/vfd-agent/vfd/tabular.py:17: PerformanceWarning: DataFrame is highly fragmented.  This is usually the result of calling `frame.insert` many times, which has poor performance.  Consider joining all columns at once using pd.concat(axis=1) instead. To get a de-fragmented frame, use `newframe = frame.copy()`
  oo[c] = o[c].astype(float)
/home/yarin.b/projects/excel_magic/vfd-agent/vfd/tabular.py:15: PerformanceWarning: DataFrame is highly fragmented.  This is usually the result of calling `frame.insert` many times, which has poor performance.  Consider joining all columns at once using pd.concat(axis=1) instead. To get a de-fragmented frame, use `newframe = frame.copy()`
  out_tr[c] = s.astype(float)
/home/yarin.b/projects/excel_magic/vfd-agent/vfd/tabular.py:17: PerformanceWarning: DataFrame is highly fragmented.  This is usually the result of calling `frame.insert` many times, which has poor performance.  Consider joining all columns at once using pd.concat(axis=1) instead. To get a de-fragmented frame, use `newframe = frame.copy()`
  oo[c] = o[c].astype(float)
/home/yarin.b/projects/excel_magic/vfd-agent/vfd/tabular.py:15: PerformanceWarning: DataFrame is highly fragmented.  This is usually the result of calling `frame.insert` many times, which has poor performance.  Consider joining all columns at once using pd.concat(axis=1) instead. To get a de-fragmented frame, use `newframe = frame.copy()`
  out_tr[c] = s.astype(float)
/home/yarin.b/projects/excel_magic/vfd-agent/vfd/tabular.py:17: PerformanceWarning: DataFrame is highly fragmented.  This is usually the result of calling `frame.insert` many times, which has poor performance.  Consider joining all columns at once using pd.concat(axis=1) instead. To get a de-fragmented frame, use `newframe = frame.copy()`
  oo[c] = o[c].astype(float)
/home/yarin.b/projects/excel_magic/vfd-agent/vfd/tabular.py:15: PerformanceWarning: DataFrame is highly fragmented.  This is usually the result of calling `frame.insert` many times, which has poor performance.  Consider joining all columns at once using pd.concat(axis=1) instead. To get a de-fragmented frame, use `newframe = frame.copy()`
  out_tr[c] = s.astype(float)
/home/yarin.b/projects/excel_magic/vfd-agent/vfd/tabular.py:17: PerformanceWarning: DataFrame is highly fragmented.  This is usually the result of calling `frame.insert` many times, which has poor performance.  Consider joining all columns at once using pd.concat(axis=1) instead. To get a de-fragmented frame, use `newframe = frame.copy()`
  oo[c] = o[c].astype(float)
/home/yarin.b/projects/excel_magic/vfd-agent/vfd/tabular.py:15: PerformanceWarning: DataFrame is highly fragmented.  This is usually the result of calling `frame.insert` many times, which has poor performance.  Consider joining all columns at once using pd.concat(axis=1) instead. To get a de-fragmented frame, use `newframe = frame.copy()`
  out_tr[c] = s.astype(float)
/home/yarin.b/projects/excel_magic/vfd-agent/vfd/tabular.py:17: PerformanceWarning: DataFrame is highly fragmented.  This is usually the result of calling `frame.insert` many times, which has poor performance.  Consider joining all columns at once using pd.concat(axis=1) instead. To get a de-fragmented frame, use `newframe = frame.copy()`
  oo[c] = o[c].astype(float)
/home/yarin.b/projects/excel_magic/vfd-agent/vfd/tabular.py:15: PerformanceWarning: DataFrame is highly fragmented.  This is usually the result of calling `frame.insert` many times, which has poor performance.  Consider joining all columns at once using pd.concat(axis=1) instead. To get a de-fragmented frame, use `newframe = frame.copy()`
  out_tr[c] = s.astype(float)
/home/yarin.b/projects/excel_magic/vfd-agent/vfd/tabular.py:17: PerformanceWarning: DataFrame is highly fragmented.  This is usually the result of calling `frame.insert` many times, which has poor performance.  Consider joining all columns at once using pd.concat(axis=1) instead. To get a de-fragmented frame, use `newframe = frame.copy()`
  oo[c] = o[c].astype(float)
/home/yarin.b/projects/excel_magic/vfd-agent/vfd/tabular.py:15: PerformanceWarning: DataFrame is highly fragmented.  This is usually the result of calling `frame.insert` many times, which has poor performance.  Consider joining all columns at once using pd.concat(axis=1) instead. To get a de-fragmented frame, use `newframe = frame.copy()`
  out_tr[c] = s.astype(float)
/home/yarin.b/projects/excel_magic/vfd-agent/vfd/tabular.py:17: PerformanceWarning: DataFrame is highly fragmented.  This is usually the result of calling `frame.insert` many times, which has poor performance.  Consider joining all columns at once using pd.concat(axis=1) instead. To get a de-fragmented frame, use `newframe = frame.copy()`
  oo[c] = o[c].astype(float)
/home/yarin.b/projects/excel_magic/vfd-agent/vfd/tabular.py:15: PerformanceWarning: DataFrame is highly fragmented.  This is usually the result of calling `frame.insert` many times, which has poor performance.  Consider joining all columns at once using pd.concat(axis=1) instead. To get a de-fragmented frame, use `newframe = frame.copy()`
  out_tr[c] = s.astype(float)
/home/yarin.b/projects/excel_magic/vfd-agent/vfd/tabular.py:17: PerformanceWarning: DataFrame is highly fragmented.  This is usually the result of calling `frame.insert` many times, which has poor performance.  Consider joining all columns at once using pd.concat(axis=1) instead. To get a de-fragmented frame, use `newframe = frame.copy()`
  oo[c] = o[c].astype(float)
/home/yarin.b/projects/excel_magic/vfd-agent/vfd/tabular.py:15: PerformanceWarning: DataFrame is highly fragmented.  This is usually the result of calling `frame.insert` many times, which has poor performance.  Consider joining all columns at once using pd.concat(axis=1) instead. To get a de-fragmented frame, use `newframe = frame.copy()`
  out_tr[c] = s.astype(float)
/home/yarin.b/projects/excel_magic/vfd-agent/vfd/tabular.py:17: PerformanceWarning: DataFrame is highly fragmented.  This is usually the result of calling `frame.insert` many times, which has poor performance.  Consider joining all columns at once using pd.concat(axis=1) instead. To get a de-fragmented frame, use `newframe = frame.copy()`
  oo[c] = o[c].astype(float)
/home/yarin.b/projects/excel_magic/vfd-agent/vfd/tabular.py:15: PerformanceWarning: DataFrame is highly fragmented.  This is usually the result of calling `frame.insert` many times, which has poor performance.  Consider joining all columns at once using pd.concat(axis=1) instead. To get a de-fragmented frame, use `newframe = frame.copy()`
  out_tr[c] = s.astype(float)
/home/yarin.b/projects/excel_magic/vfd-agent/vfd/tabular.py:17: PerformanceWarning: DataFrame is highly fragmented.  This is usually the result of calling `frame.insert` many times, which has poor performance.  Consider joining all columns at once using pd.concat(axis=1) instead. To get a de-fragmented frame, use `newframe = frame.copy()`
  oo[c] = o[c].astype(float)
/home/yarin.b/projects/excel_magic/vfd-agent/vfd/tabular.py:15: PerformanceWarning: DataFrame is highly fragmented.  This is usually the result of calling `frame.insert` many times, which has poor performance.  Consider joining all columns at once using pd.concat(axis=1) instead. To get a de-fragmented frame, use `newframe = frame.copy()`
  out_tr[c] = s.astype(float)
/home/yarin.b/projects/excel_magic/vfd-agent/vfd/tabular.py:17: PerformanceWarning: DataFrame is highly fragmented.  This is usually the result of calling `frame.insert` many times, which has poor performance.  Consider joining all columns at once using pd.concat(axis=1) instead. To get a de-fragmented frame, use `newframe = frame.copy()`
  oo[c] = o[c].astype(float)
/home/yarin.b/projects/excel_magic/vfd-agent/vfd/tabular.py:15: PerformanceWarning: DataFrame is highly fragmented.  This is usually the result of calling `frame.insert` many times, which has poor performance.  Consider joining all columns at once using pd.concat(axis=1) instead. To get a de-fragmented frame, use `newframe = frame.copy()`
  out_tr[c] = s.astype(float)
/home/yarin.b/projects/excel_magic/vfd-agent/vfd/tabular.py:17: PerformanceWarning: DataFrame is highly fragmented.  This is usually the result of calling `frame.insert` many times, which has poor performance.  Consider joining all columns at once using pd.concat(axis=1) instead. To get a de-fragmented frame, use `newframe = frame.copy()`
  oo[c] = o[c].astype(float)
/home/yarin.b/projects/excel_magic/vfd-agent/vfd/tabular.py:15: PerformanceWarning: DataFrame is highly fragmented.  This is usually the result of calling `frame.insert` many times, which has poor performance.  Consider joining all columns at once using pd.concat(axis=1) instead. To get a de-fragmented frame, use `newframe = frame.copy()`
  out_tr[c] = s.astype(float)
/home/yarin.b/projects/excel_magic/vfd-agent/vfd/tabular.py:17: PerformanceWarning: DataFrame is highly fragmented.  This is usually the result of calling `frame.insert` many times, which has poor performance.  Consider joining all columns at once using pd.concat(axis=1) instead. To get a de-fragmented frame, use `newframe = frame.copy()`
  oo[c] = o[c].astype(float)
/home/yarin.b/projects/excel_magic/vfd-agent/vfd/tabular.py:15: PerformanceWarning: DataFrame is highly fragmented.  This is usually the result of calling `frame.insert` many times, which has poor performance.  Consider joining all columns at once using pd.concat(axis=1) instead. To get a de-fragmented frame, use `newframe = frame.copy()`
  out_tr[c] = s.astype(float)
/home/yarin.b/projects/excel_magic/vfd-agent/vfd/tabular.py:17: PerformanceWarning: DataFrame is highly fragmented.  This is usually the result of calling `frame.insert` many times, which has poor performance.  Consider joining all columns at once using pd.concat(axis=1) instead. To get a de-fragmented frame, use `newframe = frame.copy()`
  oo[c] = o[c].astype(float)
/home/yarin.b/projects/excel_magic/vfd-agent/vfd/tabular.py:15: PerformanceWarning: DataFrame is highly fragmented.  This is usually the result of calling `frame.insert` many times, which has poor performance.  Consider joining all columns at once using pd.concat(axis=1) instead. To get a de-fragmented frame, use `newframe = frame.copy()`
  out_tr[c] = s.astype(float)
/home/yarin.b/projects/excel_magic/vfd-agent/vfd/tabular.py:17: PerformanceWarning: DataFrame is highly fragmented.  This is usually the result of calling `frame.insert` many times, which has poor performance.  Consider joining all columns at once using pd.concat(axis=1) instead. To get a de-fragmented frame, use `newframe = frame.copy()`
  oo[c] = o[c].astype(float)
/home/yarin.b/projects/excel_magic/vfd-agent/vfd/tabular.py:15: PerformanceWarning: DataFrame is highly fragmented.  This is usually the result of calling `frame.insert` many times, which has poor performance.  Consider joining all columns at once using pd.concat(axis=1) instead. To get a de-fragmented frame, use `newframe = frame.copy()`
  out_tr[c] = s.astype(float)
/home/yarin.b/projects/excel_magic/vfd-agent/vfd/tabular.py:17: PerformanceWarning: DataFrame is highly fragmented.  This is usually the result of calling `frame.insert` many times, which has poor performance.  Consider joining all columns at once using pd.concat(axis=1) instead. To get a de-fragmented frame, use `newframe = frame.copy()`
  oo[c] = o[c].astype(float)
/home/yarin.b/projects/excel_magic/vfd-agent/vfd/tabular.py:15: PerformanceWarning: DataFrame is highly fragmented.  This is usually the result of calling `frame.insert` many times, which has poor performance.  Consider joining all columns at once using pd.concat(axis=1) instead. To get a de-fragmented frame, use `newframe = frame.copy()`
  out_tr[c] = s.astype(float)
/home/yarin.b/projects/excel_magic/vfd-agent/vfd/tabular.py:17: PerformanceWarning: DataFrame is highly fragmented.  This is usually the result of calling `frame.insert` many times, which has poor performance.  Consider joining all columns at once using pd.concat(axis=1) instead. To get a de-fragmented frame, use `newframe = frame.copy()`
  oo[c] = o[c].astype(float)
/home/yarin.b/projects/excel_magic/vfd-agent/vfd/tabular.py:15: PerformanceWarning: DataFrame is highly fragmented.  This is usually the result of calling `frame.insert` many times, which has poor performance.  Consider joining all columns at once using pd.concat(axis=1) instead. To get a de-fragmented frame, use `newframe = frame.copy()`
  out_tr[c] = s.astype(float)
/home/yarin.b/projects/excel_magic/vfd-agent/vfd/tabular.py:17: PerformanceWarning: DataFrame is highly fragmented.  This is usually the result of calling `frame.insert` many times, which has poor performance.  Consider joining all columns at once using pd.concat(axis=1) instead. To get a de-fragmented frame, use `newframe = frame.copy()`
  oo[c] = o[c].astype(float)
/home/yarin.b/projects/excel_magic/vfd-agent/vfd/tabular.py:15: PerformanceWarning: DataFrame is highly fragmented.  This is usually the result of calling `frame.insert` many times, which has poor performance.  Consider joining all columns at once using pd.concat(axis=1) instead. To get a de-fragmented frame, use `newframe = frame.copy()`
  out_tr[c] = s.astype(float)
/home/yarin.b/projects/excel_magic/vfd-agent/vfd/tabular.py:17: PerformanceWarning: DataFrame is highly fragmented.  This is usually the result of calling `frame.insert` many times, which has poor performance.  Consider joining all columns at once using pd.concat(axis=1) instead. To get a de-fragmented frame, use `newframe = frame.copy()`
  oo[c] = o[c].astype(float)
/home/yarin.b/projects/excel_magic/vfd-agent/vfd/tabular.py:15: PerformanceWarning: DataFrame is highly fragmented.  This is usually the result of calling `frame.insert` many times, which has poor performance.  Consider joining all columns at once using pd.concat(axis=1) instead. To get a de-fragmented frame, use `newframe = frame.copy()`
  out_tr[c] = s.astype(float)
/home/yarin.b/projects/excel_magic/vfd-agent/vfd/tabular.py:17: PerformanceWarning: DataFrame is highly fragmented.  This is usually the result of calling `frame.insert` many times, which has poor performance.  Consider joining all columns at once using pd.concat(axis=1) instead. To get a de-fragmented frame, use `newframe = frame.copy()`
  oo[c] = o[c].astype(float)
/home/yarin.b/projects/excel_magic/vfd-agent/vfd/tabular.py:15: PerformanceWarning: DataFrame is highly fragmented.  This is usually the result of calling `frame.insert` many times, which has poor performance.  Consider joining all columns at once using pd.concat(axis=1) instead. To get a de-fragmented frame, use `newframe = frame.copy()`
  out_tr[c] = s.astype(float)
/home/yarin.b/projects/excel_magic/vfd-agent/vfd/tabular.py:17: PerformanceWarning: DataFrame is highly fragmented.  This is usually the result of calling `frame.insert` many times, which has poor performance.  Consider joining all columns at once using pd.concat(axis=1) instead. To get a de-fragmented frame, use `newframe = frame.copy()`
  oo[c] = o[c].astype(float)
/home/yarin.b/projects/excel_magic/vfd-agent/vfd/tabular.py:15: PerformanceWarning: DataFrame is highly fragmented.  This is usually the result of calling `frame.insert` many times, which has poor performance.  Consider joining all columns at once using pd.concat(axis=1) instead. To get a de-fragmented frame, use `newframe = frame.copy()`
  out_tr[c] = s.astype(float)
/home/yarin.b/projects/excel_magic/vfd-agent/vfd/tabular.py:17: PerformanceWarning: DataFrame is highly fragmented.  This is usually the result of calling `frame.insert` many times, which has poor performance.  Consider joining all columns at once using pd.concat(axis=1) instead. To get a de-fragmented frame, use `newframe = frame.copy()`
  oo[c] = o[c].astype(float)
/home/yarin.b/projects/excel_magic/vfd-agent/vfd/tabular.py:15: PerformanceWarning: DataFrame is highly fragmented.  This is usually the result of calling `frame.insert` many times, which has poor performance.  Consider joining all columns at once using pd.concat(axis=1) instead. To get a de-fragmented frame, use `newframe = frame.copy()`
  out_tr[c] = s.astype(float)
/home/yarin.b/projects/excel_magic/vfd-agent/vfd/tabular.py:17: PerformanceWarning: DataFrame is highly fragmented.  This is usually the result of calling `frame.insert` many times, which has poor performance.  Consider joining all columns at once using pd.concat(axis=1) instead. To get a de-fragmented frame, use `newframe = frame.copy()`
  oo[c] = o[c].astype(float)
/home/yarin.b/projects/excel_magic/vfd-agent/vfd/tabular.py:15: PerformanceWarning: DataFrame is highly fragmented.  This is usually the result of calling `frame.insert` many times, which has poor performance.  Consider joining all columns at once using pd.concat(axis=1) instead. To get a de-fragmented frame, use `newframe = frame.copy()`
  out_tr[c] = s.astype(float)
/home/yarin.b/projects/excel_magic/vfd-agent/vfd/tabular.py:17: PerformanceWarning: DataFrame is highly fragmented.  This is usually the result of calling `frame.insert` many times, which has poor performance.  Consider joining all columns at once using pd.concat(axis=1) instead. To get a de-fragmented frame, use `newframe = frame.copy()`
  oo[c] = o[c].astype(float)
/home/yarin.b/projects/excel_magic/vfd-agent/vfd/tabular.py:15: PerformanceWarning: DataFrame is highly fragmented.  This is usually the result of calling `frame.insert` many times, which has poor performance.  Consider joining all columns at once using pd.concat(axis=1) instead. To get a de-fragmented frame, use `newframe = frame.copy()`
  out_tr[c] = s.astype(float)
/home/yarin.b/projects/excel_magic/vfd-agent/vfd/tabular.py:17: PerformanceWarning: DataFrame is highly fragmented.  This is usually the result of calling `frame.insert` many times, which has poor performance.  Consider joining all columns at once using pd.concat(axis=1) instead. To get a de-fragmented frame, use `newframe = frame.copy()`
  oo[c] = o[c].astype(float)
/home/yarin.b/projects/excel_magic/vfd-agent/vfd/tabular.py:15: PerformanceWarning: DataFrame is highly fragmented.  This is usually the result of calling `frame.insert` many times, which has poor performance.  Consider joining all columns at once using pd.concat(axis=1) instead. To get a de-fragmented frame, use `newframe = frame.copy()`
  out_tr[c] = s.astype(float)
/home/yarin.b/projects/excel_magic/vfd-agent/vfd/tabular.py:17: PerformanceWarning: DataFrame is highly fragmented.  This is usually the result of calling `frame.insert` many times, which has poor performance.  Consider joining all columns at once using pd.concat(axis=1) instead. To get a de-fragmented frame, use `newframe = frame.copy()`
  oo[c] = o[c].astype(float)
/home/yarin.b/projects/excel_magic/vfd-agent/vfd/tabular.py:15: PerformanceWarning: DataFrame is highly fragmented.  This is usually the result of calling `frame.insert` many times, which has poor performance.  Consider joining all columns at once using pd.concat(axis=1) instead. To get a de-fragmented frame, use `newframe = frame.copy()`
  out_tr[c] = s.astype(float)
/home/yarin.b/projects/excel_magic/vfd-agent/vfd/tabular.py:17: PerformanceWarning: DataFrame is highly fragmented.  This is usually the result of calling `frame.insert` many times, which has poor performance.  Consider joining all columns at once using pd.concat(axis=1) instead. To get a de-fragmented frame, use `newframe = frame.copy()`
  oo[c] = o[c].astype(float)
/home/yarin.b/projects/excel_magic/vfd-agent/vfd/tabular.py:15: PerformanceWarning: DataFrame is highly fragmented.  This is usually the result of calling `frame.insert` many times, which has poor performance.  Consider joining all columns at once using pd.concat(axis=1) instead. To get a de-fragmented frame, use `newframe = frame.copy()`
  out_tr[c] = s.astype(float)
/home/yarin.b/projects/excel_magic/vfd-agent/vfd/tabular.py:17: PerformanceWarning: DataFrame is highly fragmented.  This is usually the result of calling `frame.insert` many times, which has poor performance.  Consider joining all columns at once using pd.concat(axis=1) instead. To get a de-fragmented frame, use `newframe = frame.copy()`
  oo[c] = o[c].astype(float)
/home/yarin.b/projects/excel_magic/vfd-agent/vfd/tabular.py:15: PerformanceWarning: DataFrame is highly fragmented.  This is usually the result of calling `frame.insert` many times, which has poor performance.  Consider joining all columns at once using pd.concat(axis=1) instead. To get a de-fragmented frame, use `newframe = frame.copy()`
  out_tr[c] = s.astype(float)
/home/yarin.b/projects/excel_magic/vfd-agent/vfd/tabular.py:17: PerformanceWarning: DataFrame is highly fragmented.  This is usually the result of calling `frame.insert` many times, which has poor performance.  Consider joining all columns at once using pd.concat(axis=1) instead. To get a de-fragmented frame, use `newframe = frame.copy()`
  oo[c] = o[c].astype(float)
/home/yarin.b/projects/excel_magic/vfd-agent/vfd/tabular.py:15: PerformanceWarning: DataFrame is highly fragmented.  This is usually the result of calling `frame.insert` many times, which has poor performance.  Consider joining all columns at once using pd.concat(axis=1) instead. To get a de-fragmented frame, use `newframe = frame.copy()`
  out_tr[c] = s.astype(float)
/home/yarin.b/projects/excel_magic/vfd-agent/vfd/tabular.py:17: PerformanceWarning: DataFrame is highly fragmented.  This is usually the result of calling `frame.insert` many times, which has poor performance.  Consider joining all columns at once using pd.concat(axis=1) instead. To get a de-fragmented frame, use `newframe = frame.copy()`
  oo[c] = o[c].astype(float)
/home/yarin.b/projects/excel_magic/vfd-agent/vfd/tabular.py:15: PerformanceWarning: DataFrame is highly fragmented.  This is usually the result of calling `frame.insert` many times, which has poor performance.  Consider joining all columns at once using pd.concat(axis=1) instead. To get a de-fragmented frame, use `newframe = frame.copy()`
  out_tr[c] = s.astype(float)
/home/yarin.b/projects/excel_magic/vfd-agent/vfd/tabular.py:17: PerformanceWarning: DataFrame is highly fragmented.  This is usually the result of calling `frame.insert` many times, which has poor performance.  Consider joining all columns at once using pd.concat(axis=1) instead. To get a de-fragmented frame, use `newframe = frame.copy()`
  oo[c] = o[c].astype(float)
/home/yarin.b/projects/excel_magic/vfd-agent/vfd/tabular.py:15: PerformanceWarning: DataFrame is highly fragmented.  This is usually the result of calling `frame.insert` many times, which has poor performance.  Consider joining all columns at once using pd.concat(axis=1) instead. To get a de-fragmented frame, use `newframe = frame.copy()`
  out_tr[c] = s.astype(float)
/home/yarin.b/projects/excel_magic/vfd-agent/vfd/tabular.py:17: PerformanceWarning: DataFrame is highly fragmented.  This is usually the result of calling `frame.insert` many times, which has poor performance.  Consider joining all columns at once using pd.concat(axis=1) instead. To get a de-fragmented frame, use `newframe = frame.copy()`
  oo[c] = o[c].astype(float)
/home/yarin.b/projects/excel_magic/vfd-agent/vfd/tabular.py:15: PerformanceWarning: DataFrame is highly fragmented.  This is usually the result of calling `frame.insert` many times, which has poor performance.  Consider joining all columns at once using pd.concat(axis=1) instead. To get a de-fragmented frame, use `newframe = frame.copy()`
  out_tr[c] = s.astype(float)
/home/yarin.b/projects/excel_magic/vfd-agent/vfd/tabular.py:17: PerformanceWarning: DataFrame is highly fragmented.  This is usually the result of calling `frame.insert` many times, which has poor performance.  Consider joining all columns at once using pd.concat(axis=1) instead. To get a de-fragmented frame, use `newframe = frame.copy()`
  oo[c] = o[c].astype(float)
/home/yarin.b/projects/excel_magic/vfd-agent/vfd/tabular.py:15: PerformanceWarning: DataFrame is highly fragmented.  This is usually the result of calling `frame.insert` many times, which has poor performance.  Consider joining all columns at once using pd.concat(axis=1) instead. To get a de-fragmented frame, use `newframe = frame.copy()`
  out_tr[c] = s.astype(float)
/home/yarin.b/projects/excel_magic/vfd-agent/vfd/tabular.py:17: PerformanceWarning: DataFrame is highly fragmented.  This is usually the result of calling `frame.insert` many times, which has poor performance.  Consider joining all columns at once using pd.concat(axis=1) instead. To get a de-fragmented frame, use `newframe = frame.copy()`
  oo[c] = o[c].astype(float)
/home/yarin.b/projects/excel_magic/vfd-agent/vfd/tabular.py:15: PerformanceWarning: DataFrame is highly fragmented.  This is usually the result of calling `frame.insert` many times, which has poor performance.  Consider joining all columns at once using pd.concat(axis=1) instead. To get a de-fragmented frame, use `newframe = frame.copy()`
  out_tr[c] = s.astype(float)
/home/yarin.b/projects/excel_magic/vfd-agent/vfd/tabular.py:17: PerformanceWarning: DataFrame is highly fragmented.  This is usually the result of calling `frame.insert` many times, which has poor performance.  Consider joining all columns at once using pd.concat(axis=1) instead. To get a de-fragmented frame, use `newframe = frame.copy()`
  oo[c] = o[c].astype(float)
/home/yarin.b/projects/excel_magic/vfd-agent/vfd/tabular.py:15: PerformanceWarning: DataFrame is highly fragmented.  This is usually the result of calling `frame.insert` many times, which has poor performance.  Consider joining all columns at once using pd.concat(axis=1) instead. To get a de-fragmented frame, use `newframe = frame.copy()`
  out_tr[c] = s.astype(float)
/home/yarin.b/projects/excel_magic/vfd-agent/vfd/tabular.py:17: PerformanceWarning: DataFrame is highly fragmented.  This is usually the result of calling `frame.insert` many times, which has poor performance.  Consider joining all columns at once using pd.concat(axis=1) instead. To get a de-fragmented frame, use `newframe = frame.copy()`
  oo[c] = o[c].astype(float)
/home/yarin.b/projects/excel_magic/vfd-agent/vfd/tabular.py:15: PerformanceWarning: DataFrame is highly fragmented.  This is usually the result of calling `frame.insert` many times, which has poor performance.  Consider joining all columns at once using pd.concat(axis=1) instead. To get a de-fragmented frame, use `newframe = frame.copy()`
  out_tr[c] = s.astype(float)
/home/yarin.b/projects/excel_magic/vfd-agent/vfd/tabular.py:17: PerformanceWarning: DataFrame is highly fragmented.  This is usually the result of calling `frame.insert` many times, which has poor performance.  Consider joining all columns at once using pd.concat(axis=1) instead. To get a de-fragmented frame, use `newframe = frame.copy()`
  oo[c] = o[c].astype(float)
/home/yarin.b/projects/excel_magic/vfd-agent/vfd/tabular.py:15: PerformanceWarning: DataFrame is highly fragmented.  This is usually the result of calling `frame.insert` many times, which has poor performance.  Consider joining all columns at once using pd.concat(axis=1) instead. To get a de-fragmented frame, use `newframe = frame.copy()`
  out_tr[c] = s.astype(float)
/home/yarin.b/projects/excel_magic/vfd-agent/vfd/tabular.py:17: PerformanceWarning: DataFrame is highly fragmented.  This is usually the result of calling `frame.insert` many times, which has poor performance.  Consider joining all columns at once using pd.concat(axis=1) instead. To get a de-fragmented frame, use `newframe = frame.copy()`
  oo[c] = o[c].astype(float)
/home/yarin.b/projects/excel_magic/vfd-agent/vfd/tabular.py:15: PerformanceWarning: DataFrame is highly fragmented.  This is usually the result of calling `frame.insert` many times, which has poor performance.  Consider joining all columns at once using pd.concat(axis=1) instead. To get a de-fragmented frame, use `newframe = frame.copy()`
  out_tr[c] = s.astype(float)
/home/yarin.b/projects/excel_magic/vfd-agent/vfd/tabular.py:17: PerformanceWarning: DataFrame is highly fragmented.  This is usually the result of calling `frame.insert` many times, which has poor performance.  Consider joining all columns at once using pd.concat(axis=1) instead. To get a de-fragmented frame, use `newframe = frame.copy()`
  oo[c] = o[c].astype(float)
/home/yarin.b/projects/excel_magic/vfd-agent/vfd/tabular.py:15: PerformanceWarning: DataFrame is highly fragmented.  This is usually the result of calling `frame.insert` many times, which has poor performance.  Consider joining all columns at once using pd.concat(axis=1) instead. To get a de-fragmented frame, use `newframe = frame.copy()`
  out_tr[c] = s.astype(float)
/home/yarin.b/projects/excel_magic/vfd-agent/vfd/tabular.py:17: PerformanceWarning: DataFrame is highly fragmented.  This is usually the result of calling `frame.insert` many times, which has poor performance.  Consider joining all columns at once using pd.concat(axis=1) instead. To get a de-fragmented frame, use `newframe = frame.copy()`
  oo[c] = o[c].astype(float)
/home/yarin.b/projects/excel_magic/vfd-agent/vfd/tabular.py:15: PerformanceWarning: DataFrame is highly fragmented.  This is usually the result of calling `frame.insert` many times, which has poor performance.  Consider joining all columns at once using pd.concat(axis=1) instead. To get a de-fragmented frame, use `newframe = frame.copy()`
  out_tr[c] = s.astype(float)
/home/yarin.b/projects/excel_magic/vfd-agent/vfd/tabular.py:17: PerformanceWarning: DataFrame is highly fragmented.  This is usually the result of calling `frame.insert` many times, which has poor performance.  Consider joining all columns at once using pd.concat(axis=1) instead. To get a de-fragmented frame, use `newframe = frame.copy()`
  oo[c] = o[c].astype(float)
/home/yarin.b/projects/excel_magic/vfd-agent/vfd/tabular.py:15: PerformanceWarning: DataFrame is highly fragmented.  This is usually the result of calling `frame.insert` many times, which has poor performance.  Consider joining all columns at once using pd.concat(axis=1) instead. To get a de-fragmented frame, use `newframe = frame.copy()`
  out_tr[c] = s.astype(float)
/home/yarin.b/projects/excel_magic/vfd-agent/vfd/tabular.py:17: PerformanceWarning: DataFrame is highly fragmented.  This is usually the result of calling `frame.insert` many times, which has poor performance.  Consider joining all columns at once using pd.concat(axis=1) instead. To get a de-fragmented frame, use `newframe = frame.copy()`
  oo[c] = o[c].astype(float)
/home/yarin.b/projects/excel_magic/vfd-agent/vfd/tabular.py:15: PerformanceWarning: DataFrame is highly fragmented.  This is usually the result of calling `frame.insert` many times, which has poor performance.  Consider joining all columns at once using pd.concat(axis=1) instead. To get a de-fragmented frame, use `newframe = frame.copy()`
  out_tr[c] = s.astype(float)
/home/yarin.b/projects/excel_magic/vfd-agent/vfd/tabular.py:17: PerformanceWarning: DataFrame is highly fragmented.  This is usually the result of calling `frame.insert` many times, which has poor performance.  Consider joining all columns at once using pd.concat(axis=1) instead. To get a de-fragmented frame, use `newframe = frame.copy()`
  oo[c] = o[c].astype(float)
/home/yarin.b/projects/excel_magic/vfd-agent/vfd/tabular.py:15: PerformanceWarning: DataFrame is highly fragmented.  This is usually the result of calling `frame.insert` many times, which has poor performance.  Consider joining all columns at once using pd.concat(axis=1) instead. To get a de-fragmented frame, use `newframe = frame.copy()`
  out_tr[c] = s.astype(float)
/home/yarin.b/projects/excel_magic/vfd-agent/vfd/tabular.py:17: PerformanceWarning: DataFrame is highly fragmented.  This is usually the result of calling `frame.insert` many times, which has poor performance.  Consider joining all columns at once using pd.concat(axis=1) instead. To get a de-fragmented frame, use `newframe = frame.copy()`
  oo[c] = o[c].astype(float)
/home/yarin.b/projects/excel_magic/vfd-agent/vfd/tabular.py:15: PerformanceWarning: DataFrame is highly fragmented.  This is usually the result of calling `frame.insert` many times, which has poor performance.  Consider joining all columns at once using pd.concat(axis=1) instead. To get a de-fragmented frame, use `newframe = frame.copy()`
  out_tr[c] = s.astype(float)
/home/yarin.b/projects/excel_magic/vfd-agent/vfd/tabular.py:17: PerformanceWarning: DataFrame is highly fragmented.  This is usually the result of calling `frame.insert` many times, which has poor performance.  Consider joining all columns at once using pd.concat(axis=1) instead. To get a de-fragmented frame, use `newframe = frame.copy()`
  oo[c] = o[c].astype(float)
/home/yarin.b/projects/excel_magic/vfd-agent/vfd/tabular.py:15: PerformanceWarning: DataFrame is highly fragmented.  This is usually the result of calling `frame.insert` many times, which has poor performance.  Consider joining all columns at once using pd.concat(axis=1) instead. To get a de-fragmented frame, use `newframe = frame.copy()`
  out_tr[c] = s.astype(float)
/home/yarin.b/projects/excel_magic/vfd-agent/vfd/tabular.py:17: PerformanceWarning: DataFrame is highly fragmented.  This is usually the result of calling `frame.insert` many times, which has poor performance.  Consider joining all columns at once using pd.concat(axis=1) instead. To get a de-fragmented frame, use `newframe = frame.copy()`
  oo[c] = o[c].astype(float)
/home/yarin.b/projects/excel_magic/vfd-agent/vfd/tabular.py:15: PerformanceWarning: DataFrame is highly fragmented.  This is usually the result of calling `frame.insert` many times, which has poor performance.  Consider joining all columns at once using pd.concat(axis=1) instead. To get a de-fragmented frame, use `newframe = frame.copy()`
  out_tr[c] = s.astype(float)
/home/yarin.b/projects/excel_magic/vfd-agent/vfd/tabular.py:17: PerformanceWarning: DataFrame is highly fragmented.  This is usually the result of calling `frame.insert` many times, which has poor performance.  Consider joining all columns at once using pd.concat(axis=1) instead. To get a de-fragmented frame, use `newframe = frame.copy()`
  oo[c] = o[c].astype(float)
/home/yarin.b/projects/excel_magic/vfd-agent/vfd/tabular.py:15: PerformanceWarning: DataFrame is highly fragmented.  This is usually the result of calling `frame.insert` many times, which has poor performance.  Consider joining all columns at once using pd.concat(axis=1) instead. To get a de-fragmented frame, use `newframe = frame.copy()`
  out_tr[c] = s.astype(float)
/home/yarin.b/projects/excel_magic/vfd-agent/vfd/tabular.py:17: PerformanceWarning: DataFrame is highly fragmented.  This is usually the result of calling `frame.insert` many times, which has poor performance.  Consider joining all columns at once using pd.concat(axis=1) instead. To get a de-fragmented frame, use `newframe = frame.copy()`
  oo[c] = o[c].astype(float)
/home/yarin.b/projects/excel_magic/vfd-agent/vfd/tabular.py:15: PerformanceWarning: DataFrame is highly fragmented.  This is usually the result of calling `frame.insert` many times, which has poor performance.  Consider joining all columns at once using pd.concat(axis=1) instead. To get a de-fragmented frame, use `newframe = frame.copy()`
  out_tr[c] = s.astype(float)
/home/yarin.b/projects/excel_magic/vfd-agent/vfd/tabular.py:17: PerformanceWarning: DataFrame is highly fragmented.  This is usually the result of calling `frame.insert` many times, which has poor performance.  Consider joining all columns at once using pd.concat(axis=1) instead. To get a de-fragmented frame, use `newframe = frame.copy()`
  oo[c] = o[c].astype(float)
/home/yarin.b/projects/excel_magic/vfd-agent/vfd/tabular.py:15: PerformanceWarning: DataFrame is highly fragmented.  This is usually the result of calling `frame.insert` many times, which has poor performance.  Consider joining all columns at once using pd.concat(axis=1) instead. To get a de-fragmented frame, use `newframe = frame.copy()`
  out_tr[c] = s.astype(float)
/home/yarin.b/projects/excel_magic/vfd-agent/vfd/tabular.py:17: PerformanceWarning: DataFrame is highly fragmented.  This is usually the result of calling `frame.insert` many times, which has poor performance.  Consider joining all columns at once using pd.concat(axis=1) instead. To get a de-fragmented frame, use `newframe = frame.copy()`
  oo[c] = o[c].astype(float)
/home/yarin.b/projects/excel_magic/vfd-agent/vfd/tabular.py:15: PerformanceWarning: DataFrame is highly fragmented.  This is usually the result of calling `frame.insert` many times, which has poor performance.  Consider joining all columns at once using pd.concat(axis=1) instead. To get a de-fragmented frame, use `newframe = frame.copy()`
  out_tr[c] = s.astype(float)
/home/yarin.b/projects/excel_magic/vfd-agent/vfd/tabular.py:17: PerformanceWarning: DataFrame is highly fragmented.  This is usually the result of calling `frame.insert` many times, which has poor performance.  Consider joining all columns at once using pd.concat(axis=1) instead. To get a de-fragmented frame, use `newframe = frame.copy()`
  oo[c] = o[c].astype(float)
/home/yarin.b/projects/excel_magic/vfd-agent/vfd/tabular.py:15: PerformanceWarning: DataFrame is highly fragmented.  This is usually the result of calling `frame.insert` many times, which has poor performance.  Consider joining all columns at once using pd.concat(axis=1) instead. To get a de-fragmented frame, use `newframe = frame.copy()`
  out_tr[c] = s.astype(float)
/home/yarin.b/projects/excel_magic/vfd-agent/vfd/tabular.py:17: PerformanceWarning: DataFrame is highly fragmented.  This is usually the result of calling `frame.insert` many times, which has poor performance.  Consider joining all columns at once using pd.concat(axis=1) instead. To get a de-fragmented frame, use `newframe = frame.copy()`
  oo[c] = o[c].astype(float)
/home/yarin.b/projects/excel_magic/vfd-agent/vfd/tabular.py:15: PerformanceWarning: DataFrame is highly fragmented.  This is usually the result of calling `frame.insert` many times, which has poor performance.  Consider joining all columns at once using pd.concat(axis=1) instead. To get a de-fragmented frame, use `newframe = frame.copy()`
  out_tr[c] = s.astype(float)
/home/yarin.b/projects/excel_magic/vfd-agent/vfd/tabular.py:17: PerformanceWarning: DataFrame is highly fragmented.  This is usually the result of calling `frame.insert` many times, which has poor performance.  Consider joining all columns at once using pd.concat(axis=1) instead. To get a de-fragmented frame, use `newframe = frame.copy()`
  oo[c] = o[c].astype(float)
/home/yarin.b/projects/excel_magic/vfd-agent/vfd/tabular.py:15: PerformanceWarning: DataFrame is highly fragmented.  This is usually the result of calling `frame.insert` many times, which has poor performance.  Consider joining all columns at once using pd.concat(axis=1) instead. To get a de-fragmented frame, use `newframe = frame.copy()`
  out_tr[c] = s.astype(float)
/home/yarin.b/projects/excel_magic/vfd-agent/vfd/tabular.py:17: PerformanceWarning: DataFrame is highly fragmented.  This is usually the result of calling `frame.insert` many times, which has poor performance.  Consider joining all columns at once using pd.concat(axis=1) instead. To get a de-fragmented frame, use `newframe = frame.copy()`
  oo[c] = o[c].astype(float)
/home/yarin.b/projects/excel_magic/vfd-agent/vfd/tabular.py:15: PerformanceWarning: DataFrame is highly fragmented.  This is usually the result of calling `frame.insert` many times, which has poor performance.  Consider joining all columns at once using pd.concat(axis=1) instead. To get a de-fragmented frame, use `newframe = frame.copy()`
  out_tr[c] = s.astype(float)
/home/yarin.b/projects/excel_magic/vfd-agent/vfd/tabular.py:17: PerformanceWarning: DataFrame is highly fragmented.  This is usually the result of calling `frame.insert` many times, which has poor performance.  Consider joining all columns at once using pd.concat(axis=1) instead. To get a de-fragmented frame, use `newframe = frame.copy()`
  oo[c] = o[c].astype(float)
/home/yarin.b/projects/excel_magic/vfd-agent/vfd/tabular.py:15: PerformanceWarning: DataFrame is highly fragmented.  This is usually the result of calling `frame.insert` many times, which has poor performance.  Consider joining all columns at once using pd.concat(axis=1) instead. To get a de-fragmented frame, use `newframe = frame.copy()`
  out_tr[c] = s.astype(float)
/home/yarin.b/projects/excel_magic/vfd-agent/vfd/tabular.py:17: PerformanceWarning: DataFrame is highly fragmented.  This is usually the result of calling `frame.insert` many times, which has poor performance.  Consider joining all columns at once using pd.concat(axis=1) instead. To get a de-fragmented frame, use `newframe = frame.copy()`
  oo[c] = o[c].astype(float)
/home/yarin.b/projects/excel_magic/vfd-agent/vfd/tabular.py:15: PerformanceWarning: DataFrame is highly fragmented.  This is usually the result of calling `frame.insert` many times, which has poor performance.  Consider joining all columns at once using pd.concat(axis=1) instead. To get a de-fragmented frame, use `newframe = frame.copy()`
  out_tr[c] = s.astype(float)
/home/yarin.b/projects/excel_magic/vfd-agent/vfd/tabular.py:17: PerformanceWarning: DataFrame is highly fragmented.  This is usually the result of calling `frame.insert` many times, which has poor performance.  Consider joining all columns at once using pd.concat(axis=1) instead. To get a de-fragmented frame, use `newframe = frame.copy()`
  oo[c] = o[c].astype(float)
/home/yarin.b/projects/excel_magic/vfd-agent/vfd/tabular.py:15: PerformanceWarning: DataFrame is highly fragmented.  This is usually the result of calling `frame.insert` many times, which has poor performance.  Consider joining all columns at once using pd.concat(axis=1) instead. To get a de-fragmented frame, use `newframe = frame.copy()`
  out_tr[c] = s.astype(float)
/home/yarin.b/projects/excel_magic/vfd-agent/vfd/tabular.py:17: PerformanceWarning: DataFrame is highly fragmented.  This is usually the result of calling `frame.insert` many times, which has poor performance.  Consider joining all columns at once using pd.concat(axis=1) instead. To get a de-fragmented frame, use `newframe = frame.copy()`
  oo[c] = o[c].astype(float)
/home/yarin.b/projects/excel_magic/vfd-agent/vfd/tabular.py:15: PerformanceWarning: DataFrame is highly fragmented.  This is usually the result of calling `frame.insert` many times, which has poor performance.  Consider joining all columns at once using pd.concat(axis=1) instead. To get a de-fragmented frame, use `newframe = frame.copy()`
  out_tr[c] = s.astype(float)
/home/yarin.b/projects/excel_magic/vfd-agent/vfd/tabular.py:17: PerformanceWarning: DataFrame is highly fragmented.  This is usually the result of calling `frame.insert` many times, which has poor performance.  Consider joining all columns at once using pd.concat(axis=1) instead. To get a de-fragmented frame, use `newframe = frame.copy()`
  oo[c] = o[c].astype(float)
/home/yarin.b/projects/excel_magic/vfd-agent/vfd/tabular.py:15: PerformanceWarning: DataFrame is highly fragmented.  This is usually the result of calling `frame.insert` many times, which has poor performance.  Consider joining all columns at once using pd.concat(axis=1) instead. To get a de-fragmented frame, use `newframe = frame.copy()`
  out_tr[c] = s.astype(float)
/home/yarin.b/projects/excel_magic/vfd-agent/vfd/tabular.py:17: PerformanceWarning: DataFrame is highly fragmented.  This is usually the result of calling `frame.insert` many times, which has poor performance.  Consider joining all columns at once using pd.concat(axis=1) instead. To get a de-fragmented frame, use `newframe = frame.copy()`
  oo[c] = o[c].astype(float)
/home/yarin.b/projects/excel_magic/vfd-agent/vfd/tabular.py:15: PerformanceWarning: DataFrame is highly fragmented.  This is usually the result of calling `frame.insert` many times, which has poor performance.  Consider joining all columns at once using pd.concat(axis=1) instead. To get a de-fragmented frame, use `newframe = frame.copy()`
  out_tr[c] = s.astype(float)
/home/yarin.b/projects/excel_magic/vfd-agent/vfd/tabular.py:17: PerformanceWarning: DataFrame is highly fragmented.  This is usually the result of calling `frame.insert` many times, which has poor performance.  Consider joining all columns at once using pd.concat(axis=1) instead. To get a de-fragmented frame, use `newframe = frame.copy()`
  oo[c] = o[c].astype(float)
/home/yarin.b/projects/excel_magic/vfd-agent/vfd/tabular.py:15: PerformanceWarning: DataFrame is highly fragmented.  This is usually the result of calling `frame.insert` many times, which has poor performance.  Consider joining all columns at once using pd.concat(axis=1) instead. To get a de-fragmented frame, use `newframe = frame.copy()`
  out_tr[c] = s.astype(float)
/home/yarin.b/projects/excel_magic/vfd-agent/vfd/tabular.py:17: PerformanceWarning: DataFrame is highly fragmented.  This is usually the result of calling `frame.insert` many times, which has poor performance.  Consider joining all columns at once using pd.concat(axis=1) instead. To get a de-fragmented frame, use `newframe = frame.copy()`
  oo[c] = o[c].astype(float)
/home/yarin.b/projects/excel_magic/vfd-agent/vfd/tabular.py:15: PerformanceWarning: DataFrame is highly fragmented.  This is usually the result of calling `frame.insert` many times, which has poor performance.  Consider joining all columns at once using pd.concat(axis=1) instead. To get a de-fragmented frame, use `newframe = frame.copy()`
  out_tr[c] = s.astype(float)
/home/yarin.b/projects/excel_magic/vfd-agent/vfd/tabular.py:17: PerformanceWarning: DataFrame is highly fragmented.  This is usually the result of calling `frame.insert` many times, which has poor performance.  Consider joining all columns at once using pd.concat(axis=1) instead. To get a de-fragmented frame, use `newframe = frame.copy()`
  oo[c] = o[c].astype(float)
/home/yarin.b/projects/excel_magic/vfd-agent/vfd/tabular.py:15: PerformanceWarning: DataFrame is highly fragmented.  This is usually the result of calling `frame.insert` many times, which has poor performance.  Consider joining all columns at once using pd.concat(axis=1) instead. To get a de-fragmented frame, use `newframe = frame.copy()`
  out_tr[c] = s.astype(float)
/home/yarin.b/projects/excel_magic/vfd-agent/vfd/tabular.py:17: PerformanceWarning: DataFrame is highly fragmented.  This is usually the result of calling `frame.insert` many times, which has poor performance.  Consider joining all columns at once using pd.concat(axis=1) instead. To get a de-fragmented frame, use `newframe = frame.copy()`
  oo[c] = o[c].astype(float)
/home/yarin.b/projects/excel_magic/vfd-agent/vfd/tabular.py:15: PerformanceWarning: DataFrame is highly fragmented.  This is usually the result of calling `frame.insert` many times, which has poor performance.  Consider joining all columns at once using pd.concat(axis=1) instead. To get a de-fragmented frame, use `newframe = frame.copy()`
  out_tr[c] = s.astype(float)
/home/yarin.b/projects/excel_magic/vfd-agent/vfd/tabular.py:17: PerformanceWarning: DataFrame is highly fragmented.  This is usually the result of calling `frame.insert` many times, which has poor performance.  Consider joining all columns at once using pd.concat(axis=1) instead. To get a de-fragmented frame, use `newframe = frame.copy()`
  oo[c] = o[c].astype(float)
/home/yarin.b/projects/excel_magic/vfd-agent/vfd/tabular.py:15: PerformanceWarning: DataFrame is highly fragmented.  This is usually the result of calling `frame.insert` many times, which has poor performance.  Consider joining all columns at once using pd.concat(axis=1) instead. To get a de-fragmented frame, use `newframe = frame.copy()`
  out_tr[c] = s.astype(float)
/home/yarin.b/projects/excel_magic/vfd-agent/vfd/tabular.py:17: PerformanceWarning: DataFrame is highly fragmented.  This is usually the result of calling `frame.insert` many times, which has poor performance.  Consider joining all columns at once using pd.concat(axis=1) instead. To get a de-fragmented frame, use `newframe = frame.copy()`
  oo[c] = o[c].astype(float)
/home/yarin.b/projects/excel_magic/vfd-agent/vfd/tabular.py:15: PerformanceWarning: DataFrame is highly fragmented.  This is usually the result of calling `frame.insert` many times, which has poor performance.  Consider joining all columns at once using pd.concat(axis=1) instead. To get a de-fragmented frame, use `newframe = frame.copy()`
  out_tr[c] = s.astype(float)
/home/yarin.b/projects/excel_magic/vfd-agent/vfd/tabular.py:17: PerformanceWarning: DataFrame is highly fragmented.  This is usually the result of calling `frame.insert` many times, which has poor performance.  Consider joining all columns at once using pd.concat(axis=1) instead. To get a de-fragmented frame, use `newframe = frame.copy()`
  oo[c] = o[c].astype(float)
/home/yarin.b/projects/excel_magic/vfd-agent/vfd/tabular.py:15: PerformanceWarning: DataFrame is highly fragmented.  This is usually the result of calling `frame.insert` many times, which has poor performance.  Consider joining all columns at once using pd.concat(axis=1) instead. To get a de-fragmented frame, use `newframe = frame.copy()`
  out_tr[c] = s.astype(float)
/home/yarin.b/projects/excel_magic/vfd-agent/vfd/tabular.py:17: PerformanceWarning: DataFrame is highly fragmented.  This is usually the result of calling `frame.insert` many times, which has poor performance.  Consider joining all columns at once using pd.concat(axis=1) instead. To get a de-fragmented frame, use `newframe = frame.copy()`
  oo[c] = o[c].astype(float)
/home/yarin.b/projects/excel_magic/vfd-agent/vfd/tabular.py:15: PerformanceWarning: DataFrame is highly fragmented.  This is usually the result of calling `frame.insert` many times, which has poor performance.  Consider joining all columns at once using pd.concat(axis=1) instead. To get a de-fragmented frame, use `newframe = frame.copy()`
  out_tr[c] = s.astype(float)
/home/yarin.b/projects/excel_magic/vfd-agent/vfd/tabular.py:17: PerformanceWarning: DataFrame is highly fragmented.  This is usually the result of calling `frame.insert` many times, which has poor performance.  Consider joining all columns at once using pd.concat(axis=1) instead. To get a de-fragmented frame, use `newframe = frame.copy()`
  oo[c] = o[c].astype(float)
/home/yarin.b/projects/excel_magic/vfd-agent/vfd/tabular.py:15: PerformanceWarning: DataFrame is highly fragmented.  This is usually the result of calling `frame.insert` many times, which has poor performance.  Consider joining all columns at once using pd.concat(axis=1) instead. To get a de-fragmented frame, use `newframe = frame.copy()`
  out_tr[c] = s.astype(float)
/home/yarin.b/projects/excel_magic/vfd-agent/vfd/tabular.py:17: PerformanceWarning: DataFrame is highly fragmented.  This is usually the result of calling `frame.insert` many times, which has poor performance.  Consider joining all columns at once using pd.concat(axis=1) instead. To get a de-fragmented frame, use `newframe = frame.copy()`
  oo[c] = o[c].astype(float)
/home/yarin.b/projects/excel_magic/vfd-agent/vfd/tabular.py:15: PerformanceWarning: DataFrame is highly fragmented.  This is usually the result of calling `frame.insert` many times, which has poor performance.  Consider joining all columns at once using pd.concat(axis=1) instead. To get a de-fragmented frame, use `newframe = frame.copy()`
  out_tr[c] = s.astype(float)
/home/yarin.b/projects/excel_magic/vfd-agent/vfd/tabular.py:17: PerformanceWarning: DataFrame is highly fragmented.  This is usually the result of calling `frame.insert` many times, which has poor performance.  Consider joining all columns at once using pd.concat(axis=1) instead. To get a de-fragmented frame, use `newframe = frame.copy()`
  oo[c] = o[c].astype(float)
/home/yarin.b/projects/excel_magic/vfd-agent/vfd/tabular.py:15: PerformanceWarning: DataFrame is highly fragmented.  This is usually the result of calling `frame.insert` many times, which has poor performance.  Consider joining all columns at once using pd.concat(axis=1) instead. To get a de-fragmented frame, use `newframe = frame.copy()`
  out_tr[c] = s.astype(float)
/home/yarin.b/projects/excel_magic/vfd-agent/vfd/tabular.py:17: PerformanceWarning: DataFrame is highly fragmented.  This is usually the result of calling `frame.insert` many times, which has poor performance.  Consider joining all columns at once using pd.concat(axis=1) instead. To get a de-fragmented frame, use `newframe = frame.copy()`
  oo[c] = o[c].astype(float)
/home/yarin.b/projects/excel_magic/vfd-agent/vfd/tabular.py:15: PerformanceWarning: DataFrame is highly fragmented.  This is usually the result of calling `frame.insert` many times, which has poor performance.  Consider joining all columns at once using pd.concat(axis=1) instead. To get a de-fragmented frame, use `newframe = frame.copy()`
  out_tr[c] = s.astype(float)
/home/yarin.b/projects/excel_magic/vfd-agent/vfd/tabular.py:17: PerformanceWarning: DataFrame is highly fragmented.  This is usually the result of calling `frame.insert` many times, which has poor performance.  Consider joining all columns at once using pd.concat(axis=1) instead. To get a de-fragmented frame, use `newframe = frame.copy()`
  oo[c] = o[c].astype(float)
/home/yarin.b/projects/excel_magic/vfd-agent/vfd/tabular.py:15: PerformanceWarning: DataFrame is highly fragmented.  This is usually the result of calling `frame.insert` many times, which has poor performance.  Consider joining all columns at once using pd.concat(axis=1) instead. To get a de-fragmented frame, use `newframe = frame.copy()`
  out_tr[c] = s.astype(float)
/home/yarin.b/projects/excel_magic/vfd-agent/vfd/tabular.py:17: PerformanceWarning: DataFrame is highly fragmented.  This is usually the result of calling `frame.insert` many times, which has poor performance.  Consider joining all columns at once using pd.concat(axis=1) instead. To get a de-fragmented frame, use `newframe = frame.copy()`
  oo[c] = o[c].astype(float)
/home/yarin.b/projects/excel_magic/vfd-agent/vfd/tabular.py:15: PerformanceWarning: DataFrame is highly fragmented.  This is usually the result of calling `frame.insert` many times, which has poor performance.  Consider joining all columns at once using pd.concat(axis=1) instead. To get a de-fragmented frame, use `newframe = frame.copy()`
  out_tr[c] = s.astype(float)
/home/yarin.b/projects/excel_magic/vfd-agent/vfd/tabular.py:17: PerformanceWarning: DataFrame is highly fragmented.  This is usually the result of calling `frame.insert` many times, which has poor performance.  Consider joining all columns at once using pd.concat(axis=1) instead. To get a de-fragmented frame, use `newframe = frame.copy()`
  oo[c] = o[c].astype(float)
/home/yarin.b/projects/excel_magic/vfd-agent/vfd/tabular.py:15: PerformanceWarning: DataFrame is highly fragmented.  This is usually the result of calling `frame.insert` many times, which has poor performance.  Consider joining all columns at once using pd.concat(axis=1) instead. To get a de-fragmented frame, use `newframe = frame.copy()`
  out_tr[c] = s.astype(float)
/home/yarin.b/projects/excel_magic/vfd-agent/vfd/tabular.py:17: PerformanceWarning: DataFrame is highly fragmented.  This is usually the result of calling `frame.insert` many times, which has poor performance.  Consider joining all columns at once using pd.concat(axis=1) instead. To get a de-fragmented frame, use `newframe = frame.copy()`
  oo[c] = o[c].astype(float)
/home/yarin.b/projects/excel_magic/vfd-agent/vfd/tabular.py:15: PerformanceWarning: DataFrame is highly fragmented.  This is usually the result of calling `frame.insert` many times, which has poor performance.  Consider joining all columns at once using pd.concat(axis=1) instead. To get a de-fragmented frame, use `newframe = frame.copy()`
  out_tr[c] = s.astype(float)
/home/yarin.b/projects/excel_magic/vfd-agent/vfd/tabular.py:17: PerformanceWarning: DataFrame is highly fragmented.  This is usually the result of calling `frame.insert` many times, which has poor performance.  Consider joining all columns at once using pd.concat(axis=1) instead. To get a de-fragmented frame, use `newframe = frame.copy()`
  oo[c] = o[c].astype(float)
/home/yarin.b/projects/excel_magic/vfd-agent/vfd/tabular.py:15: PerformanceWarning: DataFrame is highly fragmented.  This is usually the result of calling `frame.insert` many times, which has poor performance.  Consider joining all columns at once using pd.concat(axis=1) instead. To get a de-fragmented frame, use `newframe = frame.copy()`
  out_tr[c] = s.astype(float)
/home/yarin.b/projects/excel_magic/vfd-agent/vfd/tabular.py:17: PerformanceWarning: DataFrame is highly fragmented.  This is usually the result of calling `frame.insert` many times, which has poor performance.  Consider joining all columns at once using pd.concat(axis=1) instead. To get a de-fragmented frame, use `newframe = frame.copy()`
  oo[c] = o[c].astype(float)
/home/yarin.b/projects/excel_magic/vfd-agent/vfd/tabular.py:15: PerformanceWarning: DataFrame is highly fragmented.  This is usually the result of calling `frame.insert` many times, which has poor performance.  Consider joining all columns at once using pd.concat(axis=1) instead. To get a de-fragmented frame, use `newframe = frame.copy()`
  out_tr[c] = s.astype(float)
/home/yarin.b/projects/excel_magic/vfd-agent/vfd/tabular.py:17: PerformanceWarning: DataFrame is highly fragmented.  This is usually the result of calling `frame.insert` many times, which has poor performance.  Consider joining all columns at once using pd.concat(axis=1) instead. To get a de-fragmented frame, use `newframe = frame.copy()`
  oo[c] = o[c].astype(float)
/home/yarin.b/projects/excel_magic/vfd-agent/vfd/tabular.py:15: PerformanceWarning: DataFrame is highly fragmented.  This is usually the result of calling `frame.insert` many times, which has poor performance.  Consider joining all columns at once using pd.concat(axis=1) instead. To get a de-fragmented frame, use `newframe = frame.copy()`
  out_tr[c] = s.astype(float)
/home/yarin.b/projects/excel_magic/vfd-agent/vfd/tabular.py:17: PerformanceWarning: DataFrame is highly fragmented.  This is usually the result of calling `frame.insert` many times, which has poor performance.  Consider joining all columns at once using pd.concat(axis=1) instead. To get a de-fragmented frame, use `newframe = frame.copy()`
  oo[c] = o[c].astype(float)
/home/yarin.b/projects/excel_magic/vfd-agent/vfd/tabular.py:15: PerformanceWarning: DataFrame is highly fragmented.  This is usually the result of calling `frame.insert` many times, which has poor performance.  Consider joining all columns at once using pd.concat(axis=1) instead. To get a de-fragmented frame, use `newframe = frame.copy()`
  out_tr[c] = s.astype(float)
/home/yarin.b/projects/excel_magic/vfd-agent/vfd/tabular.py:17: PerformanceWarning: DataFrame is highly fragmented.  This is usually the result of calling `frame.insert` many times, which has poor performance.  Consider joining all columns at once using pd.concat(axis=1) instead. To get a de-fragmented frame, use `newframe = frame.copy()`
  oo[c] = o[c].astype(float)
/home/yarin.b/projects/excel_magic/vfd-agent/vfd/tabular.py:15: PerformanceWarning: DataFrame is highly fragmented.  This is usually the result of calling `frame.insert` many times, which has poor performance.  Consider joining all columns at once using pd.concat(axis=1) instead. To get a de-fragmented frame, use `newframe = frame.copy()`
  out_tr[c] = s.astype(float)
/home/yarin.b/projects/excel_magic/vfd-agent/vfd/tabular.py:17: PerformanceWarning: DataFrame is highly fragmented.  This is usually the result of calling `frame.insert` many times, which has poor performance.  Consider joining all columns at once using pd.concat(axis=1) instead. To get a de-fragmented frame, use `newframe = frame.copy()`
  oo[c] = o[c].astype(float)
/home/yarin.b/projects/excel_magic/vfd-agent/vfd/tabular.py:15: PerformanceWarning: DataFrame is highly fragmented.  This is usually the result of calling `frame.insert` many times, which has poor performance.  Consider joining all columns at once using pd.concat(axis=1) instead. To get a de-fragmented frame, use `newframe = frame.copy()`
  out_tr[c] = s.astype(float)
/home/yarin.b/projects/excel_magic/vfd-agent/vfd/tabular.py:17: PerformanceWarning: DataFrame is highly fragmented.  This is usually the result of calling `frame.insert` many times, which has poor performance.  Consider joining all columns at once using pd.concat(axis=1) instead. To get a de-fragmented frame, use `newframe = frame.copy()`
  oo[c] = o[c].astype(float)
/home/yarin.b/projects/excel_magic/vfd-agent/vfd/tabular.py:15: PerformanceWarning: DataFrame is highly fragmented.  This is usually the result of calling `frame.insert` many times, which has poor performance.  Consider joining all columns at once using pd.concat(axis=1) instead. To get a de-fragmented frame, use `newframe = frame.copy()`
  out_tr[c] = s.astype(float)
/home/yarin.b/projects/excel_magic/vfd-agent/vfd/tabular.py:17: PerformanceWarning: DataFrame is highly fragmented.  This is usually the result of calling `frame.insert` many times, which has poor performance.  Consider joining all columns at once using pd.concat(axis=1) instead. To get a de-fragmented frame, use `newframe = frame.copy()`
  oo[c] = o[c].astype(float)
/home/yarin.b/projects/excel_magic/vfd-agent/vfd/tabular.py:15: PerformanceWarning: DataFrame is highly fragmented.  This is usually the result of calling `frame.insert` many times, which has poor performance.  Consider joining all columns at once using pd.concat(axis=1) instead. To get a de-fragmented frame, use `newframe = frame.copy()`
  out_tr[c] = s.astype(float)
/home/yarin.b/projects/excel_magic/vfd-agent/vfd/tabular.py:17: PerformanceWarning: DataFrame is highly fragmented.  This is usually the result of calling `frame.insert` many times, which has poor performance.  Consider joining all columns at once using pd.concat(axis=1) instead. To get a de-fragmented frame, use `newframe = frame.copy()`
  oo[c] = o[c].astype(float)
/home/yarin.b/projects/excel_magic/vfd-agent/vfd/tabular.py:15: PerformanceWarning: DataFrame is highly fragmented.  This is usually the result of calling `frame.insert` many times, which has poor performance.  Consider joining all columns at once using pd.concat(axis=1) instead. To get a de-fragmented frame, use `newframe = frame.copy()`
  out_tr[c] = s.astype(float)
/home/yarin.b/projects/excel_magic/vfd-agent/vfd/tabular.py:17: PerformanceWarning: DataFrame is highly fragmented.  This is usually the result of calling `frame.insert` many times, which has poor performance.  Consider joining all columns at once using pd.concat(axis=1) instead. To get a de-fragmented frame, use `newframe = frame.copy()`
  oo[c] = o[c].astype(float)
/home/yarin.b/projects/excel_magic/vfd-agent/vfd/tabular.py:15: PerformanceWarning: DataFrame is highly fragmented.  This is usually the result of calling `frame.insert` many times, which has poor performance.  Consider joining all columns at once using pd.concat(axis=1) instead. To get a de-fragmented frame, use `newframe = frame.copy()`
  out_tr[c] = s.astype(float)
/home/yarin.b/projects/excel_magic/vfd-agent/vfd/tabular.py:17: PerformanceWarning: DataFrame is highly fragmented.  This is usually the result of calling `frame.insert` many times, which has poor performance.  Consider joining all columns at once using pd.concat(axis=1) instead. To get a de-fragmented frame, use `newframe = frame.copy()`
  oo[c] = o[c].astype(float)
/home/yarin.b/projects/excel_magic/vfd-agent/vfd/tabular.py:15: PerformanceWarning: DataFrame is highly fragmented.  This is usually the result of calling `frame.insert` many times, which has poor performance.  Consider joining all columns at once using pd.concat(axis=1) instead. To get a de-fragmented frame, use `newframe = frame.copy()`
  out_tr[c] = s.astype(float)
/home/yarin.b/projects/excel_magic/vfd-agent/vfd/tabular.py:17: PerformanceWarning: DataFrame is highly fragmented.  This is usually the result of calling `frame.insert` many times, which has poor performance.  Consider joining all columns at once using pd.concat(axis=1) instead. To get a de-fragmented frame, use `newframe = frame.copy()`
  oo[c] = o[c].astype(float)
/home/yarin.b/projects/excel_magic/vfd-agent/vfd/tabular.py:15: PerformanceWarning: DataFrame is highly fragmented.  This is usually the result of calling `frame.insert` many times, which has poor performance.  Consider joining all columns at once using pd.concat(axis=1) instead. To get a de-fragmented frame, use `newframe = frame.copy()`
  out_tr[c] = s.astype(float)
/home/yarin.b/projects/excel_magic/vfd-agent/vfd/tabular.py:17: PerformanceWarning: DataFrame is highly fragmented.  This is usually the result of calling `frame.insert` many times, which has poor performance.  Consider joining all columns at once using pd.concat(axis=1) instead. To get a de-fragmented frame, use `newframe = frame.copy()`
  oo[c] = o[c].astype(float)
/home/yarin.b/projects/excel_magic/vfd-agent/vfd/tabular.py:15: PerformanceWarning: DataFrame is highly fragmented.  This is usually the result of calling `frame.insert` many times, which has poor performance.  Consider joining all columns at once using pd.concat(axis=1) instead. To get a de-fragmented frame, use `newframe = frame.copy()`
  out_tr[c] = s.astype(float)
/home/yarin.b/projects/excel_magic/vfd-agent/vfd/tabular.py:17: PerformanceWarning: DataFrame is highly fragmented.  This is usually the result of calling `frame.insert` many times, which has poor performance.  Consider joining all columns at once using pd.concat(axis=1) instead. To get a de-fragmented frame, use `newframe = frame.copy()`
  oo[c] = o[c].astype(float)
/home/yarin.b/projects/excel_magic/vfd-agent/vfd/tabular.py:15: PerformanceWarning: DataFrame is highly fragmented.  This is usually the result of calling `frame.insert` many times, which has poor performance.  Consider joining all columns at once using pd.concat(axis=1) instead. To get a de-fragmented frame, use `newframe = frame.copy()`
  out_tr[c] = s.astype(float)
/home/yarin.b/projects/excel_magic/vfd-agent/vfd/tabular.py:17: PerformanceWarning: DataFrame is highly fragmented.  This is usually the result of calling `frame.insert` many times, which has poor performance.  Consider joining all columns at once using pd.concat(axis=1) instead. To get a de-fragmented frame, use `newframe = frame.copy()`
  oo[c] = o[c].astype(float)
/home/yarin.b/projects/excel_magic/vfd-agent/vfd/tabular.py:15: PerformanceWarning: DataFrame is highly fragmented.  This is usually the result of calling `frame.insert` many times, which has poor performance.  Consider joining all columns at once using pd.concat(axis=1) instead. To get a de-fragmented frame, use `newframe = frame.copy()`
  out_tr[c] = s.astype(float)
/home/yarin.b/projects/excel_magic/vfd-agent/vfd/tabular.py:17: PerformanceWarning: DataFrame is highly fragmented.  This is usually the result of calling `frame.insert` many times, which has poor performance.  Consider joining all columns at once using pd.concat(axis=1) instead. To get a de-fragmented frame, use `newframe = frame.copy()`
  oo[c] = o[c].astype(float)
/home/yarin.b/projects/excel_magic/vfd-agent/vfd/tabular.py:15: PerformanceWarning: DataFrame is highly fragmented.  This is usually the result of calling `frame.insert` many times, which has poor performance.  Consider joining all columns at once using pd.concat(axis=1) instead. To get a de-fragmented frame, use `newframe = frame.copy()`
  out_tr[c] = s.astype(float)
/home/yarin.b/projects/excel_magic/vfd-agent/vfd/tabular.py:17: PerformanceWarning: DataFrame is highly fragmented.  This is usually the result of calling `frame.insert` many times, which has poor performance.  Consider joining all columns at once using pd.concat(axis=1) instead. To get a de-fragmented frame, use `newframe = frame.copy()`
  oo[c] = o[c].astype(float)
/home/yarin.b/projects/excel_magic/vfd-agent/vfd/tabular.py:15: PerformanceWarning: DataFrame is highly fragmented.  This is usually the result of calling `frame.insert` many times, which has poor performance.  Consider joining all columns at once using pd.concat(axis=1) instead. To get a de-fragmented frame, use `newframe = frame.copy()`
  out_tr[c] = s.astype(float)
/home/yarin.b/projects/excel_magic/vfd-agent/vfd/tabular.py:17: PerformanceWarning: DataFrame is highly fragmented.  This is usually the result of calling `frame.insert` many times, which has poor performance.  Consider joining all columns at once using pd.concat(axis=1) instead. To get a de-fragmented frame, use `newframe = frame.copy()`
  oo[c] = o[c].astype(float)
/home/yarin.b/projects/excel_magic/vfd-agent/vfd/tabular.py:15: PerformanceWarning: DataFrame is highly fragmented.  This is usually the result of calling `frame.insert` many times, which has poor performance.  Consider joining all columns at once using pd.concat(axis=1) instead. To get a de-fragmented frame, use `newframe = frame.copy()`
  out_tr[c] = s.astype(float)
/home/yarin.b/projects/excel_magic/vfd-agent/vfd/tabular.py:17: PerformanceWarning: DataFrame is highly fragmented.  This is usually the result of calling `frame.insert` many times, which has poor performance.  Consider joining all columns at once using pd.concat(axis=1) instead. To get a de-fragmented frame, use `newframe = frame.copy()`
  oo[c] = o[c].astype(float)
/home/yarin.b/projects/excel_magic/vfd-agent/vfd/tabular.py:15: PerformanceWarning: DataFrame is highly fragmented.  This is usually the result of calling `frame.insert` many times, which has poor performance.  Consider joining all columns at once using pd.concat(axis=1) instead. To get a de-fragmented frame, use `newframe = frame.copy()`
  out_tr[c] = s.astype(float)
/home/yarin.b/projects/excel_magic/vfd-agent/vfd/tabular.py:17: PerformanceWarning: DataFrame is highly fragmented.  This is usually the result of calling `frame.insert` many times, which has poor performance.  Consider joining all columns at once using pd.concat(axis=1) instead. To get a de-fragmented frame, use `newframe = frame.copy()`
  oo[c] = o[c].astype(float)
/home/yarin.b/projects/excel_magic/vfd-agent/vfd/tabular.py:15: PerformanceWarning: DataFrame is highly fragmented.  This is usually the result of calling `frame.insert` many times, which has poor performance.  Consider joining all columns at once using pd.concat(axis=1) instead. To get a de-fragmented frame, use `newframe = frame.copy()`
  out_tr[c] = s.astype(float)
/home/yarin.b/projects/excel_magic/vfd-agent/vfd/tabular.py:17: PerformanceWarning: DataFrame is highly fragmented.  This is usually the result of calling `frame.insert` many times, which has poor performance.  Consider joining all columns at once using pd.concat(axis=1) instead. To get a de-fragmented frame, use `newframe = frame.copy()`
  oo[c] = o[c].astype(float)
/home/yarin.b/projects/excel_magic/vfd-agent/vfd/tabular.py:15: PerformanceWarning: DataFrame is highly fragmented.  This is usually the result of calling `frame.insert` many times, which has poor performance.  Consider joining all columns at once using pd.concat(axis=1) instead. To get a de-fragmented frame, use `newframe = frame.copy()`
  out_tr[c] = s.astype(float)
/home/yarin.b/projects/excel_magic/vfd-agent/vfd/tabular.py:17: PerformanceWarning: DataFrame is highly fragmented.  This is usually the result of calling `frame.insert` many times, which has poor performance.  Consider joining all columns at once using pd.concat(axis=1) instead. To get a de-fragmented frame, use `newframe = frame.copy()`
  oo[c] = o[c].astype(float)
/home/yarin.b/projects/excel_magic/vfd-agent/vfd/tabular.py:15: PerformanceWarning: DataFrame is highly fragmented.  This is usually the result of calling `frame.insert` many times, which has poor performance.  Consider joining all columns at once using pd.concat(axis=1) instead. To get a de-fragmented frame, use `newframe = frame.copy()`
  out_tr[c] = s.astype(float)
/home/yarin.b/projects/excel_magic/vfd-agent/vfd/tabular.py:17: PerformanceWarning: DataFrame is highly fragmented.  This is usually the result of calling `frame.insert` many times, which has poor performance.  Consider joining all columns at once using pd.concat(axis=1) instead. To get a de-fragmented frame, use `newframe = frame.copy()`
  oo[c] = o[c].astype(float)
/home/yarin.b/projects/excel_magic/vfd-agent/vfd/tabular.py:15: PerformanceWarning: DataFrame is highly fragmented.  This is usually the result of calling `frame.insert` many times, which has poor performance.  Consider joining all columns at once using pd.concat(axis=1) instead. To get a de-fragmented frame, use `newframe = frame.copy()`
  out_tr[c] = s.astype(float)
/home/yarin.b/projects/excel_magic/vfd-agent/vfd/tabular.py:17: PerformanceWarning: DataFrame is highly fragmented.  This is usually the result of calling `frame.insert` many times, which has poor performance.  Consider joining all columns at once using pd.concat(axis=1) instead. To get a de-fragmented frame, use `newframe = frame.copy()`
  oo[c] = o[c].astype(float)
/home/yarin.b/projects/excel_magic/vfd-agent/vfd/tabular.py:15: PerformanceWarning: DataFrame is highly fragmented.  This is usually the result of calling `frame.insert` many times, which has poor performance.  Consider joining all columns at once using pd.concat(axis=1) instead. To get a de-fragmented frame, use `newframe = frame.copy()`
  out_tr[c] = s.astype(float)
/home/yarin.b/projects/excel_magic/vfd-agent/vfd/tabular.py:17: PerformanceWarning: DataFrame is highly fragmented.  This is usually the result of calling `frame.insert` many times, which has poor performance.  Consider joining all columns at once using pd.concat(axis=1) instead. To get a de-fragmented frame, use `newframe = frame.copy()`
  oo[c] = o[c].astype(float)
/home/yarin.b/projects/excel_magic/vfd-agent/vfd/tabular.py:15: PerformanceWarning: DataFrame is highly fragmented.  This is usually the result of calling `frame.insert` many times, which has poor performance.  Consider joining all columns at once using pd.concat(axis=1) instead. To get a de-fragmented frame, use `newframe = frame.copy()`
  out_tr[c] = s.astype(float)
/home/yarin.b/projects/excel_magic/vfd-agent/vfd/tabular.py:17: PerformanceWarning: DataFrame is highly fragmented.  This is usually the result of calling `frame.insert` many times, which has poor performance.  Consider joining all columns at once using pd.concat(axis=1) instead. To get a de-fragmented frame, use `newframe = frame.copy()`
  oo[c] = o[c].astype(float)
/home/yarin.b/projects/excel_magic/vfd-agent/vfd/tabular.py:15: PerformanceWarning: DataFrame is highly fragmented.  This is usually the result of calling `frame.insert` many times, which has poor performance.  Consider joining all columns at once using pd.concat(axis=1) instead. To get a de-fragmented frame, use `newframe = frame.copy()`
  out_tr[c] = s.astype(float)
/home/yarin.b/projects/excel_magic/vfd-agent/vfd/tabular.py:17: PerformanceWarning: DataFrame is highly fragmented.  This is usually the result of calling `frame.insert` many times, which has poor performance.  Consider joining all columns at once using pd.concat(axis=1) instead. To get a de-fragmented frame, use `newframe = frame.copy()`
  oo[c] = o[c].astype(float)
/home/yarin.b/projects/excel_magic/vfd-agent/vfd/tabular.py:15: PerformanceWarning: DataFrame is highly fragmented.  This is usually the result of calling `frame.insert` many times, which has poor performance.  Consider joining all columns at once using pd.concat(axis=1) instead. To get a de-fragmented frame, use `newframe = frame.copy()`
  out_tr[c] = s.astype(float)
/home/yarin.b/projects/excel_magic/vfd-agent/vfd/tabular.py:17: PerformanceWarning: DataFrame is highly fragmented.  This is usually the result of calling `frame.insert` many times, which has poor performance.  Consider joining all columns at once using pd.concat(axis=1) instead. To get a de-fragmented frame, use `newframe = frame.copy()`
  oo[c] = o[c].astype(float)
/home/yarin.b/projects/excel_magic/vfd-agent/vfd/tabular.py:15: PerformanceWarning: DataFrame is highly fragmented.  This is usually the result of calling `frame.insert` many times, which has poor performance.  Consider joining all columns at once using pd.concat(axis=1) instead. To get a de-fragmented frame, use `newframe = frame.copy()`
  out_tr[c] = s.astype(float)
/home/yarin.b/projects/excel_magic/vfd-agent/vfd/tabular.py:17: PerformanceWarning: DataFrame is highly fragmented.  This is usually the result of calling `frame.insert` many times, which has poor performance.  Consider joining all columns at once using pd.concat(axis=1) instead. To get a de-fragmented frame, use `newframe = frame.copy()`
  oo[c] = o[c].astype(float)
/home/yarin.b/projects/excel_magic/vfd-agent/vfd/tabular.py:15: PerformanceWarning: DataFrame is highly fragmented.  This is usually the result of calling `frame.insert` many times, which has poor performance.  Consider joining all columns at once using pd.concat(axis=1) instead. To get a de-fragmented frame, use `newframe = frame.copy()`
  out_tr[c] = s.astype(float)
/home/yarin.b/projects/excel_magic/vfd-agent/vfd/tabular.py:17: PerformanceWarning: DataFrame is highly fragmented.  This is usually the result of calling `frame.insert` many times, which has poor performance.  Consider joining all columns at once using pd.concat(axis=1) instead. To get a de-fragmented frame, use `newframe = frame.copy()`
  oo[c] = o[c].astype(float)
/home/yarin.b/projects/excel_magic/vfd-agent/vfd/tabular.py:15: PerformanceWarning: DataFrame is highly fragmented.  This is usually the result of calling `frame.insert` many times, which has poor performance.  Consider joining all columns at once using pd.concat(axis=1) instead. To get a de-fragmented frame, use `newframe = frame.copy()`
  out_tr[c] = s.astype(float)
/home/yarin.b/projects/excel_magic/vfd-agent/vfd/tabular.py:17: PerformanceWarning: DataFrame is highly fragmented.  This is usually the result of calling `frame.insert` many times, which has poor performance.  Consider joining all columns at once using pd.concat(axis=1) instead. To get a de-fragmented frame, use `newframe = frame.copy()`
  oo[c] = o[c].astype(float)
/home/yarin.b/projects/excel_magic/vfd-agent/vfd/tabular.py:15: PerformanceWarning: DataFrame is highly fragmented.  This is usually the result of calling `frame.insert` many times, which has poor performance.  Consider joining all columns at once using pd.concat(axis=1) instead. To get a de-fragmented frame, use `newframe = frame.copy()`
  out_tr[c] = s.astype(float)
/home/yarin.b/projects/excel_magic/vfd-agent/vfd/tabular.py:17: PerformanceWarning: DataFrame is highly fragmented.  This is usually the result of calling `frame.insert` many times, which has poor performance.  Consider joining all columns at once using pd.concat(axis=1) instead. To get a de-fragmented frame, use `newframe = frame.copy()`
  oo[c] = o[c].astype(float)
/home/yarin.b/projects/excel_magic/vfd-agent/vfd/tabular.py:15: PerformanceWarning: DataFrame is highly fragmented.  This is usually the result of calling `frame.insert` many times, which has poor performance.  Consider joining all columns at once using pd.concat(axis=1) instead. To get a de-fragmented frame, use `newframe = frame.copy()`
  out_tr[c] = s.astype(float)
/home/yarin.b/projects/excel_magic/vfd-agent/vfd/tabular.py:17: PerformanceWarning: DataFrame is highly fragmented.  This is usually the result of calling `frame.insert` many times, which has poor performance.  Consider joining all columns at once using pd.concat(axis=1) instead. To get a de-fragmented frame, use `newframe = frame.copy()`
  oo[c] = o[c].astype(float)
/home/yarin.b/projects/excel_magic/vfd-agent/vfd/tabular.py:15: PerformanceWarning: DataFrame is highly fragmented.  This is usually the result of calling `frame.insert` many times, which has poor performance.  Consider joining all columns at once using pd.concat(axis=1) instead. To get a de-fragmented frame, use `newframe = frame.copy()`
  out_tr[c] = s.astype(float)
/home/yarin.b/projects/excel_magic/vfd-agent/vfd/tabular.py:17: PerformanceWarning: DataFrame is highly fragmented.  This is usually the result of calling `frame.insert` many times, which has poor performance.  Consider joining all columns at once using pd.concat(axis=1) instead. To get a de-fragmented frame, use `newframe = frame.copy()`
  oo[c] = o[c].astype(float)
/home/yarin.b/projects/excel_magic/vfd-agent/vfd/tabular.py:15: PerformanceWarning: DataFrame is highly fragmented.  This is usually the result of calling `frame.insert` many times, which has poor performance.  Consider joining all columns at once using pd.concat(axis=1) instead. To get a de-fragmented frame, use `newframe = frame.copy()`
  out_tr[c] = s.astype(float)
/home/yarin.b/projects/excel_magic/vfd-agent/vfd/tabular.py:17: PerformanceWarning: DataFrame is highly fragmented.  This is usually the result of calling `frame.insert` many times, which has poor performance.  Consider joining all columns at once using pd.concat(axis=1) instead. To get a de-fragmented frame, use `newframe = frame.copy()`
  oo[c] = o[c].astype(float)
/home/yarin.b/projects/excel_magic/vfd-agent/vfd/tabular.py:15: PerformanceWarning: DataFrame is highly fragmented.  This is usually the result of calling `frame.insert` many times, which has poor performance.  Consider joining all columns at once using pd.concat(axis=1) instead. To get a de-fragmented frame, use `newframe = frame.copy()`
  out_tr[c] = s.astype(float)
/home/yarin.b/projects/excel_magic/vfd-agent/vfd/tabular.py:17: PerformanceWarning: DataFrame is highly fragmented.  This is usually the result of calling `frame.insert` many times, which has poor performance.  Consider joining all columns at once using pd.concat(axis=1) instead. To get a de-fragmented frame, use `newframe = frame.copy()`
  oo[c] = o[c].astype(float)
/home/yarin.b/projects/excel_magic/vfd-agent/vfd/tabular.py:15: PerformanceWarning: DataFrame is highly fragmented.  This is usually the result of calling `frame.insert` many times, which has poor performance.  Consider joining all columns at once using pd.concat(axis=1) instead. To get a de-fragmented frame, use `newframe = frame.copy()`
  out_tr[c] = s.astype(float)
/home/yarin.b/projects/excel_magic/vfd-agent/vfd/tabular.py:17: PerformanceWarning: DataFrame is highly fragmented.  This is usually the result of calling `frame.insert` many times, which has poor performance.  Consider joining all columns at once using pd.concat(axis=1) instead. To get a de-fragmented frame, use `newframe = frame.copy()`
  oo[c] = o[c].astype(float)
/home/yarin.b/projects/excel_magic/vfd-agent/vfd/tabular.py:15: PerformanceWarning: DataFrame is highly fragmented.  This is usually the result of calling `frame.insert` many times, which has poor performance.  Consider joining all columns at once using pd.concat(axis=1) instead. To get a de-fragmented frame, use `newframe = frame.copy()`
  out_tr[c] = s.astype(float)
/home/yarin.b/projects/excel_magic/vfd-agent/vfd/tabular.py:17: PerformanceWarning: DataFrame is highly fragmented.  This is usually the result of calling `frame.insert` many times, which has poor performance.  Consider joining all columns at once using pd.concat(axis=1) instead. To get a de-fragmented frame, use `newframe = frame.copy()`
  oo[c] = o[c].astype(float)
/home/yarin.b/projects/excel_magic/vfd-agent/vfd/tabular.py:15: PerformanceWarning: DataFrame is highly fragmented.  This is usually the result of calling `frame.insert` many times, which has poor performance.  Consider joining all columns at once using pd.concat(axis=1) instead. To get a de-fragmented frame, use `newframe = frame.copy()`
  out_tr[c] = s.astype(float)
/home/yarin.b/projects/excel_magic/vfd-agent/vfd/tabular.py:17: PerformanceWarning: DataFrame is highly fragmented.  This is usually the result of calling `frame.insert` many times, which has poor performance.  Consider joining all columns at once using pd.concat(axis=1) instead. To get a de-fragmented frame, use `newframe = frame.copy()`
  oo[c] = o[c].astype(float)
/home/yarin.b/projects/excel_magic/vfd-agent/vfd/tabular.py:15: PerformanceWarning: DataFrame is highly fragmented.  This is usually the result of calling `frame.insert` many times, which has poor performance.  Consider joining all columns at once using pd.concat(axis=1) instead. To get a de-fragmented frame, use `newframe = frame.copy()`
  out_tr[c] = s.astype(float)
/home/yarin.b/projects/excel_magic/vfd-agent/vfd/tabular.py:17: PerformanceWarning: DataFrame is highly fragmented.  This is usually the result of calling `frame.insert` many times, which has poor performance.  Consider joining all columns at once using pd.concat(axis=1) instead. To get a de-fragmented frame, use `newframe = frame.copy()`
  oo[c] = o[c].astype(float)
/home/yarin.b/projects/excel_magic/vfd-agent/vfd/tabular.py:15: PerformanceWarning: DataFrame is highly fragmented.  This is usually the result of calling `frame.insert` many times, which has poor performance.  Consider joining all columns at once using pd.concat(axis=1) instead. To get a de-fragmented frame, use `newframe = frame.copy()`
  out_tr[c] = s.astype(float)
/home/yarin.b/projects/excel_magic/vfd-agent/vfd/tabular.py:17: PerformanceWarning: DataFrame is highly fragmented.  This is usually the result of calling `frame.insert` many times, which has poor performance.  Consider joining all columns at once using pd.concat(axis=1) instead. To get a de-fragmented frame, use `newframe = frame.copy()`
  oo[c] = o[c].astype(float)
/home/yarin.b/projects/excel_magic/vfd-agent/vfd/tabular.py:15: PerformanceWarning: DataFrame is highly fragmented.  This is usually the result of calling `frame.insert` many times, which has poor performance.  Consider joining all columns at once using pd.concat(axis=1) instead. To get a de-fragmented frame, use `newframe = frame.copy()`
  out_tr[c] = s.astype(float)
/home/yarin.b/projects/excel_magic/vfd-agent/vfd/tabular.py:17: PerformanceWarning: DataFrame is highly fragmented.  This is usually the result of calling `frame.insert` many times, which has poor performance.  Consider joining all columns at once using pd.concat(axis=1) instead. To get a de-fragmented frame, use `newframe = frame.copy()`
  oo[c] = o[c].astype(float)
/home/yarin.b/projects/excel_magic/vfd-agent/vfd/tabular.py:15: PerformanceWarning: DataFrame is highly fragmented.  This is usually the result of calling `frame.insert` many times, which has poor performance.  Consider joining all columns at once using pd.concat(axis=1) instead. To get a de-fragmented frame, use `newframe = frame.copy()`
  out_tr[c] = s.astype(float)
/home/yarin.b/projects/excel_magic/vfd-agent/vfd/tabular.py:17: PerformanceWarning: DataFrame is highly fragmented.  This is usually the result of calling `frame.insert` many times, which has poor performance.  Consider joining all columns at once using pd.concat(axis=1) instead. To get a de-fragmented frame, use `newframe = frame.copy()`
  oo[c] = o[c].astype(float)
/home/yarin.b/projects/excel_magic/vfd-agent/vfd/tabular.py:15: PerformanceWarning: DataFrame is highly fragmented.  This is usually the result of calling `frame.insert` many times, which has poor performance.  Consider joining all columns at once using pd.concat(axis=1) instead. To get a de-fragmented frame, use `newframe = frame.copy()`
  out_tr[c] = s.astype(float)
/home/yarin.b/projects/excel_magic/vfd-agent/vfd/tabular.py:17: PerformanceWarning: DataFrame is highly fragmented.  This is usually the result of calling `frame.insert` many times, which has poor performance.  Consider joining all columns at once using pd.concat(axis=1) instead. To get a de-fragmented frame, use `newframe = frame.copy()`
  oo[c] = o[c].astype(float)
/home/yarin.b/projects/excel_magic/vfd-agent/vfd/tabular.py:15: PerformanceWarning: DataFrame is highly fragmented.  This is usually the result of calling `frame.insert` many times, which has poor performance.  Consider joining all columns at once using pd.concat(axis=1) instead. To get a de-fragmented frame, use `newframe = frame.copy()`
  out_tr[c] = s.astype(float)
/home/yarin.b/projects/excel_magic/vfd-agent/vfd/tabular.py:17: PerformanceWarning: DataFrame is highly fragmented.  This is usually the result of calling `frame.insert` many times, which has poor performance.  Consider joining all columns at once using pd.concat(axis=1) instead. To get a de-fragmented frame, use `newframe = frame.copy()`
  oo[c] = o[c].astype(float)
/home/yarin.b/projects/excel_magic/vfd-agent/vfd/tabular.py:15: PerformanceWarning: DataFrame is highly fragmented.  This is usually the result of calling `frame.insert` many times, which has poor performance.  Consider joining all columns at once using pd.concat(axis=1) instead. To get a de-fragmented frame, use `newframe = frame.copy()`
  out_tr[c] = s.astype(float)
/home/yarin.b/projects/excel_magic/vfd-agent/vfd/tabular.py:17: PerformanceWarning: DataFrame is highly fragmented.  This is usually the result of calling `frame.insert` many times, which has poor performance.  Consider joining all columns at once using pd.concat(axis=1) instead. To get a de-fragmented frame, use `newframe = frame.copy()`
  oo[c] = o[c].astype(float)
/home/yarin.b/projects/excel_magic/vfd-agent/vfd/tabular.py:15: PerformanceWarning: DataFrame is highly fragmented.  This is usually the result of calling `frame.insert` many times, which has poor performance.  Consider joining all columns at once using pd.concat(axis=1) instead. To get a de-fragmented frame, use `newframe = frame.copy()`
  out_tr[c] = s.astype(float)
/home/yarin.b/projects/excel_magic/vfd-agent/vfd/tabular.py:17: PerformanceWarning: DataFrame is highly fragmented.  This is usually the result of calling `frame.insert` many times, which has poor performance.  Consider joining all columns at once using pd.concat(axis=1) instead. To get a de-fragmented frame, use `newframe = frame.copy()`
  oo[c] = o[c].astype(float)
/home/yarin.b/projects/excel_magic/vfd-agent/vfd/tabular.py:15: PerformanceWarning: DataFrame is highly fragmented.  This is usually the result of calling `frame.insert` many times, which has poor performance.  Consider joining all columns at once using pd.concat(axis=1) instead. To get a de-fragmented frame, use `newframe = frame.copy()`
  out_tr[c] = s.astype(float)
/home/yarin.b/projects/excel_magic/vfd-agent/vfd/tabular.py:17: PerformanceWarning: DataFrame is highly fragmented.  This is usually the result of calling `frame.insert` many times, which has poor performance.  Consider joining all columns at once using pd.concat(axis=1) instead. To get a de-fragmented frame, use `newframe = frame.copy()`
  oo[c] = o[c].astype(float)
/home/yarin.b/projects/excel_magic/vfd-agent/vfd/tabular.py:15: PerformanceWarning: DataFrame is highly fragmented.  This is usually the result of calling `frame.insert` many times, which has poor performance.  Consider joining all columns at once using pd.concat(axis=1) instead. To get a de-fragmented frame, use `newframe = frame.copy()`
  out_tr[c] = s.astype(float)
/home/yarin.b/projects/excel_magic/vfd-agent/vfd/tabular.py:17: PerformanceWarning: DataFrame is highly fragmented.  This is usually the result of calling `frame.insert` many times, which has poor performance.  Consider joining all columns at once using pd.concat(axis=1) instead. To get a de-fragmented frame, use `newframe = frame.copy()`
  oo[c] = o[c].astype(float)
/home/yarin.b/projects/excel_magic/vfd-agent/vfd/tabular.py:15: PerformanceWarning: DataFrame is highly fragmented.  This is usually the result of calling `frame.insert` many times, which has poor performance.  Consider joining all columns at once using pd.concat(axis=1) instead. To get a de-fragmented frame, use `newframe = frame.copy()`
  out_tr[c] = s.astype(float)
/home/yarin.b/projects/excel_magic/vfd-agent/vfd/tabular.py:17: PerformanceWarning: DataFrame is highly fragmented.  This is usually the result of calling `frame.insert` many times, which has poor performance.  Consider joining all columns at once using pd.concat(axis=1) instead. To get a de-fragmented frame, use `newframe = frame.copy()`
  oo[c] = o[c].astype(float)
/home/yarin.b/projects/excel_magic/vfd-agent/vfd/tabular.py:15: PerformanceWarning: DataFrame is highly fragmented.  This is usually the result of calling `frame.insert` many times, which has poor performance.  Consider joining all columns at once using pd.concat(axis=1) instead. To get a de-fragmented frame, use `newframe = frame.copy()`
  out_tr[c] = s.astype(float)
/home/yarin.b/projects/excel_magic/vfd-agent/vfd/tabular.py:17: PerformanceWarning: DataFrame is highly fragmented.  This is usually the result of calling `frame.insert` many times, which has poor performance.  Consider joining all columns at once using pd.concat(axis=1) instead. To get a de-fragmented frame, use `newframe = frame.copy()`
  oo[c] = o[c].astype(float)
/home/yarin.b/projects/excel_magic/vfd-agent/vfd/tabular.py:15: PerformanceWarning: DataFrame is highly fragmented.  This is usually the result of calling `frame.insert` many times, which has poor performance.  Consider joining all columns at once using pd.concat(axis=1) instead. To get a de-fragmented frame, use `newframe = frame.copy()`
  out_tr[c] = s.astype(float)
/home/yarin.b/projects/excel_magic/vfd-agent/vfd/tabular.py:17: PerformanceWarning: DataFrame is highly fragmented.  This is usually the result of calling `frame.insert` many times, which has poor performance.  Consider joining all columns at once using pd.concat(axis=1) instead. To get a de-fragmented frame, use `newframe = frame.copy()`
  oo[c] = o[c].astype(float)
/home/yarin.b/projects/excel_magic/vfd-agent/vfd/tabular.py:15: PerformanceWarning: DataFrame is highly fragmented.  This is usually the result of calling `frame.insert` many times, which has poor performance.  Consider joining all columns at once using pd.concat(axis=1) instead. To get a de-fragmented frame, use `newframe = frame.copy()`
  out_tr[c] = s.astype(float)
/home/yarin.b/projects/excel_magic/vfd-agent/vfd/tabular.py:17: PerformanceWarning: DataFrame is highly fragmented.  This is usually the result of calling `frame.insert` many times, which has poor performance.  Consider joining all columns at once using pd.concat(axis=1) instead. To get a de-fragmented frame, use `newframe = frame.copy()`
  oo[c] = o[c].astype(float)
/home/yarin.b/projects/excel_magic/vfd-agent/vfd/tabular.py:15: PerformanceWarning: DataFrame is highly fragmented.  This is usually the result of calling `frame.insert` many times, which has poor performance.  Consider joining all columns at once using pd.concat(axis=1) instead. To get a de-fragmented frame, use `newframe = frame.copy()`
  out_tr[c] = s.astype(float)
/home/yarin.b/projects/excel_magic/vfd-agent/vfd/tabular.py:17: PerformanceWarning: DataFrame is highly fragmented.  This is usually the result of calling `frame.insert` many times, which has poor performance.  Consider joining all columns at once using pd.concat(axis=1) instead. To get a de-fragmented frame, use `newframe = frame.copy()`
  oo[c] = o[c].astype(float)
/home/yarin.b/projects/excel_magic/vfd-agent/vfd/tabular.py:15: PerformanceWarning: DataFrame is highly fragmented.  This is usually the result of calling `frame.insert` many times, which has poor performance.  Consider joining all columns at once using pd.concat(axis=1) instead. To get a de-fragmented frame, use `newframe = frame.copy()`
  out_tr[c] = s.astype(float)
/home/yarin.b/projects/excel_magic/vfd-agent/vfd/tabular.py:17: PerformanceWarning: DataFrame is highly fragmented.  This is usually the result of calling `frame.insert` many times, which has poor performance.  Consider joining all columns at once using pd.concat(axis=1) instead. To get a de-fragmented frame, use `newframe = frame.copy()`
  oo[c] = o[c].astype(float)
/home/yarin.b/projects/excel_magic/vfd-agent/vfd/tabular.py:15: PerformanceWarning: DataFrame is highly fragmented.  This is usually the result of calling `frame.insert` many times, which has poor performance.  Consider joining all columns at once using pd.concat(axis=1) instead. To get a de-fragmented frame, use `newframe = frame.copy()`
  out_tr[c] = s.astype(float)
/home/yarin.b/projects/excel_magic/vfd-agent/vfd/tabular.py:17: PerformanceWarning: DataFrame is highly fragmented.  This is usually the result of calling `frame.insert` many times, which has poor performance.  Consider joining all columns at once using pd.concat(axis=1) instead. To get a de-fragmented frame, use `newframe = frame.copy()`
  oo[c] = o[c].astype(float)
/home/yarin.b/projects/excel_magic/vfd-agent/vfd/tabular.py:15: PerformanceWarning: DataFrame is highly fragmented.  This is usually the result of calling `frame.insert` many times, which has poor performance.  Consider joining all columns at once using pd.concat(axis=1) instead. To get a de-fragmented frame, use `newframe = frame.copy()`
  out_tr[c] = s.astype(float)
/home/yarin.b/projects/excel_magic/vfd-agent/vfd/tabular.py:17: PerformanceWarning: DataFrame is highly fragmented.  This is usually the result of calling `frame.insert` many times, which has poor performance.  Consider joining all columns at once using pd.concat(axis=1) instead. To get a de-fragmented frame, use `newframe = frame.copy()`
  oo[c] = o[c].astype(float)
/home/yarin.b/projects/excel_magic/vfd-agent/vfd/tabular.py:15: PerformanceWarning: DataFrame is highly fragmented.  This is usually the result of calling `frame.insert` many times, which has poor performance.  Consider joining all columns at once using pd.concat(axis=1) instead. To get a de-fragmented frame, use `newframe = frame.copy()`
  out_tr[c] = s.astype(float)
/home/yarin.b/projects/excel_magic/vfd-agent/vfd/tabular.py:17: PerformanceWarning: DataFrame is highly fragmented.  This is usually the result of calling `frame.insert` many times, which has poor performance.  Consider joining all columns at once using pd.concat(axis=1) instead. To get a de-fragmented frame, use `newframe = frame.copy()`
  oo[c] = o[c].astype(float)
/home/yarin.b/projects/excel_magic/vfd-agent/vfd/tabular.py:15: PerformanceWarning: DataFrame is highly fragmented.  This is usually the result of calling `frame.insert` many times, which has poor performance.  Consider joining all columns at once using pd.concat(axis=1) instead. To get a de-fragmented frame, use `newframe = frame.copy()`
  out_tr[c] = s.astype(float)
/home/yarin.b/projects/excel_magic/vfd-agent/vfd/tabular.py:17: PerformanceWarning: DataFrame is highly fragmented.  This is usually the result of calling `frame.insert` many times, which has poor performance.  Consider joining all columns at once using pd.concat(axis=1) instead. To get a de-fragmented frame, use `newframe = frame.copy()`
  oo[c] = o[c].astype(float)
/home/yarin.b/projects/excel_magic/vfd-agent/vfd/tabular.py:15: PerformanceWarning: DataFrame is highly fragmented.  This is usually the result of calling `frame.insert` many times, which has poor performance.  Consider joining all columns at once using pd.concat(axis=1) instead. To get a de-fragmented frame, use `newframe = frame.copy()`
  out_tr[c] = s.astype(float)
/home/yarin.b/projects/excel_magic/vfd-agent/vfd/tabular.py:17: PerformanceWarning: DataFrame is highly fragmented.  This is usually the result of calling `frame.insert` many times, which has poor performance.  Consider joining all columns at once using pd.concat(axis=1) instead. To get a de-fragmented frame, use `newframe = frame.copy()`
  oo[c] = o[c].astype(float)
/home/yarin.b/projects/excel_magic/vfd-agent/vfd/tabular.py:15: PerformanceWarning: DataFrame is highly fragmented.  This is usually the result of calling `frame.insert` many times, which has poor performance.  Consider joining all columns at once using pd.concat(axis=1) instead. To get a de-fragmented frame, use `newframe = frame.copy()`
  out_tr[c] = s.astype(float)
/home/yarin.b/projects/excel_magic/vfd-agent/vfd/tabular.py:17: PerformanceWarning: DataFrame is highly fragmented.  This is usually the result of calling `frame.insert` many times, which has poor performance.  Consider joining all columns at once using pd.concat(axis=1) instead. To get a de-fragmented frame, use `newframe = frame.copy()`
  oo[c] = o[c].astype(float)
/home/yarin.b/projects/excel_magic/vfd-agent/vfd/tabular.py:15: PerformanceWarning: DataFrame is highly fragmented.  This is usually the result of calling `frame.insert` many times, which has poor performance.  Consider joining all columns at once using pd.concat(axis=1) instead. To get a de-fragmented frame, use `newframe = frame.copy()`
  out_tr[c] = s.astype(float)
/home/yarin.b/projects/excel_magic/vfd-agent/vfd/tabular.py:17: PerformanceWarning: DataFrame is highly fragmented.  This is usually the result of calling `frame.insert` many times, which has poor performance.  Consider joining all columns at once using pd.concat(axis=1) instead. To get a de-fragmented frame, use `newframe = frame.copy()`
  oo[c] = o[c].astype(float)
/home/yarin.b/projects/excel_magic/vfd-agent/vfd/tabular.py:15: PerformanceWarning: DataFrame is highly fragmented.  This is usually the result of calling `frame.insert` many times, which has poor performance.  Consider joining all columns at once using pd.concat(axis=1) instead. To get a de-fragmented frame, use `newframe = frame.copy()`
  out_tr[c] = s.astype(float)
/home/yarin.b/projects/excel_magic/vfd-agent/vfd/tabular.py:17: PerformanceWarning: DataFrame is highly fragmented.  This is usually the result of calling `frame.insert` many times, which has poor performance.  Consider joining all columns at once using pd.concat(axis=1) instead. To get a de-fragmented frame, use `newframe = frame.copy()`
  oo[c] = o[c].astype(float)
/home/yarin.b/projects/excel_magic/vfd-agent/vfd/tabular.py:15: PerformanceWarning: DataFrame is highly fragmented.  This is usually the result of calling `frame.insert` many times, which has poor performance.  Consider joining all columns at once using pd.concat(axis=1) instead. To get a de-fragmented frame, use `newframe = frame.copy()`
  out_tr[c] = s.astype(float)
/home/yarin.b/projects/excel_magic/vfd-agent/vfd/tabular.py:17: PerformanceWarning: DataFrame is highly fragmented.  This is usually the result of calling `frame.insert` many times, which has poor performance.  Consider joining all columns at once using pd.concat(axis=1) instead. To get a de-fragmented frame, use `newframe = frame.copy()`
  oo[c] = o[c].astype(float)
/home/yarin.b/projects/excel_magic/vfd-agent/vfd/tabular.py:15: PerformanceWarning: DataFrame is highly fragmented.  This is usually the result of calling `frame.insert` many times, which has poor performance.  Consider joining all columns at once using pd.concat(axis=1) instead. To get a de-fragmented frame, use `newframe = frame.copy()`
  out_tr[c] = s.astype(float)
/home/yarin.b/projects/excel_magic/vfd-agent/vfd/tabular.py:17: PerformanceWarning: DataFrame is highly fragmented.  This is usually the result of calling `frame.insert` many times, which has poor performance.  Consider joining all columns at once using pd.concat(axis=1) instead. To get a de-fragmented frame, use `newframe = frame.copy()`
  oo[c] = o[c].astype(float)
/home/yarin.b/projects/excel_magic/vfd-agent/vfd/tabular.py:15: PerformanceWarning: DataFrame is highly fragmented.  This is usually the result of calling `frame.insert` many times, which has poor performance.  Consider joining all columns at once using pd.concat(axis=1) instead. To get a de-fragmented frame, use `newframe = frame.copy()`
  out_tr[c] = s.astype(float)
/home/yarin.b/projects/excel_magic/vfd-agent/vfd/tabular.py:17: PerformanceWarning: DataFrame is highly fragmented.  This is usually the result of calling `frame.insert` many times, which has poor performance.  Consider joining all columns at once using pd.concat(axis=1) instead. To get a de-fragmented frame, use `newframe = frame.copy()`
  oo[c] = o[c].astype(float)
/home/yarin.b/projects/excel_magic/vfd-agent/vfd/tabular.py:15: PerformanceWarning: DataFrame is highly fragmented.  This is usually the result of calling `frame.insert` many times, which has poor performance.  Consider joining all columns at once using pd.concat(axis=1) instead. To get a de-fragmented frame, use `newframe = frame.copy()`
  out_tr[c] = s.astype(float)
/home/yarin.b/projects/excel_magic/vfd-agent/vfd/tabular.py:17: PerformanceWarning: DataFrame is highly fragmented.  This is usually the result of calling `frame.insert` many times, which has poor performance.  Consider joining all columns at once using pd.concat(axis=1) instead. To get a de-fragmented frame, use `newframe = frame.copy()`
  oo[c] = o[c].astype(float)
/home/yarin.b/projects/excel_magic/vfd-agent/vfd/tabular.py:15: PerformanceWarning: DataFrame is highly fragmented.  This is usually the result of calling `frame.insert` many times, which has poor performance.  Consider joining all columns at once using pd.concat(axis=1) instead. To get a de-fragmented frame, use `newframe = frame.copy()`
  out_tr[c] = s.astype(float)
/home/yarin.b/projects/excel_magic/vfd-agent/vfd/tabular.py:17: PerformanceWarning: DataFrame is highly fragmented.  This is usually the result of calling `frame.insert` many times, which has poor performance.  Consider joining all columns at once using pd.concat(axis=1) instead. To get a de-fragmented frame, use `newframe = frame.copy()`
  oo[c] = o[c].astype(float)
/home/yarin.b/projects/excel_magic/vfd-agent/vfd/tabular.py:15: PerformanceWarning: DataFrame is highly fragmented.  This is usually the result of calling `frame.insert` many times, which has poor performance.  Consider joining all columns at once using pd.concat(axis=1) instead. To get a de-fragmented frame, use `newframe = frame.copy()`
  out_tr[c] = s.astype(float)
/home/yarin.b/projects/excel_magic/vfd-agent/vfd/tabular.py:17: PerformanceWarning: DataFrame is highly fragmented.  This is usually the result of calling `frame.insert` many times, which has poor performance.  Consider joining all columns at once using pd.concat(axis=1) instead. To get a de-fragmented frame, use `newframe = frame.copy()`
  oo[c] = o[c].astype(float)
/home/yarin.b/projects/excel_magic/vfd-agent/vfd/tabular.py:15: PerformanceWarning: DataFrame is highly fragmented.  This is usually the result of calling `frame.insert` many times, which has poor performance.  Consider joining all columns at once using pd.concat(axis=1) instead. To get a de-fragmented frame, use `newframe = frame.copy()`
  out_tr[c] = s.astype(float)
/home/yarin.b/projects/excel_magic/vfd-agent/vfd/tabular.py:17: PerformanceWarning: DataFrame is highly fragmented.  This is usually the result of calling `frame.insert` many times, which has poor performance.  Consider joining all columns at once using pd.concat(axis=1) instead. To get a de-fragmented frame, use `newframe = frame.copy()`
  oo[c] = o[c].astype(float)
[evaluate] {'dataset': 'airbnb', 'variant': 'embed', 'model': 'kumo-tabular-l:n_estimators=4,device=cuda', 'metric': 'acc', 'value': 0.441, 'n_features': 284, 'seconds': 6.1, 'error': ''}
[evaluate] {'dataset': 'airbnb', 'variant': 'embed', 'model': 'tabpfn-2.5:n_estimators=4,device=cuda', 'metric': 'acc', 'value': 0.4195, 'n_features': 284, 'seconds': 5.9, 'error': ''}
[evaluate] {'dataset': 'airbnb', 'variant': 'embed', 'model': 'lightgbm', 'metric': 'acc', 'value': 0.3735, 'n_features': 284, 'seconds': 29.4, 'error': ''}
/home/yarin.b/projects/excel_magic/vfd-agent/vfd/tabular.py:15: PerformanceWarning: DataFrame is highly fragmented.  This is usually the result of calling `frame.insert` many times, which has poor performance.  Consider joining all columns at once using pd.concat(axis=1) instead. To get a de-fragmented frame, use `newframe = frame.copy()`
  out_tr[c] = s.astype(float)
/home/yarin.b/projects/excel_magic/vfd-agent/vfd/tabular.py:17: PerformanceWarning: DataFrame is highly fragmented.  This is usually the result of calling `frame.insert` many times, which has poor performance.  Consider joining all columns at once using pd.concat(axis=1) instead. To get a de-fragmented frame, use `newframe = frame.copy()`
  oo[c] = o[c].astype(float)
/home/yarin.b/projects/excel_magic/vfd-agent/vfd/tabular.py:15: PerformanceWarning: DataFrame is highly fragmented.  This is usually the result of calling `frame.insert` many times, which has poor performance.  Consider joining all columns at once using pd.concat(axis=1) instead. To get a de-fragmented frame, use `newframe = frame.copy()`
  out_tr[c] = s.astype(float)
/home/yarin.b/projects/excel_magic/vfd-agent/vfd/tabular.py:17: PerformanceWarning: DataFrame is highly fragmented.  This is usually the result of calling `frame.insert` many times, which has poor performance.  Consider joining all columns at once using pd.concat(axis=1) instead. To get a de-fragmented frame, use `newframe = frame.copy()`
  oo[c] = o[c].astype(float)
/home/yarin.b/projects/excel_magic/vfd-agent/vfd/tabular.py:15: PerformanceWarning: DataFrame is highly fragmented.  This is usually the result of calling `frame.insert` many times, which has poor performance.  Consider joining all columns at once using pd.concat(axis=1) instead. To get a de-fragmented frame, use `newframe = frame.copy()`
  out_tr[c] = s.astype(float)
/home/yarin.b/projects/excel_magic/vfd-agent/vfd/tabular.py:17: PerformanceWarning: DataFrame is highly fragmented.  This is usually the result of calling `frame.insert` many times, which has poor performance.  Consider joining all columns at once using pd.concat(axis=1) instead. To get a de-fragmented frame, use `newframe = frame.copy()`
  oo[c] = o[c].astype(float)
/home/yarin.b/projects/excel_magic/vfd-agent/vfd/tabular.py:15: PerformanceWarning: DataFrame is highly fragmented.  This is usually the result of calling `frame.insert` many times, which has poor performance.  Consider joining all columns at once using pd.concat(axis=1) instead. To get a de-fragmented frame, use `newframe = frame.copy()`
  out_tr[c] = s.astype(float)
/home/yarin.b/projects/excel_magic/vfd-agent/vfd/tabular.py:17: PerformanceWarning: DataFrame is highly fragmented.  This is usually the result of calling `frame.insert` many times, which has poor performance.  Consider joining all columns at once using pd.concat(axis=1) instead. To get a de-fragmented frame, use `newframe = frame.copy()`
  oo[c] = o[c].astype(float)
/home/yarin.b/projects/excel_magic/vfd-agent/vfd/tabular.py:15: PerformanceWarning: DataFrame is highly fragmented.  This is usually the result of calling `frame.insert` many times, which has poor performance.  Consider joining all columns at once using pd.concat(axis=1) instead. To get a de-fragmented frame, use `newframe = frame.copy()`
  out_tr[c] = s.astype(float)
/home/yarin.b/projects/excel_magic/vfd-agent/vfd/tabular.py:17: PerformanceWarning: DataFrame is highly fragmented.  This is usually the result of calling `frame.insert` many times, which has poor performance.  Consider joining all columns at once using pd.concat(axis=1) instead. To get a de-fragmented frame, use `newframe = frame.copy()`
  oo[c] = o[c].astype(float)
/home/yarin.b/projects/excel_magic/vfd-agent/vfd/tabular.py:15: PerformanceWarning: DataFrame is highly fragmented.  This is usually the result of calling `frame.insert` many times, which has poor performance.  Consider joining all columns at once using pd.concat(axis=1) instead. To get a de-fragmented frame, use `newframe = frame.copy()`
  out_tr[c] = s.astype(float)
/home/yarin.b/projects/excel_magic/vfd-agent/vfd/tabular.py:17: PerformanceWarning: DataFrame is highly fragmented.  This is usually the result of calling `frame.insert` many times, which has poor performance.  Consider joining all columns at once using pd.concat(axis=1) instead. To get a de-fragmented frame, use `newframe = frame.copy()`
  oo[c] = o[c].astype(float)
/home/yarin.b/projects/excel_magic/vfd-agent/vfd/tabular.py:15: PerformanceWarning: DataFrame is highly fragmented.  This is usually the result of calling `frame.insert` many times, which has poor performance.  Consider joining all columns at once using pd.concat(axis=1) instead. To get a de-fragmented frame, use `newframe = frame.copy()`
  out_tr[c] = s.astype(float)
/home/yarin.b/projects/excel_magic/vfd-agent/vfd/tabular.py:17: PerformanceWarning: DataFrame is highly fragmented.  This is usually the result of calling `frame.insert` many times, which has poor performance.  Consider joining all columns at once using pd.concat(axis=1) instead. To get a de-fragmented frame, use `newframe = frame.copy()`
  oo[c] = o[c].astype(float)
/home/yarin.b/projects/excel_magic/vfd-agent/vfd/tabular.py:15: PerformanceWarning: DataFrame is highly fragmented.  This is usually the result of calling `frame.insert` many times, which has poor performance.  Consider joining all columns at once using pd.concat(axis=1) instead. To get a de-fragmented frame, use `newframe = frame.copy()`
  out_tr[c] = s.astype(float)
/home/yarin.b/projects/excel_magic/vfd-agent/vfd/tabular.py:17: PerformanceWarning: DataFrame is highly fragmented.  This is usually the result of calling `frame.insert` many times, which has poor performance.  Consider joining all columns at once using pd.concat(axis=1) instead. To get a de-fragmented frame, use `newframe = frame.copy()`
  oo[c] = o[c].astype(float)
/home/yarin.b/projects/excel_magic/vfd-agent/vfd/tabular.py:15: PerformanceWarning: DataFrame is highly fragmented.  This is usually the result of calling `frame.insert` many times, which has poor performance.  Consider joining all columns at once using pd.concat(axis=1) instead. To get a de-fragmented frame, use `newframe = frame.copy()`
  out_tr[c] = s.astype(float)
/home/yarin.b/projects/excel_magic/vfd-agent/vfd/tabular.py:17: PerformanceWarning: DataFrame is highly fragmented.  This is usually the result of calling `frame.insert` many times, which has poor performance.  Consider joining all columns at once using pd.concat(axis=1) instead. To get a de-fragmented frame, use `newframe = frame.copy()`
  oo[c] = o[c].astype(float)
/home/yarin.b/projects/excel_magic/vfd-agent/vfd/tabular.py:15: PerformanceWarning: DataFrame is highly fragmented.  This is usually the result of calling `frame.insert` many times, which has poor performance.  Consider joining all columns at once using pd.concat(axis=1) instead. To get a de-fragmented frame, use `newframe = frame.copy()`
  out_tr[c] = s.astype(float)
/home/yarin.b/projects/excel_magic/vfd-agent/vfd/tabular.py:17: PerformanceWarning: DataFrame is highly fragmented.  This is usually the result of calling `frame.insert` many times, which has poor performance.  Consider joining all columns at once using pd.concat(axis=1) instead. To get a de-fragmented frame, use `newframe = frame.copy()`
  oo[c] = o[c].astype(float)
/home/yarin.b/projects/excel_magic/vfd-agent/vfd/tabular.py:15: PerformanceWarning: DataFrame is highly fragmented.  This is usually the result of calling `frame.insert` many times, which has poor performance.  Consider joining all columns at once using pd.concat(axis=1) instead. To get a de-fragmented frame, use `newframe = frame.copy()`
  out_tr[c] = s.astype(float)
/home/yarin.b/projects/excel_magic/vfd-agent/vfd/tabular.py:17: PerformanceWarning: DataFrame is highly fragmented.  This is usually the result of calling `frame.insert` many times, which has poor performance.  Consider joining all columns at once using pd.concat(axis=1) instead. To get a de-fragmented frame, use `newframe = frame.copy()`
  oo[c] = o[c].astype(float)
/home/yarin.b/projects/excel_magic/vfd-agent/vfd/tabular.py:15: PerformanceWarning: DataFrame is highly fragmented.  This is usually the result of calling `frame.insert` many times, which has poor performance.  Consider joining all columns at once using pd.concat(axis=1) instead. To get a de-fragmented frame, use `newframe = frame.copy()`
  out_tr[c] = s.astype(float)
/home/yarin.b/projects/excel_magic/vfd-agent/vfd/tabular.py:17: PerformanceWarning: DataFrame is highly fragmented.  This is usually the result of calling `frame.insert` many times, which has poor performance.  Consider joining all columns at once using pd.concat(axis=1) instead. To get a de-fragmented frame, use `newframe = frame.copy()`
  oo[c] = o[c].astype(float)
/home/yarin.b/projects/excel_magic/vfd-agent/vfd/tabular.py:15: PerformanceWarning: DataFrame is highly fragmented.  This is usually the result of calling `frame.insert` many times, which has poor performance.  Consider joining all columns at once using pd.concat(axis=1) instead. To get a de-fragmented frame, use `newframe = frame.copy()`
  out_tr[c] = s.astype(float)
/home/yarin.b/projects/excel_magic/vfd-agent/vfd/tabular.py:17: PerformanceWarning: DataFrame is highly fragmented.  This is usually the result of calling `frame.insert` many times, which has poor performance.  Consider joining all columns at once using pd.concat(axis=1) instead. To get a de-fragmented frame, use `newframe = frame.copy()`
  oo[c] = o[c].astype(float)
/home/yarin.b/projects/excel_magic/vfd-agent/vfd/tabular.py:15: PerformanceWarning: DataFrame is highly fragmented.  This is usually the result of calling `frame.insert` many times, which has poor performance.  Consider joining all columns at once using pd.concat(axis=1) instead. To get a de-fragmented frame, use `newframe = frame.copy()`
  out_tr[c] = s.astype(float)
/home/yarin.b/projects/excel_magic/vfd-agent/vfd/tabular.py:17: PerformanceWarning: DataFrame is highly fragmented.  This is usually the result of calling `frame.insert` many times, which has poor performance.  Consider joining all columns at once using pd.concat(axis=1) instead. To get a de-fragmented frame, use `newframe = frame.copy()`
  oo[c] = o[c].astype(float)
/home/yarin.b/projects/excel_magic/vfd-agent/vfd/tabular.py:15: PerformanceWarning: DataFrame is highly fragmented.  This is usually the result of calling `frame.insert` many times, which has poor performance.  Consider joining all columns at once using pd.concat(axis=1) instead. To get a de-fragmented frame, use `newframe = frame.copy()`
  out_tr[c] = s.astype(float)
/home/yarin.b/projects/excel_magic/vfd-agent/vfd/tabular.py:17: PerformanceWarning: DataFrame is highly fragmented.  This is usually the result of calling `frame.insert` many times, which has poor performance.  Consider joining all columns at once using pd.concat(axis=1) instead. To get a de-fragmented frame, use `newframe = frame.copy()`
  oo[c] = o[c].astype(float)
/home/yarin.b/projects/excel_magic/vfd-agent/vfd/tabular.py:15: PerformanceWarning: DataFrame is highly fragmented.  This is usually the result of calling `frame.insert` many times, which has poor performance.  Consider joining all columns at once using pd.concat(axis=1) instead. To get a de-fragmented frame, use `newframe = frame.copy()`
  out_tr[c] = s.astype(float)
/home/yarin.b/projects/excel_magic/vfd-agent/vfd/tabular.py:17: PerformanceWarning: DataFrame is highly fragmented.  This is usually the result of calling `frame.insert` many times, which has poor performance.  Consider joining all columns at once using pd.concat(axis=1) instead. To get a de-fragmented frame, use `newframe = frame.copy()`
  oo[c] = o[c].astype(float)
/home/yarin.b/projects/excel_magic/vfd-agent/vfd/tabular.py:15: PerformanceWarning: DataFrame is highly fragmented.  This is usually the result of calling `frame.insert` many times, which has poor performance.  Consider joining all columns at once using pd.concat(axis=1) instead. To get a de-fragmented frame, use `newframe = frame.copy()`
  out_tr[c] = s.astype(float)
/home/yarin.b/projects/excel_magic/vfd-agent/vfd/tabular.py:17: PerformanceWarning: DataFrame is highly fragmented.  This is usually the result of calling `frame.insert` many times, which has poor performance.  Consider joining all columns at once using pd.concat(axis=1) instead. To get a de-fragmented frame, use `newframe = frame.copy()`
  oo[c] = o[c].astype(float)
/home/yarin.b/projects/excel_magic/vfd-agent/vfd/tabular.py:15: PerformanceWarning: DataFrame is highly fragmented.  This is usually the result of calling `frame.insert` many times, which has poor performance.  Consider joining all columns at once using pd.concat(axis=1) instead. To get a de-fragmented frame, use `newframe = frame.copy()`
  out_tr[c] = s.astype(float)
/home/yarin.b/projects/excel_magic/vfd-agent/vfd/tabular.py:17: PerformanceWarning: DataFrame is highly fragmented.  This is usually the result of calling `frame.insert` many times, which has poor performance.  Consider joining all columns at once using pd.concat(axis=1) instead. To get a de-fragmented frame, use `newframe = frame.copy()`
  oo[c] = o[c].astype(float)
/home/yarin.b/projects/excel_magic/vfd-agent/vfd/tabular.py:15: PerformanceWarning: DataFrame is highly fragmented.  This is usually the result of calling `frame.insert` many times, which has poor performance.  Consider joining all columns at once using pd.concat(axis=1) instead. To get a de-fragmented frame, use `newframe = frame.copy()`
  out_tr[c] = s.astype(float)
/home/yarin.b/projects/excel_magic/vfd-agent/vfd/tabular.py:17: PerformanceWarning: DataFrame is highly fragmented.  This is usually the result of calling `frame.insert` many times, which has poor performance.  Consider joining all columns at once using pd.concat(axis=1) instead. To get a de-fragmented frame, use `newframe = frame.copy()`
  oo[c] = o[c].astype(float)
/home/yarin.b/projects/excel_magic/vfd-agent/vfd/tabular.py:15: PerformanceWarning: DataFrame is highly fragmented.  This is usually the result of calling `frame.insert` many times, which has poor performance.  Consider joining all columns at once using pd.concat(axis=1) instead. To get a de-fragmented frame, use `newframe = frame.copy()`
  out_tr[c] = s.astype(float)
/home/yarin.b/projects/excel_magic/vfd-agent/vfd/tabular.py:17: PerformanceWarning: DataFrame is highly fragmented.  This is usually the result of calling `frame.insert` many times, which has poor performance.  Consider joining all columns at once using pd.concat(axis=1) instead. To get a de-fragmented frame, use `newframe = frame.copy()`
  oo[c] = o[c].astype(float)
/home/yarin.b/projects/excel_magic/vfd-agent/vfd/tabular.py:15: PerformanceWarning: DataFrame is highly fragmented.  This is usually the result of calling `frame.insert` many times, which has poor performance.  Consider joining all columns at once using pd.concat(axis=1) instead. To get a de-fragmented frame, use `newframe = frame.copy()`
  out_tr[c] = s.astype(float)
/home/yarin.b/projects/excel_magic/vfd-agent/vfd/tabular.py:17: PerformanceWarning: DataFrame is highly fragmented.  This is usually the result of calling `frame.insert` many times, which has poor performance.  Consider joining all columns at once using pd.concat(axis=1) instead. To get a de-fragmented frame, use `newframe = frame.copy()`
  oo[c] = o[c].astype(float)
/home/yarin.b/projects/excel_magic/vfd-agent/vfd/tabular.py:15: PerformanceWarning: DataFrame is highly fragmented.  This is usually the result of calling `frame.insert` many times, which has poor performance.  Consider joining all columns at once using pd.concat(axis=1) instead. To get a de-fragmented frame, use `newframe = frame.copy()`
  out_tr[c] = s.astype(float)
/home/yarin.b/projects/excel_magic/vfd-agent/vfd/tabular.py:17: PerformanceWarning: DataFrame is highly fragmented.  This is usually the result of calling `frame.insert` many times, which has poor performance.  Consider joining all columns at once using pd.concat(axis=1) instead. To get a de-fragmented frame, use `newframe = frame.copy()`
  oo[c] = o[c].astype(float)
/home/yarin.b/projects/excel_magic/vfd-agent/vfd/tabular.py:15: PerformanceWarning: DataFrame is highly fragmented.  This is usually the result of calling `frame.insert` many times, which has poor performance.  Consider joining all columns at once using pd.concat(axis=1) instead. To get a de-fragmented frame, use `newframe = frame.copy()`
  out_tr[c] = s.astype(float)
/home/yarin.b/projects/excel_magic/vfd-agent/vfd/tabular.py:17: PerformanceWarning: DataFrame is highly fragmented.  This is usually the result of calling `frame.insert` many times, which has poor performance.  Consider joining all columns at once using pd.concat(axis=1) instead. To get a de-fragmented frame, use `newframe = frame.copy()`
  oo[c] = o[c].astype(float)
/home/yarin.b/projects/excel_magic/vfd-agent/vfd/tabular.py:15: PerformanceWarning: DataFrame is highly fragmented.  This is usually the result of calling `frame.insert` many times, which has poor performance.  Consider joining all columns at once using pd.concat(axis=1) instead. To get a de-fragmented frame, use `newframe = frame.copy()`
  out_tr[c] = s.astype(float)
/home/yarin.b/projects/excel_magic/vfd-agent/vfd/tabular.py:17: PerformanceWarning: DataFrame is highly fragmented.  This is usually the result of calling `frame.insert` many times, which has poor performance.  Consider joining all columns at once using pd.concat(axis=1) instead. To get a de-fragmented frame, use `newframe = frame.copy()`
  oo[c] = o[c].astype(float)
/home/yarin.b/projects/excel_magic/vfd-agent/vfd/tabular.py:15: PerformanceWarning: DataFrame is highly fragmented.  This is usually the result of calling `frame.insert` many times, which has poor performance.  Consider joining all columns at once using pd.concat(axis=1) instead. To get a de-fragmented frame, use `newframe = frame.copy()`
  out_tr[c] = s.astype(float)
/home/yarin.b/projects/excel_magic/vfd-agent/vfd/tabular.py:17: PerformanceWarning: DataFrame is highly fragmented.  This is usually the result of calling `frame.insert` many times, which has poor performance.  Consider joining all columns at once using pd.concat(axis=1) instead. To get a de-fragmented frame, use `newframe = frame.copy()`
  oo[c] = o[c].astype(float)
/home/yarin.b/projects/excel_magic/vfd-agent/vfd/tabular.py:15: PerformanceWarning: DataFrame is highly fragmented.  This is usually the result of calling `frame.insert` many times, which has poor performance.  Consider joining all columns at once using pd.concat(axis=1) instead. To get a de-fragmented frame, use `newframe = frame.copy()`
  out_tr[c] = s.astype(float)
/home/yarin.b/projects/excel_magic/vfd-agent/vfd/tabular.py:17: PerformanceWarning: DataFrame is highly fragmented.  This is usually the result of calling `frame.insert` many times, which has poor performance.  Consider joining all columns at once using pd.concat(axis=1) instead. To get a de-fragmented frame, use `newframe = frame.copy()`
  oo[c] = o[c].astype(float)
/home/yarin.b/projects/excel_magic/vfd-agent/vfd/tabular.py:15: PerformanceWarning: DataFrame is highly fragmented.  This is usually the result of calling `frame.insert` many times, which has poor performance.  Consider joining all columns at once using pd.concat(axis=1) instead. To get a de-fragmented frame, use `newframe = frame.copy()`
  out_tr[c] = s.astype(float)
/home/yarin.b/projects/excel_magic/vfd-agent/vfd/tabular.py:17: PerformanceWarning: DataFrame is highly fragmented.  This is usually the result of calling `frame.insert` many times, which has poor performance.  Consider joining all columns at once using pd.concat(axis=1) instead. To get a de-fragmented frame, use `newframe = frame.copy()`
  oo[c] = o[c].astype(float)
/home/yarin.b/projects/excel_magic/vfd-agent/vfd/tabular.py:15: PerformanceWarning: DataFrame is highly fragmented.  This is usually the result of calling `frame.insert` many times, which has poor performance.  Consider joining all columns at once using pd.concat(axis=1) instead. To get a de-fragmented frame, use `newframe = frame.copy()`
  out_tr[c] = s.astype(float)
/home/yarin.b/projects/excel_magic/vfd-agent/vfd/tabular.py:17: PerformanceWarning: DataFrame is highly fragmented.  This is usually the result of calling `frame.insert` many times, which has poor performance.  Consider joining all columns at once using pd.concat(axis=1) instead. To get a de-fragmented frame, use `newframe = frame.copy()`
  oo[c] = o[c].astype(float)
/home/yarin.b/projects/excel_magic/vfd-agent/vfd/tabular.py:15: PerformanceWarning: DataFrame is highly fragmented.  This is usually the result of calling `frame.insert` many times, which has poor performance.  Consider joining all columns at once using pd.concat(axis=1) instead. To get a de-fragmented frame, use `newframe = frame.copy()`
  out_tr[c] = s.astype(float)
/home/yarin.b/projects/excel_magic/vfd-agent/vfd/tabular.py:17: PerformanceWarning: DataFrame is highly fragmented.  This is usually the result of calling `frame.insert` many times, which has poor performance.  Consider joining all columns at once using pd.concat(axis=1) instead. To get a de-fragmented frame, use `newframe = frame.copy()`
  oo[c] = o[c].astype(float)
/home/yarin.b/projects/excel_magic/vfd-agent/vfd/tabular.py:15: PerformanceWarning: DataFrame is highly fragmented.  This is usually the result of calling `frame.insert` many times, which has poor performance.  Consider joining all columns at once using pd.concat(axis=1) instead. To get a de-fragmented frame, use `newframe = frame.copy()`
  out_tr[c] = s.astype(float)
/home/yarin.b/projects/excel_magic/vfd-agent/vfd/tabular.py:17: PerformanceWarning: DataFrame is highly fragmented.  This is usually the result of calling `frame.insert` many times, which has poor performance.  Consider joining all columns at once using pd.concat(axis=1) instead. To get a de-fragmented frame, use `newframe = frame.copy()`
  oo[c] = o[c].astype(float)
/home/yarin.b/projects/excel_magic/vfd-agent/vfd/tabular.py:15: PerformanceWarning: DataFrame is highly fragmented.  This is usually the result of calling `frame.insert` many times, which has poor performance.  Consider joining all columns at once using pd.concat(axis=1) instead. To get a de-fragmented frame, use `newframe = frame.copy()`
  out_tr[c] = s.astype(float)
/home/yarin.b/projects/excel_magic/vfd-agent/vfd/tabular.py:17: PerformanceWarning: DataFrame is highly fragmented.  This is usually the result of calling `frame.insert` many times, which has poor performance.  Consider joining all columns at once using pd.concat(axis=1) instead. To get a de-fragmented frame, use `newframe = frame.copy()`
  oo[c] = o[c].astype(float)
/home/yarin.b/projects/excel_magic/vfd-agent/vfd/tabular.py:15: PerformanceWarning: DataFrame is highly fragmented.  This is usually the result of calling `frame.insert` many times, which has poor performance.  Consider joining all columns at once using pd.concat(axis=1) instead. To get a de-fragmented frame, use `newframe = frame.copy()`
  out_tr[c] = s.astype(float)
/home/yarin.b/projects/excel_magic/vfd-agent/vfd/tabular.py:17: PerformanceWarning: DataFrame is highly fragmented.  This is usually the result of calling `frame.insert` many times, which has poor performance.  Consider joining all columns at once using pd.concat(axis=1) instead. To get a de-fragmented frame, use `newframe = frame.copy()`
  oo[c] = o[c].astype(float)
/home/yarin.b/projects/excel_magic/vfd-agent/vfd/tabular.py:15: PerformanceWarning: DataFrame is highly fragmented.  This is usually the result of calling `frame.insert` many times, which has poor performance.  Consider joining all columns at once using pd.concat(axis=1) instead. To get a de-fragmented frame, use `newframe = frame.copy()`
  out_tr[c] = s.astype(float)
/home/yarin.b/projects/excel_magic/vfd-agent/vfd/tabular.py:17: PerformanceWarning: DataFrame is highly fragmented.  This is usually the result of calling `frame.insert` many times, which has poor performance.  Consider joining all columns at once using pd.concat(axis=1) instead. To get a de-fragmented frame, use `newframe = frame.copy()`
  oo[c] = o[c].astype(float)
/home/yarin.b/projects/excel_magic/vfd-agent/vfd/tabular.py:15: PerformanceWarning: DataFrame is highly fragmented.  This is usually the result of calling `frame.insert` many times, which has poor performance.  Consider joining all columns at once using pd.concat(axis=1) instead. To get a de-fragmented frame, use `newframe = frame.copy()`
  out_tr[c] = s.astype(float)
/home/yarin.b/projects/excel_magic/vfd-agent/vfd/tabular.py:17: PerformanceWarning: DataFrame is highly fragmented.  This is usually the result of calling `frame.insert` many times, which has poor performance.  Consider joining all columns at once using pd.concat(axis=1) instead. To get a de-fragmented frame, use `newframe = frame.copy()`
  oo[c] = o[c].astype(float)
/home/yarin.b/projects/excel_magic/vfd-agent/vfd/tabular.py:15: PerformanceWarning: DataFrame is highly fragmented.  This is usually the result of calling `frame.insert` many times, which has poor performance.  Consider joining all columns at once using pd.concat(axis=1) instead. To get a de-fragmented frame, use `newframe = frame.copy()`
  out_tr[c] = s.astype(float)
/home/yarin.b/projects/excel_magic/vfd-agent/vfd/tabular.py:17: PerformanceWarning: DataFrame is highly fragmented.  This is usually the result of calling `frame.insert` many times, which has poor performance.  Consider joining all columns at once using pd.concat(axis=1) instead. To get a de-fragmented frame, use `newframe = frame.copy()`
  oo[c] = o[c].astype(float)
/home/yarin.b/projects/excel_magic/vfd-agent/vfd/tabular.py:15: PerformanceWarning: DataFrame is highly fragmented.  This is usually the result of calling `frame.insert` many times, which has poor performance.  Consider joining all columns at once using pd.concat(axis=1) instead. To get a de-fragmented frame, use `newframe = frame.copy()`
  out_tr[c] = s.astype(float)
/home/yarin.b/projects/excel_magic/vfd-agent/vfd/tabular.py:17: PerformanceWarning: DataFrame is highly fragmented.  This is usually the result of calling `frame.insert` many times, which has poor performance.  Consider joining all columns at once using pd.concat(axis=1) instead. To get a de-fragmented frame, use `newframe = frame.copy()`
  oo[c] = o[c].astype(float)
/home/yarin.b/projects/excel_magic/vfd-agent/vfd/tabular.py:15: PerformanceWarning: DataFrame is highly fragmented.  This is usually the result of calling `frame.insert` many times, which has poor performance.  Consider joining all columns at once using pd.concat(axis=1) instead. To get a de-fragmented frame, use `newframe = frame.copy()`
  out_tr[c] = s.astype(float)
/home/yarin.b/projects/excel_magic/vfd-agent/vfd/tabular.py:17: PerformanceWarning: DataFrame is highly fragmented.  This is usually the result of calling `frame.insert` many times, which has poor performance.  Consider joining all columns at once using pd.concat(axis=1) instead. To get a de-fragmented frame, use `newframe = frame.copy()`
  oo[c] = o[c].astype(float)
/home/yarin.b/projects/excel_magic/vfd-agent/vfd/tabular.py:15: PerformanceWarning: DataFrame is highly fragmented.  This is usually the result of calling `frame.insert` many times, which has poor performance.  Consider joining all columns at once using pd.concat(axis=1) instead. To get a de-fragmented frame, use `newframe = frame.copy()`
  out_tr[c] = s.astype(float)
/home/yarin.b/projects/excel_magic/vfd-agent/vfd/tabular.py:17: PerformanceWarning: DataFrame is highly fragmented.  This is usually the result of calling `frame.insert` many times, which has poor performance.  Consider joining all columns at once using pd.concat(axis=1) instead. To get a de-fragmented frame, use `newframe = frame.copy()`
  oo[c] = o[c].astype(float)
/home/yarin.b/projects/excel_magic/vfd-agent/vfd/tabular.py:15: PerformanceWarning: DataFrame is highly fragmented.  This is usually the result of calling `frame.insert` many times, which has poor performance.  Consider joining all columns at once using pd.concat(axis=1) instead. To get a de-fragmented frame, use `newframe = frame.copy()`
  out_tr[c] = s.astype(float)
/home/yarin.b/projects/excel_magic/vfd-agent/vfd/tabular.py:17: PerformanceWarning: DataFrame is highly fragmented.  This is usually the result of calling `frame.insert` many times, which has poor performance.  Consider joining all columns at once using pd.concat(axis=1) instead. To get a de-fragmented frame, use `newframe = frame.copy()`
  oo[c] = o[c].astype(float)
/home/yarin.b/projects/excel_magic/vfd-agent/vfd/tabular.py:15: PerformanceWarning: DataFrame is highly fragmented.  This is usually the result of calling `frame.insert` many times, which has poor performance.  Consider joining all columns at once using pd.concat(axis=1) instead. To get a de-fragmented frame, use `newframe = frame.copy()`
  out_tr[c] = s.astype(float)
/home/yarin.b/projects/excel_magic/vfd-agent/vfd/tabular.py:17: PerformanceWarning: DataFrame is highly fragmented.  This is usually the result of calling `frame.insert` many times, which has poor performance.  Consider joining all columns at once using pd.concat(axis=1) instead. To get a de-fragmented frame, use `newframe = frame.copy()`
  oo[c] = o[c].astype(float)
/home/yarin.b/projects/excel_magic/vfd-agent/vfd/tabular.py:15: PerformanceWarning: DataFrame is highly fragmented.  This is usually the result of calling `frame.insert` many times, which has poor performance.  Consider joining all columns at once using pd.concat(axis=1) instead. To get a de-fragmented frame, use `newframe = frame.copy()`
  out_tr[c] = s.astype(float)
/home/yarin.b/projects/excel_magic/vfd-agent/vfd/tabular.py:17: PerformanceWarning: DataFrame is highly fragmented.  This is usually the result of calling `frame.insert` many times, which has poor performance.  Consider joining all columns at once using pd.concat(axis=1) instead. To get a de-fragmented frame, use `newframe = frame.copy()`
  oo[c] = o[c].astype(float)
/home/yarin.b/projects/excel_magic/vfd-agent/vfd/tabular.py:15: PerformanceWarning: DataFrame is highly fragmented.  This is usually the result of calling `frame.insert` many times, which has poor performance.  Consider joining all columns at once using pd.concat(axis=1) instead. To get a de-fragmented frame, use `newframe = frame.copy()`
  out_tr[c] = s.astype(float)
/home/yarin.b/projects/excel_magic/vfd-agent/vfd/tabular.py:17: PerformanceWarning: DataFrame is highly fragmented.  This is usually the result of calling `frame.insert` many times, which has poor performance.  Consider joining all columns at once using pd.concat(axis=1) instead. To get a de-fragmented frame, use `newframe = frame.copy()`
  oo[c] = o[c].astype(float)
/home/yarin.b/projects/excel_magic/vfd-agent/vfd/tabular.py:15: PerformanceWarning: DataFrame is highly fragmented.  This is usually the result of calling `frame.insert` many times, which has poor performance.  Consider joining all columns at once using pd.concat(axis=1) instead. To get a de-fragmented frame, use `newframe = frame.copy()`
  out_tr[c] = s.astype(float)
/home/yarin.b/projects/excel_magic/vfd-agent/vfd/tabular.py:17: PerformanceWarning: DataFrame is highly fragmented.  This is usually the result of calling `frame.insert` many times, which has poor performance.  Consider joining all columns at once using pd.concat(axis=1) instead. To get a de-fragmented frame, use `newframe = frame.copy()`
  oo[c] = o[c].astype(float)
/home/yarin.b/projects/excel_magic/vfd-agent/vfd/tabular.py:15: PerformanceWarning: DataFrame is highly fragmented.  This is usually the result of calling `frame.insert` many times, which has poor performance.  Consider joining all columns at once using pd.concat(axis=1) instead. To get a de-fragmented frame, use `newframe = frame.copy()`
  out_tr[c] = s.astype(float)
/home/yarin.b/projects/excel_magic/vfd-agent/vfd/tabular.py:17: PerformanceWarning: DataFrame is highly fragmented.  This is usually the result of calling `frame.insert` many times, which has poor performance.  Consider joining all columns at once using pd.concat(axis=1) instead. To get a de-fragmented frame, use `newframe = frame.copy()`
  oo[c] = o[c].astype(float)
/home/yarin.b/projects/excel_magic/vfd-agent/vfd/tabular.py:15: PerformanceWarning: DataFrame is highly fragmented.  This is usually the result of calling `frame.insert` many times, which has poor performance.  Consider joining all columns at once using pd.concat(axis=1) instead. To get a de-fragmented frame, use `newframe = frame.copy()`
  out_tr[c] = s.astype(float)
/home/yarin.b/projects/excel_magic/vfd-agent/vfd/tabular.py:17: PerformanceWarning: DataFrame is highly fragmented.  This is usually the result of calling `frame.insert` many times, which has poor performance.  Consider joining all columns at once using pd.concat(axis=1) instead. To get a de-fragmented frame, use `newframe = frame.copy()`
  oo[c] = o[c].astype(float)
/home/yarin.b/projects/excel_magic/vfd-agent/vfd/tabular.py:15: PerformanceWarning: DataFrame is highly fragmented.  This is usually the result of calling `frame.insert` many times, which has poor performance.  Consider joining all columns at once using pd.concat(axis=1) instead. To get a de-fragmented frame, use `newframe = frame.copy()`
  out_tr[c] = s.astype(float)
/home/yarin.b/projects/excel_magic/vfd-agent/vfd/tabular.py:17: PerformanceWarning: DataFrame is highly fragmented.  This is usually the result of calling `frame.insert` many times, which has poor performance.  Consider joining all columns at once using pd.concat(axis=1) instead. To get a de-fragmented frame, use `newframe = frame.copy()`
  oo[c] = o[c].astype(float)
/home/yarin.b/projects/excel_magic/vfd-agent/vfd/tabular.py:15: PerformanceWarning: DataFrame is highly fragmented.  This is usually the result of calling `frame.insert` many times, which has poor performance.  Consider joining all columns at once using pd.concat(axis=1) instead. To get a de-fragmented frame, use `newframe = frame.copy()`
  out_tr[c] = s.astype(float)
/home/yarin.b/projects/excel_magic/vfd-agent/vfd/tabular.py:17: PerformanceWarning: DataFrame is highly fragmented.  This is usually the result of calling `frame.insert` many times, which has poor performance.  Consider joining all columns at once using pd.concat(axis=1) instead. To get a de-fragmented frame, use `newframe = frame.copy()`
  oo[c] = o[c].astype(float)
/home/yarin.b/projects/excel_magic/vfd-agent/vfd/tabular.py:15: PerformanceWarning: DataFrame is highly fragmented.  This is usually the result of calling `frame.insert` many times, which has poor performance.  Consider joining all columns at once using pd.concat(axis=1) instead. To get a de-fragmented frame, use `newframe = frame.copy()`
  out_tr[c] = s.astype(float)
/home/yarin.b/projects/excel_magic/vfd-agent/vfd/tabular.py:17: PerformanceWarning: DataFrame is highly fragmented.  This is usually the result of calling `frame.insert` many times, which has poor performance.  Consider joining all columns at once using pd.concat(axis=1) instead. To get a de-fragmented frame, use `newframe = frame.copy()`
  oo[c] = o[c].astype(float)
/home/yarin.b/projects/excel_magic/vfd-agent/vfd/tabular.py:15: PerformanceWarning: DataFrame is highly fragmented.  This is usually the result of calling `frame.insert` many times, which has poor performance.  Consider joining all columns at once using pd.concat(axis=1) instead. To get a de-fragmented frame, use `newframe = frame.copy()`
  out_tr[c] = s.astype(float)
/home/yarin.b/projects/excel_magic/vfd-agent/vfd/tabular.py:17: PerformanceWarning: DataFrame is highly fragmented.  This is usually the result of calling `frame.insert` many times, which has poor performance.  Consider joining all columns at once using pd.concat(axis=1) instead. To get a de-fragmented frame, use `newframe = frame.copy()`
  oo[c] = o[c].astype(float)
/home/yarin.b/projects/excel_magic/vfd-agent/vfd/tabular.py:15: PerformanceWarning: DataFrame is highly fragmented.  This is usually the result of calling `frame.insert` many times, which has poor performance.  Consider joining all columns at once using pd.concat(axis=1) instead. To get a de-fragmented frame, use `newframe = frame.copy()`
  out_tr[c] = s.astype(float)
/home/yarin.b/projects/excel_magic/vfd-agent/vfd/tabular.py:17: PerformanceWarning: DataFrame is highly fragmented.  This is usually the result of calling `frame.insert` many times, which has poor performance.  Consider joining all columns at once using pd.concat(axis=1) instead. To get a de-fragmented frame, use `newframe = frame.copy()`
  oo[c] = o[c].astype(float)
/home/yarin.b/projects/excel_magic/vfd-agent/vfd/tabular.py:15: PerformanceWarning: DataFrame is highly fragmented.  This is usually the result of calling `frame.insert` many times, which has poor performance.  Consider joining all columns at once using pd.concat(axis=1) instead. To get a de-fragmented frame, use `newframe = frame.copy()`
  out_tr[c] = s.astype(float)
/home/yarin.b/projects/excel_magic/vfd-agent/vfd/tabular.py:17: PerformanceWarning: DataFrame is highly fragmented.  This is usually the result of calling `frame.insert` many times, which has poor performance.  Consider joining all columns at once using pd.concat(axis=1) instead. To get a de-fragmented frame, use `newframe = frame.copy()`
  oo[c] = o[c].astype(float)
/home/yarin.b/projects/excel_magic/vfd-agent/vfd/tabular.py:15: PerformanceWarning: DataFrame is highly fragmented.  This is usually the result of calling `frame.insert` many times, which has poor performance.  Consider joining all columns at once using pd.concat(axis=1) instead. To get a de-fragmented frame, use `newframe = frame.copy()`
  out_tr[c] = s.astype(float)
/home/yarin.b/projects/excel_magic/vfd-agent/vfd/tabular.py:17: PerformanceWarning: DataFrame is highly fragmented.  This is usually the result of calling `frame.insert` many times, which has poor performance.  Consider joining all columns at once using pd.concat(axis=1) instead. To get a de-fragmented frame, use `newframe = frame.copy()`
  oo[c] = o[c].astype(float)
/home/yarin.b/projects/excel_magic/vfd-agent/vfd/tabular.py:15: PerformanceWarning: DataFrame is highly fragmented.  This is usually the result of calling `frame.insert` many times, which has poor performance.  Consider joining all columns at once using pd.concat(axis=1) instead. To get a de-fragmented frame, use `newframe = frame.copy()`
  out_tr[c] = s.astype(float)
/home/yarin.b/projects/excel_magic/vfd-agent/vfd/tabular.py:17: PerformanceWarning: DataFrame is highly fragmented.  This is usually the result of calling `frame.insert` many times, which has poor performance.  Consider joining all columns at once using pd.concat(axis=1) instead. To get a de-fragmented frame, use `newframe = frame.copy()`
  oo[c] = o[c].astype(float)
/home/yarin.b/projects/excel_magic/vfd-agent/vfd/tabular.py:15: PerformanceWarning: DataFrame is highly fragmented.  This is usually the result of calling `frame.insert` many times, which has poor performance.  Consider joining all columns at once using pd.concat(axis=1) instead. To get a de-fragmented frame, use `newframe = frame.copy()`
  out_tr[c] = s.astype(float)
/home/yarin.b/projects/excel_magic/vfd-agent/vfd/tabular.py:17: PerformanceWarning: DataFrame is highly fragmented.  This is usually the result of calling `frame.insert` many times, which has poor performance.  Consider joining all columns at once using pd.concat(axis=1) instead. To get a de-fragmented frame, use `newframe = frame.copy()`
  oo[c] = o[c].astype(float)
/home/yarin.b/projects/excel_magic/vfd-agent/vfd/tabular.py:15: PerformanceWarning: DataFrame is highly fragmented.  This is usually the result of calling `frame.insert` many times, which has poor performance.  Consider joining all columns at once using pd.concat(axis=1) instead. To get a de-fragmented frame, use `newframe = frame.copy()`
  out_tr[c] = s.astype(float)
/home/yarin.b/projects/excel_magic/vfd-agent/vfd/tabular.py:17: PerformanceWarning: DataFrame is highly fragmented.  This is usually the result of calling `frame.insert` many times, which has poor performance.  Consider joining all columns at once using pd.concat(axis=1) instead. To get a de-fragmented frame, use `newframe = frame.copy()`
  oo[c] = o[c].astype(float)
/home/yarin.b/projects/excel_magic/vfd-agent/vfd/tabular.py:15: PerformanceWarning: DataFrame is highly fragmented.  This is usually the result of calling `frame.insert` many times, which has poor performance.  Consider joining all columns at once using pd.concat(axis=1) instead. To get a de-fragmented frame, use `newframe = frame.copy()`
  out_tr[c] = s.astype(float)
/home/yarin.b/projects/excel_magic/vfd-agent/vfd/tabular.py:17: PerformanceWarning: DataFrame is highly fragmented.  This is usually the result of calling `frame.insert` many times, which has poor performance.  Consider joining all columns at once using pd.concat(axis=1) instead. To get a de-fragmented frame, use `newframe = frame.copy()`
  oo[c] = o[c].astype(float)
/home/yarin.b/projects/excel_magic/vfd-agent/vfd/tabular.py:15: PerformanceWarning: DataFrame is highly fragmented.  This is usually the result of calling `frame.insert` many times, which has poor performance.  Consider joining all columns at once using pd.concat(axis=1) instead. To get a de-fragmented frame, use `newframe = frame.copy()`
  out_tr[c] = s.astype(float)
/home/yarin.b/projects/excel_magic/vfd-agent/vfd/tabular.py:17: PerformanceWarning: DataFrame is highly fragmented.  This is usually the result of calling `frame.insert` many times, which has poor performance.  Consider joining all columns at once using pd.concat(axis=1) instead. To get a de-fragmented frame, use `newframe = frame.copy()`
  oo[c] = o[c].astype(float)
/home/yarin.b/projects/excel_magic/vfd-agent/vfd/tabular.py:15: PerformanceWarning: DataFrame is highly fragmented.  This is usually the result of calling `frame.insert` many times, which has poor performance.  Consider joining all columns at once using pd.concat(axis=1) instead. To get a de-fragmented frame, use `newframe = frame.copy()`
  out_tr[c] = s.astype(float)
/home/yarin.b/projects/excel_magic/vfd-agent/vfd/tabular.py:17: PerformanceWarning: DataFrame is highly fragmented.  This is usually the result of calling `frame.insert` many times, which has poor performance.  Consider joining all columns at once using pd.concat(axis=1) instead. To get a de-fragmented frame, use `newframe = frame.copy()`
  oo[c] = o[c].astype(float)
/home/yarin.b/projects/excel_magic/vfd-agent/vfd/tabular.py:15: PerformanceWarning: DataFrame is highly fragmented.  This is usually the result of calling `frame.insert` many times, which has poor performance.  Consider joining all columns at once using pd.concat(axis=1) instead. To get a de-fragmented frame, use `newframe = frame.copy()`
  out_tr[c] = s.astype(float)
/home/yarin.b/projects/excel_magic/vfd-agent/vfd/tabular.py:17: PerformanceWarning: DataFrame is highly fragmented.  This is usually the result of calling `frame.insert` many times, which has poor performance.  Consider joining all columns at once using pd.concat(axis=1) instead. To get a de-fragmented frame, use `newframe = frame.copy()`
  oo[c] = o[c].astype(float)
/home/yarin.b/projects/excel_magic/vfd-agent/vfd/tabular.py:15: PerformanceWarning: DataFrame is highly fragmented.  This is usually the result of calling `frame.insert` many times, which has poor performance.  Consider joining all columns at once using pd.concat(axis=1) instead. To get a de-fragmented frame, use `newframe = frame.copy()`
  out_tr[c] = s.astype(float)
/home/yarin.b/projects/excel_magic/vfd-agent/vfd/tabular.py:17: PerformanceWarning: DataFrame is highly fragmented.  This is usually the result of calling `frame.insert` many times, which has poor performance.  Consider joining all columns at once using pd.concat(axis=1) instead. To get a de-fragmented frame, use `newframe = frame.copy()`
  oo[c] = o[c].astype(float)
/home/yarin.b/projects/excel_magic/vfd-agent/vfd/tabular.py:15: PerformanceWarning: DataFrame is highly fragmented.  This is usually the result of calling `frame.insert` many times, which has poor performance.  Consider joining all columns at once using pd.concat(axis=1) instead. To get a de-fragmented frame, use `newframe = frame.copy()`
  out_tr[c] = s.astype(float)
/home/yarin.b/projects/excel_magic/vfd-agent/vfd/tabular.py:17: PerformanceWarning: DataFrame is highly fragmented.  This is usually the result of calling `frame.insert` many times, which has poor performance.  Consider joining all columns at once using pd.concat(axis=1) instead. To get a de-fragmented frame, use `newframe = frame.copy()`
  oo[c] = o[c].astype(float)
/home/yarin.b/projects/excel_magic/vfd-agent/vfd/tabular.py:15: PerformanceWarning: DataFrame is highly fragmented.  This is usually the result of calling `frame.insert` many times, which has poor performance.  Consider joining all columns at once using pd.concat(axis=1) instead. To get a de-fragmented frame, use `newframe = frame.copy()`
  out_tr[c] = s.astype(float)
/home/yarin.b/projects/excel_magic/vfd-agent/vfd/tabular.py:17: PerformanceWarning: DataFrame is highly fragmented.  This is usually the result of calling `frame.insert` many times, which has poor performance.  Consider joining all columns at once using pd.concat(axis=1) instead. To get a de-fragmented frame, use `newframe = frame.copy()`
  oo[c] = o[c].astype(float)
/home/yarin.b/projects/excel_magic/vfd-agent/vfd/tabular.py:15: PerformanceWarning: DataFrame is highly fragmented.  This is usually the result of calling `frame.insert` many times, which has poor performance.  Consider joining all columns at once using pd.concat(axis=1) instead. To get a de-fragmented frame, use `newframe = frame.copy()`
  out_tr[c] = s.astype(float)
/home/yarin.b/projects/excel_magic/vfd-agent/vfd/tabular.py:17: PerformanceWarning: DataFrame is highly fragmented.  This is usually the result of calling `frame.insert` many times, which has poor performance.  Consider joining all columns at once using pd.concat(axis=1) instead. To get a de-fragmented frame, use `newframe = frame.copy()`
  oo[c] = o[c].astype(float)
/home/yarin.b/projects/excel_magic/vfd-agent/vfd/tabular.py:15: PerformanceWarning: DataFrame is highly fragmented.  This is usually the result of calling `frame.insert` many times, which has poor performance.  Consider joining all columns at once using pd.concat(axis=1) instead. To get a de-fragmented frame, use `newframe = frame.copy()`
  out_tr[c] = s.astype(float)
/home/yarin.b/projects/excel_magic/vfd-agent/vfd/tabular.py:17: PerformanceWarning: DataFrame is highly fragmented.  This is usually the result of calling `frame.insert` many times, which has poor performance.  Consider joining all columns at once using pd.concat(axis=1) instead. To get a de-fragmented frame, use `newframe = frame.copy()`
  oo[c] = o[c].astype(float)
/home/yarin.b/projects/excel_magic/vfd-agent/vfd/tabular.py:15: PerformanceWarning: DataFrame is highly fragmented.  This is usually the result of calling `frame.insert` many times, which has poor performance.  Consider joining all columns at once using pd.concat(axis=1) instead. To get a de-fragmented frame, use `newframe = frame.copy()`
  out_tr[c] = s.astype(float)
/home/yarin.b/projects/excel_magic/vfd-agent/vfd/tabular.py:17: PerformanceWarning: DataFrame is highly fragmented.  This is usually the result of calling `frame.insert` many times, which has poor performance.  Consider joining all columns at once using pd.concat(axis=1) instead. To get a de-fragmented frame, use `newframe = frame.copy()`
  oo[c] = o[c].astype(float)
/home/yarin.b/projects/excel_magic/vfd-agent/vfd/tabular.py:15: PerformanceWarning: DataFrame is highly fragmented.  This is usually the result of calling `frame.insert` many times, which has poor performance.  Consider joining all columns at once using pd.concat(axis=1) instead. To get a de-fragmented frame, use `newframe = frame.copy()`
  out_tr[c] = s.astype(float)
/home/yarin.b/projects/excel_magic/vfd-agent/vfd/tabular.py:17: PerformanceWarning: DataFrame is highly fragmented.  This is usually the result of calling `frame.insert` many times, which has poor performance.  Consider joining all columns at once using pd.concat(axis=1) instead. To get a de-fragmented frame, use `newframe = frame.copy()`
  oo[c] = o[c].astype(float)
/home/yarin.b/projects/excel_magic/vfd-agent/vfd/tabular.py:15: PerformanceWarning: DataFrame is highly fragmented.  This is usually the result of calling `frame.insert` many times, which has poor performance.  Consider joining all columns at once using pd.concat(axis=1) instead. To get a de-fragmented frame, use `newframe = frame.copy()`
  out_tr[c] = s.astype(float)
/home/yarin.b/projects/excel_magic/vfd-agent/vfd/tabular.py:17: PerformanceWarning: DataFrame is highly fragmented.  This is usually the result of calling `frame.insert` many times, which has poor performance.  Consider joining all columns at once using pd.concat(axis=1) instead. To get a de-fragmented frame, use `newframe = frame.copy()`
  oo[c] = o[c].astype(float)
/home/yarin.b/projects/excel_magic/vfd-agent/vfd/tabular.py:15: PerformanceWarning: DataFrame is highly fragmented.  This is usually the result of calling `frame.insert` many times, which has poor performance.  Consider joining all columns at once using pd.concat(axis=1) instead. To get a de-fragmented frame, use `newframe = frame.copy()`
  out_tr[c] = s.astype(float)
/home/yarin.b/projects/excel_magic/vfd-agent/vfd/tabular.py:17: PerformanceWarning: DataFrame is highly fragmented.  This is usually the result of calling `frame.insert` many times, which has poor performance.  Consider joining all columns at once using pd.concat(axis=1) instead. To get a de-fragmented frame, use `newframe = frame.copy()`
  oo[c] = o[c].astype(float)
/home/yarin.b/projects/excel_magic/vfd-agent/vfd/tabular.py:15: PerformanceWarning: DataFrame is highly fragmented.  This is usually the result of calling `frame.insert` many times, which has poor performance.  Consider joining all columns at once using pd.concat(axis=1) instead. To get a de-fragmented frame, use `newframe = frame.copy()`
  out_tr[c] = s.astype(float)
/home/yarin.b/projects/excel_magic/vfd-agent/vfd/tabular.py:17: PerformanceWarning: DataFrame is highly fragmented.  This is usually the result of calling `frame.insert` many times, which has poor performance.  Consider joining all columns at once using pd.concat(axis=1) instead. To get a de-fragmented frame, use `newframe = frame.copy()`
  oo[c] = o[c].astype(float)
/home/yarin.b/projects/excel_magic/vfd-agent/vfd/tabular.py:15: PerformanceWarning: DataFrame is highly fragmented.  This is usually the result of calling `frame.insert` many times, which has poor performance.  Consider joining all columns at once using pd.concat(axis=1) instead. To get a de-fragmented frame, use `newframe = frame.copy()`
  out_tr[c] = s.astype(float)
/home/yarin.b/projects/excel_magic/vfd-agent/vfd/tabular.py:17: PerformanceWarning: DataFrame is highly fragmented.  This is usually the result of calling `frame.insert` many times, which has poor performance.  Consider joining all columns at once using pd.concat(axis=1) instead. To get a de-fragmented frame, use `newframe = frame.copy()`
  oo[c] = o[c].astype(float)
/home/yarin.b/projects/excel_magic/vfd-agent/vfd/tabular.py:15: PerformanceWarning: DataFrame is highly fragmented.  This is usually the result of calling `frame.insert` many times, which has poor performance.  Consider joining all columns at once using pd.concat(axis=1) instead. To get a de-fragmented frame, use `newframe = frame.copy()`
  out_tr[c] = s.astype(float)
/home/yarin.b/projects/excel_magic/vfd-agent/vfd/tabular.py:17: PerformanceWarning: DataFrame is highly fragmented.  This is usually the result of calling `frame.insert` many times, which has poor performance.  Consider joining all columns at once using pd.concat(axis=1) instead. To get a de-fragmented frame, use `newframe = frame.copy()`
  oo[c] = o[c].astype(float)
/home/yarin.b/projects/excel_magic/vfd-agent/vfd/tabular.py:15: PerformanceWarning: DataFrame is highly fragmented.  This is usually the result of calling `frame.insert` many times, which has poor performance.  Consider joining all columns at once using pd.concat(axis=1) instead. To get a de-fragmented frame, use `newframe = frame.copy()`
  out_tr[c] = s.astype(float)
/home/yarin.b/projects/excel_magic/vfd-agent/vfd/tabular.py:17: PerformanceWarning: DataFrame is highly fragmented.  This is usually the result of calling `frame.insert` many times, which has poor performance.  Consider joining all columns at once using pd.concat(axis=1) instead. To get a de-fragmented frame, use `newframe = frame.copy()`
  oo[c] = o[c].astype(float)
/home/yarin.b/projects/excel_magic/vfd-agent/vfd/tabular.py:15: PerformanceWarning: DataFrame is highly fragmented.  This is usually the result of calling `frame.insert` many times, which has poor performance.  Consider joining all columns at once using pd.concat(axis=1) instead. To get a de-fragmented frame, use `newframe = frame.copy()`
  out_tr[c] = s.astype(float)
/home/yarin.b/projects/excel_magic/vfd-agent/vfd/tabular.py:17: PerformanceWarning: DataFrame is highly fragmented.  This is usually the result of calling `frame.insert` many times, which has poor performance.  Consider joining all columns at once using pd.concat(axis=1) instead. To get a de-fragmented frame, use `newframe = frame.copy()`
  oo[c] = o[c].astype(float)
/home/yarin.b/projects/excel_magic/vfd-agent/vfd/tabular.py:15: PerformanceWarning: DataFrame is highly fragmented.  This is usually the result of calling `frame.insert` many times, which has poor performance.  Consider joining all columns at once using pd.concat(axis=1) instead. To get a de-fragmented frame, use `newframe = frame.copy()`
  out_tr[c] = s.astype(float)
/home/yarin.b/projects/excel_magic/vfd-agent/vfd/tabular.py:17: PerformanceWarning: DataFrame is highly fragmented.  This is usually the result of calling `frame.insert` many times, which has poor performance.  Consider joining all columns at once using pd.concat(axis=1) instead. To get a de-fragmented frame, use `newframe = frame.copy()`
  oo[c] = o[c].astype(float)
/home/yarin.b/projects/excel_magic/vfd-agent/vfd/tabular.py:15: PerformanceWarning: DataFrame is highly fragmented.  This is usually the result of calling `frame.insert` many times, which has poor performance.  Consider joining all columns at once using pd.concat(axis=1) instead. To get a de-fragmented frame, use `newframe = frame.copy()`
  out_tr[c] = s.astype(float)
/home/yarin.b/projects/excel_magic/vfd-agent/vfd/tabular.py:17: PerformanceWarning: DataFrame is highly fragmented.  This is usually the result of calling `frame.insert` many times, which has poor performance.  Consider joining all columns at once using pd.concat(axis=1) instead. To get a de-fragmented frame, use `newframe = frame.copy()`
  oo[c] = o[c].astype(float)
/home/yarin.b/projects/excel_magic/vfd-agent/vfd/tabular.py:15: PerformanceWarning: DataFrame is highly fragmented.  This is usually the result of calling `frame.insert` many times, which has poor performance.  Consider joining all columns at once using pd.concat(axis=1) instead. To get a de-fragmented frame, use `newframe = frame.copy()`
  out_tr[c] = s.astype(float)
/home/yarin.b/projects/excel_magic/vfd-agent/vfd/tabular.py:17: PerformanceWarning: DataFrame is highly fragmented.  This is usually the result of calling `frame.insert` many times, which has poor performance.  Consider joining all columns at once using pd.concat(axis=1) instead. To get a de-fragmented frame, use `newframe = frame.copy()`
  oo[c] = o[c].astype(float)
/home/yarin.b/projects/excel_magic/vfd-agent/vfd/tabular.py:15: PerformanceWarning: DataFrame is highly fragmented.  This is usually the result of calling `frame.insert` many times, which has poor performance.  Consider joining all columns at once using pd.concat(axis=1) instead. To get a de-fragmented frame, use `newframe = frame.copy()`
  out_tr[c] = s.astype(float)
/home/yarin.b/projects/excel_magic/vfd-agent/vfd/tabular.py:17: PerformanceWarning: DataFrame is highly fragmented.  This is usually the result of calling `frame.insert` many times, which has poor performance.  Consider joining all columns at once using pd.concat(axis=1) instead. To get a de-fragmented frame, use `newframe = frame.copy()`
  oo[c] = o[c].astype(float)
/home/yarin.b/projects/excel_magic/vfd-agent/vfd/tabular.py:15: PerformanceWarning: DataFrame is highly fragmented.  This is usually the result of calling `frame.insert` many times, which has poor performance.  Consider joining all columns at once using pd.concat(axis=1) instead. To get a de-fragmented frame, use `newframe = frame.copy()`
  out_tr[c] = s.astype(float)
/home/yarin.b/projects/excel_magic/vfd-agent/vfd/tabular.py:17: PerformanceWarning: DataFrame is highly fragmented.  This is usually the result of calling `frame.insert` many times, which has poor performance.  Consider joining all columns at once using pd.concat(axis=1) instead. To get a de-fragmented frame, use `newframe = frame.copy()`
  oo[c] = o[c].astype(float)
/home/yarin.b/projects/excel_magic/vfd-agent/vfd/tabular.py:15: PerformanceWarning: DataFrame is highly fragmented.  This is usually the result of calling `frame.insert` many times, which has poor performance.  Consider joining all columns at once using pd.concat(axis=1) instead. To get a de-fragmented frame, use `newframe = frame.copy()`
  out_tr[c] = s.astype(float)
/home/yarin.b/projects/excel_magic/vfd-agent/vfd/tabular.py:17: PerformanceWarning: DataFrame is highly fragmented.  This is usually the result of calling `frame.insert` many times, which has poor performance.  Consider joining all columns at once using pd.concat(axis=1) instead. To get a de-fragmented frame, use `newframe = frame.copy()`
  oo[c] = o[c].astype(float)
/home/yarin.b/projects/excel_magic/vfd-agent/vfd/tabular.py:15: PerformanceWarning: DataFrame is highly fragmented.  This is usually the result of calling `frame.insert` many times, which has poor performance.  Consider joining all columns at once using pd.concat(axis=1) instead. To get a de-fragmented frame, use `newframe = frame.copy()`
  out_tr[c] = s.astype(float)
/home/yarin.b/projects/excel_magic/vfd-agent/vfd/tabular.py:17: PerformanceWarning: DataFrame is highly fragmented.  This is usually the result of calling `frame.insert` many times, which has poor performance.  Consider joining all columns at once using pd.concat(axis=1) instead. To get a de-fragmented frame, use `newframe = frame.copy()`
  oo[c] = o[c].astype(float)
/home/yarin.b/projects/excel_magic/vfd-agent/vfd/tabular.py:15: PerformanceWarning: DataFrame is highly fragmented.  This is usually the result of calling `frame.insert` many times, which has poor performance.  Consider joining all columns at once using pd.concat(axis=1) instead. To get a de-fragmented frame, use `newframe = frame.copy()`
  out_tr[c] = s.astype(float)
/home/yarin.b/projects/excel_magic/vfd-agent/vfd/tabular.py:17: PerformanceWarning: DataFrame is highly fragmented.  This is usually the result of calling `frame.insert` many times, which has poor performance.  Consider joining all columns at once using pd.concat(axis=1) instead. To get a de-fragmented frame, use `newframe = frame.copy()`
  oo[c] = o[c].astype(float)
/home/yarin.b/projects/excel_magic/vfd-agent/vfd/tabular.py:15: PerformanceWarning: DataFrame is highly fragmented.  This is usually the result of calling `frame.insert` many times, which has poor performance.  Consider joining all columns at once using pd.concat(axis=1) instead. To get a de-fragmented frame, use `newframe = frame.copy()`
  out_tr[c] = s.astype(float)
/home/yarin.b/projects/excel_magic/vfd-agent/vfd/tabular.py:17: PerformanceWarning: DataFrame is highly fragmented.  This is usually the result of calling `frame.insert` many times, which has poor performance.  Consider joining all columns at once using pd.concat(axis=1) instead. To get a de-fragmented frame, use `newframe = frame.copy()`
  oo[c] = o[c].astype(float)
/home/yarin.b/projects/excel_magic/vfd-agent/vfd/tabular.py:15: PerformanceWarning: DataFrame is highly fragmented.  This is usually the result of calling `frame.insert` many times, which has poor performance.  Consider joining all columns at once using pd.concat(axis=1) instead. To get a de-fragmented frame, use `newframe = frame.copy()`
  out_tr[c] = s.astype(float)
/home/yarin.b/projects/excel_magic/vfd-agent/vfd/tabular.py:17: PerformanceWarning: DataFrame is highly fragmented.  This is usually the result of calling `frame.insert` many times, which has poor performance.  Consider joining all columns at once using pd.concat(axis=1) instead. To get a de-fragmented frame, use `newframe = frame.copy()`
  oo[c] = o[c].astype(float)
/home/yarin.b/projects/excel_magic/vfd-agent/vfd/tabular.py:15: PerformanceWarning: DataFrame is highly fragmented.  This is usually the result of calling `frame.insert` many times, which has poor performance.  Consider joining all columns at once using pd.concat(axis=1) instead. To get a de-fragmented frame, use `newframe = frame.copy()`
  out_tr[c] = s.astype(float)
/home/yarin.b/projects/excel_magic/vfd-agent/vfd/tabular.py:17: PerformanceWarning: DataFrame is highly fragmented.  This is usually the result of calling `frame.insert` many times, which has poor performance.  Consider joining all columns at once using pd.concat(axis=1) instead. To get a de-fragmented frame, use `newframe = frame.copy()`
  oo[c] = o[c].astype(float)
/home/yarin.b/projects/excel_magic/vfd-agent/vfd/tabular.py:15: PerformanceWarning: DataFrame is highly fragmented.  This is usually the result of calling `frame.insert` many times, which has poor performance.  Consider joining all columns at once using pd.concat(axis=1) instead. To get a de-fragmented frame, use `newframe = frame.copy()`
  out_tr[c] = s.astype(float)
/home/yarin.b/projects/excel_magic/vfd-agent/vfd/tabular.py:17: PerformanceWarning: DataFrame is highly fragmented.  This is usually the result of calling `frame.insert` many times, which has poor performance.  Consider joining all columns at once using pd.concat(axis=1) instead. To get a de-fragmented frame, use `newframe = frame.copy()`
  oo[c] = o[c].astype(float)
/home/yarin.b/projects/excel_magic/vfd-agent/vfd/tabular.py:15: PerformanceWarning: DataFrame is highly fragmented.  This is usually the result of calling `frame.insert` many times, which has poor performance.  Consider joining all columns at once using pd.concat(axis=1) instead. To get a de-fragmented frame, use `newframe = frame.copy()`
  out_tr[c] = s.astype(float)
/home/yarin.b/projects/excel_magic/vfd-agent/vfd/tabular.py:17: PerformanceWarning: DataFrame is highly fragmented.  This is usually the result of calling `frame.insert` many times, which has poor performance.  Consider joining all columns at once using pd.concat(axis=1) instead. To get a de-fragmented frame, use `newframe = frame.copy()`
  oo[c] = o[c].astype(float)
/home/yarin.b/projects/excel_magic/vfd-agent/vfd/tabular.py:15: PerformanceWarning: DataFrame is highly fragmented.  This is usually the result of calling `frame.insert` many times, which has poor performance.  Consider joining all columns at once using pd.concat(axis=1) instead. To get a de-fragmented frame, use `newframe = frame.copy()`
  out_tr[c] = s.astype(float)
/home/yarin.b/projects/excel_magic/vfd-agent/vfd/tabular.py:17: PerformanceWarning: DataFrame is highly fragmented.  This is usually the result of calling `frame.insert` many times, which has poor performance.  Consider joining all columns at once using pd.concat(axis=1) instead. To get a de-fragmented frame, use `newframe = frame.copy()`
  oo[c] = o[c].astype(float)
/home/yarin.b/projects/excel_magic/vfd-agent/vfd/tabular.py:15: PerformanceWarning: DataFrame is highly fragmented.  This is usually the result of calling `frame.insert` many times, which has poor performance.  Consider joining all columns at once using pd.concat(axis=1) instead. To get a de-fragmented frame, use `newframe = frame.copy()`
  out_tr[c] = s.astype(float)
/home/yarin.b/projects/excel_magic/vfd-agent/vfd/tabular.py:17: PerformanceWarning: DataFrame is highly fragmented.  This is usually the result of calling `frame.insert` many times, which has poor performance.  Consider joining all columns at once using pd.concat(axis=1) instead. To get a de-fragmented frame, use `newframe = frame.copy()`
  oo[c] = o[c].astype(float)
/home/yarin.b/projects/excel_magic/vfd-agent/vfd/tabular.py:15: PerformanceWarning: DataFrame is highly fragmented.  This is usually the result of calling `frame.insert` many times, which has poor performance.  Consider joining all columns at once using pd.concat(axis=1) instead. To get a de-fragmented frame, use `newframe = frame.copy()`
  out_tr[c] = s.astype(float)
/home/yarin.b/projects/excel_magic/vfd-agent/vfd/tabular.py:17: PerformanceWarning: DataFrame is highly fragmented.  This is usually the result of calling `frame.insert` many times, which has poor performance.  Consider joining all columns at once using pd.concat(axis=1) instead. To get a de-fragmented frame, use `newframe = frame.copy()`
  oo[c] = o[c].astype(float)
/home/yarin.b/projects/excel_magic/vfd-agent/vfd/tabular.py:15: PerformanceWarning: DataFrame is highly fragmented.  This is usually the result of calling `frame.insert` many times, which has poor performance.  Consider joining all columns at once using pd.concat(axis=1) instead. To get a de-fragmented frame, use `newframe = frame.copy()`
  out_tr[c] = s.astype(float)
/home/yarin.b/projects/excel_magic/vfd-agent/vfd/tabular.py:17: PerformanceWarning: DataFrame is highly fragmented.  This is usually the result of calling `frame.insert` many times, which has poor performance.  Consider joining all columns at once using pd.concat(axis=1) instead. To get a de-fragmented frame, use `newframe = frame.copy()`
  oo[c] = o[c].astype(float)
/home/yarin.b/projects/excel_magic/vfd-agent/vfd/tabular.py:15: PerformanceWarning: DataFrame is highly fragmented.  This is usually the result of calling `frame.insert` many times, which has poor performance.  Consider joining all columns at once using pd.concat(axis=1) instead. To get a de-fragmented frame, use `newframe = frame.copy()`
  out_tr[c] = s.astype(float)
/home/yarin.b/projects/excel_magic/vfd-agent/vfd/tabular.py:17: PerformanceWarning: DataFrame is highly fragmented.  This is usually the result of calling `frame.insert` many times, which has poor performance.  Consider joining all columns at once using pd.concat(axis=1) instead. To get a de-fragmented frame, use `newframe = frame.copy()`
  oo[c] = o[c].astype(float)
/home/yarin.b/projects/excel_magic/vfd-agent/vfd/tabular.py:15: PerformanceWarning: DataFrame is highly fragmented.  This is usually the result of calling `frame.insert` many times, which has poor performance.  Consider joining all columns at once using pd.concat(axis=1) instead. To get a de-fragmented frame, use `newframe = frame.copy()`
  out_tr[c] = s.astype(float)
/home/yarin.b/projects/excel_magic/vfd-agent/vfd/tabular.py:17: PerformanceWarning: DataFrame is highly fragmented.  This is usually the result of calling `frame.insert` many times, which has poor performance.  Consider joining all columns at once using pd.concat(axis=1) instead. To get a de-fragmented frame, use `newframe = frame.copy()`
  oo[c] = o[c].astype(float)
/home/yarin.b/projects/excel_magic/vfd-agent/vfd/tabular.py:15: PerformanceWarning: DataFrame is highly fragmented.  This is usually the result of calling `frame.insert` many times, which has poor performance.  Consider joining all columns at once using pd.concat(axis=1) instead. To get a de-fragmented frame, use `newframe = frame.copy()`
  out_tr[c] = s.astype(float)
/home/yarin.b/projects/excel_magic/vfd-agent/vfd/tabular.py:17: PerformanceWarning: DataFrame is highly fragmented.  This is usually the result of calling `frame.insert` many times, which has poor performance.  Consider joining all columns at once using pd.concat(axis=1) instead. To get a de-fragmented frame, use `newframe = frame.copy()`
  oo[c] = o[c].astype(float)
/home/yarin.b/projects/excel_magic/vfd-agent/vfd/tabular.py:15: PerformanceWarning: DataFrame is highly fragmented.  This is usually the result of calling `frame.insert` many times, which has poor performance.  Consider joining all columns at once using pd.concat(axis=1) instead. To get a de-fragmented frame, use `newframe = frame.copy()`
  out_tr[c] = s.astype(float)
/home/yarin.b/projects/excel_magic/vfd-agent/vfd/tabular.py:17: PerformanceWarning: DataFrame is highly fragmented.  This is usually the result of calling `frame.insert` many times, which has poor performance.  Consider joining all columns at once using pd.concat(axis=1) instead. To get a de-fragmented frame, use `newframe = frame.copy()`
  oo[c] = o[c].astype(float)
/home/yarin.b/projects/excel_magic/vfd-agent/vfd/tabular.py:15: PerformanceWarning: DataFrame is highly fragmented.  This is usually the result of calling `frame.insert` many times, which has poor performance.  Consider joining all columns at once using pd.concat(axis=1) instead. To get a de-fragmented frame, use `newframe = frame.copy()`
  out_tr[c] = s.astype(float)
/home/yarin.b/projects/excel_magic/vfd-agent/vfd/tabular.py:17: PerformanceWarning: DataFrame is highly fragmented.  This is usually the result of calling `frame.insert` many times, which has poor performance.  Consider joining all columns at once using pd.concat(axis=1) instead. To get a de-fragmented frame, use `newframe = frame.copy()`
  oo[c] = o[c].astype(float)
/home/yarin.b/projects/excel_magic/vfd-agent/vfd/tabular.py:15: PerformanceWarning: DataFrame is highly fragmented.  This is usually the result of calling `frame.insert` many times, which has poor performance.  Consider joining all columns at once using pd.concat(axis=1) instead. To get a de-fragmented frame, use `newframe = frame.copy()`
  out_tr[c] = s.astype(float)
/home/yarin.b/projects/excel_magic/vfd-agent/vfd/tabular.py:17: PerformanceWarning: DataFrame is highly fragmented.  This is usually the result of calling `frame.insert` many times, which has poor performance.  Consider joining all columns at once using pd.concat(axis=1) instead. To get a de-fragmented frame, use `newframe = frame.copy()`
  oo[c] = o[c].astype(float)
/home/yarin.b/projects/excel_magic/vfd-agent/vfd/tabular.py:15: PerformanceWarning: DataFrame is highly fragmented.  This is usually the result of calling `frame.insert` many times, which has poor performance.  Consider joining all columns at once using pd.concat(axis=1) instead. To get a de-fragmented frame, use `newframe = frame.copy()`
  out_tr[c] = s.astype(float)
/home/yarin.b/projects/excel_magic/vfd-agent/vfd/tabular.py:17: PerformanceWarning: DataFrame is highly fragmented.  This is usually the result of calling `frame.insert` many times, which has poor performance.  Consider joining all columns at once using pd.concat(axis=1) instead. To get a de-fragmented frame, use `newframe = frame.copy()`
  oo[c] = o[c].astype(float)
/home/yarin.b/projects/excel_magic/vfd-agent/vfd/tabular.py:15: PerformanceWarning: DataFrame is highly fragmented.  This is usually the result of calling `frame.insert` many times, which has poor performance.  Consider joining all columns at once using pd.concat(axis=1) instead. To get a de-fragmented frame, use `newframe = frame.copy()`
  out_tr[c] = s.astype(float)
/home/yarin.b/projects/excel_magic/vfd-agent/vfd/tabular.py:17: PerformanceWarning: DataFrame is highly fragmented.  This is usually the result of calling `frame.insert` many times, which has poor performance.  Consider joining all columns at once using pd.concat(axis=1) instead. To get a de-fragmented frame, use `newframe = frame.copy()`
  oo[c] = o[c].astype(float)
/home/yarin.b/projects/excel_magic/vfd-agent/vfd/tabular.py:15: PerformanceWarning: DataFrame is highly fragmented.  This is usually the result of calling `frame.insert` many times, which has poor performance.  Consider joining all columns at once using pd.concat(axis=1) instead. To get a de-fragmented frame, use `newframe = frame.copy()`
  out_tr[c] = s.astype(float)
/home/yarin.b/projects/excel_magic/vfd-agent/vfd/tabular.py:17: PerformanceWarning: DataFrame is highly fragmented.  This is usually the result of calling `frame.insert` many times, which has poor performance.  Consider joining all columns at once using pd.concat(axis=1) instead. To get a de-fragmented frame, use `newframe = frame.copy()`
  oo[c] = o[c].astype(float)
/home/yarin.b/projects/excel_magic/vfd-agent/vfd/tabular.py:15: PerformanceWarning: DataFrame is highly fragmented.  This is usually the result of calling `frame.insert` many times, which has poor performance.  Consider joining all columns at once using pd.concat(axis=1) instead. To get a de-fragmented frame, use `newframe = frame.copy()`
  out_tr[c] = s.astype(float)
/home/yarin.b/projects/excel_magic/vfd-agent/vfd/tabular.py:17: PerformanceWarning: DataFrame is highly fragmented.  This is usually the result of calling `frame.insert` many times, which has poor performance.  Consider joining all columns at once using pd.concat(axis=1) instead. To get a de-fragmented frame, use `newframe = frame.copy()`
  oo[c] = o[c].astype(float)
/home/yarin.b/projects/excel_magic/vfd-agent/vfd/tabular.py:15: PerformanceWarning: DataFrame is highly fragmented.  This is usually the result of calling `frame.insert` many times, which has poor performance.  Consider joining all columns at once using pd.concat(axis=1) instead. To get a de-fragmented frame, use `newframe = frame.copy()`
  out_tr[c] = s.astype(float)
/home/yarin.b/projects/excel_magic/vfd-agent/vfd/tabular.py:17: PerformanceWarning: DataFrame is highly fragmented.  This is usually the result of calling `frame.insert` many times, which has poor performance.  Consider joining all columns at once using pd.concat(axis=1) instead. To get a de-fragmented frame, use `newframe = frame.copy()`
  oo[c] = o[c].astype(float)
/home/yarin.b/projects/excel_magic/vfd-agent/vfd/tabular.py:15: PerformanceWarning: DataFrame is highly fragmented.  This is usually the result of calling `frame.insert` many times, which has poor performance.  Consider joining all columns at once using pd.concat(axis=1) instead. To get a de-fragmented frame, use `newframe = frame.copy()`
  out_tr[c] = s.astype(float)
/home/yarin.b/projects/excel_magic/vfd-agent/vfd/tabular.py:17: PerformanceWarning: DataFrame is highly fragmented.  This is usually the result of calling `frame.insert` many times, which has poor performance.  Consider joining all columns at once using pd.concat(axis=1) instead. To get a de-fragmented frame, use `newframe = frame.copy()`
  oo[c] = o[c].astype(float)
/home/yarin.b/projects/excel_magic/vfd-agent/vfd/tabular.py:15: PerformanceWarning: DataFrame is highly fragmented.  This is usually the result of calling `frame.insert` many times, which has poor performance.  Consider joining all columns at once using pd.concat(axis=1) instead. To get a de-fragmented frame, use `newframe = frame.copy()`
  out_tr[c] = s.astype(float)
/home/yarin.b/projects/excel_magic/vfd-agent/vfd/tabular.py:17: PerformanceWarning: DataFrame is highly fragmented.  This is usually the result of calling `frame.insert` many times, which has poor performance.  Consider joining all columns at once using pd.concat(axis=1) instead. To get a de-fragmented frame, use `newframe = frame.copy()`
  oo[c] = o[c].astype(float)
/home/yarin.b/projects/excel_magic/vfd-agent/vfd/tabular.py:15: PerformanceWarning: DataFrame is highly fragmented.  This is usually the result of calling `frame.insert` many times, which has poor performance.  Consider joining all columns at once using pd.concat(axis=1) instead. To get a de-fragmented frame, use `newframe = frame.copy()`
  out_tr[c] = s.astype(float)
/home/yarin.b/projects/excel_magic/vfd-agent/vfd/tabular.py:17: PerformanceWarning: DataFrame is highly fragmented.  This is usually the result of calling `frame.insert` many times, which has poor performance.  Consider joining all columns at once using pd.concat(axis=1) instead. To get a de-fragmented frame, use `newframe = frame.copy()`
  oo[c] = o[c].astype(float)
/home/yarin.b/projects/excel_magic/vfd-agent/vfd/tabular.py:15: PerformanceWarning: DataFrame is highly fragmented.  This is usually the result of calling `frame.insert` many times, which has poor performance.  Consider joining all columns at once using pd.concat(axis=1) instead. To get a de-fragmented frame, use `newframe = frame.copy()`
  out_tr[c] = s.astype(float)
/home/yarin.b/projects/excel_magic/vfd-agent/vfd/tabular.py:17: PerformanceWarning: DataFrame is highly fragmented.  This is usually the result of calling `frame.insert` many times, which has poor performance.  Consider joining all columns at once using pd.concat(axis=1) instead. To get a de-fragmented frame, use `newframe = frame.copy()`
  oo[c] = o[c].astype(float)
/home/yarin.b/projects/excel_magic/vfd-agent/vfd/tabular.py:15: PerformanceWarning: DataFrame is highly fragmented.  This is usually the result of calling `frame.insert` many times, which has poor performance.  Consider joining all columns at once using pd.concat(axis=1) instead. To get a de-fragmented frame, use `newframe = frame.copy()`
  out_tr[c] = s.astype(float)
/home/yarin.b/projects/excel_magic/vfd-agent/vfd/tabular.py:17: PerformanceWarning: DataFrame is highly fragmented.  This is usually the result of calling `frame.insert` many times, which has poor performance.  Consider joining all columns at once using pd.concat(axis=1) instead. To get a de-fragmented frame, use `newframe = frame.copy()`
  oo[c] = o[c].astype(float)
/home/yarin.b/projects/excel_magic/vfd-agent/vfd/tabular.py:15: PerformanceWarning: DataFrame is highly fragmented.  This is usually the result of calling `frame.insert` many times, which has poor performance.  Consider joining all columns at once using pd.concat(axis=1) instead. To get a de-fragmented frame, use `newframe = frame.copy()`
  out_tr[c] = s.astype(float)
/home/yarin.b/projects/excel_magic/vfd-agent/vfd/tabular.py:17: PerformanceWarning: DataFrame is highly fragmented.  This is usually the result of calling `frame.insert` many times, which has poor performance.  Consider joining all columns at once using pd.concat(axis=1) instead. To get a de-fragmented frame, use `newframe = frame.copy()`
  oo[c] = o[c].astype(float)
/home/yarin.b/projects/excel_magic/vfd-agent/vfd/tabular.py:15: PerformanceWarning: DataFrame is highly fragmented.  This is usually the result of calling `frame.insert` many times, which has poor performance.  Consider joining all columns at once using pd.concat(axis=1) instead. To get a de-fragmented frame, use `newframe = frame.copy()`
  out_tr[c] = s.astype(float)
/home/yarin.b/projects/excel_magic/vfd-agent/vfd/tabular.py:17: PerformanceWarning: DataFrame is highly fragmented.  This is usually the result of calling `frame.insert` many times, which has poor performance.  Consider joining all columns at once using pd.concat(axis=1) instead. To get a de-fragmented frame, use `newframe = frame.copy()`
  oo[c] = o[c].astype(float)
/home/yarin.b/projects/excel_magic/vfd-agent/vfd/tabular.py:15: PerformanceWarning: DataFrame is highly fragmented.  This is usually the result of calling `frame.insert` many times, which has poor performance.  Consider joining all columns at once using pd.concat(axis=1) instead. To get a de-fragmented frame, use `newframe = frame.copy()`
  out_tr[c] = s.astype(float)
/home/yarin.b/projects/excel_magic/vfd-agent/vfd/tabular.py:17: PerformanceWarning: DataFrame is highly fragmented.  This is usually the result of calling `frame.insert` many times, which has poor performance.  Consider joining all columns at once using pd.concat(axis=1) instead. To get a de-fragmented frame, use `newframe = frame.copy()`
  oo[c] = o[c].astype(float)
/home/yarin.b/projects/excel_magic/vfd-agent/vfd/tabular.py:15: PerformanceWarning: DataFrame is highly fragmented.  This is usually the result of calling `frame.insert` many times, which has poor performance.  Consider joining all columns at once using pd.concat(axis=1) instead. To get a de-fragmented frame, use `newframe = frame.copy()`
  out_tr[c] = s.astype(float)
/home/yarin.b/projects/excel_magic/vfd-agent/vfd/tabular.py:17: PerformanceWarning: DataFrame is highly fragmented.  This is usually the result of calling `frame.insert` many times, which has poor performance.  Consider joining all columns at once using pd.concat(axis=1) instead. To get a de-fragmented frame, use `newframe = frame.copy()`
  oo[c] = o[c].astype(float)
/home/yarin.b/projects/excel_magic/vfd-agent/vfd/tabular.py:15: PerformanceWarning: DataFrame is highly fragmented.  This is usually the result of calling `frame.insert` many times, which has poor performance.  Consider joining all columns at once using pd.concat(axis=1) instead. To get a de-fragmented frame, use `newframe = frame.copy()`
  out_tr[c] = s.astype(float)
/home/yarin.b/projects/excel_magic/vfd-agent/vfd/tabular.py:17: PerformanceWarning: DataFrame is highly fragmented.  This is usually the result of calling `frame.insert` many times, which has poor performance.  Consider joining all columns at once using pd.concat(axis=1) instead. To get a de-fragmented frame, use `newframe = frame.copy()`
  oo[c] = o[c].astype(float)
/home/yarin.b/projects/excel_magic/vfd-agent/vfd/tabular.py:15: PerformanceWarning: DataFrame is highly fragmented.  This is usually the result of calling `frame.insert` many times, which has poor performance.  Consider joining all columns at once using pd.concat(axis=1) instead. To get a de-fragmented frame, use `newframe = frame.copy()`
  out_tr[c] = s.astype(float)
/home/yarin.b/projects/excel_magic/vfd-agent/vfd/tabular.py:17: PerformanceWarning: DataFrame is highly fragmented.  This is usually the result of calling `frame.insert` many times, which has poor performance.  Consider joining all columns at once using pd.concat(axis=1) instead. To get a de-fragmented frame, use `newframe = frame.copy()`
  oo[c] = o[c].astype(float)
/home/yarin.b/projects/excel_magic/vfd-agent/vfd/tabular.py:15: PerformanceWarning: DataFrame is highly fragmented.  This is usually the result of calling `frame.insert` many times, which has poor performance.  Consider joining all columns at once using pd.concat(axis=1) instead. To get a de-fragmented frame, use `newframe = frame.copy()`
  out_tr[c] = s.astype(float)
/home/yarin.b/projects/excel_magic/vfd-agent/vfd/tabular.py:17: PerformanceWarning: DataFrame is highly fragmented.  This is usually the result of calling `frame.insert` many times, which has poor performance.  Consider joining all columns at once using pd.concat(axis=1) instead. To get a de-fragmented frame, use `newframe = frame.copy()`
  oo[c] = o[c].astype(float)
/home/yarin.b/projects/excel_magic/vfd-agent/vfd/tabular.py:15: PerformanceWarning: DataFrame is highly fragmented.  This is usually the result of calling `frame.insert` many times, which has poor performance.  Consider joining all columns at once using pd.concat(axis=1) instead. To get a de-fragmented frame, use `newframe = frame.copy()`
  out_tr[c] = s.astype(float)
/home/yarin.b/projects/excel_magic/vfd-agent/vfd/tabular.py:17: PerformanceWarning: DataFrame is highly fragmented.  This is usually the result of calling `frame.insert` many times, which has poor performance.  Consider joining all columns at once using pd.concat(axis=1) instead. To get a de-fragmented frame, use `newframe = frame.copy()`
  oo[c] = o[c].astype(float)
/home/yarin.b/projects/excel_magic/vfd-agent/vfd/tabular.py:15: PerformanceWarning: DataFrame is highly fragmented.  This is usually the result of calling `frame.insert` many times, which has poor performance.  Consider joining all columns at once using pd.concat(axis=1) instead. To get a de-fragmented frame, use `newframe = frame.copy()`
  out_tr[c] = s.astype(float)
/home/yarin.b/projects/excel_magic/vfd-agent/vfd/tabular.py:17: PerformanceWarning: DataFrame is highly fragmented.  This is usually the result of calling `frame.insert` many times, which has poor performance.  Consider joining all columns at once using pd.concat(axis=1) instead. To get a de-fragmented frame, use `newframe = frame.copy()`
  oo[c] = o[c].astype(float)
/home/yarin.b/projects/excel_magic/vfd-agent/vfd/tabular.py:15: PerformanceWarning: DataFrame is highly fragmented.  This is usually the result of calling `frame.insert` many times, which has poor performance.  Consider joining all columns at once using pd.concat(axis=1) instead. To get a de-fragmented frame, use `newframe = frame.copy()`
  out_tr[c] = s.astype(float)
/home/yarin.b/projects/excel_magic/vfd-agent/vfd/tabular.py:17: PerformanceWarning: DataFrame is highly fragmented.  This is usually the result of calling `frame.insert` many times, which has poor performance.  Consider joining all columns at once using pd.concat(axis=1) instead. To get a de-fragmented frame, use `newframe = frame.copy()`
  oo[c] = o[c].astype(float)
/home/yarin.b/projects/excel_magic/vfd-agent/vfd/tabular.py:15: PerformanceWarning: DataFrame is highly fragmented.  This is usually the result of calling `frame.insert` many times, which has poor performance.  Consider joining all columns at once using pd.concat(axis=1) instead. To get a de-fragmented frame, use `newframe = frame.copy()`
  out_tr[c] = s.astype(float)
/home/yarin.b/projects/excel_magic/vfd-agent/vfd/tabular.py:17: PerformanceWarning: DataFrame is highly fragmented.  This is usually the result of calling `frame.insert` many times, which has poor performance.  Consider joining all columns at once using pd.concat(axis=1) instead. To get a de-fragmented frame, use `newframe = frame.copy()`
  oo[c] = o[c].astype(float)
/home/yarin.b/projects/excel_magic/vfd-agent/vfd/tabular.py:15: PerformanceWarning: DataFrame is highly fragmented.  This is usually the result of calling `frame.insert` many times, which has poor performance.  Consider joining all columns at once using pd.concat(axis=1) instead. To get a de-fragmented frame, use `newframe = frame.copy()`
  out_tr[c] = s.astype(float)
/home/yarin.b/projects/excel_magic/vfd-agent/vfd/tabular.py:17: PerformanceWarning: DataFrame is highly fragmented.  This is usually the result of calling `frame.insert` many times, which has poor performance.  Consider joining all columns at once using pd.concat(axis=1) instead. To get a de-fragmented frame, use `newframe = frame.copy()`
  oo[c] = o[c].astype(float)
/home/yarin.b/projects/excel_magic/vfd-agent/vfd/tabular.py:15: PerformanceWarning: DataFrame is highly fragmented.  This is usually the result of calling `frame.insert` many times, which has poor performance.  Consider joining all columns at once using pd.concat(axis=1) instead. To get a de-fragmented frame, use `newframe = frame.copy()`
  out_tr[c] = s.astype(float)
/home/yarin.b/projects/excel_magic/vfd-agent/vfd/tabular.py:17: PerformanceWarning: DataFrame is highly fragmented.  This is usually the result of calling `frame.insert` many times, which has poor performance.  Consider joining all columns at once using pd.concat(axis=1) instead. To get a de-fragmented frame, use `newframe = frame.copy()`
  oo[c] = o[c].astype(float)
/home/yarin.b/projects/excel_magic/vfd-agent/vfd/tabular.py:15: PerformanceWarning: DataFrame is highly fragmented.  This is usually the result of calling `frame.insert` many times, which has poor performance.  Consider joining all columns at once using pd.concat(axis=1) instead. To get a de-fragmented frame, use `newframe = frame.copy()`
  out_tr[c] = s.astype(float)
/home/yarin.b/projects/excel_magic/vfd-agent/vfd/tabular.py:17: PerformanceWarning: DataFrame is highly fragmented.  This is usually the result of calling `frame.insert` many times, which has poor performance.  Consider joining all columns at once using pd.concat(axis=1) instead. To get a de-fragmented frame, use `newframe = frame.copy()`
  oo[c] = o[c].astype(float)
/home/yarin.b/projects/excel_magic/vfd-agent/vfd/tabular.py:15: PerformanceWarning: DataFrame is highly fragmented.  This is usually the result of calling `frame.insert` many times, which has poor performance.  Consider joining all columns at once using pd.concat(axis=1) instead. To get a de-fragmented frame, use `newframe = frame.copy()`
  out_tr[c] = s.astype(float)
/home/yarin.b/projects/excel_magic/vfd-agent/vfd/tabular.py:17: PerformanceWarning: DataFrame is highly fragmented.  This is usually the result of calling `frame.insert` many times, which has poor performance.  Consider joining all columns at once using pd.concat(axis=1) instead. To get a de-fragmented frame, use `newframe = frame.copy()`
  oo[c] = o[c].astype(float)
/home/yarin.b/projects/excel_magic/vfd-agent/vfd/tabular.py:15: PerformanceWarning: DataFrame is highly fragmented.  This is usually the result of calling `frame.insert` many times, which has poor performance.  Consider joining all columns at once using pd.concat(axis=1) instead. To get a de-fragmented frame, use `newframe = frame.copy()`
  out_tr[c] = s.astype(float)
/home/yarin.b/projects/excel_magic/vfd-agent/vfd/tabular.py:17: PerformanceWarning: DataFrame is highly fragmented.  This is usually the result of calling `frame.insert` many times, which has poor performance.  Consider joining all columns at once using pd.concat(axis=1) instead. To get a de-fragmented frame, use `newframe = frame.copy()`
  oo[c] = o[c].astype(float)
/home/yarin.b/projects/excel_magic/vfd-agent/vfd/tabular.py:15: PerformanceWarning: DataFrame is highly fragmented.  This is usually the result of calling `frame.insert` many times, which has poor performance.  Consider joining all columns at once using pd.concat(axis=1) instead. To get a de-fragmented frame, use `newframe = frame.copy()`
  out_tr[c] = s.astype(float)
/home/yarin.b/projects/excel_magic/vfd-agent/vfd/tabular.py:17: PerformanceWarning: DataFrame is highly fragmented.  This is usually the result of calling `frame.insert` many times, which has poor performance.  Consider joining all columns at once using pd.concat(axis=1) instead. To get a de-fragmented frame, use `newframe = frame.copy()`
  oo[c] = o[c].astype(float)
/home/yarin.b/projects/excel_magic/vfd-agent/vfd/tabular.py:15: PerformanceWarning: DataFrame is highly fragmented.  This is usually the result of calling `frame.insert` many times, which has poor performance.  Consider joining all columns at once using pd.concat(axis=1) instead. To get a de-fragmented frame, use `newframe = frame.copy()`
  out_tr[c] = s.astype(float)
/home/yarin.b/projects/excel_magic/vfd-agent/vfd/tabular.py:17: PerformanceWarning: DataFrame is highly fragmented.  This is usually the result of calling `frame.insert` many times, which has poor performance.  Consider joining all columns at once using pd.concat(axis=1) instead. To get a de-fragmented frame, use `newframe = frame.copy()`
  oo[c] = o[c].astype(float)
/home/yarin.b/projects/excel_magic/vfd-agent/vfd/tabular.py:15: PerformanceWarning: DataFrame is highly fragmented.  This is usually the result of calling `frame.insert` many times, which has poor performance.  Consider joining all columns at once using pd.concat(axis=1) instead. To get a de-fragmented frame, use `newframe = frame.copy()`
  out_tr[c] = s.astype(float)
/home/yarin.b/projects/excel_magic/vfd-agent/vfd/tabular.py:17: PerformanceWarning: DataFrame is highly fragmented.  This is usually the result of calling `frame.insert` many times, which has poor performance.  Consider joining all columns at once using pd.concat(axis=1) instead. To get a de-fragmented frame, use `newframe = frame.copy()`
  oo[c] = o[c].astype(float)
/home/yarin.b/projects/excel_magic/vfd-agent/vfd/tabular.py:15: PerformanceWarning: DataFrame is highly fragmented.  This is usually the result of calling `frame.insert` many times, which has poor performance.  Consider joining all columns at once using pd.concat(axis=1) instead. To get a de-fragmented frame, use `newframe = frame.copy()`
  out_tr[c] = s.astype(float)
/home/yarin.b/projects/excel_magic/vfd-agent/vfd/tabular.py:17: PerformanceWarning: DataFrame is highly fragmented.  This is usually the result of calling `frame.insert` many times, which has poor performance.  Consider joining all columns at once using pd.concat(axis=1) instead. To get a de-fragmented frame, use `newframe = frame.copy()`
  oo[c] = o[c].astype(float)
/home/yarin.b/projects/excel_magic/vfd-agent/vfd/tabular.py:15: PerformanceWarning: DataFrame is highly fragmented.  This is usually the result of calling `frame.insert` many times, which has poor performance.  Consider joining all columns at once using pd.concat(axis=1) instead. To get a de-fragmented frame, use `newframe = frame.copy()`
  out_tr[c] = s.astype(float)
/home/yarin.b/projects/excel_magic/vfd-agent/vfd/tabular.py:17: PerformanceWarning: DataFrame is highly fragmented.  This is usually the result of calling `frame.insert` many times, which has poor performance.  Consider joining all columns at once using pd.concat(axis=1) instead. To get a de-fragmented frame, use `newframe = frame.copy()`
  oo[c] = o[c].astype(float)
/home/yarin.b/projects/excel_magic/vfd-agent/vfd/tabular.py:15: PerformanceWarning: DataFrame is highly fragmented.  This is usually the result of calling `frame.insert` many times, which has poor performance.  Consider joining all columns at once using pd.concat(axis=1) instead. To get a de-fragmented frame, use `newframe = frame.copy()`
  out_tr[c] = s.astype(float)
/home/yarin.b/projects/excel_magic/vfd-agent/vfd/tabular.py:17: PerformanceWarning: DataFrame is highly fragmented.  This is usually the result of calling `frame.insert` many times, which has poor performance.  Consider joining all columns at once using pd.concat(axis=1) instead. To get a de-fragmented frame, use `newframe = frame.copy()`
  oo[c] = o[c].astype(float)
/home/yarin.b/projects/excel_magic/vfd-agent/vfd/tabular.py:15: PerformanceWarning: DataFrame is highly fragmented.  This is usually the result of calling `frame.insert` many times, which has poor performance.  Consider joining all columns at once using pd.concat(axis=1) instead. To get a de-fragmented frame, use `newframe = frame.copy()`
  out_tr[c] = s.astype(float)
/home/yarin.b/projects/excel_magic/vfd-agent/vfd/tabular.py:17: PerformanceWarning: DataFrame is highly fragmented.  This is usually the result of calling `frame.insert` many times, which has poor performance.  Consider joining all columns at once using pd.concat(axis=1) instead. To get a de-fragmented frame, use `newframe = frame.copy()`
  oo[c] = o[c].astype(float)
/home/yarin.b/projects/excel_magic/vfd-agent/vfd/tabular.py:15: PerformanceWarning: DataFrame is highly fragmented.  This is usually the result of calling `frame.insert` many times, which has poor performance.  Consider joining all columns at once using pd.concat(axis=1) instead. To get a de-fragmented frame, use `newframe = frame.copy()`
  out_tr[c] = s.astype(float)
/home/yarin.b/projects/excel_magic/vfd-agent/vfd/tabular.py:17: PerformanceWarning: DataFrame is highly fragmented.  This is usually the result of calling `frame.insert` many times, which has poor performance.  Consider joining all columns at once using pd.concat(axis=1) instead. To get a de-fragmented frame, use `newframe = frame.copy()`
  oo[c] = o[c].astype(float)
/home/yarin.b/projects/excel_magic/vfd-agent/vfd/tabular.py:15: PerformanceWarning: DataFrame is highly fragmented.  This is usually the result of calling `frame.insert` many times, which has poor performance.  Consider joining all columns at once using pd.concat(axis=1) instead. To get a de-fragmented frame, use `newframe = frame.copy()`
  out_tr[c] = s.astype(float)
/home/yarin.b/projects/excel_magic/vfd-agent/vfd/tabular.py:17: PerformanceWarning: DataFrame is highly fragmented.  This is usually the result of calling `frame.insert` many times, which has poor performance.  Consider joining all columns at once using pd.concat(axis=1) instead. To get a de-fragmented frame, use `newframe = frame.copy()`
  oo[c] = o[c].astype(float)
/home/yarin.b/projects/excel_magic/vfd-agent/vfd/tabular.py:15: PerformanceWarning: DataFrame is highly fragmented.  This is usually the result of calling `frame.insert` many times, which has poor performance.  Consider joining all columns at once using pd.concat(axis=1) instead. To get a de-fragmented frame, use `newframe = frame.copy()`
  out_tr[c] = s.astype(float)
/home/yarin.b/projects/excel_magic/vfd-agent/vfd/tabular.py:17: PerformanceWarning: DataFrame is highly fragmented.  This is usually the result of calling `frame.insert` many times, which has poor performance.  Consider joining all columns at once using pd.concat(axis=1) instead. To get a de-fragmented frame, use `newframe = frame.copy()`
  oo[c] = o[c].astype(float)
[evaluate] {'dataset': 'airbnb', 'variant': 'gli_agnostic', 'model': 'kumo-tabular-l:n_estimators=4,device=cuda', 'metric': 'acc', 'value': 0.451, 'n_features': 232, 'seconds': 4.7, 'error': ''}
[evaluate] {'dataset': 'airbnb', 'variant': 'gli_agnostic', 'model': 'tabpfn-2.5:n_estimators=4,device=cuda', 'metric': 'acc', 'value': 0.4215, 'n_features': 232, 'seconds': 5.0, 'error': ''}
[evaluate] {'dataset': 'airbnb', 'variant': 'gli_agnostic', 'model': 'lightgbm', 'metric': 'acc', 'value': 0.387, 'n_features': 232, 'seconds': 18.8, 'error': ''}
/home/yarin.b/projects/excel_magic/vfd-agent/vfd/tabular.py:15: PerformanceWarning: DataFrame is highly fragmented.  This is usually the result of calling `frame.insert` many times, which has poor performance.  Consider joining all columns at once using pd.concat(axis=1) instead. To get a de-fragmented frame, use `newframe = frame.copy()`
  out_tr[c] = s.astype(float)
/home/yarin.b/projects/excel_magic/vfd-agent/vfd/tabular.py:17: PerformanceWarning: DataFrame is highly fragmented.  This is usually the result of calling `frame.insert` many times, which has poor performance.  Consider joining all columns at once using pd.concat(axis=1) instead. To get a de-fragmented frame, use `newframe = frame.copy()`
  oo[c] = o[c].astype(float)
/home/yarin.b/projects/excel_magic/vfd-agent/vfd/tabular.py:15: PerformanceWarning: DataFrame is highly fragmented.  This is usually the result of calling `frame.insert` many times, which has poor performance.  Consider joining all columns at once using pd.concat(axis=1) instead. To get a de-fragmented frame, use `newframe = frame.copy()`
  out_tr[c] = s.astype(float)
/home/yarin.b/projects/excel_magic/vfd-agent/vfd/tabular.py:17: PerformanceWarning: DataFrame is highly fragmented.  This is usually the result of calling `frame.insert` many times, which has poor performance.  Consider joining all columns at once using pd.concat(axis=1) instead. To get a de-fragmented frame, use `newframe = frame.copy()`
  oo[c] = o[c].astype(float)
/home/yarin.b/projects/excel_magic/vfd-agent/vfd/tabular.py:15: PerformanceWarning: DataFrame is highly fragmented.  This is usually the result of calling `frame.insert` many times, which has poor performance.  Consider joining all columns at once using pd.concat(axis=1) instead. To get a de-fragmented frame, use `newframe = frame.copy()`
  out_tr[c] = s.astype(float)
/home/yarin.b/projects/excel_magic/vfd-agent/vfd/tabular.py:17: PerformanceWarning: DataFrame is highly fragmented.  This is usually the result of calling `frame.insert` many times, which has poor performance.  Consider joining all columns at once using pd.concat(axis=1) instead. To get a de-fragmented frame, use `newframe = frame.copy()`
  oo[c] = o[c].astype(float)
/home/yarin.b/projects/excel_magic/vfd-agent/vfd/tabular.py:15: PerformanceWarning: DataFrame is highly fragmented.  This is usually the result of calling `frame.insert` many times, which has poor performance.  Consider joining all columns at once using pd.concat(axis=1) instead. To get a de-fragmented frame, use `newframe = frame.copy()`
  out_tr[c] = s.astype(float)
/home/yarin.b/projects/excel_magic/vfd-agent/vfd/tabular.py:17: PerformanceWarning: DataFrame is highly fragmented.  This is usually the result of calling `frame.insert` many times, which has poor performance.  Consider joining all columns at once using pd.concat(axis=1) instead. To get a de-fragmented frame, use `newframe = frame.copy()`
  oo[c] = o[c].astype(float)
/home/yarin.b/projects/excel_magic/vfd-agent/vfd/tabular.py:15: PerformanceWarning: DataFrame is highly fragmented.  This is usually the result of calling `frame.insert` many times, which has poor performance.  Consider joining all columns at once using pd.concat(axis=1) instead. To get a de-fragmented frame, use `newframe = frame.copy()`
  out_tr[c] = s.astype(float)
/home/yarin.b/projects/excel_magic/vfd-agent/vfd/tabular.py:17: PerformanceWarning: DataFrame is highly fragmented.  This is usually the result of calling `frame.insert` many times, which has poor performance.  Consider joining all columns at once using pd.concat(axis=1) instead. To get a de-fragmented frame, use `newframe = frame.copy()`
  oo[c] = o[c].astype(float)
/home/yarin.b/projects/excel_magic/vfd-agent/vfd/tabular.py:15: PerformanceWarning: DataFrame is highly fragmented.  This is usually the result of calling `frame.insert` many times, which has poor performance.  Consider joining all columns at once using pd.concat(axis=1) instead. To get a de-fragmented frame, use `newframe = frame.copy()`
  out_tr[c] = s.astype(float)
/home/yarin.b/projects/excel_magic/vfd-agent/vfd/tabular.py:17: PerformanceWarning: DataFrame is highly fragmented.  This is usually the result of calling `frame.insert` many times, which has poor performance.  Consider joining all columns at once using pd.concat(axis=1) instead. To get a de-fragmented frame, use `newframe = frame.copy()`
  oo[c] = o[c].astype(float)
/home/yarin.b/projects/excel_magic/vfd-agent/vfd/tabular.py:15: PerformanceWarning: DataFrame is highly fragmented.  This is usually the result of calling `frame.insert` many times, which has poor performance.  Consider joining all columns at once using pd.concat(axis=1) instead. To get a de-fragmented frame, use `newframe = frame.copy()`
  out_tr[c] = s.astype(float)
/home/yarin.b/projects/excel_magic/vfd-agent/vfd/tabular.py:17: PerformanceWarning: DataFrame is highly fragmented.  This is usually the result of calling `frame.insert` many times, which has poor performance.  Consider joining all columns at once using pd.concat(axis=1) instead. To get a de-fragmented frame, use `newframe = frame.copy()`
  oo[c] = o[c].astype(float)
/home/yarin.b/projects/excel_magic/vfd-agent/vfd/tabular.py:15: PerformanceWarning: DataFrame is highly fragmented.  This is usually the result of calling `frame.insert` many times, which has poor performance.  Consider joining all columns at once using pd.concat(axis=1) instead. To get a de-fragmented frame, use `newframe = frame.copy()`
  out_tr[c] = s.astype(float)
/home/yarin.b/projects/excel_magic/vfd-agent/vfd/tabular.py:17: PerformanceWarning: DataFrame is highly fragmented.  This is usually the result of calling `frame.insert` many times, which has poor performance.  Consider joining all columns at once using pd.concat(axis=1) instead. To get a de-fragmented frame, use `newframe = frame.copy()`
  oo[c] = o[c].astype(float)
/home/yarin.b/projects/excel_magic/vfd-agent/vfd/tabular.py:15: PerformanceWarning: DataFrame is highly fragmented.  This is usually the result of calling `frame.insert` many times, which has poor performance.  Consider joining all columns at once using pd.concat(axis=1) instead. To get a de-fragmented frame, use `newframe = frame.copy()`
  out_tr[c] = s.astype(float)
/home/yarin.b/projects/excel_magic/vfd-agent/vfd/tabular.py:17: PerformanceWarning: DataFrame is highly fragmented.  This is usually the result of calling `frame.insert` many times, which has poor performance.  Consider joining all columns at once using pd.concat(axis=1) instead. To get a de-fragmented frame, use `newframe = frame.copy()`
  oo[c] = o[c].astype(float)
/home/yarin.b/projects/excel_magic/vfd-agent/vfd/tabular.py:15: PerformanceWarning: DataFrame is highly fragmented.  This is usually the result of calling `frame.insert` many times, which has poor performance.  Consider joining all columns at once using pd.concat(axis=1) instead. To get a de-fragmented frame, use `newframe = frame.copy()`
  out_tr[c] = s.astype(float)
/home/yarin.b/projects/excel_magic/vfd-agent/vfd/tabular.py:17: PerformanceWarning: DataFrame is highly fragmented.  This is usually the result of calling `frame.insert` many times, which has poor performance.  Consider joining all columns at once using pd.concat(axis=1) instead. To get a de-fragmented frame, use `newframe = frame.copy()`
  oo[c] = o[c].astype(float)
/home/yarin.b/projects/excel_magic/vfd-agent/vfd/tabular.py:15: PerformanceWarning: DataFrame is highly fragmented.  This is usually the result of calling `frame.insert` many times, which has poor performance.  Consider joining all columns at once using pd.concat(axis=1) instead. To get a de-fragmented frame, use `newframe = frame.copy()`
  out_tr[c] = s.astype(float)
/home/yarin.b/projects/excel_magic/vfd-agent/vfd/tabular.py:17: PerformanceWarning: DataFrame is highly fragmented.  This is usually the result of calling `frame.insert` many times, which has poor performance.  Consider joining all columns at once using pd.concat(axis=1) instead. To get a de-fragmented frame, use `newframe = frame.copy()`
  oo[c] = o[c].astype(float)
/home/yarin.b/projects/excel_magic/vfd-agent/vfd/tabular.py:15: PerformanceWarning: DataFrame is highly fragmented.  This is usually the result of calling `frame.insert` many times, which has poor performance.  Consider joining all columns at once using pd.concat(axis=1) instead. To get a de-fragmented frame, use `newframe = frame.copy()`
  out_tr[c] = s.astype(float)
/home/yarin.b/projects/excel_magic/vfd-agent/vfd/tabular.py:17: PerformanceWarning: DataFrame is highly fragmented.  This is usually the result of calling `frame.insert` many times, which has poor performance.  Consider joining all columns at once using pd.concat(axis=1) instead. To get a de-fragmented frame, use `newframe = frame.copy()`
  oo[c] = o[c].astype(float)
/home/yarin.b/projects/excel_magic/vfd-agent/vfd/tabular.py:15: PerformanceWarning: DataFrame is highly fragmented.  This is usually the result of calling `frame.insert` many times, which has poor performance.  Consider joining all columns at once using pd.concat(axis=1) instead. To get a de-fragmented frame, use `newframe = frame.copy()`
  out_tr[c] = s.astype(float)
/home/yarin.b/projects/excel_magic/vfd-agent/vfd/tabular.py:17: PerformanceWarning: DataFrame is highly fragmented.  This is usually the result of calling `frame.insert` many times, which has poor performance.  Consider joining all columns at once using pd.concat(axis=1) instead. To get a de-fragmented frame, use `newframe = frame.copy()`
  oo[c] = o[c].astype(float)
/home/yarin.b/projects/excel_magic/vfd-agent/vfd/tabular.py:15: PerformanceWarning: DataFrame is highly fragmented.  This is usually the result of calling `frame.insert` many times, which has poor performance.  Consider joining all columns at once using pd.concat(axis=1) instead. To get a de-fragmented frame, use `newframe = frame.copy()`
  out_tr[c] = s.astype(float)
/home/yarin.b/projects/excel_magic/vfd-agent/vfd/tabular.py:17: PerformanceWarning: DataFrame is highly fragmented.  This is usually the result of calling `frame.insert` many times, which has poor performance.  Consider joining all columns at once using pd.concat(axis=1) instead. To get a de-fragmented frame, use `newframe = frame.copy()`
  oo[c] = o[c].astype(float)
/home/yarin.b/projects/excel_magic/vfd-agent/vfd/tabular.py:15: PerformanceWarning: DataFrame is highly fragmented.  This is usually the result of calling `frame.insert` many times, which has poor performance.  Consider joining all columns at once using pd.concat(axis=1) instead. To get a de-fragmented frame, use `newframe = frame.copy()`
  out_tr[c] = s.astype(float)
/home/yarin.b/projects/excel_magic/vfd-agent/vfd/tabular.py:17: PerformanceWarning: DataFrame is highly fragmented.  This is usually the result of calling `frame.insert` many times, which has poor performance.  Consider joining all columns at once using pd.concat(axis=1) instead. To get a de-fragmented frame, use `newframe = frame.copy()`
  oo[c] = o[c].astype(float)
/home/yarin.b/projects/excel_magic/vfd-agent/vfd/tabular.py:15: PerformanceWarning: DataFrame is highly fragmented.  This is usually the result of calling `frame.insert` many times, which has poor performance.  Consider joining all columns at once using pd.concat(axis=1) instead. To get a de-fragmented frame, use `newframe = frame.copy()`
  out_tr[c] = s.astype(float)
/home/yarin.b/projects/excel_magic/vfd-agent/vfd/tabular.py:17: PerformanceWarning: DataFrame is highly fragmented.  This is usually the result of calling `frame.insert` many times, which has poor performance.  Consider joining all columns at once using pd.concat(axis=1) instead. To get a de-fragmented frame, use `newframe = frame.copy()`
  oo[c] = o[c].astype(float)
/home/yarin.b/projects/excel_magic/vfd-agent/vfd/tabular.py:15: PerformanceWarning: DataFrame is highly fragmented.  This is usually the result of calling `frame.insert` many times, which has poor performance.  Consider joining all columns at once using pd.concat(axis=1) instead. To get a de-fragmented frame, use `newframe = frame.copy()`
  out_tr[c] = s.astype(float)
/home/yarin.b/projects/excel_magic/vfd-agent/vfd/tabular.py:17: PerformanceWarning: DataFrame is highly fragmented.  This is usually the result of calling `frame.insert` many times, which has poor performance.  Consider joining all columns at once using pd.concat(axis=1) instead. To get a de-fragmented frame, use `newframe = frame.copy()`
  oo[c] = o[c].astype(float)
/home/yarin.b/projects/excel_magic/vfd-agent/vfd/tabular.py:15: PerformanceWarning: DataFrame is highly fragmented.  This is usually the result of calling `frame.insert` many times, which has poor performance.  Consider joining all columns at once using pd.concat(axis=1) instead. To get a de-fragmented frame, use `newframe = frame.copy()`
  out_tr[c] = s.astype(float)
/home/yarin.b/projects/excel_magic/vfd-agent/vfd/tabular.py:17: PerformanceWarning: DataFrame is highly fragmented.  This is usually the result of calling `frame.insert` many times, which has poor performance.  Consider joining all columns at once using pd.concat(axis=1) instead. To get a de-fragmented frame, use `newframe = frame.copy()`
  oo[c] = o[c].astype(float)
/home/yarin.b/projects/excel_magic/vfd-agent/vfd/tabular.py:15: PerformanceWarning: DataFrame is highly fragmented.  This is usually the result of calling `frame.insert` many times, which has poor performance.  Consider joining all columns at once using pd.concat(axis=1) instead. To get a de-fragmented frame, use `newframe = frame.copy()`
  out_tr[c] = s.astype(float)
/home/yarin.b/projects/excel_magic/vfd-agent/vfd/tabular.py:17: PerformanceWarning: DataFrame is highly fragmented.  This is usually the result of calling `frame.insert` many times, which has poor performance.  Consider joining all columns at once using pd.concat(axis=1) instead. To get a de-fragmented frame, use `newframe = frame.copy()`
  oo[c] = o[c].astype(float)
/home/yarin.b/projects/excel_magic/vfd-agent/vfd/tabular.py:15: PerformanceWarning: DataFrame is highly fragmented.  This is usually the result of calling `frame.insert` many times, which has poor performance.  Consider joining all columns at once using pd.concat(axis=1) instead. To get a de-fragmented frame, use `newframe = frame.copy()`
  out_tr[c] = s.astype(float)
/home/yarin.b/projects/excel_magic/vfd-agent/vfd/tabular.py:17: PerformanceWarning: DataFrame is highly fragmented.  This is usually the result of calling `frame.insert` many times, which has poor performance.  Consider joining all columns at once using pd.concat(axis=1) instead. To get a de-fragmented frame, use `newframe = frame.copy()`
  oo[c] = o[c].astype(float)
/home/yarin.b/projects/excel_magic/vfd-agent/vfd/tabular.py:15: PerformanceWarning: DataFrame is highly fragmented.  This is usually the result of calling `frame.insert` many times, which has poor performance.  Consider joining all columns at once using pd.concat(axis=1) instead. To get a de-fragmented frame, use `newframe = frame.copy()`
  out_tr[c] = s.astype(float)
/home/yarin.b/projects/excel_magic/vfd-agent/vfd/tabular.py:17: PerformanceWarning: DataFrame is highly fragmented.  This is usually the result of calling `frame.insert` many times, which has poor performance.  Consider joining all columns at once using pd.concat(axis=1) instead. To get a de-fragmented frame, use `newframe = frame.copy()`
  oo[c] = o[c].astype(float)
/home/yarin.b/projects/excel_magic/vfd-agent/vfd/tabular.py:15: PerformanceWarning: DataFrame is highly fragmented.  This is usually the result of calling `frame.insert` many times, which has poor performance.  Consider joining all columns at once using pd.concat(axis=1) instead. To get a de-fragmented frame, use `newframe = frame.copy()`
  out_tr[c] = s.astype(float)
/home/yarin.b/projects/excel_magic/vfd-agent/vfd/tabular.py:17: PerformanceWarning: DataFrame is highly fragmented.  This is usually the result of calling `frame.insert` many times, which has poor performance.  Consider joining all columns at once using pd.concat(axis=1) instead. To get a de-fragmented frame, use `newframe = frame.copy()`
  oo[c] = o[c].astype(float)
/home/yarin.b/projects/excel_magic/vfd-agent/vfd/tabular.py:15: PerformanceWarning: DataFrame is highly fragmented.  This is usually the result of calling `frame.insert` many times, which has poor performance.  Consider joining all columns at once using pd.concat(axis=1) instead. To get a de-fragmented frame, use `newframe = frame.copy()`
  out_tr[c] = s.astype(float)
/home/yarin.b/projects/excel_magic/vfd-agent/vfd/tabular.py:17: PerformanceWarning: DataFrame is highly fragmented.  This is usually the result of calling `frame.insert` many times, which has poor performance.  Consider joining all columns at once using pd.concat(axis=1) instead. To get a de-fragmented frame, use `newframe = frame.copy()`
  oo[c] = o[c].astype(float)
/home/yarin.b/projects/excel_magic/vfd-agent/vfd/tabular.py:15: PerformanceWarning: DataFrame is highly fragmented.  This is usually the result of calling `frame.insert` many times, which has poor performance.  Consider joining all columns at once using pd.concat(axis=1) instead. To get a de-fragmented frame, use `newframe = frame.copy()`
  out_tr[c] = s.astype(float)
/home/yarin.b/projects/excel_magic/vfd-agent/vfd/tabular.py:17: PerformanceWarning: DataFrame is highly fragmented.  This is usually the result of calling `frame.insert` many times, which has poor performance.  Consider joining all columns at once using pd.concat(axis=1) instead. To get a de-fragmented frame, use `newframe = frame.copy()`
  oo[c] = o[c].astype(float)
/home/yarin.b/projects/excel_magic/vfd-agent/vfd/tabular.py:15: PerformanceWarning: DataFrame is highly fragmented.  This is usually the result of calling `frame.insert` many times, which has poor performance.  Consider joining all columns at once using pd.concat(axis=1) instead. To get a de-fragmented frame, use `newframe = frame.copy()`
  out_tr[c] = s.astype(float)
/home/yarin.b/projects/excel_magic/vfd-agent/vfd/tabular.py:17: PerformanceWarning: DataFrame is highly fragmented.  This is usually the result of calling `frame.insert` many times, which has poor performance.  Consider joining all columns at once using pd.concat(axis=1) instead. To get a de-fragmented frame, use `newframe = frame.copy()`
  oo[c] = o[c].astype(float)
/home/yarin.b/projects/excel_magic/vfd-agent/vfd/tabular.py:15: PerformanceWarning: DataFrame is highly fragmented.  This is usually the result of calling `frame.insert` many times, which has poor performance.  Consider joining all columns at once using pd.concat(axis=1) instead. To get a de-fragmented frame, use `newframe = frame.copy()`
  out_tr[c] = s.astype(float)
/home/yarin.b/projects/excel_magic/vfd-agent/vfd/tabular.py:17: PerformanceWarning: DataFrame is highly fragmented.  This is usually the result of calling `frame.insert` many times, which has poor performance.  Consider joining all columns at once using pd.concat(axis=1) instead. To get a de-fragmented frame, use `newframe = frame.copy()`
  oo[c] = o[c].astype(float)
/home/yarin.b/projects/excel_magic/vfd-agent/vfd/tabular.py:15: PerformanceWarning: DataFrame is highly fragmented.  This is usually the result of calling `frame.insert` many times, which has poor performance.  Consider joining all columns at once using pd.concat(axis=1) instead. To get a de-fragmented frame, use `newframe = frame.copy()`
  out_tr[c] = s.astype(float)
/home/yarin.b/projects/excel_magic/vfd-agent/vfd/tabular.py:17: PerformanceWarning: DataFrame is highly fragmented.  This is usually the result of calling `frame.insert` many times, which has poor performance.  Consider joining all columns at once using pd.concat(axis=1) instead. To get a de-fragmented frame, use `newframe = frame.copy()`
  oo[c] = o[c].astype(float)
/home/yarin.b/projects/excel_magic/vfd-agent/vfd/tabular.py:15: PerformanceWarning: DataFrame is highly fragmented.  This is usually the result of calling `frame.insert` many times, which has poor performance.  Consider joining all columns at once using pd.concat(axis=1) instead. To get a de-fragmented frame, use `newframe = frame.copy()`
  out_tr[c] = s.astype(float)
/home/yarin.b/projects/excel_magic/vfd-agent/vfd/tabular.py:17: PerformanceWarning: DataFrame is highly fragmented.  This is usually the result of calling `frame.insert` many times, which has poor performance.  Consider joining all columns at once using pd.concat(axis=1) instead. To get a de-fragmented frame, use `newframe = frame.copy()`
  oo[c] = o[c].astype(float)
/home/yarin.b/projects/excel_magic/vfd-agent/vfd/tabular.py:15: PerformanceWarning: DataFrame is highly fragmented.  This is usually the result of calling `frame.insert` many times, which has poor performance.  Consider joining all columns at once using pd.concat(axis=1) instead. To get a de-fragmented frame, use `newframe = frame.copy()`
  out_tr[c] = s.astype(float)
/home/yarin.b/projects/excel_magic/vfd-agent/vfd/tabular.py:17: PerformanceWarning: DataFrame is highly fragmented.  This is usually the result of calling `frame.insert` many times, which has poor performance.  Consider joining all columns at once using pd.concat(axis=1) instead. To get a de-fragmented frame, use `newframe = frame.copy()`
  oo[c] = o[c].astype(float)
/home/yarin.b/projects/excel_magic/vfd-agent/vfd/tabular.py:15: PerformanceWarning: DataFrame is highly fragmented.  This is usually the result of calling `frame.insert` many times, which has poor performance.  Consider joining all columns at once using pd.concat(axis=1) instead. To get a de-fragmented frame, use `newframe = frame.copy()`
  out_tr[c] = s.astype(float)
/home/yarin.b/projects/excel_magic/vfd-agent/vfd/tabular.py:17: PerformanceWarning: DataFrame is highly fragmented.  This is usually the result of calling `frame.insert` many times, which has poor performance.  Consider joining all columns at once using pd.concat(axis=1) instead. To get a de-fragmented frame, use `newframe = frame.copy()`
  oo[c] = o[c].astype(float)
/home/yarin.b/projects/excel_magic/vfd-agent/vfd/tabular.py:15: PerformanceWarning: DataFrame is highly fragmented.  This is usually the result of calling `frame.insert` many times, which has poor performance.  Consider joining all columns at once using pd.concat(axis=1) instead. To get a de-fragmented frame, use `newframe = frame.copy()`
  out_tr[c] = s.astype(float)
/home/yarin.b/projects/excel_magic/vfd-agent/vfd/tabular.py:17: PerformanceWarning: DataFrame is highly fragmented.  This is usually the result of calling `frame.insert` many times, which has poor performance.  Consider joining all columns at once using pd.concat(axis=1) instead. To get a de-fragmented frame, use `newframe = frame.copy()`
  oo[c] = o[c].astype(float)
/home/yarin.b/projects/excel_magic/vfd-agent/vfd/tabular.py:15: PerformanceWarning: DataFrame is highly fragmented.  This is usually the result of calling `frame.insert` many times, which has poor performance.  Consider joining all columns at once using pd.concat(axis=1) instead. To get a de-fragmented frame, use `newframe = frame.copy()`
  out_tr[c] = s.astype(float)
/home/yarin.b/projects/excel_magic/vfd-agent/vfd/tabular.py:17: PerformanceWarning: DataFrame is highly fragmented.  This is usually the result of calling `frame.insert` many times, which has poor performance.  Consider joining all columns at once using pd.concat(axis=1) instead. To get a de-fragmented frame, use `newframe = frame.copy()`
  oo[c] = o[c].astype(float)
/home/yarin.b/projects/excel_magic/vfd-agent/vfd/tabular.py:15: PerformanceWarning: DataFrame is highly fragmented.  This is usually the result of calling `frame.insert` many times, which has poor performance.  Consider joining all columns at once using pd.concat(axis=1) instead. To get a de-fragmented frame, use `newframe = frame.copy()`
  out_tr[c] = s.astype(float)
/home/yarin.b/projects/excel_magic/vfd-agent/vfd/tabular.py:17: PerformanceWarning: DataFrame is highly fragmented.  This is usually the result of calling `frame.insert` many times, which has poor performance.  Consider joining all columns at once using pd.concat(axis=1) instead. To get a de-fragmented frame, use `newframe = frame.copy()`
  oo[c] = o[c].astype(float)
/home/yarin.b/projects/excel_magic/vfd-agent/vfd/tabular.py:15: PerformanceWarning: DataFrame is highly fragmented.  This is usually the result of calling `frame.insert` many times, which has poor performance.  Consider joining all columns at once using pd.concat(axis=1) instead. To get a de-fragmented frame, use `newframe = frame.copy()`
  out_tr[c] = s.astype(float)
/home/yarin.b/projects/excel_magic/vfd-agent/vfd/tabular.py:17: PerformanceWarning: DataFrame is highly fragmented.  This is usually the result of calling `frame.insert` many times, which has poor performance.  Consider joining all columns at once using pd.concat(axis=1) instead. To get a de-fragmented frame, use `newframe = frame.copy()`
  oo[c] = o[c].astype(float)
/home/yarin.b/projects/excel_magic/vfd-agent/vfd/tabular.py:15: PerformanceWarning: DataFrame is highly fragmented.  This is usually the result of calling `frame.insert` many times, which has poor performance.  Consider joining all columns at once using pd.concat(axis=1) instead. To get a de-fragmented frame, use `newframe = frame.copy()`
  out_tr[c] = s.astype(float)
/home/yarin.b/projects/excel_magic/vfd-agent/vfd/tabular.py:17: PerformanceWarning: DataFrame is highly fragmented.  This is usually the result of calling `frame.insert` many times, which has poor performance.  Consider joining all columns at once using pd.concat(axis=1) instead. To get a de-fragmented frame, use `newframe = frame.copy()`
  oo[c] = o[c].astype(float)
/home/yarin.b/projects/excel_magic/vfd-agent/vfd/tabular.py:15: PerformanceWarning: DataFrame is highly fragmented.  This is usually the result of calling `frame.insert` many times, which has poor performance.  Consider joining all columns at once using pd.concat(axis=1) instead. To get a de-fragmented frame, use `newframe = frame.copy()`
  out_tr[c] = s.astype(float)
/home/yarin.b/projects/excel_magic/vfd-agent/vfd/tabular.py:17: PerformanceWarning: DataFrame is highly fragmented.  This is usually the result of calling `frame.insert` many times, which has poor performance.  Consider joining all columns at once using pd.concat(axis=1) instead. To get a de-fragmented frame, use `newframe = frame.copy()`
  oo[c] = o[c].astype(float)
/home/yarin.b/projects/excel_magic/vfd-agent/vfd/tabular.py:15: PerformanceWarning: DataFrame is highly fragmented.  This is usually the result of calling `frame.insert` many times, which has poor performance.  Consider joining all columns at once using pd.concat(axis=1) instead. To get a de-fragmented frame, use `newframe = frame.copy()`
  out_tr[c] = s.astype(float)
/home/yarin.b/projects/excel_magic/vfd-agent/vfd/tabular.py:17: PerformanceWarning: DataFrame is highly fragmented.  This is usually the result of calling `frame.insert` many times, which has poor performance.  Consider joining all columns at once using pd.concat(axis=1) instead. To get a de-fragmented frame, use `newframe = frame.copy()`
  oo[c] = o[c].astype(float)
/home/yarin.b/projects/excel_magic/vfd-agent/vfd/tabular.py:15: PerformanceWarning: DataFrame is highly fragmented.  This is usually the result of calling `frame.insert` many times, which has poor performance.  Consider joining all columns at once using pd.concat(axis=1) instead. To get a de-fragmented frame, use `newframe = frame.copy()`
  out_tr[c] = s.astype(float)
/home/yarin.b/projects/excel_magic/vfd-agent/vfd/tabular.py:17: PerformanceWarning: DataFrame is highly fragmented.  This is usually the result of calling `frame.insert` many times, which has poor performance.  Consider joining all columns at once using pd.concat(axis=1) instead. To get a de-fragmented frame, use `newframe = frame.copy()`
  oo[c] = o[c].astype(float)
/home/yarin.b/projects/excel_magic/vfd-agent/vfd/tabular.py:15: PerformanceWarning: DataFrame is highly fragmented.  This is usually the result of calling `frame.insert` many times, which has poor performance.  Consider joining all columns at once using pd.concat(axis=1) instead. To get a de-fragmented frame, use `newframe = frame.copy()`
  out_tr[c] = s.astype(float)
/home/yarin.b/projects/excel_magic/vfd-agent/vfd/tabular.py:17: PerformanceWarning: DataFrame is highly fragmented.  This is usually the result of calling `frame.insert` many times, which has poor performance.  Consider joining all columns at once using pd.concat(axis=1) instead. To get a de-fragmented frame, use `newframe = frame.copy()`
  oo[c] = o[c].astype(float)
/home/yarin.b/projects/excel_magic/vfd-agent/vfd/tabular.py:15: PerformanceWarning: DataFrame is highly fragmented.  This is usually the result of calling `frame.insert` many times, which has poor performance.  Consider joining all columns at once using pd.concat(axis=1) instead. To get a de-fragmented frame, use `newframe = frame.copy()`
  out_tr[c] = s.astype(float)
/home/yarin.b/projects/excel_magic/vfd-agent/vfd/tabular.py:17: PerformanceWarning: DataFrame is highly fragmented.  This is usually the result of calling `frame.insert` many times, which has poor performance.  Consider joining all columns at once using pd.concat(axis=1) instead. To get a de-fragmented frame, use `newframe = frame.copy()`
  oo[c] = o[c].astype(float)
/home/yarin.b/projects/excel_magic/vfd-agent/vfd/tabular.py:15: PerformanceWarning: DataFrame is highly fragmented.  This is usually the result of calling `frame.insert` many times, which has poor performance.  Consider joining all columns at once using pd.concat(axis=1) instead. To get a de-fragmented frame, use `newframe = frame.copy()`
  out_tr[c] = s.astype(float)
/home/yarin.b/projects/excel_magic/vfd-agent/vfd/tabular.py:17: PerformanceWarning: DataFrame is highly fragmented.  This is usually the result of calling `frame.insert` many times, which has poor performance.  Consider joining all columns at once using pd.concat(axis=1) instead. To get a de-fragmented frame, use `newframe = frame.copy()`
  oo[c] = o[c].astype(float)
/home/yarin.b/projects/excel_magic/vfd-agent/vfd/tabular.py:15: PerformanceWarning: DataFrame is highly fragmented.  This is usually the result of calling `frame.insert` many times, which has poor performance.  Consider joining all columns at once using pd.concat(axis=1) instead. To get a de-fragmented frame, use `newframe = frame.copy()`
  out_tr[c] = s.astype(float)
/home/yarin.b/projects/excel_magic/vfd-agent/vfd/tabular.py:17: PerformanceWarning: DataFrame is highly fragmented.  This is usually the result of calling `frame.insert` many times, which has poor performance.  Consider joining all columns at once using pd.concat(axis=1) instead. To get a de-fragmented frame, use `newframe = frame.copy()`
  oo[c] = o[c].astype(float)
/home/yarin.b/projects/excel_magic/vfd-agent/vfd/tabular.py:15: PerformanceWarning: DataFrame is highly fragmented.  This is usually the result of calling `frame.insert` many times, which has poor performance.  Consider joining all columns at once using pd.concat(axis=1) instead. To get a de-fragmented frame, use `newframe = frame.copy()`
  out_tr[c] = s.astype(float)
/home/yarin.b/projects/excel_magic/vfd-agent/vfd/tabular.py:17: PerformanceWarning: DataFrame is highly fragmented.  This is usually the result of calling `frame.insert` many times, which has poor performance.  Consider joining all columns at once using pd.concat(axis=1) instead. To get a de-fragmented frame, use `newframe = frame.copy()`
  oo[c] = o[c].astype(float)
/home/yarin.b/projects/excel_magic/vfd-agent/vfd/tabular.py:15: PerformanceWarning: DataFrame is highly fragmented.  This is usually the result of calling `frame.insert` many times, which has poor performance.  Consider joining all columns at once using pd.concat(axis=1) instead. To get a de-fragmented frame, use `newframe = frame.copy()`
  out_tr[c] = s.astype(float)
/home/yarin.b/projects/excel_magic/vfd-agent/vfd/tabular.py:17: PerformanceWarning: DataFrame is highly fragmented.  This is usually the result of calling `frame.insert` many times, which has poor performance.  Consider joining all columns at once using pd.concat(axis=1) instead. To get a de-fragmented frame, use `newframe = frame.copy()`
  oo[c] = o[c].astype(float)
/home/yarin.b/projects/excel_magic/vfd-agent/vfd/tabular.py:15: PerformanceWarning: DataFrame is highly fragmented.  This is usually the result of calling `frame.insert` many times, which has poor performance.  Consider joining all columns at once using pd.concat(axis=1) instead. To get a de-fragmented frame, use `newframe = frame.copy()`
  out_tr[c] = s.astype(float)
/home/yarin.b/projects/excel_magic/vfd-agent/vfd/tabular.py:17: PerformanceWarning: DataFrame is highly fragmented.  This is usually the result of calling `frame.insert` many times, which has poor performance.  Consider joining all columns at once using pd.concat(axis=1) instead. To get a de-fragmented frame, use `newframe = frame.copy()`
  oo[c] = o[c].astype(float)
/home/yarin.b/projects/excel_magic/vfd-agent/vfd/tabular.py:15: PerformanceWarning: DataFrame is highly fragmented.  This is usually the result of calling `frame.insert` many times, which has poor performance.  Consider joining all columns at once using pd.concat(axis=1) instead. To get a de-fragmented frame, use `newframe = frame.copy()`
  out_tr[c] = s.astype(float)
/home/yarin.b/projects/excel_magic/vfd-agent/vfd/tabular.py:17: PerformanceWarning: DataFrame is highly fragmented.  This is usually the result of calling `frame.insert` many times, which has poor performance.  Consider joining all columns at once using pd.concat(axis=1) instead. To get a de-fragmented frame, use `newframe = frame.copy()`
  oo[c] = o[c].astype(float)
/home/yarin.b/projects/excel_magic/vfd-agent/vfd/tabular.py:15: PerformanceWarning: DataFrame is highly fragmented.  This is usually the result of calling `frame.insert` many times, which has poor performance.  Consider joining all columns at once using pd.concat(axis=1) instead. To get a de-fragmented frame, use `newframe = frame.copy()`
  out_tr[c] = s.astype(float)
/home/yarin.b/projects/excel_magic/vfd-agent/vfd/tabular.py:17: PerformanceWarning: DataFrame is highly fragmented.  This is usually the result of calling `frame.insert` many times, which has poor performance.  Consider joining all columns at once using pd.concat(axis=1) instead. To get a de-fragmented frame, use `newframe = frame.copy()`
  oo[c] = o[c].astype(float)
/home/yarin.b/projects/excel_magic/vfd-agent/vfd/tabular.py:15: PerformanceWarning: DataFrame is highly fragmented.  This is usually the result of calling `frame.insert` many times, which has poor performance.  Consider joining all columns at once using pd.concat(axis=1) instead. To get a de-fragmented frame, use `newframe = frame.copy()`
  out_tr[c] = s.astype(float)
/home/yarin.b/projects/excel_magic/vfd-agent/vfd/tabular.py:17: PerformanceWarning: DataFrame is highly fragmented.  This is usually the result of calling `frame.insert` many times, which has poor performance.  Consider joining all columns at once using pd.concat(axis=1) instead. To get a de-fragmented frame, use `newframe = frame.copy()`
  oo[c] = o[c].astype(float)
/home/yarin.b/projects/excel_magic/vfd-agent/vfd/tabular.py:15: PerformanceWarning: DataFrame is highly fragmented.  This is usually the result of calling `frame.insert` many times, which has poor performance.  Consider joining all columns at once using pd.concat(axis=1) instead. To get a de-fragmented frame, use `newframe = frame.copy()`
  out_tr[c] = s.astype(float)
/home/yarin.b/projects/excel_magic/vfd-agent/vfd/tabular.py:17: PerformanceWarning: DataFrame is highly fragmented.  This is usually the result of calling `frame.insert` many times, which has poor performance.  Consider joining all columns at once using pd.concat(axis=1) instead. To get a de-fragmented frame, use `newframe = frame.copy()`
  oo[c] = o[c].astype(float)
/home/yarin.b/projects/excel_magic/vfd-agent/vfd/tabular.py:15: PerformanceWarning: DataFrame is highly fragmented.  This is usually the result of calling `frame.insert` many times, which has poor performance.  Consider joining all columns at once using pd.concat(axis=1) instead. To get a de-fragmented frame, use `newframe = frame.copy()`
  out_tr[c] = s.astype(float)
/home/yarin.b/projects/excel_magic/vfd-agent/vfd/tabular.py:17: PerformanceWarning: DataFrame is highly fragmented.  This is usually the result of calling `frame.insert` many times, which has poor performance.  Consider joining all columns at once using pd.concat(axis=1) instead. To get a de-fragmented frame, use `newframe = frame.copy()`
  oo[c] = o[c].astype(float)
/home/yarin.b/projects/excel_magic/vfd-agent/vfd/tabular.py:15: PerformanceWarning: DataFrame is highly fragmented.  This is usually the result of calling `frame.insert` many times, which has poor performance.  Consider joining all columns at once using pd.concat(axis=1) instead. To get a de-fragmented frame, use `newframe = frame.copy()`
  out_tr[c] = s.astype(float)
/home/yarin.b/projects/excel_magic/vfd-agent/vfd/tabular.py:17: PerformanceWarning: DataFrame is highly fragmented.  This is usually the result of calling `frame.insert` many times, which has poor performance.  Consider joining all columns at once using pd.concat(axis=1) instead. To get a de-fragmented frame, use `newframe = frame.copy()`
  oo[c] = o[c].astype(float)
/home/yarin.b/projects/excel_magic/vfd-agent/vfd/tabular.py:15: PerformanceWarning: DataFrame is highly fragmented.  This is usually the result of calling `frame.insert` many times, which has poor performance.  Consider joining all columns at once using pd.concat(axis=1) instead. To get a de-fragmented frame, use `newframe = frame.copy()`
  out_tr[c] = s.astype(float)
/home/yarin.b/projects/excel_magic/vfd-agent/vfd/tabular.py:17: PerformanceWarning: DataFrame is highly fragmented.  This is usually the result of calling `frame.insert` many times, which has poor performance.  Consider joining all columns at once using pd.concat(axis=1) instead. To get a de-fragmented frame, use `newframe = frame.copy()`
  oo[c] = o[c].astype(float)
/home/yarin.b/projects/excel_magic/vfd-agent/vfd/tabular.py:15: PerformanceWarning: DataFrame is highly fragmented.  This is usually the result of calling `frame.insert` many times, which has poor performance.  Consider joining all columns at once using pd.concat(axis=1) instead. To get a de-fragmented frame, use `newframe = frame.copy()`
  out_tr[c] = s.astype(float)
/home/yarin.b/projects/excel_magic/vfd-agent/vfd/tabular.py:17: PerformanceWarning: DataFrame is highly fragmented.  This is usually the result of calling `frame.insert` many times, which has poor performance.  Consider joining all columns at once using pd.concat(axis=1) instead. To get a de-fragmented frame, use `newframe = frame.copy()`
  oo[c] = o[c].astype(float)
/home/yarin.b/projects/excel_magic/vfd-agent/vfd/tabular.py:15: PerformanceWarning: DataFrame is highly fragmented.  This is usually the result of calling `frame.insert` many times, which has poor performance.  Consider joining all columns at once using pd.concat(axis=1) instead. To get a de-fragmented frame, use `newframe = frame.copy()`
  out_tr[c] = s.astype(float)
/home/yarin.b/projects/excel_magic/vfd-agent/vfd/tabular.py:17: PerformanceWarning: DataFrame is highly fragmented.  This is usually the result of calling `frame.insert` many times, which has poor performance.  Consider joining all columns at once using pd.concat(axis=1) instead. To get a de-fragmented frame, use `newframe = frame.copy()`
  oo[c] = o[c].astype(float)
/home/yarin.b/projects/excel_magic/vfd-agent/vfd/tabular.py:15: PerformanceWarning: DataFrame is highly fragmented.  This is usually the result of calling `frame.insert` many times, which has poor performance.  Consider joining all columns at once using pd.concat(axis=1) instead. To get a de-fragmented frame, use `newframe = frame.copy()`
  out_tr[c] = s.astype(float)
/home/yarin.b/projects/excel_magic/vfd-agent/vfd/tabular.py:17: PerformanceWarning: DataFrame is highly fragmented.  This is usually the result of calling `frame.insert` many times, which has poor performance.  Consider joining all columns at once using pd.concat(axis=1) instead. To get a de-fragmented frame, use `newframe = frame.copy()`
  oo[c] = o[c].astype(float)
/home/yarin.b/projects/excel_magic/vfd-agent/vfd/tabular.py:15: PerformanceWarning: DataFrame is highly fragmented.  This is usually the result of calling `frame.insert` many times, which has poor performance.  Consider joining all columns at once using pd.concat(axis=1) instead. To get a de-fragmented frame, use `newframe = frame.copy()`
  out_tr[c] = s.astype(float)
/home/yarin.b/projects/excel_magic/vfd-agent/vfd/tabular.py:17: PerformanceWarning: DataFrame is highly fragmented.  This is usually the result of calling `frame.insert` many times, which has poor performance.  Consider joining all columns at once using pd.concat(axis=1) instead. To get a de-fragmented frame, use `newframe = frame.copy()`
  oo[c] = o[c].astype(float)
/home/yarin.b/projects/excel_magic/vfd-agent/vfd/tabular.py:15: PerformanceWarning: DataFrame is highly fragmented.  This is usually the result of calling `frame.insert` many times, which has poor performance.  Consider joining all columns at once using pd.concat(axis=1) instead. To get a de-fragmented frame, use `newframe = frame.copy()`
  out_tr[c] = s.astype(float)
/home/yarin.b/projects/excel_magic/vfd-agent/vfd/tabular.py:17: PerformanceWarning: DataFrame is highly fragmented.  This is usually the result of calling `frame.insert` many times, which has poor performance.  Consider joining all columns at once using pd.concat(axis=1) instead. To get a de-fragmented frame, use `newframe = frame.copy()`
  oo[c] = o[c].astype(float)
/home/yarin.b/projects/excel_magic/vfd-agent/vfd/tabular.py:15: PerformanceWarning: DataFrame is highly fragmented.  This is usually the result of calling `frame.insert` many times, which has poor performance.  Consider joining all columns at once using pd.concat(axis=1) instead. To get a de-fragmented frame, use `newframe = frame.copy()`
  out_tr[c] = s.astype(float)
/home/yarin.b/projects/excel_magic/vfd-agent/vfd/tabular.py:17: PerformanceWarning: DataFrame is highly fragmented.  This is usually the result of calling `frame.insert` many times, which has poor performance.  Consider joining all columns at once using pd.concat(axis=1) instead. To get a de-fragmented frame, use `newframe = frame.copy()`
  oo[c] = o[c].astype(float)
/home/yarin.b/projects/excel_magic/vfd-agent/vfd/tabular.py:15: PerformanceWarning: DataFrame is highly fragmented.  This is usually the result of calling `frame.insert` many times, which has poor performance.  Consider joining all columns at once using pd.concat(axis=1) instead. To get a de-fragmented frame, use `newframe = frame.copy()`
  out_tr[c] = s.astype(float)
/home/yarin.b/projects/excel_magic/vfd-agent/vfd/tabular.py:17: PerformanceWarning: DataFrame is highly fragmented.  This is usually the result of calling `frame.insert` many times, which has poor performance.  Consider joining all columns at once using pd.concat(axis=1) instead. To get a de-fragmented frame, use `newframe = frame.copy()`
  oo[c] = o[c].astype(float)
/home/yarin.b/projects/excel_magic/vfd-agent/vfd/tabular.py:15: PerformanceWarning: DataFrame is highly fragmented.  This is usually the result of calling `frame.insert` many times, which has poor performance.  Consider joining all columns at once using pd.concat(axis=1) instead. To get a de-fragmented frame, use `newframe = frame.copy()`
  out_tr[c] = s.astype(float)
/home/yarin.b/projects/excel_magic/vfd-agent/vfd/tabular.py:17: PerformanceWarning: DataFrame is highly fragmented.  This is usually the result of calling `frame.insert` many times, which has poor performance.  Consider joining all columns at once using pd.concat(axis=1) instead. To get a de-fragmented frame, use `newframe = frame.copy()`
  oo[c] = o[c].astype(float)
/home/yarin.b/projects/excel_magic/vfd-agent/vfd/tabular.py:15: PerformanceWarning: DataFrame is highly fragmented.  This is usually the result of calling `frame.insert` many times, which has poor performance.  Consider joining all columns at once using pd.concat(axis=1) instead. To get a de-fragmented frame, use `newframe = frame.copy()`
  out_tr[c] = s.astype(float)
/home/yarin.b/projects/excel_magic/vfd-agent/vfd/tabular.py:17: PerformanceWarning: DataFrame is highly fragmented.  This is usually the result of calling `frame.insert` many times, which has poor performance.  Consider joining all columns at once using pd.concat(axis=1) instead. To get a de-fragmented frame, use `newframe = frame.copy()`
  oo[c] = o[c].astype(float)
/home/yarin.b/projects/excel_magic/vfd-agent/vfd/tabular.py:15: PerformanceWarning: DataFrame is highly fragmented.  This is usually the result of calling `frame.insert` many times, which has poor performance.  Consider joining all columns at once using pd.concat(axis=1) instead. To get a de-fragmented frame, use `newframe = frame.copy()`
  out_tr[c] = s.astype(float)
/home/yarin.b/projects/excel_magic/vfd-agent/vfd/tabular.py:17: PerformanceWarning: DataFrame is highly fragmented.  This is usually the result of calling `frame.insert` many times, which has poor performance.  Consider joining all columns at once using pd.concat(axis=1) instead. To get a de-fragmented frame, use `newframe = frame.copy()`
  oo[c] = o[c].astype(float)
/home/yarin.b/projects/excel_magic/vfd-agent/vfd/tabular.py:15: PerformanceWarning: DataFrame is highly fragmented.  This is usually the result of calling `frame.insert` many times, which has poor performance.  Consider joining all columns at once using pd.concat(axis=1) instead. To get a de-fragmented frame, use `newframe = frame.copy()`
  out_tr[c] = s.astype(float)
/home/yarin.b/projects/excel_magic/vfd-agent/vfd/tabular.py:17: PerformanceWarning: DataFrame is highly fragmented.  This is usually the result of calling `frame.insert` many times, which has poor performance.  Consider joining all columns at once using pd.concat(axis=1) instead. To get a de-fragmented frame, use `newframe = frame.copy()`
  oo[c] = o[c].astype(float)
/home/yarin.b/projects/excel_magic/vfd-agent/vfd/tabular.py:15: PerformanceWarning: DataFrame is highly fragmented.  This is usually the result of calling `frame.insert` many times, which has poor performance.  Consider joining all columns at once using pd.concat(axis=1) instead. To get a de-fragmented frame, use `newframe = frame.copy()`
  out_tr[c] = s.astype(float)
/home/yarin.b/projects/excel_magic/vfd-agent/vfd/tabular.py:17: PerformanceWarning: DataFrame is highly fragmented.  This is usually the result of calling `frame.insert` many times, which has poor performance.  Consider joining all columns at once using pd.concat(axis=1) instead. To get a de-fragmented frame, use `newframe = frame.copy()`
  oo[c] = o[c].astype(float)
/home/yarin.b/projects/excel_magic/vfd-agent/vfd/tabular.py:15: PerformanceWarning: DataFrame is highly fragmented.  This is usually the result of calling `frame.insert` many times, which has poor performance.  Consider joining all columns at once using pd.concat(axis=1) instead. To get a de-fragmented frame, use `newframe = frame.copy()`
  out_tr[c] = s.astype(float)
/home/yarin.b/projects/excel_magic/vfd-agent/vfd/tabular.py:17: PerformanceWarning: DataFrame is highly fragmented.  This is usually the result of calling `frame.insert` many times, which has poor performance.  Consider joining all columns at once using pd.concat(axis=1) instead. To get a de-fragmented frame, use `newframe = frame.copy()`
  oo[c] = o[c].astype(float)
/home/yarin.b/projects/excel_magic/vfd-agent/vfd/tabular.py:15: PerformanceWarning: DataFrame is highly fragmented.  This is usually the result of calling `frame.insert` many times, which has poor performance.  Consider joining all columns at once using pd.concat(axis=1) instead. To get a de-fragmented frame, use `newframe = frame.copy()`
  out_tr[c] = s.astype(float)
/home/yarin.b/projects/excel_magic/vfd-agent/vfd/tabular.py:17: PerformanceWarning: DataFrame is highly fragmented.  This is usually the result of calling `frame.insert` many times, which has poor performance.  Consider joining all columns at once using pd.concat(axis=1) instead. To get a de-fragmented frame, use `newframe = frame.copy()`
  oo[c] = o[c].astype(float)
/home/yarin.b/projects/excel_magic/vfd-agent/vfd/tabular.py:15: PerformanceWarning: DataFrame is highly fragmented.  This is usually the result of calling `frame.insert` many times, which has poor performance.  Consider joining all columns at once using pd.concat(axis=1) instead. To get a de-fragmented frame, use `newframe = frame.copy()`
  out_tr[c] = s.astype(float)
/home/yarin.b/projects/excel_magic/vfd-agent/vfd/tabular.py:17: PerformanceWarning: DataFrame is highly fragmented.  This is usually the result of calling `frame.insert` many times, which has poor performance.  Consider joining all columns at once using pd.concat(axis=1) instead. To get a de-fragmented frame, use `newframe = frame.copy()`
  oo[c] = o[c].astype(float)
/home/yarin.b/projects/excel_magic/vfd-agent/vfd/tabular.py:15: PerformanceWarning: DataFrame is highly fragmented.  This is usually the result of calling `frame.insert` many times, which has poor performance.  Consider joining all columns at once using pd.concat(axis=1) instead. To get a de-fragmented frame, use `newframe = frame.copy()`
  out_tr[c] = s.astype(float)
/home/yarin.b/projects/excel_magic/vfd-agent/vfd/tabular.py:17: PerformanceWarning: DataFrame is highly fragmented.  This is usually the result of calling `frame.insert` many times, which has poor performance.  Consider joining all columns at once using pd.concat(axis=1) instead. To get a de-fragmented frame, use `newframe = frame.copy()`
  oo[c] = o[c].astype(float)
/home/yarin.b/projects/excel_magic/vfd-agent/vfd/tabular.py:15: PerformanceWarning: DataFrame is highly fragmented.  This is usually the result of calling `frame.insert` many times, which has poor performance.  Consider joining all columns at once using pd.concat(axis=1) instead. To get a de-fragmented frame, use `newframe = frame.copy()`
  out_tr[c] = s.astype(float)
/home/yarin.b/projects/excel_magic/vfd-agent/vfd/tabular.py:17: PerformanceWarning: DataFrame is highly fragmented.  This is usually the result of calling `frame.insert` many times, which has poor performance.  Consider joining all columns at once using pd.concat(axis=1) instead. To get a de-fragmented frame, use `newframe = frame.copy()`
  oo[c] = o[c].astype(float)
/home/yarin.b/projects/excel_magic/vfd-agent/vfd/tabular.py:15: PerformanceWarning: DataFrame is highly fragmented.  This is usually the result of calling `frame.insert` many times, which has poor performance.  Consider joining all columns at once using pd.concat(axis=1) instead. To get a de-fragmented frame, use `newframe = frame.copy()`
  out_tr[c] = s.astype(float)
/home/yarin.b/projects/excel_magic/vfd-agent/vfd/tabular.py:17: PerformanceWarning: DataFrame is highly fragmented.  This is usually the result of calling `frame.insert` many times, which has poor performance.  Consider joining all columns at once using pd.concat(axis=1) instead. To get a de-fragmented frame, use `newframe = frame.copy()`
  oo[c] = o[c].astype(float)
/home/yarin.b/projects/excel_magic/vfd-agent/vfd/tabular.py:15: PerformanceWarning: DataFrame is highly fragmented.  This is usually the result of calling `frame.insert` many times, which has poor performance.  Consider joining all columns at once using pd.concat(axis=1) instead. To get a de-fragmented frame, use `newframe = frame.copy()`
  out_tr[c] = s.astype(float)
/home/yarin.b/projects/excel_magic/vfd-agent/vfd/tabular.py:17: PerformanceWarning: DataFrame is highly fragmented.  This is usually the result of calling `frame.insert` many times, which has poor performance.  Consider joining all columns at once using pd.concat(axis=1) instead. To get a de-fragmented frame, use `newframe = frame.copy()`
  oo[c] = o[c].astype(float)
/home/yarin.b/projects/excel_magic/vfd-agent/vfd/tabular.py:15: PerformanceWarning: DataFrame is highly fragmented.  This is usually the result of calling `frame.insert` many times, which has poor performance.  Consider joining all columns at once using pd.concat(axis=1) instead. To get a de-fragmented frame, use `newframe = frame.copy()`
  out_tr[c] = s.astype(float)
/home/yarin.b/projects/excel_magic/vfd-agent/vfd/tabular.py:17: PerformanceWarning: DataFrame is highly fragmented.  This is usually the result of calling `frame.insert` many times, which has poor performance.  Consider joining all columns at once using pd.concat(axis=1) instead. To get a de-fragmented frame, use `newframe = frame.copy()`
  oo[c] = o[c].astype(float)
/home/yarin.b/projects/excel_magic/vfd-agent/vfd/tabular.py:15: PerformanceWarning: DataFrame is highly fragmented.  This is usually the result of calling `frame.insert` many times, which has poor performance.  Consider joining all columns at once using pd.concat(axis=1) instead. To get a de-fragmented frame, use `newframe = frame.copy()`
  out_tr[c] = s.astype(float)
/home/yarin.b/projects/excel_magic/vfd-agent/vfd/tabular.py:17: PerformanceWarning: DataFrame is highly fragmented.  This is usually the result of calling `frame.insert` many times, which has poor performance.  Consider joining all columns at once using pd.concat(axis=1) instead. To get a de-fragmented frame, use `newframe = frame.copy()`
  oo[c] = o[c].astype(float)
/home/yarin.b/projects/excel_magic/vfd-agent/vfd/tabular.py:15: PerformanceWarning: DataFrame is highly fragmented.  This is usually the result of calling `frame.insert` many times, which has poor performance.  Consider joining all columns at once using pd.concat(axis=1) instead. To get a de-fragmented frame, use `newframe = frame.copy()`
  out_tr[c] = s.astype(float)
/home/yarin.b/projects/excel_magic/vfd-agent/vfd/tabular.py:17: PerformanceWarning: DataFrame is highly fragmented.  This is usually the result of calling `frame.insert` many times, which has poor performance.  Consider joining all columns at once using pd.concat(axis=1) instead. To get a de-fragmented frame, use `newframe = frame.copy()`
  oo[c] = o[c].astype(float)
/home/yarin.b/projects/excel_magic/vfd-agent/vfd/tabular.py:15: PerformanceWarning: DataFrame is highly fragmented.  This is usually the result of calling `frame.insert` many times, which has poor performance.  Consider joining all columns at once using pd.concat(axis=1) instead. To get a de-fragmented frame, use `newframe = frame.copy()`
  out_tr[c] = s.astype(float)
/home/yarin.b/projects/excel_magic/vfd-agent/vfd/tabular.py:17: PerformanceWarning: DataFrame is highly fragmented.  This is usually the result of calling `frame.insert` many times, which has poor performance.  Consider joining all columns at once using pd.concat(axis=1) instead. To get a de-fragmented frame, use `newframe = frame.copy()`
  oo[c] = o[c].astype(float)
/home/yarin.b/projects/excel_magic/vfd-agent/vfd/tabular.py:15: PerformanceWarning: DataFrame is highly fragmented.  This is usually the result of calling `frame.insert` many times, which has poor performance.  Consider joining all columns at once using pd.concat(axis=1) instead. To get a de-fragmented frame, use `newframe = frame.copy()`
  out_tr[c] = s.astype(float)
/home/yarin.b/projects/excel_magic/vfd-agent/vfd/tabular.py:17: PerformanceWarning: DataFrame is highly fragmented.  This is usually the result of calling `frame.insert` many times, which has poor performance.  Consider joining all columns at once using pd.concat(axis=1) instead. To get a de-fragmented frame, use `newframe = frame.copy()`
  oo[c] = o[c].astype(float)
/home/yarin.b/projects/excel_magic/vfd-agent/vfd/tabular.py:15: PerformanceWarning: DataFrame is highly fragmented.  This is usually the result of calling `frame.insert` many times, which has poor performance.  Consider joining all columns at once using pd.concat(axis=1) instead. To get a de-fragmented frame, use `newframe = frame.copy()`
  out_tr[c] = s.astype(float)
/home/yarin.b/projects/excel_magic/vfd-agent/vfd/tabular.py:17: PerformanceWarning: DataFrame is highly fragmented.  This is usually the result of calling `frame.insert` many times, which has poor performance.  Consider joining all columns at once using pd.concat(axis=1) instead. To get a de-fragmented frame, use `newframe = frame.copy()`
  oo[c] = o[c].astype(float)
/home/yarin.b/projects/excel_magic/vfd-agent/vfd/tabular.py:15: PerformanceWarning: DataFrame is highly fragmented.  This is usually the result of calling `frame.insert` many times, which has poor performance.  Consider joining all columns at once using pd.concat(axis=1) instead. To get a de-fragmented frame, use `newframe = frame.copy()`
  out_tr[c] = s.astype(float)
/home/yarin.b/projects/excel_magic/vfd-agent/vfd/tabular.py:17: PerformanceWarning: DataFrame is highly fragmented.  This is usually the result of calling `frame.insert` many times, which has poor performance.  Consider joining all columns at once using pd.concat(axis=1) instead. To get a de-fragmented frame, use `newframe = frame.copy()`
  oo[c] = o[c].astype(float)
/home/yarin.b/projects/excel_magic/vfd-agent/vfd/tabular.py:15: PerformanceWarning: DataFrame is highly fragmented.  This is usually the result of calling `frame.insert` many times, which has poor performance.  Consider joining all columns at once using pd.concat(axis=1) instead. To get a de-fragmented frame, use `newframe = frame.copy()`
  out_tr[c] = s.astype(float)
/home/yarin.b/projects/excel_magic/vfd-agent/vfd/tabular.py:17: PerformanceWarning: DataFrame is highly fragmented.  This is usually the result of calling `frame.insert` many times, which has poor performance.  Consider joining all columns at once using pd.concat(axis=1) instead. To get a de-fragmented frame, use `newframe = frame.copy()`
  oo[c] = o[c].astype(float)
/home/yarin.b/projects/excel_magic/vfd-agent/vfd/tabular.py:15: PerformanceWarning: DataFrame is highly fragmented.  This is usually the result of calling `frame.insert` many times, which has poor performance.  Consider joining all columns at once using pd.concat(axis=1) instead. To get a de-fragmented frame, use `newframe = frame.copy()`
  out_tr[c] = s.astype(float)
/home/yarin.b/projects/excel_magic/vfd-agent/vfd/tabular.py:17: PerformanceWarning: DataFrame is highly fragmented.  This is usually the result of calling `frame.insert` many times, which has poor performance.  Consider joining all columns at once using pd.concat(axis=1) instead. To get a de-fragmented frame, use `newframe = frame.copy()`
  oo[c] = o[c].astype(float)
/home/yarin.b/projects/excel_magic/vfd-agent/vfd/tabular.py:15: PerformanceWarning: DataFrame is highly fragmented.  This is usually the result of calling `frame.insert` many times, which has poor performance.  Consider joining all columns at once using pd.concat(axis=1) instead. To get a de-fragmented frame, use `newframe = frame.copy()`
  out_tr[c] = s.astype(float)
/home/yarin.b/projects/excel_magic/vfd-agent/vfd/tabular.py:17: PerformanceWarning: DataFrame is highly fragmented.  This is usually the result of calling `frame.insert` many times, which has poor performance.  Consider joining all columns at once using pd.concat(axis=1) instead. To get a de-fragmented frame, use `newframe = frame.copy()`
  oo[c] = o[c].astype(float)
/home/yarin.b/projects/excel_magic/vfd-agent/vfd/tabular.py:15: PerformanceWarning: DataFrame is highly fragmented.  This is usually the result of calling `frame.insert` many times, which has poor performance.  Consider joining all columns at once using pd.concat(axis=1) instead. To get a de-fragmented frame, use `newframe = frame.copy()`
  out_tr[c] = s.astype(float)
/home/yarin.b/projects/excel_magic/vfd-agent/vfd/tabular.py:17: PerformanceWarning: DataFrame is highly fragmented.  This is usually the result of calling `frame.insert` many times, which has poor performance.  Consider joining all columns at once using pd.concat(axis=1) instead. To get a de-fragmented frame, use `newframe = frame.copy()`
  oo[c] = o[c].astype(float)
/home/yarin.b/projects/excel_magic/vfd-agent/vfd/tabular.py:15: PerformanceWarning: DataFrame is highly fragmented.  This is usually the result of calling `frame.insert` many times, which has poor performance.  Consider joining all columns at once using pd.concat(axis=1) instead. To get a de-fragmented frame, use `newframe = frame.copy()`
  out_tr[c] = s.astype(float)
/home/yarin.b/projects/excel_magic/vfd-agent/vfd/tabular.py:17: PerformanceWarning: DataFrame is highly fragmented.  This is usually the result of calling `frame.insert` many times, which has poor performance.  Consider joining all columns at once using pd.concat(axis=1) instead. To get a de-fragmented frame, use `newframe = frame.copy()`
  oo[c] = o[c].astype(float)
/home/yarin.b/projects/excel_magic/vfd-agent/vfd/tabular.py:15: PerformanceWarning: DataFrame is highly fragmented.  This is usually the result of calling `frame.insert` many times, which has poor performance.  Consider joining all columns at once using pd.concat(axis=1) instead. To get a de-fragmented frame, use `newframe = frame.copy()`
  out_tr[c] = s.astype(float)
/home/yarin.b/projects/excel_magic/vfd-agent/vfd/tabular.py:17: PerformanceWarning: DataFrame is highly fragmented.  This is usually the result of calling `frame.insert` many times, which has poor performance.  Consider joining all columns at once using pd.concat(axis=1) instead. To get a de-fragmented frame, use `newframe = frame.copy()`
  oo[c] = o[c].astype(float)
/home/yarin.b/projects/excel_magic/vfd-agent/vfd/tabular.py:15: PerformanceWarning: DataFrame is highly fragmented.  This is usually the result of calling `frame.insert` many times, which has poor performance.  Consider joining all columns at once using pd.concat(axis=1) instead. To get a de-fragmented frame, use `newframe = frame.copy()`
  out_tr[c] = s.astype(float)
/home/yarin.b/projects/excel_magic/vfd-agent/vfd/tabular.py:17: PerformanceWarning: DataFrame is highly fragmented.  This is usually the result of calling `frame.insert` many times, which has poor performance.  Consider joining all columns at once using pd.concat(axis=1) instead. To get a de-fragmented frame, use `newframe = frame.copy()`
  oo[c] = o[c].astype(float)
/home/yarin.b/projects/excel_magic/vfd-agent/vfd/tabular.py:15: PerformanceWarning: DataFrame is highly fragmented.  This is usually the result of calling `frame.insert` many times, which has poor performance.  Consider joining all columns at once using pd.concat(axis=1) instead. To get a de-fragmented frame, use `newframe = frame.copy()`
  out_tr[c] = s.astype(float)
/home/yarin.b/projects/excel_magic/vfd-agent/vfd/tabular.py:17: PerformanceWarning: DataFrame is highly fragmented.  This is usually the result of calling `frame.insert` many times, which has poor performance.  Consider joining all columns at once using pd.concat(axis=1) instead. To get a de-fragmented frame, use `newframe = frame.copy()`
  oo[c] = o[c].astype(float)
/home/yarin.b/projects/excel_magic/vfd-agent/vfd/tabular.py:15: PerformanceWarning: DataFrame is highly fragmented.  This is usually the result of calling `frame.insert` many times, which has poor performance.  Consider joining all columns at once using pd.concat(axis=1) instead. To get a de-fragmented frame, use `newframe = frame.copy()`
  out_tr[c] = s.astype(float)
/home/yarin.b/projects/excel_magic/vfd-agent/vfd/tabular.py:17: PerformanceWarning: DataFrame is highly fragmented.  This is usually the result of calling `frame.insert` many times, which has poor performance.  Consider joining all columns at once using pd.concat(axis=1) instead. To get a de-fragmented frame, use `newframe = frame.copy()`
  oo[c] = o[c].astype(float)
/home/yarin.b/projects/excel_magic/vfd-agent/vfd/tabular.py:15: PerformanceWarning: DataFrame is highly fragmented.  This is usually the result of calling `frame.insert` many times, which has poor performance.  Consider joining all columns at once using pd.concat(axis=1) instead. To get a de-fragmented frame, use `newframe = frame.copy()`
  out_tr[c] = s.astype(float)
/home/yarin.b/projects/excel_magic/vfd-agent/vfd/tabular.py:17: PerformanceWarning: DataFrame is highly fragmented.  This is usually the result of calling `frame.insert` many times, which has poor performance.  Consider joining all columns at once using pd.concat(axis=1) instead. To get a de-fragmented frame, use `newframe = frame.copy()`
  oo[c] = o[c].astype(float)
/home/yarin.b/projects/excel_magic/vfd-agent/vfd/tabular.py:15: PerformanceWarning: DataFrame is highly fragmented.  This is usually the result of calling `frame.insert` many times, which has poor performance.  Consider joining all columns at once using pd.concat(axis=1) instead. To get a de-fragmented frame, use `newframe = frame.copy()`
  out_tr[c] = s.astype(float)
/home/yarin.b/projects/excel_magic/vfd-agent/vfd/tabular.py:17: PerformanceWarning: DataFrame is highly fragmented.  This is usually the result of calling `frame.insert` many times, which has poor performance.  Consider joining all columns at once using pd.concat(axis=1) instead. To get a de-fragmented frame, use `newframe = frame.copy()`
  oo[c] = o[c].astype(float)
/home/yarin.b/projects/excel_magic/vfd-agent/vfd/tabular.py:15: PerformanceWarning: DataFrame is highly fragmented.  This is usually the result of calling `frame.insert` many times, which has poor performance.  Consider joining all columns at once using pd.concat(axis=1) instead. To get a de-fragmented frame, use `newframe = frame.copy()`
  out_tr[c] = s.astype(float)
/home/yarin.b/projects/excel_magic/vfd-agent/vfd/tabular.py:17: PerformanceWarning: DataFrame is highly fragmented.  This is usually the result of calling `frame.insert` many times, which has poor performance.  Consider joining all columns at once using pd.concat(axis=1) instead. To get a de-fragmented frame, use `newframe = frame.copy()`
  oo[c] = o[c].astype(float)
/home/yarin.b/projects/excel_magic/vfd-agent/vfd/tabular.py:15: PerformanceWarning: DataFrame is highly fragmented.  This is usually the result of calling `frame.insert` many times, which has poor performance.  Consider joining all columns at once using pd.concat(axis=1) instead. To get a de-fragmented frame, use `newframe = frame.copy()`
  out_tr[c] = s.astype(float)
/home/yarin.b/projects/excel_magic/vfd-agent/vfd/tabular.py:17: PerformanceWarning: DataFrame is highly fragmented.  This is usually the result of calling `frame.insert` many times, which has poor performance.  Consider joining all columns at once using pd.concat(axis=1) instead. To get a de-fragmented frame, use `newframe = frame.copy()`
  oo[c] = o[c].astype(float)
/home/yarin.b/projects/excel_magic/vfd-agent/vfd/tabular.py:15: PerformanceWarning: DataFrame is highly fragmented.  This is usually the result of calling `frame.insert` many times, which has poor performance.  Consider joining all columns at once using pd.concat(axis=1) instead. To get a de-fragmented frame, use `newframe = frame.copy()`
  out_tr[c] = s.astype(float)
/home/yarin.b/projects/excel_magic/vfd-agent/vfd/tabular.py:17: PerformanceWarning: DataFrame is highly fragmented.  This is usually the result of calling `frame.insert` many times, which has poor performance.  Consider joining all columns at once using pd.concat(axis=1) instead. To get a de-fragmented frame, use `newframe = frame.copy()`
  oo[c] = o[c].astype(float)
/home/yarin.b/projects/excel_magic/vfd-agent/vfd/tabular.py:15: PerformanceWarning: DataFrame is highly fragmented.  This is usually the result of calling `frame.insert` many times, which has poor performance.  Consider joining all columns at once using pd.concat(axis=1) instead. To get a de-fragmented frame, use `newframe = frame.copy()`
  out_tr[c] = s.astype(float)
/home/yarin.b/projects/excel_magic/vfd-agent/vfd/tabular.py:17: PerformanceWarning: DataFrame is highly fragmented.  This is usually the result of calling `frame.insert` many times, which has poor performance.  Consider joining all columns at once using pd.concat(axis=1) instead. To get a de-fragmented frame, use `newframe = frame.copy()`
  oo[c] = o[c].astype(float)
/home/yarin.b/projects/excel_magic/vfd-agent/vfd/tabular.py:15: PerformanceWarning: DataFrame is highly fragmented.  This is usually the result of calling `frame.insert` many times, which has poor performance.  Consider joining all columns at once using pd.concat(axis=1) instead. To get a de-fragmented frame, use `newframe = frame.copy()`
  out_tr[c] = s.astype(float)
/home/yarin.b/projects/excel_magic/vfd-agent/vfd/tabular.py:17: PerformanceWarning: DataFrame is highly fragmented.  This is usually the result of calling `frame.insert` many times, which has poor performance.  Consider joining all columns at once using pd.concat(axis=1) instead. To get a de-fragmented frame, use `newframe = frame.copy()`
  oo[c] = o[c].astype(float)
/home/yarin.b/projects/excel_magic/vfd-agent/vfd/tabular.py:15: PerformanceWarning: DataFrame is highly fragmented.  This is usually the result of calling `frame.insert` many times, which has poor performance.  Consider joining all columns at once using pd.concat(axis=1) instead. To get a de-fragmented frame, use `newframe = frame.copy()`
  out_tr[c] = s.astype(float)
/home/yarin.b/projects/excel_magic/vfd-agent/vfd/tabular.py:17: PerformanceWarning: DataFrame is highly fragmented.  This is usually the result of calling `frame.insert` many times, which has poor performance.  Consider joining all columns at once using pd.concat(axis=1) instead. To get a de-fragmented frame, use `newframe = frame.copy()`
  oo[c] = o[c].astype(float)
/home/yarin.b/projects/excel_magic/vfd-agent/vfd/tabular.py:15: PerformanceWarning: DataFrame is highly fragmented.  This is usually the result of calling `frame.insert` many times, which has poor performance.  Consider joining all columns at once using pd.concat(axis=1) instead. To get a de-fragmented frame, use `newframe = frame.copy()`
  out_tr[c] = s.astype(float)
/home/yarin.b/projects/excel_magic/vfd-agent/vfd/tabular.py:17: PerformanceWarning: DataFrame is highly fragmented.  This is usually the result of calling `frame.insert` many times, which has poor performance.  Consider joining all columns at once using pd.concat(axis=1) instead. To get a de-fragmented frame, use `newframe = frame.copy()`
  oo[c] = o[c].astype(float)
/home/yarin.b/projects/excel_magic/vfd-agent/vfd/tabular.py:15: PerformanceWarning: DataFrame is highly fragmented.  This is usually the result of calling `frame.insert` many times, which has poor performance.  Consider joining all columns at once using pd.concat(axis=1) instead. To get a de-fragmented frame, use `newframe = frame.copy()`
  out_tr[c] = s.astype(float)
/home/yarin.b/projects/excel_magic/vfd-agent/vfd/tabular.py:17: PerformanceWarning: DataFrame is highly fragmented.  This is usually the result of calling `frame.insert` many times, which has poor performance.  Consider joining all columns at once using pd.concat(axis=1) instead. To get a de-fragmented frame, use `newframe = frame.copy()`
  oo[c] = o[c].astype(float)
/home/yarin.b/projects/excel_magic/vfd-agent/vfd/tabular.py:15: PerformanceWarning: DataFrame is highly fragmented.  This is usually the result of calling `frame.insert` many times, which has poor performance.  Consider joining all columns at once using pd.concat(axis=1) instead. To get a de-fragmented frame, use `newframe = frame.copy()`
  out_tr[c] = s.astype(float)
/home/yarin.b/projects/excel_magic/vfd-agent/vfd/tabular.py:17: PerformanceWarning: DataFrame is highly fragmented.  This is usually the result of calling `frame.insert` many times, which has poor performance.  Consider joining all columns at once using pd.concat(axis=1) instead. To get a de-fragmented frame, use `newframe = frame.copy()`
  oo[c] = o[c].astype(float)
/home/yarin.b/projects/excel_magic/vfd-agent/vfd/tabular.py:15: PerformanceWarning: DataFrame is highly fragmented.  This is usually the result of calling `frame.insert` many times, which has poor performance.  Consider joining all columns at once using pd.concat(axis=1) instead. To get a de-fragmented frame, use `newframe = frame.copy()`
  out_tr[c] = s.astype(float)
/home/yarin.b/projects/excel_magic/vfd-agent/vfd/tabular.py:17: PerformanceWarning: DataFrame is highly fragmented.  This is usually the result of calling `frame.insert` many times, which has poor performance.  Consider joining all columns at once using pd.concat(axis=1) instead. To get a de-fragmented frame, use `newframe = frame.copy()`
  oo[c] = o[c].astype(float)
/home/yarin.b/projects/excel_magic/vfd-agent/vfd/tabular.py:15: PerformanceWarning: DataFrame is highly fragmented.  This is usually the result of calling `frame.insert` many times, which has poor performance.  Consider joining all columns at once using pd.concat(axis=1) instead. To get a de-fragmented frame, use `newframe = frame.copy()`
  out_tr[c] = s.astype(float)
/home/yarin.b/projects/excel_magic/vfd-agent/vfd/tabular.py:17: PerformanceWarning: DataFrame is highly fragmented.  This is usually the result of calling `frame.insert` many times, which has poor performance.  Consider joining all columns at once using pd.concat(axis=1) instead. To get a de-fragmented frame, use `newframe = frame.copy()`
  oo[c] = o[c].astype(float)
/home/yarin.b/projects/excel_magic/vfd-agent/vfd/tabular.py:15: PerformanceWarning: DataFrame is highly fragmented.  This is usually the result of calling `frame.insert` many times, which has poor performance.  Consider joining all columns at once using pd.concat(axis=1) instead. To get a de-fragmented frame, use `newframe = frame.copy()`
  out_tr[c] = s.astype(float)
/home/yarin.b/projects/excel_magic/vfd-agent/vfd/tabular.py:17: PerformanceWarning: DataFrame is highly fragmented.  This is usually the result of calling `frame.insert` many times, which has poor performance.  Consider joining all columns at once using pd.concat(axis=1) instead. To get a de-fragmented frame, use `newframe = frame.copy()`
  oo[c] = o[c].astype(float)
/home/yarin.b/projects/excel_magic/vfd-agent/vfd/tabular.py:15: PerformanceWarning: DataFrame is highly fragmented.  This is usually the result of calling `frame.insert` many times, which has poor performance.  Consider joining all columns at once using pd.concat(axis=1) instead. To get a de-fragmented frame, use `newframe = frame.copy()`
  out_tr[c] = s.astype(float)
/home/yarin.b/projects/excel_magic/vfd-agent/vfd/tabular.py:17: PerformanceWarning: DataFrame is highly fragmented.  This is usually the result of calling `frame.insert` many times, which has poor performance.  Consider joining all columns at once using pd.concat(axis=1) instead. To get a de-fragmented frame, use `newframe = frame.copy()`
  oo[c] = o[c].astype(float)
/home/yarin.b/projects/excel_magic/vfd-agent/vfd/tabular.py:15: PerformanceWarning: DataFrame is highly fragmented.  This is usually the result of calling `frame.insert` many times, which has poor performance.  Consider joining all columns at once using pd.concat(axis=1) instead. To get a de-fragmented frame, use `newframe = frame.copy()`
  out_tr[c] = s.astype(float)
/home/yarin.b/projects/excel_magic/vfd-agent/vfd/tabular.py:17: PerformanceWarning: DataFrame is highly fragmented.  This is usually the result of calling `frame.insert` many times, which has poor performance.  Consider joining all columns at once using pd.concat(axis=1) instead. To get a de-fragmented frame, use `newframe = frame.copy()`
  oo[c] = o[c].astype(float)
/home/yarin.b/projects/excel_magic/vfd-agent/vfd/tabular.py:15: PerformanceWarning: DataFrame is highly fragmented.  This is usually the result of calling `frame.insert` many times, which has poor performance.  Consider joining all columns at once using pd.concat(axis=1) instead. To get a de-fragmented frame, use `newframe = frame.copy()`
  out_tr[c] = s.astype(float)
/home/yarin.b/projects/excel_magic/vfd-agent/vfd/tabular.py:17: PerformanceWarning: DataFrame is highly fragmented.  This is usually the result of calling `frame.insert` many times, which has poor performance.  Consider joining all columns at once using pd.concat(axis=1) instead. To get a de-fragmented frame, use `newframe = frame.copy()`
  oo[c] = o[c].astype(float)
/home/yarin.b/projects/excel_magic/vfd-agent/vfd/tabular.py:15: PerformanceWarning: DataFrame is highly fragmented.  This is usually the result of calling `frame.insert` many times, which has poor performance.  Consider joining all columns at once using pd.concat(axis=1) instead. To get a de-fragmented frame, use `newframe = frame.copy()`
  out_tr[c] = s.astype(float)
/home/yarin.b/projects/excel_magic/vfd-agent/vfd/tabular.py:17: PerformanceWarning: DataFrame is highly fragmented.  This is usually the result of calling `frame.insert` many times, which has poor performance.  Consider joining all columns at once using pd.concat(axis=1) instead. To get a de-fragmented frame, use `newframe = frame.copy()`
  oo[c] = o[c].astype(float)
/home/yarin.b/projects/excel_magic/vfd-agent/vfd/tabular.py:15: PerformanceWarning: DataFrame is highly fragmented.  This is usually the result of calling `frame.insert` many times, which has poor performance.  Consider joining all columns at once using pd.concat(axis=1) instead. To get a de-fragmented frame, use `newframe = frame.copy()`
  out_tr[c] = s.astype(float)
/home/yarin.b/projects/excel_magic/vfd-agent/vfd/tabular.py:17: PerformanceWarning: DataFrame is highly fragmented.  This is usually the result of calling `frame.insert` many times, which has poor performance.  Consider joining all columns at once using pd.concat(axis=1) instead. To get a de-fragmented frame, use `newframe = frame.copy()`
  oo[c] = o[c].astype(float)
/home/yarin.b/projects/excel_magic/vfd-agent/vfd/tabular.py:15: PerformanceWarning: DataFrame is highly fragmented.  This is usually the result of calling `frame.insert` many times, which has poor performance.  Consider joining all columns at once using pd.concat(axis=1) instead. To get a de-fragmented frame, use `newframe = frame.copy()`
  out_tr[c] = s.astype(float)
/home/yarin.b/projects/excel_magic/vfd-agent/vfd/tabular.py:17: PerformanceWarning: DataFrame is highly fragmented.  This is usually the result of calling `frame.insert` many times, which has poor performance.  Consider joining all columns at once using pd.concat(axis=1) instead. To get a de-fragmented frame, use `newframe = frame.copy()`
  oo[c] = o[c].astype(float)
/home/yarin.b/projects/excel_magic/vfd-agent/vfd/tabular.py:15: PerformanceWarning: DataFrame is highly fragmented.  This is usually the result of calling `frame.insert` many times, which has poor performance.  Consider joining all columns at once using pd.concat(axis=1) instead. To get a de-fragmented frame, use `newframe = frame.copy()`
  out_tr[c] = s.astype(float)
/home/yarin.b/projects/excel_magic/vfd-agent/vfd/tabular.py:17: PerformanceWarning: DataFrame is highly fragmented.  This is usually the result of calling `frame.insert` many times, which has poor performance.  Consider joining all columns at once using pd.concat(axis=1) instead. To get a de-fragmented frame, use `newframe = frame.copy()`
  oo[c] = o[c].astype(float)
/home/yarin.b/projects/excel_magic/vfd-agent/vfd/tabular.py:15: PerformanceWarning: DataFrame is highly fragmented.  This is usually the result of calling `frame.insert` many times, which has poor performance.  Consider joining all columns at once using pd.concat(axis=1) instead. To get a de-fragmented frame, use `newframe = frame.copy()`
  out_tr[c] = s.astype(float)
/home/yarin.b/projects/excel_magic/vfd-agent/vfd/tabular.py:17: PerformanceWarning: DataFrame is highly fragmented.  This is usually the result of calling `frame.insert` many times, which has poor performance.  Consider joining all columns at once using pd.concat(axis=1) instead. To get a de-fragmented frame, use `newframe = frame.copy()`
  oo[c] = o[c].astype(float)
/home/yarin.b/projects/excel_magic/vfd-agent/vfd/tabular.py:15: PerformanceWarning: DataFrame is highly fragmented.  This is usually the result of calling `frame.insert` many times, which has poor performance.  Consider joining all columns at once using pd.concat(axis=1) instead. To get a de-fragmented frame, use `newframe = frame.copy()`
  out_tr[c] = s.astype(float)
/home/yarin.b/projects/excel_magic/vfd-agent/vfd/tabular.py:17: PerformanceWarning: DataFrame is highly fragmented.  This is usually the result of calling `frame.insert` many times, which has poor performance.  Consider joining all columns at once using pd.concat(axis=1) instead. To get a de-fragmented frame, use `newframe = frame.copy()`
  oo[c] = o[c].astype(float)
/home/yarin.b/projects/excel_magic/vfd-agent/vfd/tabular.py:15: PerformanceWarning: DataFrame is highly fragmented.  This is usually the result of calling `frame.insert` many times, which has poor performance.  Consider joining all columns at once using pd.concat(axis=1) instead. To get a de-fragmented frame, use `newframe = frame.copy()`
  out_tr[c] = s.astype(float)
/home/yarin.b/projects/excel_magic/vfd-agent/vfd/tabular.py:17: PerformanceWarning: DataFrame is highly fragmented.  This is usually the result of calling `frame.insert` many times, which has poor performance.  Consider joining all columns at once using pd.concat(axis=1) instead. To get a de-fragmented frame, use `newframe = frame.copy()`
  oo[c] = o[c].astype(float)
/home/yarin.b/projects/excel_magic/vfd-agent/vfd/tabular.py:15: PerformanceWarning: DataFrame is highly fragmented.  This is usually the result of calling `frame.insert` many times, which has poor performance.  Consider joining all columns at once using pd.concat(axis=1) instead. To get a de-fragmented frame, use `newframe = frame.copy()`
  out_tr[c] = s.astype(float)
/home/yarin.b/projects/excel_magic/vfd-agent/vfd/tabular.py:17: PerformanceWarning: DataFrame is highly fragmented.  This is usually the result of calling `frame.insert` many times, which has poor performance.  Consider joining all columns at once using pd.concat(axis=1) instead. To get a de-fragmented frame, use `newframe = frame.copy()`
  oo[c] = o[c].astype(float)
/home/yarin.b/projects/excel_magic/vfd-agent/vfd/tabular.py:15: PerformanceWarning: DataFrame is highly fragmented.  This is usually the result of calling `frame.insert` many times, which has poor performance.  Consider joining all columns at once using pd.concat(axis=1) instead. To get a de-fragmented frame, use `newframe = frame.copy()`
  out_tr[c] = s.astype(float)
/home/yarin.b/projects/excel_magic/vfd-agent/vfd/tabular.py:17: PerformanceWarning: DataFrame is highly fragmented.  This is usually the result of calling `frame.insert` many times, which has poor performance.  Consider joining all columns at once using pd.concat(axis=1) instead. To get a de-fragmented frame, use `newframe = frame.copy()`
  oo[c] = o[c].astype(float)
/home/yarin.b/projects/excel_magic/vfd-agent/vfd/tabular.py:15: PerformanceWarning: DataFrame is highly fragmented.  This is usually the result of calling `frame.insert` many times, which has poor performance.  Consider joining all columns at once using pd.concat(axis=1) instead. To get a de-fragmented frame, use `newframe = frame.copy()`
  out_tr[c] = s.astype(float)
/home/yarin.b/projects/excel_magic/vfd-agent/vfd/tabular.py:17: PerformanceWarning: DataFrame is highly fragmented.  This is usually the result of calling `frame.insert` many times, which has poor performance.  Consider joining all columns at once using pd.concat(axis=1) instead. To get a de-fragmented frame, use `newframe = frame.copy()`
  oo[c] = o[c].astype(float)
/home/yarin.b/projects/excel_magic/vfd-agent/vfd/tabular.py:15: PerformanceWarning: DataFrame is highly fragmented.  This is usually the result of calling `frame.insert` many times, which has poor performance.  Consider joining all columns at once using pd.concat(axis=1) instead. To get a de-fragmented frame, use `newframe = frame.copy()`
  out_tr[c] = s.astype(float)
/home/yarin.b/projects/excel_magic/vfd-agent/vfd/tabular.py:17: PerformanceWarning: DataFrame is highly fragmented.  This is usually the result of calling `frame.insert` many times, which has poor performance.  Consider joining all columns at once using pd.concat(axis=1) instead. To get a de-fragmented frame, use `newframe = frame.copy()`
  oo[c] = o[c].astype(float)
/home/yarin.b/projects/excel_magic/vfd-agent/vfd/tabular.py:15: PerformanceWarning: DataFrame is highly fragmented.  This is usually the result of calling `frame.insert` many times, which has poor performance.  Consider joining all columns at once using pd.concat(axis=1) instead. To get a de-fragmented frame, use `newframe = frame.copy()`
  out_tr[c] = s.astype(float)
/home/yarin.b/projects/excel_magic/vfd-agent/vfd/tabular.py:17: PerformanceWarning: DataFrame is highly fragmented.  This is usually the result of calling `frame.insert` many times, which has poor performance.  Consider joining all columns at once using pd.concat(axis=1) instead. To get a de-fragmented frame, use `newframe = frame.copy()`
  oo[c] = o[c].astype(float)
/home/yarin.b/projects/excel_magic/vfd-agent/vfd/tabular.py:15: PerformanceWarning: DataFrame is highly fragmented.  This is usually the result of calling `frame.insert` many times, which has poor performance.  Consider joining all columns at once using pd.concat(axis=1) instead. To get a de-fragmented frame, use `newframe = frame.copy()`
  out_tr[c] = s.astype(float)
/home/yarin.b/projects/excel_magic/vfd-agent/vfd/tabular.py:17: PerformanceWarning: DataFrame is highly fragmented.  This is usually the result of calling `frame.insert` many times, which has poor performance.  Consider joining all columns at once using pd.concat(axis=1) instead. To get a de-fragmented frame, use `newframe = frame.copy()`
  oo[c] = o[c].astype(float)
/home/yarin.b/projects/excel_magic/vfd-agent/vfd/tabular.py:15: PerformanceWarning: DataFrame is highly fragmented.  This is usually the result of calling `frame.insert` many times, which has poor performance.  Consider joining all columns at once using pd.concat(axis=1) instead. To get a de-fragmented frame, use `newframe = frame.copy()`
  out_tr[c] = s.astype(float)
/home/yarin.b/projects/excel_magic/vfd-agent/vfd/tabular.py:17: PerformanceWarning: DataFrame is highly fragmented.  This is usually the result of calling `frame.insert` many times, which has poor performance.  Consider joining all columns at once using pd.concat(axis=1) instead. To get a de-fragmented frame, use `newframe = frame.copy()`
  oo[c] = o[c].astype(float)
/home/yarin.b/projects/excel_magic/vfd-agent/vfd/tabular.py:15: PerformanceWarning: DataFrame is highly fragmented.  This is usually the result of calling `frame.insert` many times, which has poor performance.  Consider joining all columns at once using pd.concat(axis=1) instead. To get a de-fragmented frame, use `newframe = frame.copy()`
  out_tr[c] = s.astype(float)
/home/yarin.b/projects/excel_magic/vfd-agent/vfd/tabular.py:17: PerformanceWarning: DataFrame is highly fragmented.  This is usually the result of calling `frame.insert` many times, which has poor performance.  Consider joining all columns at once using pd.concat(axis=1) instead. To get a de-fragmented frame, use `newframe = frame.copy()`
  oo[c] = o[c].astype(float)
/home/yarin.b/projects/excel_magic/vfd-agent/vfd/tabular.py:15: PerformanceWarning: DataFrame is highly fragmented.  This is usually the result of calling `frame.insert` many times, which has poor performance.  Consider joining all columns at once using pd.concat(axis=1) instead. To get a de-fragmented frame, use `newframe = frame.copy()`
  out_tr[c] = s.astype(float)
/home/yarin.b/projects/excel_magic/vfd-agent/vfd/tabular.py:17: PerformanceWarning: DataFrame is highly fragmented.  This is usually the result of calling `frame.insert` many times, which has poor performance.  Consider joining all columns at once using pd.concat(axis=1) instead. To get a de-fragmented frame, use `newframe = frame.copy()`
  oo[c] = o[c].astype(float)
/home/yarin.b/projects/excel_magic/vfd-agent/vfd/tabular.py:15: PerformanceWarning: DataFrame is highly fragmented.  This is usually the result of calling `frame.insert` many times, which has poor performance.  Consider joining all columns at once using pd.concat(axis=1) instead. To get a de-fragmented frame, use `newframe = frame.copy()`
  out_tr[c] = s.astype(float)
/home/yarin.b/projects/excel_magic/vfd-agent/vfd/tabular.py:17: PerformanceWarning: DataFrame is highly fragmented.  This is usually the result of calling `frame.insert` many times, which has poor performance.  Consider joining all columns at once using pd.concat(axis=1) instead. To get a de-fragmented frame, use `newframe = frame.copy()`
  oo[c] = o[c].astype(float)
/home/yarin.b/projects/excel_magic/vfd-agent/vfd/tabular.py:15: PerformanceWarning: DataFrame is highly fragmented.  This is usually the result of calling `frame.insert` many times, which has poor performance.  Consider joining all columns at once using pd.concat(axis=1) instead. To get a de-fragmented frame, use `newframe = frame.copy()`
  out_tr[c] = s.astype(float)
/home/yarin.b/projects/excel_magic/vfd-agent/vfd/tabular.py:17: PerformanceWarning: DataFrame is highly fragmented.  This is usually the result of calling `frame.insert` many times, which has poor performance.  Consider joining all columns at once using pd.concat(axis=1) instead. To get a de-fragmented frame, use `newframe = frame.copy()`
  oo[c] = o[c].astype(float)
/home/yarin.b/projects/excel_magic/vfd-agent/vfd/tabular.py:15: PerformanceWarning: DataFrame is highly fragmented.  This is usually the result of calling `frame.insert` many times, which has poor performance.  Consider joining all columns at once using pd.concat(axis=1) instead. To get a de-fragmented frame, use `newframe = frame.copy()`
  out_tr[c] = s.astype(float)
/home/yarin.b/projects/excel_magic/vfd-agent/vfd/tabular.py:17: PerformanceWarning: DataFrame is highly fragmented.  This is usually the result of calling `frame.insert` many times, which has poor performance.  Consider joining all columns at once using pd.concat(axis=1) instead. To get a de-fragmented frame, use `newframe = frame.copy()`
  oo[c] = o[c].astype(float)
/home/yarin.b/projects/excel_magic/vfd-agent/vfd/tabular.py:15: PerformanceWarning: DataFrame is highly fragmented.  This is usually the result of calling `frame.insert` many times, which has poor performance.  Consider joining all columns at once using pd.concat(axis=1) instead. To get a de-fragmented frame, use `newframe = frame.copy()`
  out_tr[c] = s.astype(float)
/home/yarin.b/projects/excel_magic/vfd-agent/vfd/tabular.py:17: PerformanceWarning: DataFrame is highly fragmented.  This is usually the result of calling `frame.insert` many times, which has poor performance.  Consider joining all columns at once using pd.concat(axis=1) instead. To get a de-fragmented frame, use `newframe = frame.copy()`
  oo[c] = o[c].astype(float)
/home/yarin.b/projects/excel_magic/vfd-agent/vfd/tabular.py:15: PerformanceWarning: DataFrame is highly fragmented.  This is usually the result of calling `frame.insert` many times, which has poor performance.  Consider joining all columns at once using pd.concat(axis=1) instead. To get a de-fragmented frame, use `newframe = frame.copy()`
  out_tr[c] = s.astype(float)
/home/yarin.b/projects/excel_magic/vfd-agent/vfd/tabular.py:17: PerformanceWarning: DataFrame is highly fragmented.  This is usually the result of calling `frame.insert` many times, which has poor performance.  Consider joining all columns at once using pd.concat(axis=1) instead. To get a de-fragmented frame, use `newframe = frame.copy()`
  oo[c] = o[c].astype(float)
/home/yarin.b/projects/excel_magic/vfd-agent/vfd/tabular.py:15: PerformanceWarning: DataFrame is highly fragmented.  This is usually the result of calling `frame.insert` many times, which has poor performance.  Consider joining all columns at once using pd.concat(axis=1) instead. To get a de-fragmented frame, use `newframe = frame.copy()`
  out_tr[c] = s.astype(float)
/home/yarin.b/projects/excel_magic/vfd-agent/vfd/tabular.py:17: PerformanceWarning: DataFrame is highly fragmented.  This is usually the result of calling `frame.insert` many times, which has poor performance.  Consider joining all columns at once using pd.concat(axis=1) instead. To get a de-fragmented frame, use `newframe = frame.copy()`
  oo[c] = o[c].astype(float)
/home/yarin.b/projects/excel_magic/vfd-agent/vfd/tabular.py:15: PerformanceWarning: DataFrame is highly fragmented.  This is usually the result of calling `frame.insert` many times, which has poor performance.  Consider joining all columns at once using pd.concat(axis=1) instead. To get a de-fragmented frame, use `newframe = frame.copy()`
  out_tr[c] = s.astype(float)
/home/yarin.b/projects/excel_magic/vfd-agent/vfd/tabular.py:17: PerformanceWarning: DataFrame is highly fragmented.  This is usually the result of calling `frame.insert` many times, which has poor performance.  Consider joining all columns at once using pd.concat(axis=1) instead. To get a de-fragmented frame, use `newframe = frame.copy()`
  oo[c] = o[c].astype(float)
/home/yarin.b/projects/excel_magic/vfd-agent/vfd/tabular.py:15: PerformanceWarning: DataFrame is highly fragmented.  This is usually the result of calling `frame.insert` many times, which has poor performance.  Consider joining all columns at once using pd.concat(axis=1) instead. To get a de-fragmented frame, use `newframe = frame.copy()`
  out_tr[c] = s.astype(float)
/home/yarin.b/projects/excel_magic/vfd-agent/vfd/tabular.py:17: PerformanceWarning: DataFrame is highly fragmented.  This is usually the result of calling `frame.insert` many times, which has poor performance.  Consider joining all columns at once using pd.concat(axis=1) instead. To get a de-fragmented frame, use `newframe = frame.copy()`
  oo[c] = o[c].astype(float)
/home/yarin.b/projects/excel_magic/vfd-agent/vfd/tabular.py:15: PerformanceWarning: DataFrame is highly fragmented.  This is usually the result of calling `frame.insert` many times, which has poor performance.  Consider joining all columns at once using pd.concat(axis=1) instead. To get a de-fragmented frame, use `newframe = frame.copy()`
  out_tr[c] = s.astype(float)
/home/yarin.b/projects/excel_magic/vfd-agent/vfd/tabular.py:17: PerformanceWarning: DataFrame is highly fragmented.  This is usually the result of calling `frame.insert` many times, which has poor performance.  Consider joining all columns at once using pd.concat(axis=1) instead. To get a de-fragmented frame, use `newframe = frame.copy()`
  oo[c] = o[c].astype(float)
/home/yarin.b/projects/excel_magic/vfd-agent/vfd/tabular.py:15: PerformanceWarning: DataFrame is highly fragmented.  This is usually the result of calling `frame.insert` many times, which has poor performance.  Consider joining all columns at once using pd.concat(axis=1) instead. To get a de-fragmented frame, use `newframe = frame.copy()`
  out_tr[c] = s.astype(float)
/home/yarin.b/projects/excel_magic/vfd-agent/vfd/tabular.py:17: PerformanceWarning: DataFrame is highly fragmented.  This is usually the result of calling `frame.insert` many times, which has poor performance.  Consider joining all columns at once using pd.concat(axis=1) instead. To get a de-fragmented frame, use `newframe = frame.copy()`
  oo[c] = o[c].astype(float)
/home/yarin.b/projects/excel_magic/vfd-agent/vfd/tabular.py:15: PerformanceWarning: DataFrame is highly fragmented.  This is usually the result of calling `frame.insert` many times, which has poor performance.  Consider joining all columns at once using pd.concat(axis=1) instead. To get a de-fragmented frame, use `newframe = frame.copy()`
  out_tr[c] = s.astype(float)
/home/yarin.b/projects/excel_magic/vfd-agent/vfd/tabular.py:17: PerformanceWarning: DataFrame is highly fragmented.  This is usually the result of calling `frame.insert` many times, which has poor performance.  Consider joining all columns at once using pd.concat(axis=1) instead. To get a de-fragmented frame, use `newframe = frame.copy()`
  oo[c] = o[c].astype(float)
/home/yarin.b/projects/excel_magic/vfd-agent/vfd/tabular.py:15: PerformanceWarning: DataFrame is highly fragmented.  This is usually the result of calling `frame.insert` many times, which has poor performance.  Consider joining all columns at once using pd.concat(axis=1) instead. To get a de-fragmented frame, use `newframe = frame.copy()`
  out_tr[c] = s.astype(float)
/home/yarin.b/projects/excel_magic/vfd-agent/vfd/tabular.py:17: PerformanceWarning: DataFrame is highly fragmented.  This is usually the result of calling `frame.insert` many times, which has poor performance.  Consider joining all columns at once using pd.concat(axis=1) instead. To get a de-fragmented frame, use `newframe = frame.copy()`
  oo[c] = o[c].astype(float)
[evaluate] {'dataset': 'airbnb', 'variant': 'gli_task', 'model': 'kumo-tabular-l:n_estimators=4,device=cuda', 'metric': 'acc', 'value': 0.4545, 'n_features': 232, 'seconds': 4.7, 'error': ''}
[evaluate] {'dataset': 'airbnb', 'variant': 'gli_task', 'model': 'tabpfn-2.5:n_estimators=4,device=cuda', 'metric': 'acc', 'value': 0.411, 'n_features': 232, 'seconds': 5.4, 'error': ''}
[evaluate] {'dataset': 'airbnb', 'variant': 'gli_task', 'model': 'lightgbm', 'metric': 'acc', 'value': 0.3875, 'n_features': 232, 'seconds': 18.9, 'error': ''}
/home/yarin.b/projects/excel_magic/vfd-agent/vfd/tabular.py:15: PerformanceWarning: DataFrame is highly fragmented.  This is usually the result of calling `frame.insert` many times, which has poor performance.  Consider joining all columns at once using pd.concat(axis=1) instead. To get a de-fragmented frame, use `newframe = frame.copy()`
  out_tr[c] = s.astype(float)
/home/yarin.b/projects/excel_magic/vfd-agent/vfd/tabular.py:17: PerformanceWarning: DataFrame is highly fragmented.  This is usually the result of calling `frame.insert` many times, which has poor performance.  Consider joining all columns at once using pd.concat(axis=1) instead. To get a de-fragmented frame, use `newframe = frame.copy()`
  oo[c] = o[c].astype(float)
/home/yarin.b/projects/excel_magic/vfd-agent/vfd/tabular.py:15: PerformanceWarning: DataFrame is highly fragmented.  This is usually the result of calling `frame.insert` many times, which has poor performance.  Consider joining all columns at once using pd.concat(axis=1) instead. To get a de-fragmented frame, use `newframe = frame.copy()`
  out_tr[c] = s.astype(float)
/home/yarin.b/projects/excel_magic/vfd-agent/vfd/tabular.py:17: PerformanceWarning: DataFrame is highly fragmented.  This is usually the result of calling `frame.insert` many times, which has poor performance.  Consider joining all columns at once using pd.concat(axis=1) instead. To get a de-fragmented frame, use `newframe = frame.copy()`
  oo[c] = o[c].astype(float)
/home/yarin.b/projects/excel_magic/vfd-agent/vfd/tabular.py:15: PerformanceWarning: DataFrame is highly fragmented.  This is usually the result of calling `frame.insert` many times, which has poor performance.  Consider joining all columns at once using pd.concat(axis=1) instead. To get a de-fragmented frame, use `newframe = frame.copy()`
  out_tr[c] = s.astype(float)
/home/yarin.b/projects/excel_magic/vfd-agent/vfd/tabular.py:17: PerformanceWarning: DataFrame is highly fragmented.  This is usually the result of calling `frame.insert` many times, which has poor performance.  Consider joining all columns at once using pd.concat(axis=1) instead. To get a de-fragmented frame, use `newframe = frame.copy()`
  oo[c] = o[c].astype(float)
/home/yarin.b/projects/excel_magic/vfd-agent/vfd/tabular.py:15: PerformanceWarning: DataFrame is highly fragmented.  This is usually the result of calling `frame.insert` many times, which has poor performance.  Consider joining all columns at once using pd.concat(axis=1) instead. To get a de-fragmented frame, use `newframe = frame.copy()`
  out_tr[c] = s.astype(float)
/home/yarin.b/projects/excel_magic/vfd-agent/vfd/tabular.py:17: PerformanceWarning: DataFrame is highly fragmented.  This is usually the result of calling `frame.insert` many times, which has poor performance.  Consider joining all columns at once using pd.concat(axis=1) instead. To get a de-fragmented frame, use `newframe = frame.copy()`
  oo[c] = o[c].astype(float)
/home/yarin.b/projects/excel_magic/vfd-agent/vfd/tabular.py:15: PerformanceWarning: DataFrame is highly fragmented.  This is usually the result of calling `frame.insert` many times, which has poor performance.  Consider joining all columns at once using pd.concat(axis=1) instead. To get a de-fragmented frame, use `newframe = frame.copy()`
  out_tr[c] = s.astype(float)
/home/yarin.b/projects/excel_magic/vfd-agent/vfd/tabular.py:17: PerformanceWarning: DataFrame is highly fragmented.  This is usually the result of calling `frame.insert` many times, which has poor performance.  Consider joining all columns at once using pd.concat(axis=1) instead. To get a de-fragmented frame, use `newframe = frame.copy()`
  oo[c] = o[c].astype(float)
/home/yarin.b/projects/excel_magic/vfd-agent/vfd/tabular.py:15: PerformanceWarning: DataFrame is highly fragmented.  This is usually the result of calling `frame.insert` many times, which has poor performance.  Consider joining all columns at once using pd.concat(axis=1) instead. To get a de-fragmented frame, use `newframe = frame.copy()`
  out_tr[c] = s.astype(float)
/home/yarin.b/projects/excel_magic/vfd-agent/vfd/tabular.py:17: PerformanceWarning: DataFrame is highly fragmented.  This is usually the result of calling `frame.insert` many times, which has poor performance.  Consider joining all columns at once using pd.concat(axis=1) instead. To get a de-fragmented frame, use `newframe = frame.copy()`
  oo[c] = o[c].astype(float)
/home/yarin.b/projects/excel_magic/vfd-agent/vfd/tabular.py:15: PerformanceWarning: DataFrame is highly fragmented.  This is usually the result of calling `frame.insert` many times, which has poor performance.  Consider joining all columns at once using pd.concat(axis=1) instead. To get a de-fragmented frame, use `newframe = frame.copy()`
  out_tr[c] = s.astype(float)
/home/yarin.b/projects/excel_magic/vfd-agent/vfd/tabular.py:17: PerformanceWarning: DataFrame is highly fragmented.  This is usually the result of calling `frame.insert` many times, which has poor performance.  Consider joining all columns at once using pd.concat(axis=1) instead. To get a de-fragmented frame, use `newframe = frame.copy()`
  oo[c] = o[c].astype(float)
/home/yarin.b/projects/excel_magic/vfd-agent/vfd/tabular.py:15: PerformanceWarning: DataFrame is highly fragmented.  This is usually the result of calling `frame.insert` many times, which has poor performance.  Consider joining all columns at once using pd.concat(axis=1) instead. To get a de-fragmented frame, use `newframe = frame.copy()`
  out_tr[c] = s.astype(float)
/home/yarin.b/projects/excel_magic/vfd-agent/vfd/tabular.py:17: PerformanceWarning: DataFrame is highly fragmented.  This is usually the result of calling `frame.insert` many times, which has poor performance.  Consider joining all columns at once using pd.concat(axis=1) instead. To get a de-fragmented frame, use `newframe = frame.copy()`
  oo[c] = o[c].astype(float)
/home/yarin.b/projects/excel_magic/vfd-agent/vfd/tabular.py:15: PerformanceWarning: DataFrame is highly fragmented.  This is usually the result of calling `frame.insert` many times, which has poor performance.  Consider joining all columns at once using pd.concat(axis=1) instead. To get a de-fragmented frame, use `newframe = frame.copy()`
  out_tr[c] = s.astype(float)
/home/yarin.b/projects/excel_magic/vfd-agent/vfd/tabular.py:17: PerformanceWarning: DataFrame is highly fragmented.  This is usually the result of calling `frame.insert` many times, which has poor performance.  Consider joining all columns at once using pd.concat(axis=1) instead. To get a de-fragmented frame, use `newframe = frame.copy()`
  oo[c] = o[c].astype(float)
/home/yarin.b/projects/excel_magic/vfd-agent/vfd/tabular.py:15: PerformanceWarning: DataFrame is highly fragmented.  This is usually the result of calling `frame.insert` many times, which has poor performance.  Consider joining all columns at once using pd.concat(axis=1) instead. To get a de-fragmented frame, use `newframe = frame.copy()`
  out_tr[c] = s.astype(float)
/home/yarin.b/projects/excel_magic/vfd-agent/vfd/tabular.py:17: PerformanceWarning: DataFrame is highly fragmented.  This is usually the result of calling `frame.insert` many times, which has poor performance.  Consider joining all columns at once using pd.concat(axis=1) instead. To get a de-fragmented frame, use `newframe = frame.copy()`
  oo[c] = o[c].astype(float)
/home/yarin.b/projects/excel_magic/vfd-agent/vfd/tabular.py:15: PerformanceWarning: DataFrame is highly fragmented.  This is usually the result of calling `frame.insert` many times, which has poor performance.  Consider joining all columns at once using pd.concat(axis=1) instead. To get a de-fragmented frame, use `newframe = frame.copy()`
  out_tr[c] = s.astype(float)
/home/yarin.b/projects/excel_magic/vfd-agent/vfd/tabular.py:17: PerformanceWarning: DataFrame is highly fragmented.  This is usually the result of calling `frame.insert` many times, which has poor performance.  Consider joining all columns at once using pd.concat(axis=1) instead. To get a de-fragmented frame, use `newframe = frame.copy()`
  oo[c] = o[c].astype(float)
/home/yarin.b/projects/excel_magic/vfd-agent/vfd/tabular.py:15: PerformanceWarning: DataFrame is highly fragmented.  This is usually the result of calling `frame.insert` many times, which has poor performance.  Consider joining all columns at once using pd.concat(axis=1) instead. To get a de-fragmented frame, use `newframe = frame.copy()`
  out_tr[c] = s.astype(float)
/home/yarin.b/projects/excel_magic/vfd-agent/vfd/tabular.py:17: PerformanceWarning: DataFrame is highly fragmented.  This is usually the result of calling `frame.insert` many times, which has poor performance.  Consider joining all columns at once using pd.concat(axis=1) instead. To get a de-fragmented frame, use `newframe = frame.copy()`
  oo[c] = o[c].astype(float)
/home/yarin.b/projects/excel_magic/vfd-agent/vfd/tabular.py:15: PerformanceWarning: DataFrame is highly fragmented.  This is usually the result of calling `frame.insert` many times, which has poor performance.  Consider joining all columns at once using pd.concat(axis=1) instead. To get a de-fragmented frame, use `newframe = frame.copy()`
  out_tr[c] = s.astype(float)
/home/yarin.b/projects/excel_magic/vfd-agent/vfd/tabular.py:17: PerformanceWarning: DataFrame is highly fragmented.  This is usually the result of calling `frame.insert` many times, which has poor performance.  Consider joining all columns at once using pd.concat(axis=1) instead. To get a de-fragmented frame, use `newframe = frame.copy()`
  oo[c] = o[c].astype(float)
/home/yarin.b/projects/excel_magic/vfd-agent/vfd/tabular.py:15: PerformanceWarning: DataFrame is highly fragmented.  This is usually the result of calling `frame.insert` many times, which has poor performance.  Consider joining all columns at once using pd.concat(axis=1) instead. To get a de-fragmented frame, use `newframe = frame.copy()`
  out_tr[c] = s.astype(float)
/home/yarin.b/projects/excel_magic/vfd-agent/vfd/tabular.py:17: PerformanceWarning: DataFrame is highly fragmented.  This is usually the result of calling `frame.insert` many times, which has poor performance.  Consider joining all columns at once using pd.concat(axis=1) instead. To get a de-fragmented frame, use `newframe = frame.copy()`
  oo[c] = o[c].astype(float)
/home/yarin.b/projects/excel_magic/vfd-agent/vfd/tabular.py:15: PerformanceWarning: DataFrame is highly fragmented.  This is usually the result of calling `frame.insert` many times, which has poor performance.  Consider joining all columns at once using pd.concat(axis=1) instead. To get a de-fragmented frame, use `newframe = frame.copy()`
  out_tr[c] = s.astype(float)
/home/yarin.b/projects/excel_magic/vfd-agent/vfd/tabular.py:17: PerformanceWarning: DataFrame is highly fragmented.  This is usually the result of calling `frame.insert` many times, which has poor performance.  Consider joining all columns at once using pd.concat(axis=1) instead. To get a de-fragmented frame, use `newframe = frame.copy()`
  oo[c] = o[c].astype(float)
/home/yarin.b/projects/excel_magic/vfd-agent/vfd/tabular.py:15: PerformanceWarning: DataFrame is highly fragmented.  This is usually the result of calling `frame.insert` many times, which has poor performance.  Consider joining all columns at once using pd.concat(axis=1) instead. To get a de-fragmented frame, use `newframe = frame.copy()`
  out_tr[c] = s.astype(float)
/home/yarin.b/projects/excel_magic/vfd-agent/vfd/tabular.py:17: PerformanceWarning: DataFrame is highly fragmented.  This is usually the result of calling `frame.insert` many times, which has poor performance.  Consider joining all columns at once using pd.concat(axis=1) instead. To get a de-fragmented frame, use `newframe = frame.copy()`
  oo[c] = o[c].astype(float)
/home/yarin.b/projects/excel_magic/vfd-agent/vfd/tabular.py:15: PerformanceWarning: DataFrame is highly fragmented.  This is usually the result of calling `frame.insert` many times, which has poor performance.  Consider joining all columns at once using pd.concat(axis=1) instead. To get a de-fragmented frame, use `newframe = frame.copy()`
  out_tr[c] = s.astype(float)
/home/yarin.b/projects/excel_magic/vfd-agent/vfd/tabular.py:17: PerformanceWarning: DataFrame is highly fragmented.  This is usually the result of calling `frame.insert` many times, which has poor performance.  Consider joining all columns at once using pd.concat(axis=1) instead. To get a de-fragmented frame, use `newframe = frame.copy()`
  oo[c] = o[c].astype(float)
/home/yarin.b/projects/excel_magic/vfd-agent/vfd/tabular.py:15: PerformanceWarning: DataFrame is highly fragmented.  This is usually the result of calling `frame.insert` many times, which has poor performance.  Consider joining all columns at once using pd.concat(axis=1) instead. To get a de-fragmented frame, use `newframe = frame.copy()`
  out_tr[c] = s.astype(float)
/home/yarin.b/projects/excel_magic/vfd-agent/vfd/tabular.py:17: PerformanceWarning: DataFrame is highly fragmented.  This is usually the result of calling `frame.insert` many times, which has poor performance.  Consider joining all columns at once using pd.concat(axis=1) instead. To get a de-fragmented frame, use `newframe = frame.copy()`
  oo[c] = o[c].astype(float)
/home/yarin.b/projects/excel_magic/vfd-agent/vfd/tabular.py:15: PerformanceWarning: DataFrame is highly fragmented.  This is usually the result of calling `frame.insert` many times, which has poor performance.  Consider joining all columns at once using pd.concat(axis=1) instead. To get a de-fragmented frame, use `newframe = frame.copy()`
  out_tr[c] = s.astype(float)
/home/yarin.b/projects/excel_magic/vfd-agent/vfd/tabular.py:17: PerformanceWarning: DataFrame is highly fragmented.  This is usually the result of calling `frame.insert` many times, which has poor performance.  Consider joining all columns at once using pd.concat(axis=1) instead. To get a de-fragmented frame, use `newframe = frame.copy()`
  oo[c] = o[c].astype(float)
/home/yarin.b/projects/excel_magic/vfd-agent/vfd/tabular.py:15: PerformanceWarning: DataFrame is highly fragmented.  This is usually the result of calling `frame.insert` many times, which has poor performance.  Consider joining all columns at once using pd.concat(axis=1) instead. To get a de-fragmented frame, use `newframe = frame.copy()`
  out_tr[c] = s.astype(float)
/home/yarin.b/projects/excel_magic/vfd-agent/vfd/tabular.py:17: PerformanceWarning: DataFrame is highly fragmented.  This is usually the result of calling `frame.insert` many times, which has poor performance.  Consider joining all columns at once using pd.concat(axis=1) instead. To get a de-fragmented frame, use `newframe = frame.copy()`
  oo[c] = o[c].astype(float)
/home/yarin.b/projects/excel_magic/vfd-agent/vfd/tabular.py:15: PerformanceWarning: DataFrame is highly fragmented.  This is usually the result of calling `frame.insert` many times, which has poor performance.  Consider joining all columns at once using pd.concat(axis=1) instead. To get a de-fragmented frame, use `newframe = frame.copy()`
  out_tr[c] = s.astype(float)
/home/yarin.b/projects/excel_magic/vfd-agent/vfd/tabular.py:17: PerformanceWarning: DataFrame is highly fragmented.  This is usually the result of calling `frame.insert` many times, which has poor performance.  Consider joining all columns at once using pd.concat(axis=1) instead. To get a de-fragmented frame, use `newframe = frame.copy()`
  oo[c] = o[c].astype(float)
/home/yarin.b/projects/excel_magic/vfd-agent/vfd/tabular.py:15: PerformanceWarning: DataFrame is highly fragmented.  This is usually the result of calling `frame.insert` many times, which has poor performance.  Consider joining all columns at once using pd.concat(axis=1) instead. To get a de-fragmented frame, use `newframe = frame.copy()`
  out_tr[c] = s.astype(float)
/home/yarin.b/projects/excel_magic/vfd-agent/vfd/tabular.py:17: PerformanceWarning: DataFrame is highly fragmented.  This is usually the result of calling `frame.insert` many times, which has poor performance.  Consider joining all columns at once using pd.concat(axis=1) instead. To get a de-fragmented frame, use `newframe = frame.copy()`
  oo[c] = o[c].astype(float)
/home/yarin.b/projects/excel_magic/vfd-agent/vfd/tabular.py:15: PerformanceWarning: DataFrame is highly fragmented.  This is usually the result of calling `frame.insert` many times, which has poor performance.  Consider joining all columns at once using pd.concat(axis=1) instead. To get a de-fragmented frame, use `newframe = frame.copy()`
  out_tr[c] = s.astype(float)
/home/yarin.b/projects/excel_magic/vfd-agent/vfd/tabular.py:17: PerformanceWarning: DataFrame is highly fragmented.  This is usually the result of calling `frame.insert` many times, which has poor performance.  Consider joining all columns at once using pd.concat(axis=1) instead. To get a de-fragmented frame, use `newframe = frame.copy()`
  oo[c] = o[c].astype(float)
/home/yarin.b/projects/excel_magic/vfd-agent/vfd/tabular.py:15: PerformanceWarning: DataFrame is highly fragmented.  This is usually the result of calling `frame.insert` many times, which has poor performance.  Consider joining all columns at once using pd.concat(axis=1) instead. To get a de-fragmented frame, use `newframe = frame.copy()`
  out_tr[c] = s.astype(float)
/home/yarin.b/projects/excel_magic/vfd-agent/vfd/tabular.py:17: PerformanceWarning: DataFrame is highly fragmented.  This is usually the result of calling `frame.insert` many times, which has poor performance.  Consider joining all columns at once using pd.concat(axis=1) instead. To get a de-fragmented frame, use `newframe = frame.copy()`
  oo[c] = o[c].astype(float)
/home/yarin.b/projects/excel_magic/vfd-agent/vfd/tabular.py:15: PerformanceWarning: DataFrame is highly fragmented.  This is usually the result of calling `frame.insert` many times, which has poor performance.  Consider joining all columns at once using pd.concat(axis=1) instead. To get a de-fragmented frame, use `newframe = frame.copy()`
  out_tr[c] = s.astype(float)
/home/yarin.b/projects/excel_magic/vfd-agent/vfd/tabular.py:17: PerformanceWarning: DataFrame is highly fragmented.  This is usually the result of calling `frame.insert` many times, which has poor performance.  Consider joining all columns at once using pd.concat(axis=1) instead. To get a de-fragmented frame, use `newframe = frame.copy()`
  oo[c] = o[c].astype(float)
/home/yarin.b/projects/excel_magic/vfd-agent/vfd/tabular.py:15: PerformanceWarning: DataFrame is highly fragmented.  This is usually the result of calling `frame.insert` many times, which has poor performance.  Consider joining all columns at once using pd.concat(axis=1) instead. To get a de-fragmented frame, use `newframe = frame.copy()`
  out_tr[c] = s.astype(float)
/home/yarin.b/projects/excel_magic/vfd-agent/vfd/tabular.py:17: PerformanceWarning: DataFrame is highly fragmented.  This is usually the result of calling `frame.insert` many times, which has poor performance.  Consider joining all columns at once using pd.concat(axis=1) instead. To get a de-fragmented frame, use `newframe = frame.copy()`
  oo[c] = o[c].astype(float)
/home/yarin.b/projects/excel_magic/vfd-agent/vfd/tabular.py:15: PerformanceWarning: DataFrame is highly fragmented.  This is usually the result of calling `frame.insert` many times, which has poor performance.  Consider joining all columns at once using pd.concat(axis=1) instead. To get a de-fragmented frame, use `newframe = frame.copy()`
  out_tr[c] = s.astype(float)
/home/yarin.b/projects/excel_magic/vfd-agent/vfd/tabular.py:17: PerformanceWarning: DataFrame is highly fragmented.  This is usually the result of calling `frame.insert` many times, which has poor performance.  Consider joining all columns at once using pd.concat(axis=1) instead. To get a de-fragmented frame, use `newframe = frame.copy()`
  oo[c] = o[c].astype(float)
/home/yarin.b/projects/excel_magic/vfd-agent/vfd/tabular.py:15: PerformanceWarning: DataFrame is highly fragmented.  This is usually the result of calling `frame.insert` many times, which has poor performance.  Consider joining all columns at once using pd.concat(axis=1) instead. To get a de-fragmented frame, use `newframe = frame.copy()`
  out_tr[c] = s.astype(float)
/home/yarin.b/projects/excel_magic/vfd-agent/vfd/tabular.py:17: PerformanceWarning: DataFrame is highly fragmented.  This is usually the result of calling `frame.insert` many times, which has poor performance.  Consider joining all columns at once using pd.concat(axis=1) instead. To get a de-fragmented frame, use `newframe = frame.copy()`
  oo[c] = o[c].astype(float)
/home/yarin.b/projects/excel_magic/vfd-agent/vfd/tabular.py:15: PerformanceWarning: DataFrame is highly fragmented.  This is usually the result of calling `frame.insert` many times, which has poor performance.  Consider joining all columns at once using pd.concat(axis=1) instead. To get a de-fragmented frame, use `newframe = frame.copy()`
  out_tr[c] = s.astype(float)
/home/yarin.b/projects/excel_magic/vfd-agent/vfd/tabular.py:17: PerformanceWarning: DataFrame is highly fragmented.  This is usually the result of calling `frame.insert` many times, which has poor performance.  Consider joining all columns at once using pd.concat(axis=1) instead. To get a de-fragmented frame, use `newframe = frame.copy()`
  oo[c] = o[c].astype(float)
/home/yarin.b/projects/excel_magic/vfd-agent/vfd/tabular.py:15: PerformanceWarning: DataFrame is highly fragmented.  This is usually the result of calling `frame.insert` many times, which has poor performance.  Consider joining all columns at once using pd.concat(axis=1) instead. To get a de-fragmented frame, use `newframe = frame.copy()`
  out_tr[c] = s.astype(float)
/home/yarin.b/projects/excel_magic/vfd-agent/vfd/tabular.py:17: PerformanceWarning: DataFrame is highly fragmented.  This is usually the result of calling `frame.insert` many times, which has poor performance.  Consider joining all columns at once using pd.concat(axis=1) instead. To get a de-fragmented frame, use `newframe = frame.copy()`
  oo[c] = o[c].astype(float)
/home/yarin.b/projects/excel_magic/vfd-agent/vfd/tabular.py:15: PerformanceWarning: DataFrame is highly fragmented.  This is usually the result of calling `frame.insert` many times, which has poor performance.  Consider joining all columns at once using pd.concat(axis=1) instead. To get a de-fragmented frame, use `newframe = frame.copy()`
  out_tr[c] = s.astype(float)
/home/yarin.b/projects/excel_magic/vfd-agent/vfd/tabular.py:17: PerformanceWarning: DataFrame is highly fragmented.  This is usually the result of calling `frame.insert` many times, which has poor performance.  Consider joining all columns at once using pd.concat(axis=1) instead. To get a de-fragmented frame, use `newframe = frame.copy()`
  oo[c] = o[c].astype(float)
/home/yarin.b/projects/excel_magic/vfd-agent/vfd/tabular.py:15: PerformanceWarning: DataFrame is highly fragmented.  This is usually the result of calling `frame.insert` many times, which has poor performance.  Consider joining all columns at once using pd.concat(axis=1) instead. To get a de-fragmented frame, use `newframe = frame.copy()`
  out_tr[c] = s.astype(float)
/home/yarin.b/projects/excel_magic/vfd-agent/vfd/tabular.py:17: PerformanceWarning: DataFrame is highly fragmented.  This is usually the result of calling `frame.insert` many times, which has poor performance.  Consider joining all columns at once using pd.concat(axis=1) instead. To get a de-fragmented frame, use `newframe = frame.copy()`
  oo[c] = o[c].astype(float)
/home/yarin.b/projects/excel_magic/vfd-agent/vfd/tabular.py:15: PerformanceWarning: DataFrame is highly fragmented.  This is usually the result of calling `frame.insert` many times, which has poor performance.  Consider joining all columns at once using pd.concat(axis=1) instead. To get a de-fragmented frame, use `newframe = frame.copy()`
  out_tr[c] = s.astype(float)
/home/yarin.b/projects/excel_magic/vfd-agent/vfd/tabular.py:17: PerformanceWarning: DataFrame is highly fragmented.  This is usually the result of calling `frame.insert` many times, which has poor performance.  Consider joining all columns at once using pd.concat(axis=1) instead. To get a de-fragmented frame, use `newframe = frame.copy()`
  oo[c] = o[c].astype(float)
/home/yarin.b/projects/excel_magic/vfd-agent/vfd/tabular.py:15: PerformanceWarning: DataFrame is highly fragmented.  This is usually the result of calling `frame.insert` many times, which has poor performance.  Consider joining all columns at once using pd.concat(axis=1) instead. To get a de-fragmented frame, use `newframe = frame.copy()`
  out_tr[c] = s.astype(float)
/home/yarin.b/projects/excel_magic/vfd-agent/vfd/tabular.py:17: PerformanceWarning: DataFrame is highly fragmented.  This is usually the result of calling `frame.insert` many times, which has poor performance.  Consider joining all columns at once using pd.concat(axis=1) instead. To get a de-fragmented frame, use `newframe = frame.copy()`
  oo[c] = o[c].astype(float)
/home/yarin.b/projects/excel_magic/vfd-agent/vfd/tabular.py:15: PerformanceWarning: DataFrame is highly fragmented.  This is usually the result of calling `frame.insert` many times, which has poor performance.  Consider joining all columns at once using pd.concat(axis=1) instead. To get a de-fragmented frame, use `newframe = frame.copy()`
  out_tr[c] = s.astype(float)
/home/yarin.b/projects/excel_magic/vfd-agent/vfd/tabular.py:17: PerformanceWarning: DataFrame is highly fragmented.  This is usually the result of calling `frame.insert` many times, which has poor performance.  Consider joining all columns at once using pd.concat(axis=1) instead. To get a de-fragmented frame, use `newframe = frame.copy()`
  oo[c] = o[c].astype(float)
/home/yarin.b/projects/excel_magic/vfd-agent/vfd/tabular.py:15: PerformanceWarning: DataFrame is highly fragmented.  This is usually the result of calling `frame.insert` many times, which has poor performance.  Consider joining all columns at once using pd.concat(axis=1) instead. To get a de-fragmented frame, use `newframe = frame.copy()`
  out_tr[c] = s.astype(float)
/home/yarin.b/projects/excel_magic/vfd-agent/vfd/tabular.py:17: PerformanceWarning: DataFrame is highly fragmented.  This is usually the result of calling `frame.insert` many times, which has poor performance.  Consider joining all columns at once using pd.concat(axis=1) instead. To get a de-fragmented frame, use `newframe = frame.copy()`
  oo[c] = o[c].astype(float)
/home/yarin.b/projects/excel_magic/vfd-agent/vfd/tabular.py:15: PerformanceWarning: DataFrame is highly fragmented.  This is usually the result of calling `frame.insert` many times, which has poor performance.  Consider joining all columns at once using pd.concat(axis=1) instead. To get a de-fragmented frame, use `newframe = frame.copy()`
  out_tr[c] = s.astype(float)
/home/yarin.b/projects/excel_magic/vfd-agent/vfd/tabular.py:17: PerformanceWarning: DataFrame is highly fragmented.  This is usually the result of calling `frame.insert` many times, which has poor performance.  Consider joining all columns at once using pd.concat(axis=1) instead. To get a de-fragmented frame, use `newframe = frame.copy()`
  oo[c] = o[c].astype(float)
/home/yarin.b/projects/excel_magic/vfd-agent/vfd/tabular.py:15: PerformanceWarning: DataFrame is highly fragmented.  This is usually the result of calling `frame.insert` many times, which has poor performance.  Consider joining all columns at once using pd.concat(axis=1) instead. To get a de-fragmented frame, use `newframe = frame.copy()`
  out_tr[c] = s.astype(float)
/home/yarin.b/projects/excel_magic/vfd-agent/vfd/tabular.py:17: PerformanceWarning: DataFrame is highly fragmented.  This is usually the result of calling `frame.insert` many times, which has poor performance.  Consider joining all columns at once using pd.concat(axis=1) instead. To get a de-fragmented frame, use `newframe = frame.copy()`
  oo[c] = o[c].astype(float)
/home/yarin.b/projects/excel_magic/vfd-agent/vfd/tabular.py:15: PerformanceWarning: DataFrame is highly fragmented.  This is usually the result of calling `frame.insert` many times, which has poor performance.  Consider joining all columns at once using pd.concat(axis=1) instead. To get a de-fragmented frame, use `newframe = frame.copy()`
  out_tr[c] = s.astype(float)
/home/yarin.b/projects/excel_magic/vfd-agent/vfd/tabular.py:17: PerformanceWarning: DataFrame is highly fragmented.  This is usually the result of calling `frame.insert` many times, which has poor performance.  Consider joining all columns at once using pd.concat(axis=1) instead. To get a de-fragmented frame, use `newframe = frame.copy()`
  oo[c] = o[c].astype(float)
/home/yarin.b/projects/excel_magic/vfd-agent/vfd/tabular.py:15: PerformanceWarning: DataFrame is highly fragmented.  This is usually the result of calling `frame.insert` many times, which has poor performance.  Consider joining all columns at once using pd.concat(axis=1) instead. To get a de-fragmented frame, use `newframe = frame.copy()`
  out_tr[c] = s.astype(float)
/home/yarin.b/projects/excel_magic/vfd-agent/vfd/tabular.py:17: PerformanceWarning: DataFrame is highly fragmented.  This is usually the result of calling `frame.insert` many times, which has poor performance.  Consider joining all columns at once using pd.concat(axis=1) instead. To get a de-fragmented frame, use `newframe = frame.copy()`
  oo[c] = o[c].astype(float)
/home/yarin.b/projects/excel_magic/vfd-agent/vfd/tabular.py:15: PerformanceWarning: DataFrame is highly fragmented.  This is usually the result of calling `frame.insert` many times, which has poor performance.  Consider joining all columns at once using pd.concat(axis=1) instead. To get a de-fragmented frame, use `newframe = frame.copy()`
  out_tr[c] = s.astype(float)
/home/yarin.b/projects/excel_magic/vfd-agent/vfd/tabular.py:17: PerformanceWarning: DataFrame is highly fragmented.  This is usually the result of calling `frame.insert` many times, which has poor performance.  Consider joining all columns at once using pd.concat(axis=1) instead. To get a de-fragmented frame, use `newframe = frame.copy()`
  oo[c] = o[c].astype(float)
/home/yarin.b/projects/excel_magic/vfd-agent/vfd/tabular.py:15: PerformanceWarning: DataFrame is highly fragmented.  This is usually the result of calling `frame.insert` many times, which has poor performance.  Consider joining all columns at once using pd.concat(axis=1) instead. To get a de-fragmented frame, use `newframe = frame.copy()`
  out_tr[c] = s.astype(float)
/home/yarin.b/projects/excel_magic/vfd-agent/vfd/tabular.py:17: PerformanceWarning: DataFrame is highly fragmented.  This is usually the result of calling `frame.insert` many times, which has poor performance.  Consider joining all columns at once using pd.concat(axis=1) instead. To get a de-fragmented frame, use `newframe = frame.copy()`
  oo[c] = o[c].astype(float)
/home/yarin.b/projects/excel_magic/vfd-agent/vfd/tabular.py:15: PerformanceWarning: DataFrame is highly fragmented.  This is usually the result of calling `frame.insert` many times, which has poor performance.  Consider joining all columns at once using pd.concat(axis=1) instead. To get a de-fragmented frame, use `newframe = frame.copy()`
  out_tr[c] = s.astype(float)
/home/yarin.b/projects/excel_magic/vfd-agent/vfd/tabular.py:17: PerformanceWarning: DataFrame is highly fragmented.  This is usually the result of calling `frame.insert` many times, which has poor performance.  Consider joining all columns at once using pd.concat(axis=1) instead. To get a de-fragmented frame, use `newframe = frame.copy()`
  oo[c] = o[c].astype(float)
/home/yarin.b/projects/excel_magic/vfd-agent/vfd/tabular.py:15: PerformanceWarning: DataFrame is highly fragmented.  This is usually the result of calling `frame.insert` many times, which has poor performance.  Consider joining all columns at once using pd.concat(axis=1) instead. To get a de-fragmented frame, use `newframe = frame.copy()`
  out_tr[c] = s.astype(float)
/home/yarin.b/projects/excel_magic/vfd-agent/vfd/tabular.py:17: PerformanceWarning: DataFrame is highly fragmented.  This is usually the result of calling `frame.insert` many times, which has poor performance.  Consider joining all columns at once using pd.concat(axis=1) instead. To get a de-fragmented frame, use `newframe = frame.copy()`
  oo[c] = o[c].astype(float)
/home/yarin.b/projects/excel_magic/vfd-agent/vfd/tabular.py:15: PerformanceWarning: DataFrame is highly fragmented.  This is usually the result of calling `frame.insert` many times, which has poor performance.  Consider joining all columns at once using pd.concat(axis=1) instead. To get a de-fragmented frame, use `newframe = frame.copy()`
  out_tr[c] = s.astype(float)
/home/yarin.b/projects/excel_magic/vfd-agent/vfd/tabular.py:17: PerformanceWarning: DataFrame is highly fragmented.  This is usually the result of calling `frame.insert` many times, which has poor performance.  Consider joining all columns at once using pd.concat(axis=1) instead. To get a de-fragmented frame, use `newframe = frame.copy()`
  oo[c] = o[c].astype(float)
/home/yarin.b/projects/excel_magic/vfd-agent/vfd/tabular.py:15: PerformanceWarning: DataFrame is highly fragmented.  This is usually the result of calling `frame.insert` many times, which has poor performance.  Consider joining all columns at once using pd.concat(axis=1) instead. To get a de-fragmented frame, use `newframe = frame.copy()`
  out_tr[c] = s.astype(float)
/home/yarin.b/projects/excel_magic/vfd-agent/vfd/tabular.py:17: PerformanceWarning: DataFrame is highly fragmented.  This is usually the result of calling `frame.insert` many times, which has poor performance.  Consider joining all columns at once using pd.concat(axis=1) instead. To get a de-fragmented frame, use `newframe = frame.copy()`
  oo[c] = o[c].astype(float)
/home/yarin.b/projects/excel_magic/vfd-agent/vfd/tabular.py:15: PerformanceWarning: DataFrame is highly fragmented.  This is usually the result of calling `frame.insert` many times, which has poor performance.  Consider joining all columns at once using pd.concat(axis=1) instead. To get a de-fragmented frame, use `newframe = frame.copy()`
  out_tr[c] = s.astype(float)
/home/yarin.b/projects/excel_magic/vfd-agent/vfd/tabular.py:17: PerformanceWarning: DataFrame is highly fragmented.  This is usually the result of calling `frame.insert` many times, which has poor performance.  Consider joining all columns at once using pd.concat(axis=1) instead. To get a de-fragmented frame, use `newframe = frame.copy()`
  oo[c] = o[c].astype(float)
/home/yarin.b/projects/excel_magic/vfd-agent/vfd/tabular.py:15: PerformanceWarning: DataFrame is highly fragmented.  This is usually the result of calling `frame.insert` many times, which has poor performance.  Consider joining all columns at once using pd.concat(axis=1) instead. To get a de-fragmented frame, use `newframe = frame.copy()`
  out_tr[c] = s.astype(float)
/home/yarin.b/projects/excel_magic/vfd-agent/vfd/tabular.py:17: PerformanceWarning: DataFrame is highly fragmented.  This is usually the result of calling `frame.insert` many times, which has poor performance.  Consider joining all columns at once using pd.concat(axis=1) instead. To get a de-fragmented frame, use `newframe = frame.copy()`
  oo[c] = o[c].astype(float)
/home/yarin.b/projects/excel_magic/vfd-agent/vfd/tabular.py:15: PerformanceWarning: DataFrame is highly fragmented.  This is usually the result of calling `frame.insert` many times, which has poor performance.  Consider joining all columns at once using pd.concat(axis=1) instead. To get a de-fragmented frame, use `newframe = frame.copy()`
  out_tr[c] = s.astype(float)
/home/yarin.b/projects/excel_magic/vfd-agent/vfd/tabular.py:17: PerformanceWarning: DataFrame is highly fragmented.  This is usually the result of calling `frame.insert` many times, which has poor performance.  Consider joining all columns at once using pd.concat(axis=1) instead. To get a de-fragmented frame, use `newframe = frame.copy()`
  oo[c] = o[c].astype(float)
/home/yarin.b/projects/excel_magic/vfd-agent/vfd/tabular.py:15: PerformanceWarning: DataFrame is highly fragmented.  This is usually the result of calling `frame.insert` many times, which has poor performance.  Consider joining all columns at once using pd.concat(axis=1) instead. To get a de-fragmented frame, use `newframe = frame.copy()`
  out_tr[c] = s.astype(float)
/home/yarin.b/projects/excel_magic/vfd-agent/vfd/tabular.py:17: PerformanceWarning: DataFrame is highly fragmented.  This is usually the result of calling `frame.insert` many times, which has poor performance.  Consider joining all columns at once using pd.concat(axis=1) instead. To get a de-fragmented frame, use `newframe = frame.copy()`
  oo[c] = o[c].astype(float)
/home/yarin.b/projects/excel_magic/vfd-agent/vfd/tabular.py:15: PerformanceWarning: DataFrame is highly fragmented.  This is usually the result of calling `frame.insert` many times, which has poor performance.  Consider joining all columns at once using pd.concat(axis=1) instead. To get a de-fragmented frame, use `newframe = frame.copy()`
  out_tr[c] = s.astype(float)
/home/yarin.b/projects/excel_magic/vfd-agent/vfd/tabular.py:17: PerformanceWarning: DataFrame is highly fragmented.  This is usually the result of calling `frame.insert` many times, which has poor performance.  Consider joining all columns at once using pd.concat(axis=1) instead. To get a de-fragmented frame, use `newframe = frame.copy()`
  oo[c] = o[c].astype(float)
/home/yarin.b/projects/excel_magic/vfd-agent/vfd/tabular.py:15: PerformanceWarning: DataFrame is highly fragmented.  This is usually the result of calling `frame.insert` many times, which has poor performance.  Consider joining all columns at once using pd.concat(axis=1) instead. To get a de-fragmented frame, use `newframe = frame.copy()`
  out_tr[c] = s.astype(float)
/home/yarin.b/projects/excel_magic/vfd-agent/vfd/tabular.py:17: PerformanceWarning: DataFrame is highly fragmented.  This is usually the result of calling `frame.insert` many times, which has poor performance.  Consider joining all columns at once using pd.concat(axis=1) instead. To get a de-fragmented frame, use `newframe = frame.copy()`
  oo[c] = o[c].astype(float)
/home/yarin.b/projects/excel_magic/vfd-agent/vfd/tabular.py:15: PerformanceWarning: DataFrame is highly fragmented.  This is usually the result of calling `frame.insert` many times, which has poor performance.  Consider joining all columns at once using pd.concat(axis=1) instead. To get a de-fragmented frame, use `newframe = frame.copy()`
  out_tr[c] = s.astype(float)
/home/yarin.b/projects/excel_magic/vfd-agent/vfd/tabular.py:17: PerformanceWarning: DataFrame is highly fragmented.  This is usually the result of calling `frame.insert` many times, which has poor performance.  Consider joining all columns at once using pd.concat(axis=1) instead. To get a de-fragmented frame, use `newframe = frame.copy()`
  oo[c] = o[c].astype(float)
/home/yarin.b/projects/excel_magic/vfd-agent/vfd/tabular.py:15: PerformanceWarning: DataFrame is highly fragmented.  This is usually the result of calling `frame.insert` many times, which has poor performance.  Consider joining all columns at once using pd.concat(axis=1) instead. To get a de-fragmented frame, use `newframe = frame.copy()`
  out_tr[c] = s.astype(float)
/home/yarin.b/projects/excel_magic/vfd-agent/vfd/tabular.py:17: PerformanceWarning: DataFrame is highly fragmented.  This is usually the result of calling `frame.insert` many times, which has poor performance.  Consider joining all columns at once using pd.concat(axis=1) instead. To get a de-fragmented frame, use `newframe = frame.copy()`
  oo[c] = o[c].astype(float)
/home/yarin.b/projects/excel_magic/vfd-agent/vfd/tabular.py:15: PerformanceWarning: DataFrame is highly fragmented.  This is usually the result of calling `frame.insert` many times, which has poor performance.  Consider joining all columns at once using pd.concat(axis=1) instead. To get a de-fragmented frame, use `newframe = frame.copy()`
  out_tr[c] = s.astype(float)
/home/yarin.b/projects/excel_magic/vfd-agent/vfd/tabular.py:17: PerformanceWarning: DataFrame is highly fragmented.  This is usually the result of calling `frame.insert` many times, which has poor performance.  Consider joining all columns at once using pd.concat(axis=1) instead. To get a de-fragmented frame, use `newframe = frame.copy()`
  oo[c] = o[c].astype(float)
/home/yarin.b/projects/excel_magic/vfd-agent/vfd/tabular.py:15: PerformanceWarning: DataFrame is highly fragmented.  This is usually the result of calling `frame.insert` many times, which has poor performance.  Consider joining all columns at once using pd.concat(axis=1) instead. To get a de-fragmented frame, use `newframe = frame.copy()`
  out_tr[c] = s.astype(float)
/home/yarin.b/projects/excel_magic/vfd-agent/vfd/tabular.py:17: PerformanceWarning: DataFrame is highly fragmented.  This is usually the result of calling `frame.insert` many times, which has poor performance.  Consider joining all columns at once using pd.concat(axis=1) instead. To get a de-fragmented frame, use `newframe = frame.copy()`
  oo[c] = o[c].astype(float)
/home/yarin.b/projects/excel_magic/vfd-agent/vfd/tabular.py:15: PerformanceWarning: DataFrame is highly fragmented.  This is usually the result of calling `frame.insert` many times, which has poor performance.  Consider joining all columns at once using pd.concat(axis=1) instead. To get a de-fragmented frame, use `newframe = frame.copy()`
  out_tr[c] = s.astype(float)
/home/yarin.b/projects/excel_magic/vfd-agent/vfd/tabular.py:17: PerformanceWarning: DataFrame is highly fragmented.  This is usually the result of calling `frame.insert` many times, which has poor performance.  Consider joining all columns at once using pd.concat(axis=1) instead. To get a de-fragmented frame, use `newframe = frame.copy()`
  oo[c] = o[c].astype(float)
/home/yarin.b/projects/excel_magic/vfd-agent/vfd/tabular.py:15: PerformanceWarning: DataFrame is highly fragmented.  This is usually the result of calling `frame.insert` many times, which has poor performance.  Consider joining all columns at once using pd.concat(axis=1) instead. To get a de-fragmented frame, use `newframe = frame.copy()`
  out_tr[c] = s.astype(float)
/home/yarin.b/projects/excel_magic/vfd-agent/vfd/tabular.py:17: PerformanceWarning: DataFrame is highly fragmented.  This is usually the result of calling `frame.insert` many times, which has poor performance.  Consider joining all columns at once using pd.concat(axis=1) instead. To get a de-fragmented frame, use `newframe = frame.copy()`
  oo[c] = o[c].astype(float)
/home/yarin.b/projects/excel_magic/vfd-agent/vfd/tabular.py:15: PerformanceWarning: DataFrame is highly fragmented.  This is usually the result of calling `frame.insert` many times, which has poor performance.  Consider joining all columns at once using pd.concat(axis=1) instead. To get a de-fragmented frame, use `newframe = frame.copy()`
  out_tr[c] = s.astype(float)
/home/yarin.b/projects/excel_magic/vfd-agent/vfd/tabular.py:17: PerformanceWarning: DataFrame is highly fragmented.  This is usually the result of calling `frame.insert` many times, which has poor performance.  Consider joining all columns at once using pd.concat(axis=1) instead. To get a de-fragmented frame, use `newframe = frame.copy()`
  oo[c] = o[c].astype(float)
/home/yarin.b/projects/excel_magic/vfd-agent/vfd/tabular.py:15: PerformanceWarning: DataFrame is highly fragmented.  This is usually the result of calling `frame.insert` many times, which has poor performance.  Consider joining all columns at once using pd.concat(axis=1) instead. To get a de-fragmented frame, use `newframe = frame.copy()`
  out_tr[c] = s.astype(float)
/home/yarin.b/projects/excel_magic/vfd-agent/vfd/tabular.py:17: PerformanceWarning: DataFrame is highly fragmented.  This is usually the result of calling `frame.insert` many times, which has poor performance.  Consider joining all columns at once using pd.concat(axis=1) instead. To get a de-fragmented frame, use `newframe = frame.copy()`
  oo[c] = o[c].astype(float)
/home/yarin.b/projects/excel_magic/vfd-agent/vfd/tabular.py:15: PerformanceWarning: DataFrame is highly fragmented.  This is usually the result of calling `frame.insert` many times, which has poor performance.  Consider joining all columns at once using pd.concat(axis=1) instead. To get a de-fragmented frame, use `newframe = frame.copy()`
  out_tr[c] = s.astype(float)
/home/yarin.b/projects/excel_magic/vfd-agent/vfd/tabular.py:17: PerformanceWarning: DataFrame is highly fragmented.  This is usually the result of calling `frame.insert` many times, which has poor performance.  Consider joining all columns at once using pd.concat(axis=1) instead. To get a de-fragmented frame, use `newframe = frame.copy()`
  oo[c] = o[c].astype(float)
/home/yarin.b/projects/excel_magic/vfd-agent/vfd/tabular.py:15: PerformanceWarning: DataFrame is highly fragmented.  This is usually the result of calling `frame.insert` many times, which has poor performance.  Consider joining all columns at once using pd.concat(axis=1) instead. To get a de-fragmented frame, use `newframe = frame.copy()`
  out_tr[c] = s.astype(float)
/home/yarin.b/projects/excel_magic/vfd-agent/vfd/tabular.py:17: PerformanceWarning: DataFrame is highly fragmented.  This is usually the result of calling `frame.insert` many times, which has poor performance.  Consider joining all columns at once using pd.concat(axis=1) instead. To get a de-fragmented frame, use `newframe = frame.copy()`
  oo[c] = o[c].astype(float)
/home/yarin.b/projects/excel_magic/vfd-agent/vfd/tabular.py:15: PerformanceWarning: DataFrame is highly fragmented.  This is usually the result of calling `frame.insert` many times, which has poor performance.  Consider joining all columns at once using pd.concat(axis=1) instead. To get a de-fragmented frame, use `newframe = frame.copy()`
  out_tr[c] = s.astype(float)
/home/yarin.b/projects/excel_magic/vfd-agent/vfd/tabular.py:17: PerformanceWarning: DataFrame is highly fragmented.  This is usually the result of calling `frame.insert` many times, which has poor performance.  Consider joining all columns at once using pd.concat(axis=1) instead. To get a de-fragmented frame, use `newframe = frame.copy()`
  oo[c] = o[c].astype(float)
/home/yarin.b/projects/excel_magic/vfd-agent/vfd/tabular.py:15: PerformanceWarning: DataFrame is highly fragmented.  This is usually the result of calling `frame.insert` many times, which has poor performance.  Consider joining all columns at once using pd.concat(axis=1) instead. To get a de-fragmented frame, use `newframe = frame.copy()`
  out_tr[c] = s.astype(float)
/home/yarin.b/projects/excel_magic/vfd-agent/vfd/tabular.py:17: PerformanceWarning: DataFrame is highly fragmented.  This is usually the result of calling `frame.insert` many times, which has poor performance.  Consider joining all columns at once using pd.concat(axis=1) instead. To get a de-fragmented frame, use `newframe = frame.copy()`
  oo[c] = o[c].astype(float)
/home/yarin.b/projects/excel_magic/vfd-agent/vfd/tabular.py:15: PerformanceWarning: DataFrame is highly fragmented.  This is usually the result of calling `frame.insert` many times, which has poor performance.  Consider joining all columns at once using pd.concat(axis=1) instead. To get a de-fragmented frame, use `newframe = frame.copy()`
  out_tr[c] = s.astype(float)
/home/yarin.b/projects/excel_magic/vfd-agent/vfd/tabular.py:17: PerformanceWarning: DataFrame is highly fragmented.  This is usually the result of calling `frame.insert` many times, which has poor performance.  Consider joining all columns at once using pd.concat(axis=1) instead. To get a de-fragmented frame, use `newframe = frame.copy()`
  oo[c] = o[c].astype(float)
/home/yarin.b/projects/excel_magic/vfd-agent/vfd/tabular.py:15: PerformanceWarning: DataFrame is highly fragmented.  This is usually the result of calling `frame.insert` many times, which has poor performance.  Consider joining all columns at once using pd.concat(axis=1) instead. To get a de-fragmented frame, use `newframe = frame.copy()`
  out_tr[c] = s.astype(float)
/home/yarin.b/projects/excel_magic/vfd-agent/vfd/tabular.py:17: PerformanceWarning: DataFrame is highly fragmented.  This is usually the result of calling `frame.insert` many times, which has poor performance.  Consider joining all columns at once using pd.concat(axis=1) instead. To get a de-fragmented frame, use `newframe = frame.copy()`
  oo[c] = o[c].astype(float)
/home/yarin.b/projects/excel_magic/vfd-agent/vfd/tabular.py:15: PerformanceWarning: DataFrame is highly fragmented.  This is usually the result of calling `frame.insert` many times, which has poor performance.  Consider joining all columns at once using pd.concat(axis=1) instead. To get a de-fragmented frame, use `newframe = frame.copy()`
  out_tr[c] = s.astype(float)
/home/yarin.b/projects/excel_magic/vfd-agent/vfd/tabular.py:17: PerformanceWarning: DataFrame is highly fragmented.  This is usually the result of calling `frame.insert` many times, which has poor performance.  Consider joining all columns at once using pd.concat(axis=1) instead. To get a de-fragmented frame, use `newframe = frame.copy()`
  oo[c] = o[c].astype(float)
/home/yarin.b/projects/excel_magic/vfd-agent/vfd/tabular.py:15: PerformanceWarning: DataFrame is highly fragmented.  This is usually the result of calling `frame.insert` many times, which has poor performance.  Consider joining all columns at once using pd.concat(axis=1) instead. To get a de-fragmented frame, use `newframe = frame.copy()`
  out_tr[c] = s.astype(float)
/home/yarin.b/projects/excel_magic/vfd-agent/vfd/tabular.py:17: PerformanceWarning: DataFrame is highly fragmented.  This is usually the result of calling `frame.insert` many times, which has poor performance.  Consider joining all columns at once using pd.concat(axis=1) instead. To get a de-fragmented frame, use `newframe = frame.copy()`
  oo[c] = o[c].astype(float)
/home/yarin.b/projects/excel_magic/vfd-agent/vfd/tabular.py:15: PerformanceWarning: DataFrame is highly fragmented.  This is usually the result of calling `frame.insert` many times, which has poor performance.  Consider joining all columns at once using pd.concat(axis=1) instead. To get a de-fragmented frame, use `newframe = frame.copy()`
  out_tr[c] = s.astype(float)
/home/yarin.b/projects/excel_magic/vfd-agent/vfd/tabular.py:17: PerformanceWarning: DataFrame is highly fragmented.  This is usually the result of calling `frame.insert` many times, which has poor performance.  Consider joining all columns at once using pd.concat(axis=1) instead. To get a de-fragmented frame, use `newframe = frame.copy()`
  oo[c] = o[c].astype(float)
/home/yarin.b/projects/excel_magic/vfd-agent/vfd/tabular.py:15: PerformanceWarning: DataFrame is highly fragmented.  This is usually the result of calling `frame.insert` many times, which has poor performance.  Consider joining all columns at once using pd.concat(axis=1) instead. To get a de-fragmented frame, use `newframe = frame.copy()`
  out_tr[c] = s.astype(float)
/home/yarin.b/projects/excel_magic/vfd-agent/vfd/tabular.py:17: PerformanceWarning: DataFrame is highly fragmented.  This is usually the result of calling `frame.insert` many times, which has poor performance.  Consider joining all columns at once using pd.concat(axis=1) instead. To get a de-fragmented frame, use `newframe = frame.copy()`
  oo[c] = o[c].astype(float)
/home/yarin.b/projects/excel_magic/vfd-agent/vfd/tabular.py:15: PerformanceWarning: DataFrame is highly fragmented.  This is usually the result of calling `frame.insert` many times, which has poor performance.  Consider joining all columns at once using pd.concat(axis=1) instead. To get a de-fragmented frame, use `newframe = frame.copy()`
  out_tr[c] = s.astype(float)
/home/yarin.b/projects/excel_magic/vfd-agent/vfd/tabular.py:17: PerformanceWarning: DataFrame is highly fragmented.  This is usually the result of calling `frame.insert` many times, which has poor performance.  Consider joining all columns at once using pd.concat(axis=1) instead. To get a de-fragmented frame, use `newframe = frame.copy()`
  oo[c] = o[c].astype(float)
/home/yarin.b/projects/excel_magic/vfd-agent/vfd/tabular.py:15: PerformanceWarning: DataFrame is highly fragmented.  This is usually the result of calling `frame.insert` many times, which has poor performance.  Consider joining all columns at once using pd.concat(axis=1) instead. To get a de-fragmented frame, use `newframe = frame.copy()`
  out_tr[c] = s.astype(float)
/home/yarin.b/projects/excel_magic/vfd-agent/vfd/tabular.py:17: PerformanceWarning: DataFrame is highly fragmented.  This is usually the result of calling `frame.insert` many times, which has poor performance.  Consider joining all columns at once using pd.concat(axis=1) instead. To get a de-fragmented frame, use `newframe = frame.copy()`
  oo[c] = o[c].astype(float)
/home/yarin.b/projects/excel_magic/vfd-agent/vfd/tabular.py:15: PerformanceWarning: DataFrame is highly fragmented.  This is usually the result of calling `frame.insert` many times, which has poor performance.  Consider joining all columns at once using pd.concat(axis=1) instead. To get a de-fragmented frame, use `newframe = frame.copy()`
  out_tr[c] = s.astype(float)
/home/yarin.b/projects/excel_magic/vfd-agent/vfd/tabular.py:17: PerformanceWarning: DataFrame is highly fragmented.  This is usually the result of calling `frame.insert` many times, which has poor performance.  Consider joining all columns at once using pd.concat(axis=1) instead. To get a de-fragmented frame, use `newframe = frame.copy()`
  oo[c] = o[c].astype(float)
/home/yarin.b/projects/excel_magic/vfd-agent/vfd/tabular.py:15: PerformanceWarning: DataFrame is highly fragmented.  This is usually the result of calling `frame.insert` many times, which has poor performance.  Consider joining all columns at once using pd.concat(axis=1) instead. To get a de-fragmented frame, use `newframe = frame.copy()`
  out_tr[c] = s.astype(float)
/home/yarin.b/projects/excel_magic/vfd-agent/vfd/tabular.py:17: PerformanceWarning: DataFrame is highly fragmented.  This is usually the result of calling `frame.insert` many times, which has poor performance.  Consider joining all columns at once using pd.concat(axis=1) instead. To get a de-fragmented frame, use `newframe = frame.copy()`
  oo[c] = o[c].astype(float)
/home/yarin.b/projects/excel_magic/vfd-agent/vfd/tabular.py:15: PerformanceWarning: DataFrame is highly fragmented.  This is usually the result of calling `frame.insert` many times, which has poor performance.  Consider joining all columns at once using pd.concat(axis=1) instead. To get a de-fragmented frame, use `newframe = frame.copy()`
  out_tr[c] = s.astype(float)
/home/yarin.b/projects/excel_magic/vfd-agent/vfd/tabular.py:17: PerformanceWarning: DataFrame is highly fragmented.  This is usually the result of calling `frame.insert` many times, which has poor performance.  Consider joining all columns at once using pd.concat(axis=1) instead. To get a de-fragmented frame, use `newframe = frame.copy()`
  oo[c] = o[c].astype(float)
/home/yarin.b/projects/excel_magic/vfd-agent/vfd/tabular.py:15: PerformanceWarning: DataFrame is highly fragmented.  This is usually the result of calling `frame.insert` many times, which has poor performance.  Consider joining all columns at once using pd.concat(axis=1) instead. To get a de-fragmented frame, use `newframe = frame.copy()`
  out_tr[c] = s.astype(float)
/home/yarin.b/projects/excel_magic/vfd-agent/vfd/tabular.py:17: PerformanceWarning: DataFrame is highly fragmented.  This is usually the result of calling `frame.insert` many times, which has poor performance.  Consider joining all columns at once using pd.concat(axis=1) instead. To get a de-fragmented frame, use `newframe = frame.copy()`
  oo[c] = o[c].astype(float)
/home/yarin.b/projects/excel_magic/vfd-agent/vfd/tabular.py:15: PerformanceWarning: DataFrame is highly fragmented.  This is usually the result of calling `frame.insert` many times, which has poor performance.  Consider joining all columns at once using pd.concat(axis=1) instead. To get a de-fragmented frame, use `newframe = frame.copy()`
  out_tr[c] = s.astype(float)
/home/yarin.b/projects/excel_magic/vfd-agent/vfd/tabular.py:17: PerformanceWarning: DataFrame is highly fragmented.  This is usually the result of calling `frame.insert` many times, which has poor performance.  Consider joining all columns at once using pd.concat(axis=1) instead. To get a de-fragmented frame, use `newframe = frame.copy()`
  oo[c] = o[c].astype(float)
/home/yarin.b/projects/excel_magic/vfd-agent/vfd/tabular.py:15: PerformanceWarning: DataFrame is highly fragmented.  This is usually the result of calling `frame.insert` many times, which has poor performance.  Consider joining all columns at once using pd.concat(axis=1) instead. To get a de-fragmented frame, use `newframe = frame.copy()`
  out_tr[c] = s.astype(float)
/home/yarin.b/projects/excel_magic/vfd-agent/vfd/tabular.py:17: PerformanceWarning: DataFrame is highly fragmented.  This is usually the result of calling `frame.insert` many times, which has poor performance.  Consider joining all columns at once using pd.concat(axis=1) instead. To get a de-fragmented frame, use `newframe = frame.copy()`
  oo[c] = o[c].astype(float)
/home/yarin.b/projects/excel_magic/vfd-agent/vfd/tabular.py:15: PerformanceWarning: DataFrame is highly fragmented.  This is usually the result of calling `frame.insert` many times, which has poor performance.  Consider joining all columns at once using pd.concat(axis=1) instead. To get a de-fragmented frame, use `newframe = frame.copy()`
  out_tr[c] = s.astype(float)
/home/yarin.b/projects/excel_magic/vfd-agent/vfd/tabular.py:17: PerformanceWarning: DataFrame is highly fragmented.  This is usually the result of calling `frame.insert` many times, which has poor performance.  Consider joining all columns at once using pd.concat(axis=1) instead. To get a de-fragmented frame, use `newframe = frame.copy()`
  oo[c] = o[c].astype(float)
/home/yarin.b/projects/excel_magic/vfd-agent/vfd/tabular.py:15: PerformanceWarning: DataFrame is highly fragmented.  This is usually the result of calling `frame.insert` many times, which has poor performance.  Consider joining all columns at once using pd.concat(axis=1) instead. To get a de-fragmented frame, use `newframe = frame.copy()`
  out_tr[c] = s.astype(float)
/home/yarin.b/projects/excel_magic/vfd-agent/vfd/tabular.py:17: PerformanceWarning: DataFrame is highly fragmented.  This is usually the result of calling `frame.insert` many times, which has poor performance.  Consider joining all columns at once using pd.concat(axis=1) instead. To get a de-fragmented frame, use `newframe = frame.copy()`
  oo[c] = o[c].astype(float)
/home/yarin.b/projects/excel_magic/vfd-agent/vfd/tabular.py:15: PerformanceWarning: DataFrame is highly fragmented.  This is usually the result of calling `frame.insert` many times, which has poor performance.  Consider joining all columns at once using pd.concat(axis=1) instead. To get a de-fragmented frame, use `newframe = frame.copy()`
  out_tr[c] = s.astype(float)
/home/yarin.b/projects/excel_magic/vfd-agent/vfd/tabular.py:17: PerformanceWarning: DataFrame is highly fragmented.  This is usually the result of calling `frame.insert` many times, which has poor performance.  Consider joining all columns at once using pd.concat(axis=1) instead. To get a de-fragmented frame, use `newframe = frame.copy()`
  oo[c] = o[c].astype(float)
/home/yarin.b/projects/excel_magic/vfd-agent/vfd/tabular.py:15: PerformanceWarning: DataFrame is highly fragmented.  This is usually the result of calling `frame.insert` many times, which has poor performance.  Consider joining all columns at once using pd.concat(axis=1) instead. To get a de-fragmented frame, use `newframe = frame.copy()`
  out_tr[c] = s.astype(float)
/home/yarin.b/projects/excel_magic/vfd-agent/vfd/tabular.py:17: PerformanceWarning: DataFrame is highly fragmented.  This is usually the result of calling `frame.insert` many times, which has poor performance.  Consider joining all columns at once using pd.concat(axis=1) instead. To get a de-fragmented frame, use `newframe = frame.copy()`
  oo[c] = o[c].astype(float)
/home/yarin.b/projects/excel_magic/vfd-agent/vfd/tabular.py:15: PerformanceWarning: DataFrame is highly fragmented.  This is usually the result of calling `frame.insert` many times, which has poor performance.  Consider joining all columns at once using pd.concat(axis=1) instead. To get a de-fragmented frame, use `newframe = frame.copy()`
  out_tr[c] = s.astype(float)
/home/yarin.b/projects/excel_magic/vfd-agent/vfd/tabular.py:17: PerformanceWarning: DataFrame is highly fragmented.  This is usually the result of calling `frame.insert` many times, which has poor performance.  Consider joining all columns at once using pd.concat(axis=1) instead. To get a de-fragmented frame, use `newframe = frame.copy()`
  oo[c] = o[c].astype(float)
/home/yarin.b/projects/excel_magic/vfd-agent/vfd/tabular.py:15: PerformanceWarning: DataFrame is highly fragmented.  This is usually the result of calling `frame.insert` many times, which has poor performance.  Consider joining all columns at once using pd.concat(axis=1) instead. To get a de-fragmented frame, use `newframe = frame.copy()`
  out_tr[c] = s.astype(float)
/home/yarin.b/projects/excel_magic/vfd-agent/vfd/tabular.py:17: PerformanceWarning: DataFrame is highly fragmented.  This is usually the result of calling `frame.insert` many times, which has poor performance.  Consider joining all columns at once using pd.concat(axis=1) instead. To get a de-fragmented frame, use `newframe = frame.copy()`
  oo[c] = o[c].astype(float)
/home/yarin.b/projects/excel_magic/vfd-agent/vfd/tabular.py:15: PerformanceWarning: DataFrame is highly fragmented.  This is usually the result of calling `frame.insert` many times, which has poor performance.  Consider joining all columns at once using pd.concat(axis=1) instead. To get a de-fragmented frame, use `newframe = frame.copy()`
  out_tr[c] = s.astype(float)
/home/yarin.b/projects/excel_magic/vfd-agent/vfd/tabular.py:17: PerformanceWarning: DataFrame is highly fragmented.  This is usually the result of calling `frame.insert` many times, which has poor performance.  Consider joining all columns at once using pd.concat(axis=1) instead. To get a de-fragmented frame, use `newframe = frame.copy()`
  oo[c] = o[c].astype(float)
/home/yarin.b/projects/excel_magic/vfd-agent/vfd/tabular.py:15: PerformanceWarning: DataFrame is highly fragmented.  This is usually the result of calling `frame.insert` many times, which has poor performance.  Consider joining all columns at once using pd.concat(axis=1) instead. To get a de-fragmented frame, use `newframe = frame.copy()`
  out_tr[c] = s.astype(float)
/home/yarin.b/projects/excel_magic/vfd-agent/vfd/tabular.py:17: PerformanceWarning: DataFrame is highly fragmented.  This is usually the result of calling `frame.insert` many times, which has poor performance.  Consider joining all columns at once using pd.concat(axis=1) instead. To get a de-fragmented frame, use `newframe = frame.copy()`
  oo[c] = o[c].astype(float)
/home/yarin.b/projects/excel_magic/vfd-agent/vfd/tabular.py:15: PerformanceWarning: DataFrame is highly fragmented.  This is usually the result of calling `frame.insert` many times, which has poor performance.  Consider joining all columns at once using pd.concat(axis=1) instead. To get a de-fragmented frame, use `newframe = frame.copy()`
  out_tr[c] = s.astype(float)
/home/yarin.b/projects/excel_magic/vfd-agent/vfd/tabular.py:17: PerformanceWarning: DataFrame is highly fragmented.  This is usually the result of calling `frame.insert` many times, which has poor performance.  Consider joining all columns at once using pd.concat(axis=1) instead. To get a de-fragmented frame, use `newframe = frame.copy()`
  oo[c] = o[c].astype(float)
/home/yarin.b/projects/excel_magic/vfd-agent/vfd/tabular.py:15: PerformanceWarning: DataFrame is highly fragmented.  This is usually the result of calling `frame.insert` many times, which has poor performance.  Consider joining all columns at once using pd.concat(axis=1) instead. To get a de-fragmented frame, use `newframe = frame.copy()`
  out_tr[c] = s.astype(float)
/home/yarin.b/projects/excel_magic/vfd-agent/vfd/tabular.py:17: PerformanceWarning: DataFrame is highly fragmented.  This is usually the result of calling `frame.insert` many times, which has poor performance.  Consider joining all columns at once using pd.concat(axis=1) instead. To get a de-fragmented frame, use `newframe = frame.copy()`
  oo[c] = o[c].astype(float)
/home/yarin.b/projects/excel_magic/vfd-agent/vfd/tabular.py:15: PerformanceWarning: DataFrame is highly fragmented.  This is usually the result of calling `frame.insert` many times, which has poor performance.  Consider joining all columns at once using pd.concat(axis=1) instead. To get a de-fragmented frame, use `newframe = frame.copy()`
  out_tr[c] = s.astype(float)
/home/yarin.b/projects/excel_magic/vfd-agent/vfd/tabular.py:17: PerformanceWarning: DataFrame is highly fragmented.  This is usually the result of calling `frame.insert` many times, which has poor performance.  Consider joining all columns at once using pd.concat(axis=1) instead. To get a de-fragmented frame, use `newframe = frame.copy()`
  oo[c] = o[c].astype(float)
/home/yarin.b/projects/excel_magic/vfd-agent/vfd/tabular.py:15: PerformanceWarning: DataFrame is highly fragmented.  This is usually the result of calling `frame.insert` many times, which has poor performance.  Consider joining all columns at once using pd.concat(axis=1) instead. To get a de-fragmented frame, use `newframe = frame.copy()`
  out_tr[c] = s.astype(float)
/home/yarin.b/projects/excel_magic/vfd-agent/vfd/tabular.py:17: PerformanceWarning: DataFrame is highly fragmented.  This is usually the result of calling `frame.insert` many times, which has poor performance.  Consider joining all columns at once using pd.concat(axis=1) instead. To get a de-fragmented frame, use `newframe = frame.copy()`
  oo[c] = o[c].astype(float)
/home/yarin.b/projects/excel_magic/vfd-agent/vfd/tabular.py:15: PerformanceWarning: DataFrame is highly fragmented.  This is usually the result of calling `frame.insert` many times, which has poor performance.  Consider joining all columns at once using pd.concat(axis=1) instead. To get a de-fragmented frame, use `newframe = frame.copy()`
  out_tr[c] = s.astype(float)
/home/yarin.b/projects/excel_magic/vfd-agent/vfd/tabular.py:17: PerformanceWarning: DataFrame is highly fragmented.  This is usually the result of calling `frame.insert` many times, which has poor performance.  Consider joining all columns at once using pd.concat(axis=1) instead. To get a de-fragmented frame, use `newframe = frame.copy()`
  oo[c] = o[c].astype(float)
/home/yarin.b/projects/excel_magic/vfd-agent/vfd/tabular.py:15: PerformanceWarning: DataFrame is highly fragmented.  This is usually the result of calling `frame.insert` many times, which has poor performance.  Consider joining all columns at once using pd.concat(axis=1) instead. To get a de-fragmented frame, use `newframe = frame.copy()`
  out_tr[c] = s.astype(float)
/home/yarin.b/projects/excel_magic/vfd-agent/vfd/tabular.py:17: PerformanceWarning: DataFrame is highly fragmented.  This is usually the result of calling `frame.insert` many times, which has poor performance.  Consider joining all columns at once using pd.concat(axis=1) instead. To get a de-fragmented frame, use `newframe = frame.copy()`
  oo[c] = o[c].astype(float)
/home/yarin.b/projects/excel_magic/vfd-agent/vfd/tabular.py:15: PerformanceWarning: DataFrame is highly fragmented.  This is usually the result of calling `frame.insert` many times, which has poor performance.  Consider joining all columns at once using pd.concat(axis=1) instead. To get a de-fragmented frame, use `newframe = frame.copy()`
  out_tr[c] = s.astype(float)
/home/yarin.b/projects/excel_magic/vfd-agent/vfd/tabular.py:17: PerformanceWarning: DataFrame is highly fragmented.  This is usually the result of calling `frame.insert` many times, which has poor performance.  Consider joining all columns at once using pd.concat(axis=1) instead. To get a de-fragmented frame, use `newframe = frame.copy()`
  oo[c] = o[c].astype(float)
/home/yarin.b/projects/excel_magic/vfd-agent/vfd/tabular.py:15: PerformanceWarning: DataFrame is highly fragmented.  This is usually the result of calling `frame.insert` many times, which has poor performance.  Consider joining all columns at once using pd.concat(axis=1) instead. To get a de-fragmented frame, use `newframe = frame.copy()`
  out_tr[c] = s.astype(float)
/home/yarin.b/projects/excel_magic/vfd-agent/vfd/tabular.py:17: PerformanceWarning: DataFrame is highly fragmented.  This is usually the result of calling `frame.insert` many times, which has poor performance.  Consider joining all columns at once using pd.concat(axis=1) instead. To get a de-fragmented frame, use `newframe = frame.copy()`
  oo[c] = o[c].astype(float)
/home/yarin.b/projects/excel_magic/vfd-agent/vfd/tabular.py:15: PerformanceWarning: DataFrame is highly fragmented.  This is usually the result of calling `frame.insert` many times, which has poor performance.  Consider joining all columns at once using pd.concat(axis=1) instead. To get a de-fragmented frame, use `newframe = frame.copy()`
  out_tr[c] = s.astype(float)
/home/yarin.b/projects/excel_magic/vfd-agent/vfd/tabular.py:17: PerformanceWarning: DataFrame is highly fragmented.  This is usually the result of calling `frame.insert` many times, which has poor performance.  Consider joining all columns at once using pd.concat(axis=1) instead. To get a de-fragmented frame, use `newframe = frame.copy()`
  oo[c] = o[c].astype(float)
/home/yarin.b/projects/excel_magic/vfd-agent/vfd/tabular.py:15: PerformanceWarning: DataFrame is highly fragmented.  This is usually the result of calling `frame.insert` many times, which has poor performance.  Consider joining all columns at once using pd.concat(axis=1) instead. To get a de-fragmented frame, use `newframe = frame.copy()`
  out_tr[c] = s.astype(float)
/home/yarin.b/projects/excel_magic/vfd-agent/vfd/tabular.py:17: PerformanceWarning: DataFrame is highly fragmented.  This is usually the result of calling `frame.insert` many times, which has poor performance.  Consider joining all columns at once using pd.concat(axis=1) instead. To get a de-fragmented frame, use `newframe = frame.copy()`
  oo[c] = o[c].astype(float)
/home/yarin.b/projects/excel_magic/vfd-agent/vfd/tabular.py:15: PerformanceWarning: DataFrame is highly fragmented.  This is usually the result of calling `frame.insert` many times, which has poor performance.  Consider joining all columns at once using pd.concat(axis=1) instead. To get a de-fragmented frame, use `newframe = frame.copy()`
  out_tr[c] = s.astype(float)
/home/yarin.b/projects/excel_magic/vfd-agent/vfd/tabular.py:17: PerformanceWarning: DataFrame is highly fragmented.  This is usually the result of calling `frame.insert` many times, which has poor performance.  Consider joining all columns at once using pd.concat(axis=1) instead. To get a de-fragmented frame, use `newframe = frame.copy()`
  oo[c] = o[c].astype(float)
/home/yarin.b/projects/excel_magic/vfd-agent/vfd/tabular.py:15: PerformanceWarning: DataFrame is highly fragmented.  This is usually the result of calling `frame.insert` many times, which has poor performance.  Consider joining all columns at once using pd.concat(axis=1) instead. To get a de-fragmented frame, use `newframe = frame.copy()`
  out_tr[c] = s.astype(float)
/home/yarin.b/projects/excel_magic/vfd-agent/vfd/tabular.py:17: PerformanceWarning: DataFrame is highly fragmented.  This is usually the result of calling `frame.insert` many times, which has poor performance.  Consider joining all columns at once using pd.concat(axis=1) instead. To get a de-fragmented frame, use `newframe = frame.copy()`
  oo[c] = o[c].astype(float)
/home/yarin.b/projects/excel_magic/vfd-agent/vfd/tabular.py:15: PerformanceWarning: DataFrame is highly fragmented.  This is usually the result of calling `frame.insert` many times, which has poor performance.  Consider joining all columns at once using pd.concat(axis=1) instead. To get a de-fragmented frame, use `newframe = frame.copy()`
  out_tr[c] = s.astype(float)
/home/yarin.b/projects/excel_magic/vfd-agent/vfd/tabular.py:17: PerformanceWarning: DataFrame is highly fragmented.  This is usually the result of calling `frame.insert` many times, which has poor performance.  Consider joining all columns at once using pd.concat(axis=1) instead. To get a de-fragmented frame, use `newframe = frame.copy()`
  oo[c] = o[c].astype(float)
/home/yarin.b/projects/excel_magic/vfd-agent/vfd/tabular.py:15: PerformanceWarning: DataFrame is highly fragmented.  This is usually the result of calling `frame.insert` many times, which has poor performance.  Consider joining all columns at once using pd.concat(axis=1) instead. To get a de-fragmented frame, use `newframe = frame.copy()`
  out_tr[c] = s.astype(float)
/home/yarin.b/projects/excel_magic/vfd-agent/vfd/tabular.py:17: PerformanceWarning: DataFrame is highly fragmented.  This is usually the result of calling `frame.insert` many times, which has poor performance.  Consider joining all columns at once using pd.concat(axis=1) instead. To get a de-fragmented frame, use `newframe = frame.copy()`
  oo[c] = o[c].astype(float)
/home/yarin.b/projects/excel_magic/vfd-agent/vfd/tabular.py:15: PerformanceWarning: DataFrame is highly fragmented.  This is usually the result of calling `frame.insert` many times, which has poor performance.  Consider joining all columns at once using pd.concat(axis=1) instead. To get a de-fragmented frame, use `newframe = frame.copy()`
  out_tr[c] = s.astype(float)
/home/yarin.b/projects/excel_magic/vfd-agent/vfd/tabular.py:17: PerformanceWarning: DataFrame is highly fragmented.  This is usually the result of calling `frame.insert` many times, which has poor performance.  Consider joining all columns at once using pd.concat(axis=1) instead. To get a de-fragmented frame, use `newframe = frame.copy()`
  oo[c] = o[c].astype(float)
/home/yarin.b/projects/excel_magic/vfd-agent/vfd/tabular.py:15: PerformanceWarning: DataFrame is highly fragmented.  This is usually the result of calling `frame.insert` many times, which has poor performance.  Consider joining all columns at once using pd.concat(axis=1) instead. To get a de-fragmented frame, use `newframe = frame.copy()`
  out_tr[c] = s.astype(float)
/home/yarin.b/projects/excel_magic/vfd-agent/vfd/tabular.py:17: PerformanceWarning: DataFrame is highly fragmented.  This is usually the result of calling `frame.insert` many times, which has poor performance.  Consider joining all columns at once using pd.concat(axis=1) instead. To get a de-fragmented frame, use `newframe = frame.copy()`
  oo[c] = o[c].astype(float)
/home/yarin.b/projects/excel_magic/vfd-agent/vfd/tabular.py:15: PerformanceWarning: DataFrame is highly fragmented.  This is usually the result of calling `frame.insert` many times, which has poor performance.  Consider joining all columns at once using pd.concat(axis=1) instead. To get a de-fragmented frame, use `newframe = frame.copy()`
  out_tr[c] = s.astype(float)
/home/yarin.b/projects/excel_magic/vfd-agent/vfd/tabular.py:17: PerformanceWarning: DataFrame is highly fragmented.  This is usually the result of calling `frame.insert` many times, which has poor performance.  Consider joining all columns at once using pd.concat(axis=1) instead. To get a de-fragmented frame, use `newframe = frame.copy()`
  oo[c] = o[c].astype(float)
/home/yarin.b/projects/excel_magic/vfd-agent/vfd/tabular.py:15: PerformanceWarning: DataFrame is highly fragmented.  This is usually the result of calling `frame.insert` many times, which has poor performance.  Consider joining all columns at once using pd.concat(axis=1) instead. To get a de-fragmented frame, use `newframe = frame.copy()`
  out_tr[c] = s.astype(float)
/home/yarin.b/projects/excel_magic/vfd-agent/vfd/tabular.py:17: PerformanceWarning: DataFrame is highly fragmented.  This is usually the result of calling `frame.insert` many times, which has poor performance.  Consider joining all columns at once using pd.concat(axis=1) instead. To get a de-fragmented frame, use `newframe = frame.copy()`
  oo[c] = o[c].astype(float)
/home/yarin.b/projects/excel_magic/vfd-agent/vfd/tabular.py:15: PerformanceWarning: DataFrame is highly fragmented.  This is usually the result of calling `frame.insert` many times, which has poor performance.  Consider joining all columns at once using pd.concat(axis=1) instead. To get a de-fragmented frame, use `newframe = frame.copy()`
  out_tr[c] = s.astype(float)
/home/yarin.b/projects/excel_magic/vfd-agent/vfd/tabular.py:17: PerformanceWarning: DataFrame is highly fragmented.  This is usually the result of calling `frame.insert` many times, which has poor performance.  Consider joining all columns at once using pd.concat(axis=1) instead. To get a de-fragmented frame, use `newframe = frame.copy()`
  oo[c] = o[c].astype(float)
/home/yarin.b/projects/excel_magic/vfd-agent/vfd/tabular.py:15: PerformanceWarning: DataFrame is highly fragmented.  This is usually the result of calling `frame.insert` many times, which has poor performance.  Consider joining all columns at once using pd.concat(axis=1) instead. To get a de-fragmented frame, use `newframe = frame.copy()`
  out_tr[c] = s.astype(float)
/home/yarin.b/projects/excel_magic/vfd-agent/vfd/tabular.py:17: PerformanceWarning: DataFrame is highly fragmented.  This is usually the result of calling `frame.insert` many times, which has poor performance.  Consider joining all columns at once using pd.concat(axis=1) instead. To get a de-fragmented frame, use `newframe = frame.copy()`
  oo[c] = o[c].astype(float)
/home/yarin.b/projects/excel_magic/vfd-agent/vfd/tabular.py:15: PerformanceWarning: DataFrame is highly fragmented.  This is usually the result of calling `frame.insert` many times, which has poor performance.  Consider joining all columns at once using pd.concat(axis=1) instead. To get a de-fragmented frame, use `newframe = frame.copy()`
  out_tr[c] = s.astype(float)
/home/yarin.b/projects/excel_magic/vfd-agent/vfd/tabular.py:17: PerformanceWarning: DataFrame is highly fragmented.  This is usually the result of calling `frame.insert` many times, which has poor performance.  Consider joining all columns at once using pd.concat(axis=1) instead. To get a de-fragmented frame, use `newframe = frame.copy()`
  oo[c] = o[c].astype(float)
/home/yarin.b/projects/excel_magic/vfd-agent/vfd/tabular.py:15: PerformanceWarning: DataFrame is highly fragmented.  This is usually the result of calling `frame.insert` many times, which has poor performance.  Consider joining all columns at once using pd.concat(axis=1) instead. To get a de-fragmented frame, use `newframe = frame.copy()`
  out_tr[c] = s.astype(float)
/home/yarin.b/projects/excel_magic/vfd-agent/vfd/tabular.py:17: PerformanceWarning: DataFrame is highly fragmented.  This is usually the result of calling `frame.insert` many times, which has poor performance.  Consider joining all columns at once using pd.concat(axis=1) instead. To get a de-fragmented frame, use `newframe = frame.copy()`
  oo[c] = o[c].astype(float)
/home/yarin.b/projects/excel_magic/vfd-agent/vfd/tabular.py:15: PerformanceWarning: DataFrame is highly fragmented.  This is usually the result of calling `frame.insert` many times, which has poor performance.  Consider joining all columns at once using pd.concat(axis=1) instead. To get a de-fragmented frame, use `newframe = frame.copy()`
  out_tr[c] = s.astype(float)
/home/yarin.b/projects/excel_magic/vfd-agent/vfd/tabular.py:17: PerformanceWarning: DataFrame is highly fragmented.  This is usually the result of calling `frame.insert` many times, which has poor performance.  Consider joining all columns at once using pd.concat(axis=1) instead. To get a de-fragmented frame, use `newframe = frame.copy()`
  oo[c] = o[c].astype(float)
/home/yarin.b/projects/excel_magic/vfd-agent/vfd/tabular.py:15: PerformanceWarning: DataFrame is highly fragmented.  This is usually the result of calling `frame.insert` many times, which has poor performance.  Consider joining all columns at once using pd.concat(axis=1) instead. To get a de-fragmented frame, use `newframe = frame.copy()`
  out_tr[c] = s.astype(float)
/home/yarin.b/projects/excel_magic/vfd-agent/vfd/tabular.py:17: PerformanceWarning: DataFrame is highly fragmented.  This is usually the result of calling `frame.insert` many times, which has poor performance.  Consider joining all columns at once using pd.concat(axis=1) instead. To get a de-fragmented frame, use `newframe = frame.copy()`
  oo[c] = o[c].astype(float)
/home/yarin.b/projects/excel_magic/vfd-agent/vfd/tabular.py:15: PerformanceWarning: DataFrame is highly fragmented.  This is usually the result of calling `frame.insert` many times, which has poor performance.  Consider joining all columns at once using pd.concat(axis=1) instead. To get a de-fragmented frame, use `newframe = frame.copy()`
  out_tr[c] = s.astype(float)
/home/yarin.b/projects/excel_magic/vfd-agent/vfd/tabular.py:17: PerformanceWarning: DataFrame is highly fragmented.  This is usually the result of calling `frame.insert` many times, which has poor performance.  Consider joining all columns at once using pd.concat(axis=1) instead. To get a de-fragmented frame, use `newframe = frame.copy()`
  oo[c] = o[c].astype(float)
/home/yarin.b/projects/excel_magic/vfd-agent/vfd/tabular.py:15: PerformanceWarning: DataFrame is highly fragmented.  This is usually the result of calling `frame.insert` many times, which has poor performance.  Consider joining all columns at once using pd.concat(axis=1) instead. To get a de-fragmented frame, use `newframe = frame.copy()`
  out_tr[c] = s.astype(float)
/home/yarin.b/projects/excel_magic/vfd-agent/vfd/tabular.py:17: PerformanceWarning: DataFrame is highly fragmented.  This is usually the result of calling `frame.insert` many times, which has poor performance.  Consider joining all columns at once using pd.concat(axis=1) instead. To get a de-fragmented frame, use `newframe = frame.copy()`
  oo[c] = o[c].astype(float)
/home/yarin.b/projects/excel_magic/vfd-agent/vfd/tabular.py:15: PerformanceWarning: DataFrame is highly fragmented.  This is usually the result of calling `frame.insert` many times, which has poor performance.  Consider joining all columns at once using pd.concat(axis=1) instead. To get a de-fragmented frame, use `newframe = frame.copy()`
  out_tr[c] = s.astype(float)
/home/yarin.b/projects/excel_magic/vfd-agent/vfd/tabular.py:17: PerformanceWarning: DataFrame is highly fragmented.  This is usually the result of calling `frame.insert` many times, which has poor performance.  Consider joining all columns at once using pd.concat(axis=1) instead. To get a de-fragmented frame, use `newframe = frame.copy()`
  oo[c] = o[c].astype(float)
/home/yarin.b/projects/excel_magic/vfd-agent/vfd/tabular.py:15: PerformanceWarning: DataFrame is highly fragmented.  This is usually the result of calling `frame.insert` many times, which has poor performance.  Consider joining all columns at once using pd.concat(axis=1) instead. To get a de-fragmented frame, use `newframe = frame.copy()`
  out_tr[c] = s.astype(float)
/home/yarin.b/projects/excel_magic/vfd-agent/vfd/tabular.py:17: PerformanceWarning: DataFrame is highly fragmented.  This is usually the result of calling `frame.insert` many times, which has poor performance.  Consider joining all columns at once using pd.concat(axis=1) instead. To get a de-fragmented frame, use `newframe = frame.copy()`
  oo[c] = o[c].astype(float)
/home/yarin.b/projects/excel_magic/vfd-agent/vfd/tabular.py:15: PerformanceWarning: DataFrame is highly fragmented.  This is usually the result of calling `frame.insert` many times, which has poor performance.  Consider joining all columns at once using pd.concat(axis=1) instead. To get a de-fragmented frame, use `newframe = frame.copy()`
  out_tr[c] = s.astype(float)
/home/yarin.b/projects/excel_magic/vfd-agent/vfd/tabular.py:17: PerformanceWarning: DataFrame is highly fragmented.  This is usually the result of calling `frame.insert` many times, which has poor performance.  Consider joining all columns at once using pd.concat(axis=1) instead. To get a de-fragmented frame, use `newframe = frame.copy()`
  oo[c] = o[c].astype(float)
/home/yarin.b/projects/excel_magic/vfd-agent/vfd/tabular.py:15: PerformanceWarning: DataFrame is highly fragmented.  This is usually the result of calling `frame.insert` many times, which has poor performance.  Consider joining all columns at once using pd.concat(axis=1) instead. To get a de-fragmented frame, use `newframe = frame.copy()`
  out_tr[c] = s.astype(float)
/home/yarin.b/projects/excel_magic/vfd-agent/vfd/tabular.py:17: PerformanceWarning: DataFrame is highly fragmented.  This is usually the result of calling `frame.insert` many times, which has poor performance.  Consider joining all columns at once using pd.concat(axis=1) instead. To get a de-fragmented frame, use `newframe = frame.copy()`
  oo[c] = o[c].astype(float)
/home/yarin.b/projects/excel_magic/vfd-agent/vfd/tabular.py:15: PerformanceWarning: DataFrame is highly fragmented.  This is usually the result of calling `frame.insert` many times, which has poor performance.  Consider joining all columns at once using pd.concat(axis=1) instead. To get a de-fragmented frame, use `newframe = frame.copy()`
  out_tr[c] = s.astype(float)
/home/yarin.b/projects/excel_magic/vfd-agent/vfd/tabular.py:17: PerformanceWarning: DataFrame is highly fragmented.  This is usually the result of calling `frame.insert` many times, which has poor performance.  Consider joining all columns at once using pd.concat(axis=1) instead. To get a de-fragmented frame, use `newframe = frame.copy()`
  oo[c] = o[c].astype(float)
/home/yarin.b/projects/excel_magic/vfd-agent/vfd/tabular.py:15: PerformanceWarning: DataFrame is highly fragmented.  This is usually the result of calling `frame.insert` many times, which has poor performance.  Consider joining all columns at once using pd.concat(axis=1) instead. To get a de-fragmented frame, use `newframe = frame.copy()`
  out_tr[c] = s.astype(float)
/home/yarin.b/projects/excel_magic/vfd-agent/vfd/tabular.py:17: PerformanceWarning: DataFrame is highly fragmented.  This is usually the result of calling `frame.insert` many times, which has poor performance.  Consider joining all columns at once using pd.concat(axis=1) instead. To get a de-fragmented frame, use `newframe = frame.copy()`
  oo[c] = o[c].astype(float)
/home/yarin.b/projects/excel_magic/vfd-agent/vfd/tabular.py:15: PerformanceWarning: DataFrame is highly fragmented.  This is usually the result of calling `frame.insert` many times, which has poor performance.  Consider joining all columns at once using pd.concat(axis=1) instead. To get a de-fragmented frame, use `newframe = frame.copy()`
  out_tr[c] = s.astype(float)
/home/yarin.b/projects/excel_magic/vfd-agent/vfd/tabular.py:17: PerformanceWarning: DataFrame is highly fragmented.  This is usually the result of calling `frame.insert` many times, which has poor performance.  Consider joining all columns at once using pd.concat(axis=1) instead. To get a de-fragmented frame, use `newframe = frame.copy()`
  oo[c] = o[c].astype(float)
/home/yarin.b/projects/excel_magic/vfd-agent/vfd/tabular.py:15: PerformanceWarning: DataFrame is highly fragmented.  This is usually the result of calling `frame.insert` many times, which has poor performance.  Consider joining all columns at once using pd.concat(axis=1) instead. To get a de-fragmented frame, use `newframe = frame.copy()`
  out_tr[c] = s.astype(float)
/home/yarin.b/projects/excel_magic/vfd-agent/vfd/tabular.py:17: PerformanceWarning: DataFrame is highly fragmented.  This is usually the result of calling `frame.insert` many times, which has poor performance.  Consider joining all columns at once using pd.concat(axis=1) instead. To get a de-fragmented frame, use `newframe = frame.copy()`
  oo[c] = o[c].astype(float)
/home/yarin.b/projects/excel_magic/vfd-agent/vfd/tabular.py:15: PerformanceWarning: DataFrame is highly fragmented.  This is usually the result of calling `frame.insert` many times, which has poor performance.  Consider joining all columns at once using pd.concat(axis=1) instead. To get a de-fragmented frame, use `newframe = frame.copy()`
  out_tr[c] = s.astype(float)
/home/yarin.b/projects/excel_magic/vfd-agent/vfd/tabular.py:17: PerformanceWarning: DataFrame is highly fragmented.  This is usually the result of calling `frame.insert` many times, which has poor performance.  Consider joining all columns at once using pd.concat(axis=1) instead. To get a de-fragmented frame, use `newframe = frame.copy()`
  oo[c] = o[c].astype(float)
/home/yarin.b/projects/excel_magic/vfd-agent/vfd/tabular.py:15: PerformanceWarning: DataFrame is highly fragmented.  This is usually the result of calling `frame.insert` many times, which has poor performance.  Consider joining all columns at once using pd.concat(axis=1) instead. To get a de-fragmented frame, use `newframe = frame.copy()`
  out_tr[c] = s.astype(float)
/home/yarin.b/projects/excel_magic/vfd-agent/vfd/tabular.py:17: PerformanceWarning: DataFrame is highly fragmented.  This is usually the result of calling `frame.insert` many times, which has poor performance.  Consider joining all columns at once using pd.concat(axis=1) instead. To get a de-fragmented frame, use `newframe = frame.copy()`
  oo[c] = o[c].astype(float)
/home/yarin.b/projects/excel_magic/vfd-agent/vfd/tabular.py:15: PerformanceWarning: DataFrame is highly fragmented.  This is usually the result of calling `frame.insert` many times, which has poor performance.  Consider joining all columns at once using pd.concat(axis=1) instead. To get a de-fragmented frame, use `newframe = frame.copy()`
  out_tr[c] = s.astype(float)
/home/yarin.b/projects/excel_magic/vfd-agent/vfd/tabular.py:17: PerformanceWarning: DataFrame is highly fragmented.  This is usually the result of calling `frame.insert` many times, which has poor performance.  Consider joining all columns at once using pd.concat(axis=1) instead. To get a de-fragmented frame, use `newframe = frame.copy()`
  oo[c] = o[c].astype(float)
/home/yarin.b/projects/excel_magic/vfd-agent/vfd/tabular.py:15: PerformanceWarning: DataFrame is highly fragmented.  This is usually the result of calling `frame.insert` many times, which has poor performance.  Consider joining all columns at once using pd.concat(axis=1) instead. To get a de-fragmented frame, use `newframe = frame.copy()`
  out_tr[c] = s.astype(float)
/home/yarin.b/projects/excel_magic/vfd-agent/vfd/tabular.py:17: PerformanceWarning: DataFrame is highly fragmented.  This is usually the result of calling `frame.insert` many times, which has poor performance.  Consider joining all columns at once using pd.concat(axis=1) instead. To get a de-fragmented frame, use `newframe = frame.copy()`
  oo[c] = o[c].astype(float)
/home/yarin.b/projects/excel_magic/vfd-agent/vfd/tabular.py:15: PerformanceWarning: DataFrame is highly fragmented.  This is usually the result of calling `frame.insert` many times, which has poor performance.  Consider joining all columns at once using pd.concat(axis=1) instead. To get a de-fragmented frame, use `newframe = frame.copy()`
  out_tr[c] = s.astype(float)
/home/yarin.b/projects/excel_magic/vfd-agent/vfd/tabular.py:17: PerformanceWarning: DataFrame is highly fragmented.  This is usually the result of calling `frame.insert` many times, which has poor performance.  Consider joining all columns at once using pd.concat(axis=1) instead. To get a de-fragmented frame, use `newframe = frame.copy()`
  oo[c] = o[c].astype(float)
/home/yarin.b/projects/excel_magic/vfd-agent/vfd/tabular.py:15: PerformanceWarning: DataFrame is highly fragmented.  This is usually the result of calling `frame.insert` many times, which has poor performance.  Consider joining all columns at once using pd.concat(axis=1) instead. To get a de-fragmented frame, use `newframe = frame.copy()`
  out_tr[c] = s.astype(float)
/home/yarin.b/projects/excel_magic/vfd-agent/vfd/tabular.py:17: PerformanceWarning: DataFrame is highly fragmented.  This is usually the result of calling `frame.insert` many times, which has poor performance.  Consider joining all columns at once using pd.concat(axis=1) instead. To get a de-fragmented frame, use `newframe = frame.copy()`
  oo[c] = o[c].astype(float)
/home/yarin.b/projects/excel_magic/vfd-agent/vfd/tabular.py:15: PerformanceWarning: DataFrame is highly fragmented.  This is usually the result of calling `frame.insert` many times, which has poor performance.  Consider joining all columns at once using pd.concat(axis=1) instead. To get a de-fragmented frame, use `newframe = frame.copy()`
  out_tr[c] = s.astype(float)
/home/yarin.b/projects/excel_magic/vfd-agent/vfd/tabular.py:17: PerformanceWarning: DataFrame is highly fragmented.  This is usually the result of calling `frame.insert` many times, which has poor performance.  Consider joining all columns at once using pd.concat(axis=1) instead. To get a de-fragmented frame, use `newframe = frame.copy()`
  oo[c] = o[c].astype(float)
/home/yarin.b/projects/excel_magic/vfd-agent/vfd/tabular.py:15: PerformanceWarning: DataFrame is highly fragmented.  This is usually the result of calling `frame.insert` many times, which has poor performance.  Consider joining all columns at once using pd.concat(axis=1) instead. To get a de-fragmented frame, use `newframe = frame.copy()`
  out_tr[c] = s.astype(float)
/home/yarin.b/projects/excel_magic/vfd-agent/vfd/tabular.py:17: PerformanceWarning: DataFrame is highly fragmented.  This is usually the result of calling `frame.insert` many times, which has poor performance.  Consider joining all columns at once using pd.concat(axis=1) instead. To get a de-fragmented frame, use `newframe = frame.copy()`
  oo[c] = o[c].astype(float)
/home/yarin.b/projects/excel_magic/vfd-agent/vfd/tabular.py:15: PerformanceWarning: DataFrame is highly fragmented.  This is usually the result of calling `frame.insert` many times, which has poor performance.  Consider joining all columns at once using pd.concat(axis=1) instead. To get a de-fragmented frame, use `newframe = frame.copy()`
  out_tr[c] = s.astype(float)
/home/yarin.b/projects/excel_magic/vfd-agent/vfd/tabular.py:17: PerformanceWarning: DataFrame is highly fragmented.  This is usually the result of calling `frame.insert` many times, which has poor performance.  Consider joining all columns at once using pd.concat(axis=1) instead. To get a de-fragmented frame, use `newframe = frame.copy()`
  oo[c] = o[c].astype(float)
/home/yarin.b/projects/excel_magic/vfd-agent/vfd/tabular.py:15: PerformanceWarning: DataFrame is highly fragmented.  This is usually the result of calling `frame.insert` many times, which has poor performance.  Consider joining all columns at once using pd.concat(axis=1) instead. To get a de-fragmented frame, use `newframe = frame.copy()`
  out_tr[c] = s.astype(float)
/home/yarin.b/projects/excel_magic/vfd-agent/vfd/tabular.py:17: PerformanceWarning: DataFrame is highly fragmented.  This is usually the result of calling `frame.insert` many times, which has poor performance.  Consider joining all columns at once using pd.concat(axis=1) instead. To get a de-fragmented frame, use `newframe = frame.copy()`
  oo[c] = o[c].astype(float)
/home/yarin.b/projects/excel_magic/vfd-agent/vfd/tabular.py:15: PerformanceWarning: DataFrame is highly fragmented.  This is usually the result of calling `frame.insert` many times, which has poor performance.  Consider joining all columns at once using pd.concat(axis=1) instead. To get a de-fragmented frame, use `newframe = frame.copy()`
  out_tr[c] = s.astype(float)
/home/yarin.b/projects/excel_magic/vfd-agent/vfd/tabular.py:17: PerformanceWarning: DataFrame is highly fragmented.  This is usually the result of calling `frame.insert` many times, which has poor performance.  Consider joining all columns at once using pd.concat(axis=1) instead. To get a de-fragmented frame, use `newframe = frame.copy()`
  oo[c] = o[c].astype(float)
/home/yarin.b/projects/excel_magic/vfd-agent/vfd/tabular.py:15: PerformanceWarning: DataFrame is highly fragmented.  This is usually the result of calling `frame.insert` many times, which has poor performance.  Consider joining all columns at once using pd.concat(axis=1) instead. To get a de-fragmented frame, use `newframe = frame.copy()`
  out_tr[c] = s.astype(float)
/home/yarin.b/projects/excel_magic/vfd-agent/vfd/tabular.py:17: PerformanceWarning: DataFrame is highly fragmented.  This is usually the result of calling `frame.insert` many times, which has poor performance.  Consider joining all columns at once using pd.concat(axis=1) instead. To get a de-fragmented frame, use `newframe = frame.copy()`
  oo[c] = o[c].astype(float)
/home/yarin.b/projects/excel_magic/vfd-agent/vfd/tabular.py:15: PerformanceWarning: DataFrame is highly fragmented.  This is usually the result of calling `frame.insert` many times, which has poor performance.  Consider joining all columns at once using pd.concat(axis=1) instead. To get a de-fragmented frame, use `newframe = frame.copy()`
  out_tr[c] = s.astype(float)
/home/yarin.b/projects/excel_magic/vfd-agent/vfd/tabular.py:17: PerformanceWarning: DataFrame is highly fragmented.  This is usually the result of calling `frame.insert` many times, which has poor performance.  Consider joining all columns at once using pd.concat(axis=1) instead. To get a de-fragmented frame, use `newframe = frame.copy()`
  oo[c] = o[c].astype(float)
/home/yarin.b/projects/excel_magic/vfd-agent/vfd/tabular.py:15: PerformanceWarning: DataFrame is highly fragmented.  This is usually the result of calling `frame.insert` many times, which has poor performance.  Consider joining all columns at once using pd.concat(axis=1) instead. To get a de-fragmented frame, use `newframe = frame.copy()`
  out_tr[c] = s.astype(float)
/home/yarin.b/projects/excel_magic/vfd-agent/vfd/tabular.py:17: PerformanceWarning: DataFrame is highly fragmented.  This is usually the result of calling `frame.insert` many times, which has poor performance.  Consider joining all columns at once using pd.concat(axis=1) instead. To get a de-fragmented frame, use `newframe = frame.copy()`
  oo[c] = o[c].astype(float)
/home/yarin.b/projects/excel_magic/vfd-agent/vfd/tabular.py:15: PerformanceWarning: DataFrame is highly fragmented.  This is usually the result of calling `frame.insert` many times, which has poor performance.  Consider joining all columns at once using pd.concat(axis=1) instead. To get a de-fragmented frame, use `newframe = frame.copy()`
  out_tr[c] = s.astype(float)
/home/yarin.b/projects/excel_magic/vfd-agent/vfd/tabular.py:17: PerformanceWarning: DataFrame is highly fragmented.  This is usually the result of calling `frame.insert` many times, which has poor performance.  Consider joining all columns at once using pd.concat(axis=1) instead. To get a de-fragmented frame, use `newframe = frame.copy()`
  oo[c] = o[c].astype(float)
/home/yarin.b/projects/excel_magic/vfd-agent/vfd/tabular.py:15: PerformanceWarning: DataFrame is highly fragmented.  This is usually the result of calling `frame.insert` many times, which has poor performance.  Consider joining all columns at once using pd.concat(axis=1) instead. To get a de-fragmented frame, use `newframe = frame.copy()`
  out_tr[c] = s.astype(float)
/home/yarin.b/projects/excel_magic/vfd-agent/vfd/tabular.py:17: PerformanceWarning: DataFrame is highly fragmented.  This is usually the result of calling `frame.insert` many times, which has poor performance.  Consider joining all columns at once using pd.concat(axis=1) instead. To get a de-fragmented frame, use `newframe = frame.copy()`
  oo[c] = o[c].astype(float)
/home/yarin.b/projects/excel_magic/vfd-agent/vfd/tabular.py:15: PerformanceWarning: DataFrame is highly fragmented.  This is usually the result of calling `frame.insert` many times, which has poor performance.  Consider joining all columns at once using pd.concat(axis=1) instead. To get a de-fragmented frame, use `newframe = frame.copy()`
  out_tr[c] = s.astype(float)
/home/yarin.b/projects/excel_magic/vfd-agent/vfd/tabular.py:17: PerformanceWarning: DataFrame is highly fragmented.  This is usually the result of calling `frame.insert` many times, which has poor performance.  Consider joining all columns at once using pd.concat(axis=1) instead. To get a de-fragmented frame, use `newframe = frame.copy()`
  oo[c] = o[c].astype(float)
/home/yarin.b/projects/excel_magic/vfd-agent/vfd/tabular.py:15: PerformanceWarning: DataFrame is highly fragmented.  This is usually the result of calling `frame.insert` many times, which has poor performance.  Consider joining all columns at once using pd.concat(axis=1) instead. To get a de-fragmented frame, use `newframe = frame.copy()`
  out_tr[c] = s.astype(float)
/home/yarin.b/projects/excel_magic/vfd-agent/vfd/tabular.py:17: PerformanceWarning: DataFrame is highly fragmented.  This is usually the result of calling `frame.insert` many times, which has poor performance.  Consider joining all columns at once using pd.concat(axis=1) instead. To get a de-fragmented frame, use `newframe = frame.copy()`
  oo[c] = o[c].astype(float)
/home/yarin.b/projects/excel_magic/vfd-agent/vfd/tabular.py:15: PerformanceWarning: DataFrame is highly fragmented.  This is usually the result of calling `frame.insert` many times, which has poor performance.  Consider joining all columns at once using pd.concat(axis=1) instead. To get a de-fragmented frame, use `newframe = frame.copy()`
  out_tr[c] = s.astype(float)
/home/yarin.b/projects/excel_magic/vfd-agent/vfd/tabular.py:17: PerformanceWarning: DataFrame is highly fragmented.  This is usually the result of calling `frame.insert` many times, which has poor performance.  Consider joining all columns at once using pd.concat(axis=1) instead. To get a de-fragmented frame, use `newframe = frame.copy()`
  oo[c] = o[c].astype(float)
/home/yarin.b/projects/excel_magic/vfd-agent/vfd/tabular.py:15: PerformanceWarning: DataFrame is highly fragmented.  This is usually the result of calling `frame.insert` many times, which has poor performance.  Consider joining all columns at once using pd.concat(axis=1) instead. To get a de-fragmented frame, use `newframe = frame.copy()`
  out_tr[c] = s.astype(float)
/home/yarin.b/projects/excel_magic/vfd-agent/vfd/tabular.py:17: PerformanceWarning: DataFrame is highly fragmented.  This is usually the result of calling `frame.insert` many times, which has poor performance.  Consider joining all columns at once using pd.concat(axis=1) instead. To get a de-fragmented frame, use `newframe = frame.copy()`
  oo[c] = o[c].astype(float)
/home/yarin.b/projects/excel_magic/vfd-agent/vfd/tabular.py:15: PerformanceWarning: DataFrame is highly fragmented.  This is usually the result of calling `frame.insert` many times, which has poor performance.  Consider joining all columns at once using pd.concat(axis=1) instead. To get a de-fragmented frame, use `newframe = frame.copy()`
  out_tr[c] = s.astype(float)
/home/yarin.b/projects/excel_magic/vfd-agent/vfd/tabular.py:17: PerformanceWarning: DataFrame is highly fragmented.  This is usually the result of calling `frame.insert` many times, which has poor performance.  Consider joining all columns at once using pd.concat(axis=1) instead. To get a de-fragmented frame, use `newframe = frame.copy()`
  oo[c] = o[c].astype(float)
/home/yarin.b/projects/excel_magic/vfd-agent/vfd/tabular.py:15: PerformanceWarning: DataFrame is highly fragmented.  This is usually the result of calling `frame.insert` many times, which has poor performance.  Consider joining all columns at once using pd.concat(axis=1) instead. To get a de-fragmented frame, use `newframe = frame.copy()`
  out_tr[c] = s.astype(float)
/home/yarin.b/projects/excel_magic/vfd-agent/vfd/tabular.py:17: PerformanceWarning: DataFrame is highly fragmented.  This is usually the result of calling `frame.insert` many times, which has poor performance.  Consider joining all columns at once using pd.concat(axis=1) instead. To get a de-fragmented frame, use `newframe = frame.copy()`
  oo[c] = o[c].astype(float)
/home/yarin.b/projects/excel_magic/vfd-agent/vfd/tabular.py:15: PerformanceWarning: DataFrame is highly fragmented.  This is usually the result of calling `frame.insert` many times, which has poor performance.  Consider joining all columns at once using pd.concat(axis=1) instead. To get a de-fragmented frame, use `newframe = frame.copy()`
  out_tr[c] = s.astype(float)
/home/yarin.b/projects/excel_magic/vfd-agent/vfd/tabular.py:17: PerformanceWarning: DataFrame is highly fragmented.  This is usually the result of calling `frame.insert` many times, which has poor performance.  Consider joining all columns at once using pd.concat(axis=1) instead. To get a de-fragmented frame, use `newframe = frame.copy()`
  oo[c] = o[c].astype(float)
/home/yarin.b/projects/excel_magic/vfd-agent/vfd/tabular.py:15: PerformanceWarning: DataFrame is highly fragmented.  This is usually the result of calling `frame.insert` many times, which has poor performance.  Consider joining all columns at once using pd.concat(axis=1) instead. To get a de-fragmented frame, use `newframe = frame.copy()`
  out_tr[c] = s.astype(float)
/home/yarin.b/projects/excel_magic/vfd-agent/vfd/tabular.py:17: PerformanceWarning: DataFrame is highly fragmented.  This is usually the result of calling `frame.insert` many times, which has poor performance.  Consider joining all columns at once using pd.concat(axis=1) instead. To get a de-fragmented frame, use `newframe = frame.copy()`
  oo[c] = o[c].astype(float)
/home/yarin.b/projects/excel_magic/vfd-agent/vfd/tabular.py:15: PerformanceWarning: DataFrame is highly fragmented.  This is usually the result of calling `frame.insert` many times, which has poor performance.  Consider joining all columns at once using pd.concat(axis=1) instead. To get a de-fragmented frame, use `newframe = frame.copy()`
  out_tr[c] = s.astype(float)
/home/yarin.b/projects/excel_magic/vfd-agent/vfd/tabular.py:17: PerformanceWarning: DataFrame is highly fragmented.  This is usually the result of calling `frame.insert` many times, which has poor performance.  Consider joining all columns at once using pd.concat(axis=1) instead. To get a de-fragmented frame, use `newframe = frame.copy()`
  oo[c] = o[c].astype(float)
/home/yarin.b/projects/excel_magic/vfd-agent/vfd/tabular.py:15: PerformanceWarning: DataFrame is highly fragmented.  This is usually the result of calling `frame.insert` many times, which has poor performance.  Consider joining all columns at once using pd.concat(axis=1) instead. To get a de-fragmented frame, use `newframe = frame.copy()`
  out_tr[c] = s.astype(float)
/home/yarin.b/projects/excel_magic/vfd-agent/vfd/tabular.py:17: PerformanceWarning: DataFrame is highly fragmented.  This is usually the result of calling `frame.insert` many times, which has poor performance.  Consider joining all columns at once using pd.concat(axis=1) instead. To get a de-fragmented frame, use `newframe = frame.copy()`
  oo[c] = o[c].astype(float)
/home/yarin.b/projects/excel_magic/vfd-agent/vfd/tabular.py:15: PerformanceWarning: DataFrame is highly fragmented.  This is usually the result of calling `frame.insert` many times, which has poor performance.  Consider joining all columns at once using pd.concat(axis=1) instead. To get a de-fragmented frame, use `newframe = frame.copy()`
  out_tr[c] = s.astype(float)
/home/yarin.b/projects/excel_magic/vfd-agent/vfd/tabular.py:17: PerformanceWarning: DataFrame is highly fragmented.  This is usually the result of calling `frame.insert` many times, which has poor performance.  Consider joining all columns at once using pd.concat(axis=1) instead. To get a de-fragmented frame, use `newframe = frame.copy()`
  oo[c] = o[c].astype(float)
/home/yarin.b/projects/excel_magic/vfd-agent/vfd/tabular.py:15: PerformanceWarning: DataFrame is highly fragmented.  This is usually the result of calling `frame.insert` many times, which has poor performance.  Consider joining all columns at once using pd.concat(axis=1) instead. To get a de-fragmented frame, use `newframe = frame.copy()`
  out_tr[c] = s.astype(float)
/home/yarin.b/projects/excel_magic/vfd-agent/vfd/tabular.py:17: PerformanceWarning: DataFrame is highly fragmented.  This is usually the result of calling `frame.insert` many times, which has poor performance.  Consider joining all columns at once using pd.concat(axis=1) instead. To get a de-fragmented frame, use `newframe = frame.copy()`
  oo[c] = o[c].astype(float)
/home/yarin.b/projects/excel_magic/vfd-agent/vfd/tabular.py:15: PerformanceWarning: DataFrame is highly fragmented.  This is usually the result of calling `frame.insert` many times, which has poor performance.  Consider joining all columns at once using pd.concat(axis=1) instead. To get a de-fragmented frame, use `newframe = frame.copy()`
  out_tr[c] = s.astype(float)
/home/yarin.b/projects/excel_magic/vfd-agent/vfd/tabular.py:17: PerformanceWarning: DataFrame is highly fragmented.  This is usually the result of calling `frame.insert` many times, which has poor performance.  Consider joining all columns at once using pd.concat(axis=1) instead. To get a de-fragmented frame, use `newframe = frame.copy()`
  oo[c] = o[c].astype(float)
/home/yarin.b/projects/excel_magic/vfd-agent/vfd/tabular.py:15: PerformanceWarning: DataFrame is highly fragmented.  This is usually the result of calling `frame.insert` many times, which has poor performance.  Consider joining all columns at once using pd.concat(axis=1) instead. To get a de-fragmented frame, use `newframe = frame.copy()`
  out_tr[c] = s.astype(float)
/home/yarin.b/projects/excel_magic/vfd-agent/vfd/tabular.py:17: PerformanceWarning: DataFrame is highly fragmented.  This is usually the result of calling `frame.insert` many times, which has poor performance.  Consider joining all columns at once using pd.concat(axis=1) instead. To get a de-fragmented frame, use `newframe = frame.copy()`
  oo[c] = o[c].astype(float)
/home/yarin.b/projects/excel_magic/vfd-agent/vfd/tabular.py:15: PerformanceWarning: DataFrame is highly fragmented.  This is usually the result of calling `frame.insert` many times, which has poor performance.  Consider joining all columns at once using pd.concat(axis=1) instead. To get a de-fragmented frame, use `newframe = frame.copy()`
  out_tr[c] = s.astype(float)
/home/yarin.b/projects/excel_magic/vfd-agent/vfd/tabular.py:17: PerformanceWarning: DataFrame is highly fragmented.  This is usually the result of calling `frame.insert` many times, which has poor performance.  Consider joining all columns at once using pd.concat(axis=1) instead. To get a de-fragmented frame, use `newframe = frame.copy()`
  oo[c] = o[c].astype(float)
/home/yarin.b/projects/excel_magic/vfd-agent/vfd/tabular.py:15: PerformanceWarning: DataFrame is highly fragmented.  This is usually the result of calling `frame.insert` many times, which has poor performance.  Consider joining all columns at once using pd.concat(axis=1) instead. To get a de-fragmented frame, use `newframe = frame.copy()`
  out_tr[c] = s.astype(float)
/home/yarin.b/projects/excel_magic/vfd-agent/vfd/tabular.py:17: PerformanceWarning: DataFrame is highly fragmented.  This is usually the result of calling `frame.insert` many times, which has poor performance.  Consider joining all columns at once using pd.concat(axis=1) instead. To get a de-fragmented frame, use `newframe = frame.copy()`
  oo[c] = o[c].astype(float)
/home/yarin.b/projects/excel_magic/vfd-agent/vfd/tabular.py:15: PerformanceWarning: DataFrame is highly fragmented.  This is usually the result of calling `frame.insert` many times, which has poor performance.  Consider joining all columns at once using pd.concat(axis=1) instead. To get a de-fragmented frame, use `newframe = frame.copy()`
  out_tr[c] = s.astype(float)
/home/yarin.b/projects/excel_magic/vfd-agent/vfd/tabular.py:17: PerformanceWarning: DataFrame is highly fragmented.  This is usually the result of calling `frame.insert` many times, which has poor performance.  Consider joining all columns at once using pd.concat(axis=1) instead. To get a de-fragmented frame, use `newframe = frame.copy()`
  oo[c] = o[c].astype(float)
/home/yarin.b/projects/excel_magic/vfd-agent/vfd/tabular.py:15: PerformanceWarning: DataFrame is highly fragmented.  This is usually the result of calling `frame.insert` many times, which has poor performance.  Consider joining all columns at once using pd.concat(axis=1) instead. To get a de-fragmented frame, use `newframe = frame.copy()`
  out_tr[c] = s.astype(float)
/home/yarin.b/projects/excel_magic/vfd-agent/vfd/tabular.py:17: PerformanceWarning: DataFrame is highly fragmented.  This is usually the result of calling `frame.insert` many times, which has poor performance.  Consider joining all columns at once using pd.concat(axis=1) instead. To get a de-fragmented frame, use `newframe = frame.copy()`
  oo[c] = o[c].astype(float)
/home/yarin.b/projects/excel_magic/vfd-agent/vfd/tabular.py:15: PerformanceWarning: DataFrame is highly fragmented.  This is usually the result of calling `frame.insert` many times, which has poor performance.  Consider joining all columns at once using pd.concat(axis=1) instead. To get a de-fragmented frame, use `newframe = frame.copy()`
  out_tr[c] = s.astype(float)
/home/yarin.b/projects/excel_magic/vfd-agent/vfd/tabular.py:17: PerformanceWarning: DataFrame is highly fragmented.  This is usually the result of calling `frame.insert` many times, which has poor performance.  Consider joining all columns at once using pd.concat(axis=1) instead. To get a de-fragmented frame, use `newframe = frame.copy()`
  oo[c] = o[c].astype(float)
/home/yarin.b/projects/excel_magic/vfd-agent/vfd/tabular.py:15: PerformanceWarning: DataFrame is highly fragmented.  This is usually the result of calling `frame.insert` many times, which has poor performance.  Consider joining all columns at once using pd.concat(axis=1) instead. To get a de-fragmented frame, use `newframe = frame.copy()`
  out_tr[c] = s.astype(float)
/home/yarin.b/projects/excel_magic/vfd-agent/vfd/tabular.py:17: PerformanceWarning: DataFrame is highly fragmented.  This is usually the result of calling `frame.insert` many times, which has poor performance.  Consider joining all columns at once using pd.concat(axis=1) instead. To get a de-fragmented frame, use `newframe = frame.copy()`
  oo[c] = o[c].astype(float)
/home/yarin.b/projects/excel_magic/vfd-agent/vfd/tabular.py:15: PerformanceWarning: DataFrame is highly fragmented.  This is usually the result of calling `frame.insert` many times, which has poor performance.  Consider joining all columns at once using pd.concat(axis=1) instead. To get a de-fragmented frame, use `newframe = frame.copy()`
  out_tr[c] = s.astype(float)
/home/yarin.b/projects/excel_magic/vfd-agent/vfd/tabular.py:17: PerformanceWarning: DataFrame is highly fragmented.  This is usually the result of calling `frame.insert` many times, which has poor performance.  Consider joining all columns at once using pd.concat(axis=1) instead. To get a de-fragmented frame, use `newframe = frame.copy()`
  oo[c] = o[c].astype(float)
/home/yarin.b/projects/excel_magic/vfd-agent/vfd/tabular.py:15: PerformanceWarning: DataFrame is highly fragmented.  This is usually the result of calling `frame.insert` many times, which has poor performance.  Consider joining all columns at once using pd.concat(axis=1) instead. To get a de-fragmented frame, use `newframe = frame.copy()`
  out_tr[c] = s.astype(float)
/home/yarin.b/projects/excel_magic/vfd-agent/vfd/tabular.py:17: PerformanceWarning: DataFrame is highly fragmented.  This is usually the result of calling `frame.insert` many times, which has poor performance.  Consider joining all columns at once using pd.concat(axis=1) instead. To get a de-fragmented frame, use `newframe = frame.copy()`
  oo[c] = o[c].astype(float)
/home/yarin.b/projects/excel_magic/vfd-agent/vfd/tabular.py:15: PerformanceWarning: DataFrame is highly fragmented.  This is usually the result of calling `frame.insert` many times, which has poor performance.  Consider joining all columns at once using pd.concat(axis=1) instead. To get a de-fragmented frame, use `newframe = frame.copy()`
  out_tr[c] = s.astype(float)
/home/yarin.b/projects/excel_magic/vfd-agent/vfd/tabular.py:17: PerformanceWarning: DataFrame is highly fragmented.  This is usually the result of calling `frame.insert` many times, which has poor performance.  Consider joining all columns at once using pd.concat(axis=1) instead. To get a de-fragmented frame, use `newframe = frame.copy()`
  oo[c] = o[c].astype(float)
/home/yarin.b/projects/excel_magic/vfd-agent/vfd/tabular.py:15: PerformanceWarning: DataFrame is highly fragmented.  This is usually the result of calling `frame.insert` many times, which has poor performance.  Consider joining all columns at once using pd.concat(axis=1) instead. To get a de-fragmented frame, use `newframe = frame.copy()`
  out_tr[c] = s.astype(float)
/home/yarin.b/projects/excel_magic/vfd-agent/vfd/tabular.py:17: PerformanceWarning: DataFrame is highly fragmented.  This is usually the result of calling `frame.insert` many times, which has poor performance.  Consider joining all columns at once using pd.concat(axis=1) instead. To get a de-fragmented frame, use `newframe = frame.copy()`
  oo[c] = o[c].astype(float)
/home/yarin.b/projects/excel_magic/vfd-agent/vfd/tabular.py:15: PerformanceWarning: DataFrame is highly fragmented.  This is usually the result of calling `frame.insert` many times, which has poor performance.  Consider joining all columns at once using pd.concat(axis=1) instead. To get a de-fragmented frame, use `newframe = frame.copy()`
  out_tr[c] = s.astype(float)
/home/yarin.b/projects/excel_magic/vfd-agent/vfd/tabular.py:17: PerformanceWarning: DataFrame is highly fragmented.  This is usually the result of calling `frame.insert` many times, which has poor performance.  Consider joining all columns at once using pd.concat(axis=1) instead. To get a de-fragmented frame, use `newframe = frame.copy()`
  oo[c] = o[c].astype(float)
/home/yarin.b/projects/excel_magic/vfd-agent/vfd/tabular.py:15: PerformanceWarning: DataFrame is highly fragmented.  This is usually the result of calling `frame.insert` many times, which has poor performance.  Consider joining all columns at once using pd.concat(axis=1) instead. To get a de-fragmented frame, use `newframe = frame.copy()`
  out_tr[c] = s.astype(float)
/home/yarin.b/projects/excel_magic/vfd-agent/vfd/tabular.py:17: PerformanceWarning: DataFrame is highly fragmented.  This is usually the result of calling `frame.insert` many times, which has poor performance.  Consider joining all columns at once using pd.concat(axis=1) instead. To get a de-fragmented frame, use `newframe = frame.copy()`
  oo[c] = o[c].astype(float)
/home/yarin.b/projects/excel_magic/vfd-agent/vfd/tabular.py:15: PerformanceWarning: DataFrame is highly fragmented.  This is usually the result of calling `frame.insert` many times, which has poor performance.  Consider joining all columns at once using pd.concat(axis=1) instead. To get a de-fragmented frame, use `newframe = frame.copy()`
  out_tr[c] = s.astype(float)
/home/yarin.b/projects/excel_magic/vfd-agent/vfd/tabular.py:17: PerformanceWarning: DataFrame is highly fragmented.  This is usually the result of calling `frame.insert` many times, which has poor performance.  Consider joining all columns at once using pd.concat(axis=1) instead. To get a de-fragmented frame, use `newframe = frame.copy()`
  oo[c] = o[c].astype(float)
/home/yarin.b/projects/excel_magic/vfd-agent/vfd/tabular.py:15: PerformanceWarning: DataFrame is highly fragmented.  This is usually the result of calling `frame.insert` many times, which has poor performance.  Consider joining all columns at once using pd.concat(axis=1) instead. To get a de-fragmented frame, use `newframe = frame.copy()`
  out_tr[c] = s.astype(float)
/home/yarin.b/projects/excel_magic/vfd-agent/vfd/tabular.py:17: PerformanceWarning: DataFrame is highly fragmented.  This is usually the result of calling `frame.insert` many times, which has poor performance.  Consider joining all columns at once using pd.concat(axis=1) instead. To get a de-fragmented frame, use `newframe = frame.copy()`
  oo[c] = o[c].astype(float)
/home/yarin.b/projects/excel_magic/vfd-agent/vfd/tabular.py:15: PerformanceWarning: DataFrame is highly fragmented.  This is usually the result of calling `frame.insert` many times, which has poor performance.  Consider joining all columns at once using pd.concat(axis=1) instead. To get a de-fragmented frame, use `newframe = frame.copy()`
  out_tr[c] = s.astype(float)
/home/yarin.b/projects/excel_magic/vfd-agent/vfd/tabular.py:17: PerformanceWarning: DataFrame is highly fragmented.  This is usually the result of calling `frame.insert` many times, which has poor performance.  Consider joining all columns at once using pd.concat(axis=1) instead. To get a de-fragmented frame, use `newframe = frame.copy()`
  oo[c] = o[c].astype(float)
/home/yarin.b/projects/excel_magic/vfd-agent/vfd/tabular.py:15: PerformanceWarning: DataFrame is highly fragmented.  This is usually the result of calling `frame.insert` many times, which has poor performance.  Consider joining all columns at once using pd.concat(axis=1) instead. To get a de-fragmented frame, use `newframe = frame.copy()`
  out_tr[c] = s.astype(float)
/home/yarin.b/projects/excel_magic/vfd-agent/vfd/tabular.py:17: PerformanceWarning: DataFrame is highly fragmented.  This is usually the result of calling `frame.insert` many times, which has poor performance.  Consider joining all columns at once using pd.concat(axis=1) instead. To get a de-fragmented frame, use `newframe = frame.copy()`
  oo[c] = o[c].astype(float)
/home/yarin.b/projects/excel_magic/vfd-agent/vfd/tabular.py:15: PerformanceWarning: DataFrame is highly fragmented.  This is usually the result of calling `frame.insert` many times, which has poor performance.  Consider joining all columns at once using pd.concat(axis=1) instead. To get a de-fragmented frame, use `newframe = frame.copy()`
  out_tr[c] = s.astype(float)
/home/yarin.b/projects/excel_magic/vfd-agent/vfd/tabular.py:17: PerformanceWarning: DataFrame is highly fragmented.  This is usually the result of calling `frame.insert` many times, which has poor performance.  Consider joining all columns at once using pd.concat(axis=1) instead. To get a de-fragmented frame, use `newframe = frame.copy()`
  oo[c] = o[c].astype(float)
/home/yarin.b/projects/excel_magic/vfd-agent/vfd/tabular.py:15: PerformanceWarning: DataFrame is highly fragmented.  This is usually the result of calling `frame.insert` many times, which has poor performance.  Consider joining all columns at once using pd.concat(axis=1) instead. To get a de-fragmented frame, use `newframe = frame.copy()`
  out_tr[c] = s.astype(float)
/home/yarin.b/projects/excel_magic/vfd-agent/vfd/tabular.py:17: PerformanceWarning: DataFrame is highly fragmented.  This is usually the result of calling `frame.insert` many times, which has poor performance.  Consider joining all columns at once using pd.concat(axis=1) instead. To get a de-fragmented frame, use `newframe = frame.copy()`
  oo[c] = o[c].astype(float)
/home/yarin.b/projects/excel_magic/vfd-agent/vfd/tabular.py:15: PerformanceWarning: DataFrame is highly fragmented.  This is usually the result of calling `frame.insert` many times, which has poor performance.  Consider joining all columns at once using pd.concat(axis=1) instead. To get a de-fragmented frame, use `newframe = frame.copy()`
  out_tr[c] = s.astype(float)
/home/yarin.b/projects/excel_magic/vfd-agent/vfd/tabular.py:17: PerformanceWarning: DataFrame is highly fragmented.  This is usually the result of calling `frame.insert` many times, which has poor performance.  Consider joining all columns at once using pd.concat(axis=1) instead. To get a de-fragmented frame, use `newframe = frame.copy()`
  oo[c] = o[c].astype(float)
/home/yarin.b/projects/excel_magic/vfd-agent/vfd/tabular.py:15: PerformanceWarning: DataFrame is highly fragmented.  This is usually the result of calling `frame.insert` many times, which has poor performance.  Consider joining all columns at once using pd.concat(axis=1) instead. To get a de-fragmented frame, use `newframe = frame.copy()`
  out_tr[c] = s.astype(float)
/home/yarin.b/projects/excel_magic/vfd-agent/vfd/tabular.py:17: PerformanceWarning: DataFrame is highly fragmented.  This is usually the result of calling `frame.insert` many times, which has poor performance.  Consider joining all columns at once using pd.concat(axis=1) instead. To get a de-fragmented frame, use `newframe = frame.copy()`
  oo[c] = o[c].astype(float)
/home/yarin.b/projects/excel_magic/vfd-agent/vfd/tabular.py:15: PerformanceWarning: DataFrame is highly fragmented.  This is usually the result of calling `frame.insert` many times, which has poor performance.  Consider joining all columns at once using pd.concat(axis=1) instead. To get a de-fragmented frame, use `newframe = frame.copy()`
  out_tr[c] = s.astype(float)
/home/yarin.b/projects/excel_magic/vfd-agent/vfd/tabular.py:17: PerformanceWarning: DataFrame is highly fragmented.  This is usually the result of calling `frame.insert` many times, which has poor performance.  Consider joining all columns at once using pd.concat(axis=1) instead. To get a de-fragmented frame, use `newframe = frame.copy()`
  oo[c] = o[c].astype(float)
/home/yarin.b/projects/excel_magic/vfd-agent/vfd/tabular.py:15: PerformanceWarning: DataFrame is highly fragmented.  This is usually the result of calling `frame.insert` many times, which has poor performance.  Consider joining all columns at once using pd.concat(axis=1) instead. To get a de-fragmented frame, use `newframe = frame.copy()`
  out_tr[c] = s.astype(float)
/home/yarin.b/projects/excel_magic/vfd-agent/vfd/tabular.py:17: PerformanceWarning: DataFrame is highly fragmented.  This is usually the result of calling `frame.insert` many times, which has poor performance.  Consider joining all columns at once using pd.concat(axis=1) instead. To get a de-fragmented frame, use `newframe = frame.copy()`
  oo[c] = o[c].astype(float)
/home/yarin.b/projects/excel_magic/vfd-agent/vfd/tabular.py:15: PerformanceWarning: DataFrame is highly fragmented.  This is usually the result of calling `frame.insert` many times, which has poor performance.  Consider joining all columns at once using pd.concat(axis=1) instead. To get a de-fragmented frame, use `newframe = frame.copy()`
  out_tr[c] = s.astype(float)
/home/yarin.b/projects/excel_magic/vfd-agent/vfd/tabular.py:17: PerformanceWarning: DataFrame is highly fragmented.  This is usually the result of calling `frame.insert` many times, which has poor performance.  Consider joining all columns at once using pd.concat(axis=1) instead. To get a de-fragmented frame, use `newframe = frame.copy()`
  oo[c] = o[c].astype(float)
/home/yarin.b/projects/excel_magic/vfd-agent/vfd/tabular.py:15: PerformanceWarning: DataFrame is highly fragmented.  This is usually the result of calling `frame.insert` many times, which has poor performance.  Consider joining all columns at once using pd.concat(axis=1) instead. To get a de-fragmented frame, use `newframe = frame.copy()`
  out_tr[c] = s.astype(float)
/home/yarin.b/projects/excel_magic/vfd-agent/vfd/tabular.py:17: PerformanceWarning: DataFrame is highly fragmented.  This is usually the result of calling `frame.insert` many times, which has poor performance.  Consider joining all columns at once using pd.concat(axis=1) instead. To get a de-fragmented frame, use `newframe = frame.copy()`
  oo[c] = o[c].astype(float)
/home/yarin.b/projects/excel_magic/vfd-agent/vfd/tabular.py:15: PerformanceWarning: DataFrame is highly fragmented.  This is usually the result of calling `frame.insert` many times, which has poor performance.  Consider joining all columns at once using pd.concat(axis=1) instead. To get a de-fragmented frame, use `newframe = frame.copy()`
  out_tr[c] = s.astype(float)
/home/yarin.b/projects/excel_magic/vfd-agent/vfd/tabular.py:17: PerformanceWarning: DataFrame is highly fragmented.  This is usually the result of calling `frame.insert` many times, which has poor performance.  Consider joining all columns at once using pd.concat(axis=1) instead. To get a de-fragmented frame, use `newframe = frame.copy()`
  oo[c] = o[c].astype(float)
/home/yarin.b/projects/excel_magic/vfd-agent/vfd/tabular.py:15: PerformanceWarning: DataFrame is highly fragmented.  This is usually the result of calling `frame.insert` many times, which has poor performance.  Consider joining all columns at once using pd.concat(axis=1) instead. To get a de-fragmented frame, use `newframe = frame.copy()`
  out_tr[c] = s.astype(float)
/home/yarin.b/projects/excel_magic/vfd-agent/vfd/tabular.py:17: PerformanceWarning: DataFrame is highly fragmented.  This is usually the result of calling `frame.insert` many times, which has poor performance.  Consider joining all columns at once using pd.concat(axis=1) instead. To get a de-fragmented frame, use `newframe = frame.copy()`
  oo[c] = o[c].astype(float)
/home/yarin.b/projects/excel_magic/vfd-agent/vfd/tabular.py:15: PerformanceWarning: DataFrame is highly fragmented.  This is usually the result of calling `frame.insert` many times, which has poor performance.  Consider joining all columns at once using pd.concat(axis=1) instead. To get a de-fragmented frame, use `newframe = frame.copy()`
  out_tr[c] = s.astype(float)
/home/yarin.b/projects/excel_magic/vfd-agent/vfd/tabular.py:17: PerformanceWarning: DataFrame is highly fragmented.  This is usually the result of calling `frame.insert` many times, which has poor performance.  Consider joining all columns at once using pd.concat(axis=1) instead. To get a de-fragmented frame, use `newframe = frame.copy()`
  oo[c] = o[c].astype(float)
/home/yarin.b/projects/excel_magic/vfd-agent/vfd/tabular.py:15: PerformanceWarning: DataFrame is highly fragmented.  This is usually the result of calling `frame.insert` many times, which has poor performance.  Consider joining all columns at once using pd.concat(axis=1) instead. To get a de-fragmented frame, use `newframe = frame.copy()`
  out_tr[c] = s.astype(float)
/home/yarin.b/projects/excel_magic/vfd-agent/vfd/tabular.py:17: PerformanceWarning: DataFrame is highly fragmented.  This is usually the result of calling `frame.insert` many times, which has poor performance.  Consider joining all columns at once using pd.concat(axis=1) instead. To get a de-fragmented frame, use `newframe = frame.copy()`
  oo[c] = o[c].astype(float)
/home/yarin.b/projects/excel_magic/vfd-agent/vfd/tabular.py:15: PerformanceWarning: DataFrame is highly fragmented.  This is usually the result of calling `frame.insert` many times, which has poor performance.  Consider joining all columns at once using pd.concat(axis=1) instead. To get a de-fragmented frame, use `newframe = frame.copy()`
  out_tr[c] = s.astype(float)
/home/yarin.b/projects/excel_magic/vfd-agent/vfd/tabular.py:17: PerformanceWarning: DataFrame is highly fragmented.  This is usually the result of calling `frame.insert` many times, which has poor performance.  Consider joining all columns at once using pd.concat(axis=1) instead. To get a de-fragmented frame, use `newframe = frame.copy()`
  oo[c] = o[c].astype(float)
/home/yarin.b/projects/excel_magic/vfd-agent/vfd/tabular.py:15: PerformanceWarning: DataFrame is highly fragmented.  This is usually the result of calling `frame.insert` many times, which has poor performance.  Consider joining all columns at once using pd.concat(axis=1) instead. To get a de-fragmented frame, use `newframe = frame.copy()`
  out_tr[c] = s.astype(float)
/home/yarin.b/projects/excel_magic/vfd-agent/vfd/tabular.py:17: PerformanceWarning: DataFrame is highly fragmented.  This is usually the result of calling `frame.insert` many times, which has poor performance.  Consider joining all columns at once using pd.concat(axis=1) instead. To get a de-fragmented frame, use `newframe = frame.copy()`
  oo[c] = o[c].astype(float)
/home/yarin.b/projects/excel_magic/vfd-agent/vfd/tabular.py:15: PerformanceWarning: DataFrame is highly fragmented.  This is usually the result of calling `frame.insert` many times, which has poor performance.  Consider joining all columns at once using pd.concat(axis=1) instead. To get a de-fragmented frame, use `newframe = frame.copy()`
  out_tr[c] = s.astype(float)
/home/yarin.b/projects/excel_magic/vfd-agent/vfd/tabular.py:17: PerformanceWarning: DataFrame is highly fragmented.  This is usually the result of calling `frame.insert` many times, which has poor performance.  Consider joining all columns at once using pd.concat(axis=1) instead. To get a de-fragmented frame, use `newframe = frame.copy()`
  oo[c] = o[c].astype(float)
/home/yarin.b/projects/excel_magic/vfd-agent/vfd/tabular.py:15: PerformanceWarning: DataFrame is highly fragmented.  This is usually the result of calling `frame.insert` many times, which has poor performance.  Consider joining all columns at once using pd.concat(axis=1) instead. To get a de-fragmented frame, use `newframe = frame.copy()`
  out_tr[c] = s.astype(float)
/home/yarin.b/projects/excel_magic/vfd-agent/vfd/tabular.py:17: PerformanceWarning: DataFrame is highly fragmented.  This is usually the result of calling `frame.insert` many times, which has poor performance.  Consider joining all columns at once using pd.concat(axis=1) instead. To get a de-fragmented frame, use `newframe = frame.copy()`
  oo[c] = o[c].astype(float)
/home/yarin.b/projects/excel_magic/vfd-agent/vfd/tabular.py:15: PerformanceWarning: DataFrame is highly fragmented.  This is usually the result of calling `frame.insert` many times, which has poor performance.  Consider joining all columns at once using pd.concat(axis=1) instead. To get a de-fragmented frame, use `newframe = frame.copy()`
  out_tr[c] = s.astype(float)
/home/yarin.b/projects/excel_magic/vfd-agent/vfd/tabular.py:17: PerformanceWarning: DataFrame is highly fragmented.  This is usually the result of calling `frame.insert` many times, which has poor performance.  Consider joining all columns at once using pd.concat(axis=1) instead. To get a de-fragmented frame, use `newframe = frame.copy()`
  oo[c] = o[c].astype(float)
/home/yarin.b/projects/excel_magic/vfd-agent/vfd/tabular.py:15: PerformanceWarning: DataFrame is highly fragmented.  This is usually the result of calling `frame.insert` many times, which has poor performance.  Consider joining all columns at once using pd.concat(axis=1) instead. To get a de-fragmented frame, use `newframe = frame.copy()`
  out_tr[c] = s.astype(float)
/home/yarin.b/projects/excel_magic/vfd-agent/vfd/tabular.py:17: PerformanceWarning: DataFrame is highly fragmented.  This is usually the result of calling `frame.insert` many times, which has poor performance.  Consider joining all columns at once using pd.concat(axis=1) instead. To get a de-fragmented frame, use `newframe = frame.copy()`
  oo[c] = o[c].astype(float)
/home/yarin.b/projects/excel_magic/vfd-agent/vfd/tabular.py:15: PerformanceWarning: DataFrame is highly fragmented.  This is usually the result of calling `frame.insert` many times, which has poor performance.  Consider joining all columns at once using pd.concat(axis=1) instead. To get a de-fragmented frame, use `newframe = frame.copy()`
  out_tr[c] = s.astype(float)
/home/yarin.b/projects/excel_magic/vfd-agent/vfd/tabular.py:17: PerformanceWarning: DataFrame is highly fragmented.  This is usually the result of calling `frame.insert` many times, which has poor performance.  Consider joining all columns at once using pd.concat(axis=1) instead. To get a de-fragmented frame, use `newframe = frame.copy()`
  oo[c] = o[c].astype(float)
/home/yarin.b/projects/excel_magic/vfd-agent/vfd/tabular.py:15: PerformanceWarning: DataFrame is highly fragmented.  This is usually the result of calling `frame.insert` many times, which has poor performance.  Consider joining all columns at once using pd.concat(axis=1) instead. To get a de-fragmented frame, use `newframe = frame.copy()`
  out_tr[c] = s.astype(float)
/home/yarin.b/projects/excel_magic/vfd-agent/vfd/tabular.py:17: PerformanceWarning: DataFrame is highly fragmented.  This is usually the result of calling `frame.insert` many times, which has poor performance.  Consider joining all columns at once using pd.concat(axis=1) instead. To get a de-fragmented frame, use `newframe = frame.copy()`
  oo[c] = o[c].astype(float)
/home/yarin.b/projects/excel_magic/vfd-agent/vfd/tabular.py:15: PerformanceWarning: DataFrame is highly fragmented.  This is usually the result of calling `frame.insert` many times, which has poor performance.  Consider joining all columns at once using pd.concat(axis=1) instead. To get a de-fragmented frame, use `newframe = frame.copy()`
  out_tr[c] = s.astype(float)
/home/yarin.b/projects/excel_magic/vfd-agent/vfd/tabular.py:17: PerformanceWarning: DataFrame is highly fragmented.  This is usually the result of calling `frame.insert` many times, which has poor performance.  Consider joining all columns at once using pd.concat(axis=1) instead. To get a de-fragmented frame, use `newframe = frame.copy()`
  oo[c] = o[c].astype(float)
/home/yarin.b/projects/excel_magic/vfd-agent/vfd/tabular.py:15: PerformanceWarning: DataFrame is highly fragmented.  This is usually the result of calling `frame.insert` many times, which has poor performance.  Consider joining all columns at once using pd.concat(axis=1) instead. To get a de-fragmented frame, use `newframe = frame.copy()`
  out_tr[c] = s.astype(float)
/home/yarin.b/projects/excel_magic/vfd-agent/vfd/tabular.py:17: PerformanceWarning: DataFrame is highly fragmented.  This is usually the result of calling `frame.insert` many times, which has poor performance.  Consider joining all columns at once using pd.concat(axis=1) instead. To get a de-fragmented frame, use `newframe = frame.copy()`
  oo[c] = o[c].astype(float)
/home/yarin.b/projects/excel_magic/vfd-agent/vfd/tabular.py:15: PerformanceWarning: DataFrame is highly fragmented.  This is usually the result of calling `frame.insert` many times, which has poor performance.  Consider joining all columns at once using pd.concat(axis=1) instead. To get a de-fragmented frame, use `newframe = frame.copy()`
  out_tr[c] = s.astype(float)
/home/yarin.b/projects/excel_magic/vfd-agent/vfd/tabular.py:17: PerformanceWarning: DataFrame is highly fragmented.  This is usually the result of calling `frame.insert` many times, which has poor performance.  Consider joining all columns at once using pd.concat(axis=1) instead. To get a de-fragmented frame, use `newframe = frame.copy()`
  oo[c] = o[c].astype(float)
/home/yarin.b/projects/excel_magic/vfd-agent/vfd/tabular.py:15: PerformanceWarning: DataFrame is highly fragmented.  This is usually the result of calling `frame.insert` many times, which has poor performance.  Consider joining all columns at once using pd.concat(axis=1) instead. To get a de-fragmented frame, use `newframe = frame.copy()`
  out_tr[c] = s.astype(float)
/home/yarin.b/projects/excel_magic/vfd-agent/vfd/tabular.py:17: PerformanceWarning: DataFrame is highly fragmented.  This is usually the result of calling `frame.insert` many times, which has poor performance.  Consider joining all columns at once using pd.concat(axis=1) instead. To get a de-fragmented frame, use `newframe = frame.copy()`
  oo[c] = o[c].astype(float)
/home/yarin.b/projects/excel_magic/vfd-agent/vfd/tabular.py:15: PerformanceWarning: DataFrame is highly fragmented.  This is usually the result of calling `frame.insert` many times, which has poor performance.  Consider joining all columns at once using pd.concat(axis=1) instead. To get a de-fragmented frame, use `newframe = frame.copy()`
  out_tr[c] = s.astype(float)
/home/yarin.b/projects/excel_magic/vfd-agent/vfd/tabular.py:17: PerformanceWarning: DataFrame is highly fragmented.  This is usually the result of calling `frame.insert` many times, which has poor performance.  Consider joining all columns at once using pd.concat(axis=1) instead. To get a de-fragmented frame, use `newframe = frame.copy()`
  oo[c] = o[c].astype(float)
/home/yarin.b/projects/excel_magic/vfd-agent/vfd/tabular.py:15: PerformanceWarning: DataFrame is highly fragmented.  This is usually the result of calling `frame.insert` many times, which has poor performance.  Consider joining all columns at once using pd.concat(axis=1) instead. To get a de-fragmented frame, use `newframe = frame.copy()`
  out_tr[c] = s.astype(float)
/home/yarin.b/projects/excel_magic/vfd-agent/vfd/tabular.py:17: PerformanceWarning: DataFrame is highly fragmented.  This is usually the result of calling `frame.insert` many times, which has poor performance.  Consider joining all columns at once using pd.concat(axis=1) instead. To get a de-fragmented frame, use `newframe = frame.copy()`
  oo[c] = o[c].astype(float)
/home/yarin.b/projects/excel_magic/vfd-agent/vfd/tabular.py:15: PerformanceWarning: DataFrame is highly fragmented.  This is usually the result of calling `frame.insert` many times, which has poor performance.  Consider joining all columns at once using pd.concat(axis=1) instead. To get a de-fragmented frame, use `newframe = frame.copy()`
  out_tr[c] = s.astype(float)
/home/yarin.b/projects/excel_magic/vfd-agent/vfd/tabular.py:17: PerformanceWarning: DataFrame is highly fragmented.  This is usually the result of calling `frame.insert` many times, which has poor performance.  Consider joining all columns at once using pd.concat(axis=1) instead. To get a de-fragmented frame, use `newframe = frame.copy()`
  oo[c] = o[c].astype(float)
/home/yarin.b/projects/excel_magic/vfd-agent/vfd/tabular.py:15: PerformanceWarning: DataFrame is highly fragmented.  This is usually the result of calling `frame.insert` many times, which has poor performance.  Consider joining all columns at once using pd.concat(axis=1) instead. To get a de-fragmented frame, use `newframe = frame.copy()`
  out_tr[c] = s.astype(float)
/home/yarin.b/projects/excel_magic/vfd-agent/vfd/tabular.py:17: PerformanceWarning: DataFrame is highly fragmented.  This is usually the result of calling `frame.insert` many times, which has poor performance.  Consider joining all columns at once using pd.concat(axis=1) instead. To get a de-fragmented frame, use `newframe = frame.copy()`
  oo[c] = o[c].astype(float)
/home/yarin.b/projects/excel_magic/vfd-agent/vfd/tabular.py:15: PerformanceWarning: DataFrame is highly fragmented.  This is usually the result of calling `frame.insert` many times, which has poor performance.  Consider joining all columns at once using pd.concat(axis=1) instead. To get a de-fragmented frame, use `newframe = frame.copy()`
  out_tr[c] = s.astype(float)
/home/yarin.b/projects/excel_magic/vfd-agent/vfd/tabular.py:17: PerformanceWarning: DataFrame is highly fragmented.  This is usually the result of calling `frame.insert` many times, which has poor performance.  Consider joining all columns at once using pd.concat(axis=1) instead. To get a de-fragmented frame, use `newframe = frame.copy()`
  oo[c] = o[c].astype(float)
/home/yarin.b/projects/excel_magic/vfd-agent/vfd/tabular.py:15: PerformanceWarning: DataFrame is highly fragmented.  This is usually the result of calling `frame.insert` many times, which has poor performance.  Consider joining all columns at once using pd.concat(axis=1) instead. To get a de-fragmented frame, use `newframe = frame.copy()`
  out_tr[c] = s.astype(float)
/home/yarin.b/projects/excel_magic/vfd-agent/vfd/tabular.py:17: PerformanceWarning: DataFrame is highly fragmented.  This is usually the result of calling `frame.insert` many times, which has poor performance.  Consider joining all columns at once using pd.concat(axis=1) instead. To get a de-fragmented frame, use `newframe = frame.copy()`
  oo[c] = o[c].astype(float)
/home/yarin.b/projects/excel_magic/vfd-agent/vfd/tabular.py:15: PerformanceWarning: DataFrame is highly fragmented.  This is usually the result of calling `frame.insert` many times, which has poor performance.  Consider joining all columns at once using pd.concat(axis=1) instead. To get a de-fragmented frame, use `newframe = frame.copy()`
  out_tr[c] = s.astype(float)
/home/yarin.b/projects/excel_magic/vfd-agent/vfd/tabular.py:17: PerformanceWarning: DataFrame is highly fragmented.  This is usually the result of calling `frame.insert` many times, which has poor performance.  Consider joining all columns at once using pd.concat(axis=1) instead. To get a de-fragmented frame, use `newframe = frame.copy()`
  oo[c] = o[c].astype(float)
/home/yarin.b/projects/excel_magic/vfd-agent/vfd/tabular.py:15: PerformanceWarning: DataFrame is highly fragmented.  This is usually the result of calling `frame.insert` many times, which has poor performance.  Consider joining all columns at once using pd.concat(axis=1) instead. To get a de-fragmented frame, use `newframe = frame.copy()`
  out_tr[c] = s.astype(float)
/home/yarin.b/projects/excel_magic/vfd-agent/vfd/tabular.py:17: PerformanceWarning: DataFrame is highly fragmented.  This is usually the result of calling `frame.insert` many times, which has poor performance.  Consider joining all columns at once using pd.concat(axis=1) instead. To get a de-fragmented frame, use `newframe = frame.copy()`
  oo[c] = o[c].astype(float)
/home/yarin.b/projects/excel_magic/vfd-agent/vfd/tabular.py:15: PerformanceWarning: DataFrame is highly fragmented.  This is usually the result of calling `frame.insert` many times, which has poor performance.  Consider joining all columns at once using pd.concat(axis=1) instead. To get a de-fragmented frame, use `newframe = frame.copy()`
  out_tr[c] = s.astype(float)
/home/yarin.b/projects/excel_magic/vfd-agent/vfd/tabular.py:17: PerformanceWarning: DataFrame is highly fragmented.  This is usually the result of calling `frame.insert` many times, which has poor performance.  Consider joining all columns at once using pd.concat(axis=1) instead. To get a de-fragmented frame, use `newframe = frame.copy()`
  oo[c] = o[c].astype(float)
/home/yarin.b/projects/excel_magic/vfd-agent/vfd/tabular.py:15: PerformanceWarning: DataFrame is highly fragmented.  This is usually the result of calling `frame.insert` many times, which has poor performance.  Consider joining all columns at once using pd.concat(axis=1) instead. To get a de-fragmented frame, use `newframe = frame.copy()`
  out_tr[c] = s.astype(float)
/home/yarin.b/projects/excel_magic/vfd-agent/vfd/tabular.py:17: PerformanceWarning: DataFrame is highly fragmented.  This is usually the result of calling `frame.insert` many times, which has poor performance.  Consider joining all columns at once using pd.concat(axis=1) instead. To get a de-fragmented frame, use `newframe = frame.copy()`
  oo[c] = o[c].astype(float)
/home/yarin.b/projects/excel_magic/vfd-agent/vfd/tabular.py:15: PerformanceWarning: DataFrame is highly fragmented.  This is usually the result of calling `frame.insert` many times, which has poor performance.  Consider joining all columns at once using pd.concat(axis=1) instead. To get a de-fragmented frame, use `newframe = frame.copy()`
  out_tr[c] = s.astype(float)
/home/yarin.b/projects/excel_magic/vfd-agent/vfd/tabular.py:17: PerformanceWarning: DataFrame is highly fragmented.  This is usually the result of calling `frame.insert` many times, which has poor performance.  Consider joining all columns at once using pd.concat(axis=1) instead. To get a de-fragmented frame, use `newframe = frame.copy()`
  oo[c] = o[c].astype(float)
/home/yarin.b/projects/excel_magic/vfd-agent/vfd/tabular.py:15: PerformanceWarning: DataFrame is highly fragmented.  This is usually the result of calling `frame.insert` many times, which has poor performance.  Consider joining all columns at once using pd.concat(axis=1) instead. To get a de-fragmented frame, use `newframe = frame.copy()`
  out_tr[c] = s.astype(float)
/home/yarin.b/projects/excel_magic/vfd-agent/vfd/tabular.py:17: PerformanceWarning: DataFrame is highly fragmented.  This is usually the result of calling `frame.insert` many times, which has poor performance.  Consider joining all columns at once using pd.concat(axis=1) instead. To get a de-fragmented frame, use `newframe = frame.copy()`
  oo[c] = o[c].astype(float)
/home/yarin.b/projects/excel_magic/vfd-agent/vfd/tabular.py:15: PerformanceWarning: DataFrame is highly fragmented.  This is usually the result of calling `frame.insert` many times, which has poor performance.  Consider joining all columns at once using pd.concat(axis=1) instead. To get a de-fragmented frame, use `newframe = frame.copy()`
  out_tr[c] = s.astype(float)
/home/yarin.b/projects/excel_magic/vfd-agent/vfd/tabular.py:17: PerformanceWarning: DataFrame is highly fragmented.  This is usually the result of calling `frame.insert` many times, which has poor performance.  Consider joining all columns at once using pd.concat(axis=1) instead. To get a de-fragmented frame, use `newframe = frame.copy()`
  oo[c] = o[c].astype(float)
/home/yarin.b/projects/excel_magic/vfd-agent/vfd/tabular.py:15: PerformanceWarning: DataFrame is highly fragmented.  This is usually the result of calling `frame.insert` many times, which has poor performance.  Consider joining all columns at once using pd.concat(axis=1) instead. To get a de-fragmented frame, use `newframe = frame.copy()`
  out_tr[c] = s.astype(float)
/home/yarin.b/projects/excel_magic/vfd-agent/vfd/tabular.py:17: PerformanceWarning: DataFrame is highly fragmented.  This is usually the result of calling `frame.insert` many times, which has poor performance.  Consider joining all columns at once using pd.concat(axis=1) instead. To get a de-fragmented frame, use `newframe = frame.copy()`
  oo[c] = o[c].astype(float)
/home/yarin.b/projects/excel_magic/vfd-agent/vfd/tabular.py:15: PerformanceWarning: DataFrame is highly fragmented.  This is usually the result of calling `frame.insert` many times, which has poor performance.  Consider joining all columns at once using pd.concat(axis=1) instead. To get a de-fragmented frame, use `newframe = frame.copy()`
  out_tr[c] = s.astype(float)
/home/yarin.b/projects/excel_magic/vfd-agent/vfd/tabular.py:17: PerformanceWarning: DataFrame is highly fragmented.  This is usually the result of calling `frame.insert` many times, which has poor performance.  Consider joining all columns at once using pd.concat(axis=1) instead. To get a de-fragmented frame, use `newframe = frame.copy()`
  oo[c] = o[c].astype(float)
/home/yarin.b/projects/excel_magic/vfd-agent/vfd/tabular.py:15: PerformanceWarning: DataFrame is highly fragmented.  This is usually the result of calling `frame.insert` many times, which has poor performance.  Consider joining all columns at once using pd.concat(axis=1) instead. To get a de-fragmented frame, use `newframe = frame.copy()`
  out_tr[c] = s.astype(float)
/home/yarin.b/projects/excel_magic/vfd-agent/vfd/tabular.py:17: PerformanceWarning: DataFrame is highly fragmented.  This is usually the result of calling `frame.insert` many times, which has poor performance.  Consider joining all columns at once using pd.concat(axis=1) instead. To get a de-fragmented frame, use `newframe = frame.copy()`
  oo[c] = o[c].astype(float)
/home/yarin.b/projects/excel_magic/vfd-agent/vfd/tabular.py:15: PerformanceWarning: DataFrame is highly fragmented.  This is usually the result of calling `frame.insert` many times, which has poor performance.  Consider joining all columns at once using pd.concat(axis=1) instead. To get a de-fragmented frame, use `newframe = frame.copy()`
  out_tr[c] = s.astype(float)
/home/yarin.b/projects/excel_magic/vfd-agent/vfd/tabular.py:17: PerformanceWarning: DataFrame is highly fragmented.  This is usually the result of calling `frame.insert` many times, which has poor performance.  Consider joining all columns at once using pd.concat(axis=1) instead. To get a de-fragmented frame, use `newframe = frame.copy()`
  oo[c] = o[c].astype(float)
/home/yarin.b/projects/excel_magic/vfd-agent/vfd/tabular.py:15: PerformanceWarning: DataFrame is highly fragmented.  This is usually the result of calling `frame.insert` many times, which has poor performance.  Consider joining all columns at once using pd.concat(axis=1) instead. To get a de-fragmented frame, use `newframe = frame.copy()`
  out_tr[c] = s.astype(float)
/home/yarin.b/projects/excel_magic/vfd-agent/vfd/tabular.py:17: PerformanceWarning: DataFrame is highly fragmented.  This is usually the result of calling `frame.insert` many times, which has poor performance.  Consider joining all columns at once using pd.concat(axis=1) instead. To get a de-fragmented frame, use `newframe = frame.copy()`
  oo[c] = o[c].astype(float)
/home/yarin.b/projects/excel_magic/vfd-agent/vfd/tabular.py:15: PerformanceWarning: DataFrame is highly fragmented.  This is usually the result of calling `frame.insert` many times, which has poor performance.  Consider joining all columns at once using pd.concat(axis=1) instead. To get a de-fragmented frame, use `newframe = frame.copy()`
  out_tr[c] = s.astype(float)
/home/yarin.b/projects/excel_magic/vfd-agent/vfd/tabular.py:17: PerformanceWarning: DataFrame is highly fragmented.  This is usually the result of calling `frame.insert` many times, which has poor performance.  Consider joining all columns at once using pd.concat(axis=1) instead. To get a de-fragmented frame, use `newframe = frame.copy()`
  oo[c] = o[c].astype(float)
/home/yarin.b/projects/excel_magic/vfd-agent/vfd/tabular.py:15: PerformanceWarning: DataFrame is highly fragmented.  This is usually the result of calling `frame.insert` many times, which has poor performance.  Consider joining all columns at once using pd.concat(axis=1) instead. To get a de-fragmented frame, use `newframe = frame.copy()`
  out_tr[c] = s.astype(float)
/home/yarin.b/projects/excel_magic/vfd-agent/vfd/tabular.py:17: PerformanceWarning: DataFrame is highly fragmented.  This is usually the result of calling `frame.insert` many times, which has poor performance.  Consider joining all columns at once using pd.concat(axis=1) instead. To get a de-fragmented frame, use `newframe = frame.copy()`
  oo[c] = o[c].astype(float)
/home/yarin.b/projects/excel_magic/vfd-agent/vfd/tabular.py:15: PerformanceWarning: DataFrame is highly fragmented.  This is usually the result of calling `frame.insert` many times, which has poor performance.  Consider joining all columns at once using pd.concat(axis=1) instead. To get a de-fragmented frame, use `newframe = frame.copy()`
  out_tr[c] = s.astype(float)
/home/yarin.b/projects/excel_magic/vfd-agent/vfd/tabular.py:17: PerformanceWarning: DataFrame is highly fragmented.  This is usually the result of calling `frame.insert` many times, which has poor performance.  Consider joining all columns at once using pd.concat(axis=1) instead. To get a de-fragmented frame, use `newframe = frame.copy()`
  oo[c] = o[c].astype(float)
/home/yarin.b/projects/excel_magic/vfd-agent/vfd/tabular.py:15: PerformanceWarning: DataFrame is highly fragmented.  This is usually the result of calling `frame.insert` many times, which has poor performance.  Consider joining all columns at once using pd.concat(axis=1) instead. To get a de-fragmented frame, use `newframe = frame.copy()`
  out_tr[c] = s.astype(float)
/home/yarin.b/projects/excel_magic/vfd-agent/vfd/tabular.py:17: PerformanceWarning: DataFrame is highly fragmented.  This is usually the result of calling `frame.insert` many times, which has poor performance.  Consider joining all columns at once using pd.concat(axis=1) instead. To get a de-fragmented frame, use `newframe = frame.copy()`
  oo[c] = o[c].astype(float)
/home/yarin.b/projects/excel_magic/vfd-agent/vfd/tabular.py:15: PerformanceWarning: DataFrame is highly fragmented.  This is usually the result of calling `frame.insert` many times, which has poor performance.  Consider joining all columns at once using pd.concat(axis=1) instead. To get a de-fragmented frame, use `newframe = frame.copy()`
  out_tr[c] = s.astype(float)
/home/yarin.b/projects/excel_magic/vfd-agent/vfd/tabular.py:17: PerformanceWarning: DataFrame is highly fragmented.  This is usually the result of calling `frame.insert` many times, which has poor performance.  Consider joining all columns at once using pd.concat(axis=1) instead. To get a de-fragmented frame, use `newframe = frame.copy()`
  oo[c] = o[c].astype(float)
/home/yarin.b/projects/excel_magic/vfd-agent/vfd/tabular.py:15: PerformanceWarning: DataFrame is highly fragmented.  This is usually the result of calling `frame.insert` many times, which has poor performance.  Consider joining all columns at once using pd.concat(axis=1) instead. To get a de-fragmented frame, use `newframe = frame.copy()`
  out_tr[c] = s.astype(float)
/home/yarin.b/projects/excel_magic/vfd-agent/vfd/tabular.py:17: PerformanceWarning: DataFrame is highly fragmented.  This is usually the result of calling `frame.insert` many times, which has poor performance.  Consider joining all columns at once using pd.concat(axis=1) instead. To get a de-fragmented frame, use `newframe = frame.copy()`
  oo[c] = o[c].astype(float)
/home/yarin.b/projects/excel_magic/vfd-agent/vfd/tabular.py:15: PerformanceWarning: DataFrame is highly fragmented.  This is usually the result of calling `frame.insert` many times, which has poor performance.  Consider joining all columns at once using pd.concat(axis=1) instead. To get a de-fragmented frame, use `newframe = frame.copy()`
  out_tr[c] = s.astype(float)
/home/yarin.b/projects/excel_magic/vfd-agent/vfd/tabular.py:17: PerformanceWarning: DataFrame is highly fragmented.  This is usually the result of calling `frame.insert` many times, which has poor performance.  Consider joining all columns at once using pd.concat(axis=1) instead. To get a de-fragmented frame, use `newframe = frame.copy()`
  oo[c] = o[c].astype(float)
/home/yarin.b/projects/excel_magic/vfd-agent/vfd/tabular.py:15: PerformanceWarning: DataFrame is highly fragmented.  This is usually the result of calling `frame.insert` many times, which has poor performance.  Consider joining all columns at once using pd.concat(axis=1) instead. To get a de-fragmented frame, use `newframe = frame.copy()`
  out_tr[c] = s.astype(float)
/home/yarin.b/projects/excel_magic/vfd-agent/vfd/tabular.py:17: PerformanceWarning: DataFrame is highly fragmented.  This is usually the result of calling `frame.insert` many times, which has poor performance.  Consider joining all columns at once using pd.concat(axis=1) instead. To get a de-fragmented frame, use `newframe = frame.copy()`
  oo[c] = o[c].astype(float)
/home/yarin.b/projects/excel_magic/vfd-agent/vfd/tabular.py:15: PerformanceWarning: DataFrame is highly fragmented.  This is usually the result of calling `frame.insert` many times, which has poor performance.  Consider joining all columns at once using pd.concat(axis=1) instead. To get a de-fragmented frame, use `newframe = frame.copy()`
  out_tr[c] = s.astype(float)
/home/yarin.b/projects/excel_magic/vfd-agent/vfd/tabular.py:17: PerformanceWarning: DataFrame is highly fragmented.  This is usually the result of calling `frame.insert` many times, which has poor performance.  Consider joining all columns at once using pd.concat(axis=1) instead. To get a de-fragmented frame, use `newframe = frame.copy()`
  oo[c] = o[c].astype(float)
/home/yarin.b/projects/excel_magic/vfd-agent/vfd/tabular.py:15: PerformanceWarning: DataFrame is highly fragmented.  This is usually the result of calling `frame.insert` many times, which has poor performance.  Consider joining all columns at once using pd.concat(axis=1) instead. To get a de-fragmented frame, use `newframe = frame.copy()`
  out_tr[c] = s.astype(float)
/home/yarin.b/projects/excel_magic/vfd-agent/vfd/tabular.py:17: PerformanceWarning: DataFrame is highly fragmented.  This is usually the result of calling `frame.insert` many times, which has poor performance.  Consider joining all columns at once using pd.concat(axis=1) instead. To get a de-fragmented frame, use `newframe = frame.copy()`
  oo[c] = o[c].astype(float)
/home/yarin.b/projects/excel_magic/vfd-agent/vfd/tabular.py:15: PerformanceWarning: DataFrame is highly fragmented.  This is usually the result of calling `frame.insert` many times, which has poor performance.  Consider joining all columns at once using pd.concat(axis=1) instead. To get a de-fragmented frame, use `newframe = frame.copy()`
  out_tr[c] = s.astype(float)
/home/yarin.b/projects/excel_magic/vfd-agent/vfd/tabular.py:17: PerformanceWarning: DataFrame is highly fragmented.  This is usually the result of calling `frame.insert` many times, which has poor performance.  Consider joining all columns at once using pd.concat(axis=1) instead. To get a de-fragmented frame, use `newframe = frame.copy()`
  oo[c] = o[c].astype(float)
/home/yarin.b/projects/excel_magic/vfd-agent/vfd/tabular.py:15: PerformanceWarning: DataFrame is highly fragmented.  This is usually the result of calling `frame.insert` many times, which has poor performance.  Consider joining all columns at once using pd.concat(axis=1) instead. To get a de-fragmented frame, use `newframe = frame.copy()`
  out_tr[c] = s.astype(float)
/home/yarin.b/projects/excel_magic/vfd-agent/vfd/tabular.py:17: PerformanceWarning: DataFrame is highly fragmented.  This is usually the result of calling `frame.insert` many times, which has poor performance.  Consider joining all columns at once using pd.concat(axis=1) instead. To get a de-fragmented frame, use `newframe = frame.copy()`
  oo[c] = o[c].astype(float)
/home/yarin.b/projects/excel_magic/vfd-agent/vfd/tabular.py:15: PerformanceWarning: DataFrame is highly fragmented.  This is usually the result of calling `frame.insert` many times, which has poor performance.  Consider joining all columns at once using pd.concat(axis=1) instead. To get a de-fragmented frame, use `newframe = frame.copy()`
  out_tr[c] = s.astype(float)
/home/yarin.b/projects/excel_magic/vfd-agent/vfd/tabular.py:17: PerformanceWarning: DataFrame is highly fragmented.  This is usually the result of calling `frame.insert` many times, which has poor performance.  Consider joining all columns at once using pd.concat(axis=1) instead. To get a de-fragmented frame, use `newframe = frame.copy()`
  oo[c] = o[c].astype(float)
/home/yarin.b/projects/excel_magic/vfd-agent/vfd/tabular.py:15: PerformanceWarning: DataFrame is highly fragmented.  This is usually the result of calling `frame.insert` many times, which has poor performance.  Consider joining all columns at once using pd.concat(axis=1) instead. To get a de-fragmented frame, use `newframe = frame.copy()`
  out_tr[c] = s.astype(float)
/home/yarin.b/projects/excel_magic/vfd-agent/vfd/tabular.py:17: PerformanceWarning: DataFrame is highly fragmented.  This is usually the result of calling `frame.insert` many times, which has poor performance.  Consider joining all columns at once using pd.concat(axis=1) instead. To get a de-fragmented frame, use `newframe = frame.copy()`
  oo[c] = o[c].astype(float)
/home/yarin.b/projects/excel_magic/vfd-agent/vfd/tabular.py:15: PerformanceWarning: DataFrame is highly fragmented.  This is usually the result of calling `frame.insert` many times, which has poor performance.  Consider joining all columns at once using pd.concat(axis=1) instead. To get a de-fragmented frame, use `newframe = frame.copy()`
  out_tr[c] = s.astype(float)
/home/yarin.b/projects/excel_magic/vfd-agent/vfd/tabular.py:17: PerformanceWarning: DataFrame is highly fragmented.  This is usually the result of calling `frame.insert` many times, which has poor performance.  Consider joining all columns at once using pd.concat(axis=1) instead. To get a de-fragmented frame, use `newframe = frame.copy()`
  oo[c] = o[c].astype(float)
/home/yarin.b/projects/excel_magic/vfd-agent/vfd/tabular.py:15: PerformanceWarning: DataFrame is highly fragmented.  This is usually the result of calling `frame.insert` many times, which has poor performance.  Consider joining all columns at once using pd.concat(axis=1) instead. To get a de-fragmented frame, use `newframe = frame.copy()`
  out_tr[c] = s.astype(float)
/home/yarin.b/projects/excel_magic/vfd-agent/vfd/tabular.py:17: PerformanceWarning: DataFrame is highly fragmented.  This is usually the result of calling `frame.insert` many times, which has poor performance.  Consider joining all columns at once using pd.concat(axis=1) instead. To get a de-fragmented frame, use `newframe = frame.copy()`
  oo[c] = o[c].astype(float)
/home/yarin.b/projects/excel_magic/vfd-agent/vfd/tabular.py:15: PerformanceWarning: DataFrame is highly fragmented.  This is usually the result of calling `frame.insert` many times, which has poor performance.  Consider joining all columns at once using pd.concat(axis=1) instead. To get a de-fragmented frame, use `newframe = frame.copy()`
  out_tr[c] = s.astype(float)
/home/yarin.b/projects/excel_magic/vfd-agent/vfd/tabular.py:17: PerformanceWarning: DataFrame is highly fragmented.  This is usually the result of calling `frame.insert` many times, which has poor performance.  Consider joining all columns at once using pd.concat(axis=1) instead. To get a de-fragmented frame, use `newframe = frame.copy()`
  oo[c] = o[c].astype(float)
/home/yarin.b/projects/excel_magic/vfd-agent/vfd/tabular.py:15: PerformanceWarning: DataFrame is highly fragmented.  This is usually the result of calling `frame.insert` many times, which has poor performance.  Consider joining all columns at once using pd.concat(axis=1) instead. To get a de-fragmented frame, use `newframe = frame.copy()`
  out_tr[c] = s.astype(float)
/home/yarin.b/projects/excel_magic/vfd-agent/vfd/tabular.py:17: PerformanceWarning: DataFrame is highly fragmented.  This is usually the result of calling `frame.insert` many times, which has poor performance.  Consider joining all columns at once using pd.concat(axis=1) instead. To get a de-fragmented frame, use `newframe = frame.copy()`
  oo[c] = o[c].astype(float)
/home/yarin.b/projects/excel_magic/vfd-agent/vfd/tabular.py:15: PerformanceWarning: DataFrame is highly fragmented.  This is usually the result of calling `frame.insert` many times, which has poor performance.  Consider joining all columns at once using pd.concat(axis=1) instead. To get a de-fragmented frame, use `newframe = frame.copy()`
  out_tr[c] = s.astype(float)
/home/yarin.b/projects/excel_magic/vfd-agent/vfd/tabular.py:17: PerformanceWarning: DataFrame is highly fragmented.  This is usually the result of calling `frame.insert` many times, which has poor performance.  Consider joining all columns at once using pd.concat(axis=1) instead. To get a de-fragmented frame, use `newframe = frame.copy()`
  oo[c] = o[c].astype(float)
/home/yarin.b/projects/excel_magic/vfd-agent/vfd/tabular.py:15: PerformanceWarning: DataFrame is highly fragmented.  This is usually the result of calling `frame.insert` many times, which has poor performance.  Consider joining all columns at once using pd.concat(axis=1) instead. To get a de-fragmented frame, use `newframe = frame.copy()`
  out_tr[c] = s.astype(float)
/home/yarin.b/projects/excel_magic/vfd-agent/vfd/tabular.py:17: PerformanceWarning: DataFrame is highly fragmented.  This is usually the result of calling `frame.insert` many times, which has poor performance.  Consider joining all columns at once using pd.concat(axis=1) instead. To get a de-fragmented frame, use `newframe = frame.copy()`
  oo[c] = o[c].astype(float)
/home/yarin.b/projects/excel_magic/vfd-agent/vfd/tabular.py:15: PerformanceWarning: DataFrame is highly fragmented.  This is usually the result of calling `frame.insert` many times, which has poor performance.  Consider joining all columns at once using pd.concat(axis=1) instead. To get a de-fragmented frame, use `newframe = frame.copy()`
  out_tr[c] = s.astype(float)
/home/yarin.b/projects/excel_magic/vfd-agent/vfd/tabular.py:17: PerformanceWarning: DataFrame is highly fragmented.  This is usually the result of calling `frame.insert` many times, which has poor performance.  Consider joining all columns at once using pd.concat(axis=1) instead. To get a de-fragmented frame, use `newframe = frame.copy()`
  oo[c] = o[c].astype(float)
/home/yarin.b/projects/excel_magic/vfd-agent/vfd/tabular.py:15: PerformanceWarning: DataFrame is highly fragmented.  This is usually the result of calling `frame.insert` many times, which has poor performance.  Consider joining all columns at once using pd.concat(axis=1) instead. To get a de-fragmented frame, use `newframe = frame.copy()`
  out_tr[c] = s.astype(float)
/home/yarin.b/projects/excel_magic/vfd-agent/vfd/tabular.py:17: PerformanceWarning: DataFrame is highly fragmented.  This is usually the result of calling `frame.insert` many times, which has poor performance.  Consider joining all columns at once using pd.concat(axis=1) instead. To get a de-fragmented frame, use `newframe = frame.copy()`
  oo[c] = o[c].astype(float)
/home/yarin.b/projects/excel_magic/vfd-agent/vfd/tabular.py:15: PerformanceWarning: DataFrame is highly fragmented.  This is usually the result of calling `frame.insert` many times, which has poor performance.  Consider joining all columns at once using pd.concat(axis=1) instead. To get a de-fragmented frame, use `newframe = frame.copy()`
  out_tr[c] = s.astype(float)
/home/yarin.b/projects/excel_magic/vfd-agent/vfd/tabular.py:17: PerformanceWarning: DataFrame is highly fragmented.  This is usually the result of calling `frame.insert` many times, which has poor performance.  Consider joining all columns at once using pd.concat(axis=1) instead. To get a de-fragmented frame, use `newframe = frame.copy()`
  oo[c] = o[c].astype(float)
/home/yarin.b/projects/excel_magic/vfd-agent/vfd/tabular.py:15: PerformanceWarning: DataFrame is highly fragmented.  This is usually the result of calling `frame.insert` many times, which has poor performance.  Consider joining all columns at once using pd.concat(axis=1) instead. To get a de-fragmented frame, use `newframe = frame.copy()`
  out_tr[c] = s.astype(float)
/home/yarin.b/projects/excel_magic/vfd-agent/vfd/tabular.py:17: PerformanceWarning: DataFrame is highly fragmented.  This is usually the result of calling `frame.insert` many times, which has poor performance.  Consider joining all columns at once using pd.concat(axis=1) instead. To get a de-fragmented frame, use `newframe = frame.copy()`
  oo[c] = o[c].astype(float)
/home/yarin.b/projects/excel_magic/vfd-agent/vfd/tabular.py:15: PerformanceWarning: DataFrame is highly fragmented.  This is usually the result of calling `frame.insert` many times, which has poor performance.  Consider joining all columns at once using pd.concat(axis=1) instead. To get a de-fragmented frame, use `newframe = frame.copy()`
  out_tr[c] = s.astype(float)
/home/yarin.b/projects/excel_magic/vfd-agent/vfd/tabular.py:17: PerformanceWarning: DataFrame is highly fragmented.  This is usually the result of calling `frame.insert` many times, which has poor performance.  Consider joining all columns at once using pd.concat(axis=1) instead. To get a de-fragmented frame, use `newframe = frame.copy()`
  oo[c] = o[c].astype(float)
/home/yarin.b/projects/excel_magic/vfd-agent/vfd/tabular.py:15: PerformanceWarning: DataFrame is highly fragmented.  This is usually the result of calling `frame.insert` many times, which has poor performance.  Consider joining all columns at once using pd.concat(axis=1) instead. To get a de-fragmented frame, use `newframe = frame.copy()`
  out_tr[c] = s.astype(float)
/home/yarin.b/projects/excel_magic/vfd-agent/vfd/tabular.py:17: PerformanceWarning: DataFrame is highly fragmented.  This is usually the result of calling `frame.insert` many times, which has poor performance.  Consider joining all columns at once using pd.concat(axis=1) instead. To get a de-fragmented frame, use `newframe = frame.copy()`
  oo[c] = o[c].astype(float)
/home/yarin.b/projects/excel_magic/vfd-agent/vfd/tabular.py:15: PerformanceWarning: DataFrame is highly fragmented.  This is usually the result of calling `frame.insert` many times, which has poor performance.  Consider joining all columns at once using pd.concat(axis=1) instead. To get a de-fragmented frame, use `newframe = frame.copy()`
  out_tr[c] = s.astype(float)
/home/yarin.b/projects/excel_magic/vfd-agent/vfd/tabular.py:17: PerformanceWarning: DataFrame is highly fragmented.  This is usually the result of calling `frame.insert` many times, which has poor performance.  Consider joining all columns at once using pd.concat(axis=1) instead. To get a de-fragmented frame, use `newframe = frame.copy()`
  oo[c] = o[c].astype(float)
/home/yarin.b/projects/excel_magic/vfd-agent/vfd/tabular.py:15: PerformanceWarning: DataFrame is highly fragmented.  This is usually the result of calling `frame.insert` many times, which has poor performance.  Consider joining all columns at once using pd.concat(axis=1) instead. To get a de-fragmented frame, use `newframe = frame.copy()`
  out_tr[c] = s.astype(float)
/home/yarin.b/projects/excel_magic/vfd-agent/vfd/tabular.py:17: PerformanceWarning: DataFrame is highly fragmented.  This is usually the result of calling `frame.insert` many times, which has poor performance.  Consider joining all columns at once using pd.concat(axis=1) instead. To get a de-fragmented frame, use `newframe = frame.copy()`
  oo[c] = o[c].astype(float)
/home/yarin.b/projects/excel_magic/vfd-agent/vfd/tabular.py:15: PerformanceWarning: DataFrame is highly fragmented.  This is usually the result of calling `frame.insert` many times, which has poor performance.  Consider joining all columns at once using pd.concat(axis=1) instead. To get a de-fragmented frame, use `newframe = frame.copy()`
  out_tr[c] = s.astype(float)
/home/yarin.b/projects/excel_magic/vfd-agent/vfd/tabular.py:17: PerformanceWarning: DataFrame is highly fragmented.  This is usually the result of calling `frame.insert` many times, which has poor performance.  Consider joining all columns at once using pd.concat(axis=1) instead. To get a de-fragmented frame, use `newframe = frame.copy()`
  oo[c] = o[c].astype(float)
/home/yarin.b/projects/excel_magic/vfd-agent/vfd/tabular.py:15: PerformanceWarning: DataFrame is highly fragmented.  This is usually the result of calling `frame.insert` many times, which has poor performance.  Consider joining all columns at once using pd.concat(axis=1) instead. To get a de-fragmented frame, use `newframe = frame.copy()`
  out_tr[c] = s.astype(float)
/home/yarin.b/projects/excel_magic/vfd-agent/vfd/tabular.py:17: PerformanceWarning: DataFrame is highly fragmented.  This is usually the result of calling `frame.insert` many times, which has poor performance.  Consider joining all columns at once using pd.concat(axis=1) instead. To get a de-fragmented frame, use `newframe = frame.copy()`
  oo[c] = o[c].astype(float)
/home/yarin.b/projects/excel_magic/vfd-agent/vfd/tabular.py:15: PerformanceWarning: DataFrame is highly fragmented.  This is usually the result of calling `frame.insert` many times, which has poor performance.  Consider joining all columns at once using pd.concat(axis=1) instead. To get a de-fragmented frame, use `newframe = frame.copy()`
  out_tr[c] = s.astype(float)
/home/yarin.b/projects/excel_magic/vfd-agent/vfd/tabular.py:17: PerformanceWarning: DataFrame is highly fragmented.  This is usually the result of calling `frame.insert` many times, which has poor performance.  Consider joining all columns at once using pd.concat(axis=1) instead. To get a de-fragmented frame, use `newframe = frame.copy()`
  oo[c] = o[c].astype(float)
/home/yarin.b/projects/excel_magic/vfd-agent/vfd/tabular.py:15: PerformanceWarning: DataFrame is highly fragmented.  This is usually the result of calling `frame.insert` many times, which has poor performance.  Consider joining all columns at once using pd.concat(axis=1) instead. To get a de-fragmented frame, use `newframe = frame.copy()`
  out_tr[c] = s.astype(float)
/home/yarin.b/projects/excel_magic/vfd-agent/vfd/tabular.py:17: PerformanceWarning: DataFrame is highly fragmented.  This is usually the result of calling `frame.insert` many times, which has poor performance.  Consider joining all columns at once using pd.concat(axis=1) instead. To get a de-fragmented frame, use `newframe = frame.copy()`
  oo[c] = o[c].astype(float)
/home/yarin.b/projects/excel_magic/vfd-agent/vfd/tabular.py:15: PerformanceWarning: DataFrame is highly fragmented.  This is usually the result of calling `frame.insert` many times, which has poor performance.  Consider joining all columns at once using pd.concat(axis=1) instead. To get a de-fragmented frame, use `newframe = frame.copy()`
  out_tr[c] = s.astype(float)
/home/yarin.b/projects/excel_magic/vfd-agent/vfd/tabular.py:17: PerformanceWarning: DataFrame is highly fragmented.  This is usually the result of calling `frame.insert` many times, which has poor performance.  Consider joining all columns at once using pd.concat(axis=1) instead. To get a de-fragmented frame, use `newframe = frame.copy()`
  oo[c] = o[c].astype(float)
/home/yarin.b/projects/excel_magic/vfd-agent/vfd/tabular.py:15: PerformanceWarning: DataFrame is highly fragmented.  This is usually the result of calling `frame.insert` many times, which has poor performance.  Consider joining all columns at once using pd.concat(axis=1) instead. To get a de-fragmented frame, use `newframe = frame.copy()`
  out_tr[c] = s.astype(float)
/home/yarin.b/projects/excel_magic/vfd-agent/vfd/tabular.py:17: PerformanceWarning: DataFrame is highly fragmented.  This is usually the result of calling `frame.insert` many times, which has poor performance.  Consider joining all columns at once using pd.concat(axis=1) instead. To get a de-fragmented frame, use `newframe = frame.copy()`
  oo[c] = o[c].astype(float)
/home/yarin.b/projects/excel_magic/vfd-agent/vfd/tabular.py:15: PerformanceWarning: DataFrame is highly fragmented.  This is usually the result of calling `frame.insert` many times, which has poor performance.  Consider joining all columns at once using pd.concat(axis=1) instead. To get a de-fragmented frame, use `newframe = frame.copy()`
  out_tr[c] = s.astype(float)
/home/yarin.b/projects/excel_magic/vfd-agent/vfd/tabular.py:17: PerformanceWarning: DataFrame is highly fragmented.  This is usually the result of calling `frame.insert` many times, which has poor performance.  Consider joining all columns at once using pd.concat(axis=1) instead. To get a de-fragmented frame, use `newframe = frame.copy()`
  oo[c] = o[c].astype(float)
/home/yarin.b/projects/excel_magic/vfd-agent/vfd/tabular.py:15: PerformanceWarning: DataFrame is highly fragmented.  This is usually the result of calling `frame.insert` many times, which has poor performance.  Consider joining all columns at once using pd.concat(axis=1) instead. To get a de-fragmented frame, use `newframe = frame.copy()`
  out_tr[c] = s.astype(float)
/home/yarin.b/projects/excel_magic/vfd-agent/vfd/tabular.py:17: PerformanceWarning: DataFrame is highly fragmented.  This is usually the result of calling `frame.insert` many times, which has poor performance.  Consider joining all columns at once using pd.concat(axis=1) instead. To get a de-fragmented frame, use `newframe = frame.copy()`
  oo[c] = o[c].astype(float)
/home/yarin.b/projects/excel_magic/vfd-agent/vfd/tabular.py:15: PerformanceWarning: DataFrame is highly fragmented.  This is usually the result of calling `frame.insert` many times, which has poor performance.  Consider joining all columns at once using pd.concat(axis=1) instead. To get a de-fragmented frame, use `newframe = frame.copy()`
  out_tr[c] = s.astype(float)
/home/yarin.b/projects/excel_magic/vfd-agent/vfd/tabular.py:17: PerformanceWarning: DataFrame is highly fragmented.  This is usually the result of calling `frame.insert` many times, which has poor performance.  Consider joining all columns at once using pd.concat(axis=1) instead. To get a de-fragmented frame, use `newframe = frame.copy()`
  oo[c] = o[c].astype(float)
/home/yarin.b/projects/excel_magic/vfd-agent/vfd/tabular.py:15: PerformanceWarning: DataFrame is highly fragmented.  This is usually the result of calling `frame.insert` many times, which has poor performance.  Consider joining all columns at once using pd.concat(axis=1) instead. To get a de-fragmented frame, use `newframe = frame.copy()`
  out_tr[c] = s.astype(float)
/home/yarin.b/projects/excel_magic/vfd-agent/vfd/tabular.py:17: PerformanceWarning: DataFrame is highly fragmented.  This is usually the result of calling `frame.insert` many times, which has poor performance.  Consider joining all columns at once using pd.concat(axis=1) instead. To get a de-fragmented frame, use `newframe = frame.copy()`
  oo[c] = o[c].astype(float)
/home/yarin.b/projects/excel_magic/vfd-agent/vfd/tabular.py:15: PerformanceWarning: DataFrame is highly fragmented.  This is usually the result of calling `frame.insert` many times, which has poor performance.  Consider joining all columns at once using pd.concat(axis=1) instead. To get a de-fragmented frame, use `newframe = frame.copy()`
  out_tr[c] = s.astype(float)
/home/yarin.b/projects/excel_magic/vfd-agent/vfd/tabular.py:17: PerformanceWarning: DataFrame is highly fragmented.  This is usually the result of calling `frame.insert` many times, which has poor performance.  Consider joining all columns at once using pd.concat(axis=1) instead. To get a de-fragmented frame, use `newframe = frame.copy()`
  oo[c] = o[c].astype(float)
/home/yarin.b/projects/excel_magic/vfd-agent/vfd/tabular.py:15: PerformanceWarning: DataFrame is highly fragmented.  This is usually the result of calling `frame.insert` many times, which has poor performance.  Consider joining all columns at once using pd.concat(axis=1) instead. To get a de-fragmented frame, use `newframe = frame.copy()`
  out_tr[c] = s.astype(float)
/home/yarin.b/projects/excel_magic/vfd-agent/vfd/tabular.py:17: PerformanceWarning: DataFrame is highly fragmented.  This is usually the result of calling `frame.insert` many times, which has poor performance.  Consider joining all columns at once using pd.concat(axis=1) instead. To get a de-fragmented frame, use `newframe = frame.copy()`
  oo[c] = o[c].astype(float)
/home/yarin.b/projects/excel_magic/vfd-agent/vfd/tabular.py:15: PerformanceWarning: DataFrame is highly fragmented.  This is usually the result of calling `frame.insert` many times, which has poor performance.  Consider joining all columns at once using pd.concat(axis=1) instead. To get a de-fragmented frame, use `newframe = frame.copy()`
  out_tr[c] = s.astype(float)
/home/yarin.b/projects/excel_magic/vfd-agent/vfd/tabular.py:17: PerformanceWarning: DataFrame is highly fragmented.  This is usually the result of calling `frame.insert` many times, which has poor performance.  Consider joining all columns at once using pd.concat(axis=1) instead. To get a de-fragmented frame, use `newframe = frame.copy()`
  oo[c] = o[c].astype(float)
/home/yarin.b/projects/excel_magic/vfd-agent/vfd/tabular.py:15: PerformanceWarning: DataFrame is highly fragmented.  This is usually the result of calling `frame.insert` many times, which has poor performance.  Consider joining all columns at once using pd.concat(axis=1) instead. To get a de-fragmented frame, use `newframe = frame.copy()`
  out_tr[c] = s.astype(float)
/home/yarin.b/projects/excel_magic/vfd-agent/vfd/tabular.py:17: PerformanceWarning: DataFrame is highly fragmented.  This is usually the result of calling `frame.insert` many times, which has poor performance.  Consider joining all columns at once using pd.concat(axis=1) instead. To get a de-fragmented frame, use `newframe = frame.copy()`
  oo[c] = o[c].astype(float)
/home/yarin.b/projects/excel_magic/vfd-agent/vfd/tabular.py:15: PerformanceWarning: DataFrame is highly fragmented.  This is usually the result of calling `frame.insert` many times, which has poor performance.  Consider joining all columns at once using pd.concat(axis=1) instead. To get a de-fragmented frame, use `newframe = frame.copy()`
  out_tr[c] = s.astype(float)
/home/yarin.b/projects/excel_magic/vfd-agent/vfd/tabular.py:17: PerformanceWarning: DataFrame is highly fragmented.  This is usually the result of calling `frame.insert` many times, which has poor performance.  Consider joining all columns at once using pd.concat(axis=1) instead. To get a de-fragmented frame, use `newframe = frame.copy()`
  oo[c] = o[c].astype(float)
/home/yarin.b/projects/excel_magic/vfd-agent/vfd/tabular.py:15: PerformanceWarning: DataFrame is highly fragmented.  This is usually the result of calling `frame.insert` many times, which has poor performance.  Consider joining all columns at once using pd.concat(axis=1) instead. To get a de-fragmented frame, use `newframe = frame.copy()`
  out_tr[c] = s.astype(float)
/home/yarin.b/projects/excel_magic/vfd-agent/vfd/tabular.py:17: PerformanceWarning: DataFrame is highly fragmented.  This is usually the result of calling `frame.insert` many times, which has poor performance.  Consider joining all columns at once using pd.concat(axis=1) instead. To get a de-fragmented frame, use `newframe = frame.copy()`
  oo[c] = o[c].astype(float)
/home/yarin.b/projects/excel_magic/vfd-agent/vfd/tabular.py:15: PerformanceWarning: DataFrame is highly fragmented.  This is usually the result of calling `frame.insert` many times, which has poor performance.  Consider joining all columns at once using pd.concat(axis=1) instead. To get a de-fragmented frame, use `newframe = frame.copy()`
  out_tr[c] = s.astype(float)
/home/yarin.b/projects/excel_magic/vfd-agent/vfd/tabular.py:17: PerformanceWarning: DataFrame is highly fragmented.  This is usually the result of calling `frame.insert` many times, which has poor performance.  Consider joining all columns at once using pd.concat(axis=1) instead. To get a de-fragmented frame, use `newframe = frame.copy()`
  oo[c] = o[c].astype(float)
/home/yarin.b/projects/excel_magic/vfd-agent/vfd/tabular.py:15: PerformanceWarning: DataFrame is highly fragmented.  This is usually the result of calling `frame.insert` many times, which has poor performance.  Consider joining all columns at once using pd.concat(axis=1) instead. To get a de-fragmented frame, use `newframe = frame.copy()`
  out_tr[c] = s.astype(float)
/home/yarin.b/projects/excel_magic/vfd-agent/vfd/tabular.py:17: PerformanceWarning: DataFrame is highly fragmented.  This is usually the result of calling `frame.insert` many times, which has poor performance.  Consider joining all columns at once using pd.concat(axis=1) instead. To get a de-fragmented frame, use `newframe = frame.copy()`
  oo[c] = o[c].astype(float)
/home/yarin.b/projects/excel_magic/vfd-agent/vfd/tabular.py:15: PerformanceWarning: DataFrame is highly fragmented.  This is usually the result of calling `frame.insert` many times, which has poor performance.  Consider joining all columns at once using pd.concat(axis=1) instead. To get a de-fragmented frame, use `newframe = frame.copy()`
  out_tr[c] = s.astype(float)
/home/yarin.b/projects/excel_magic/vfd-agent/vfd/tabular.py:17: PerformanceWarning: DataFrame is highly fragmented.  This is usually the result of calling `frame.insert` many times, which has poor performance.  Consider joining all columns at once using pd.concat(axis=1) instead. To get a de-fragmented frame, use `newframe = frame.copy()`
  oo[c] = o[c].astype(float)
/home/yarin.b/projects/excel_magic/vfd-agent/vfd/tabular.py:15: PerformanceWarning: DataFrame is highly fragmented.  This is usually the result of calling `frame.insert` many times, which has poor performance.  Consider joining all columns at once using pd.concat(axis=1) instead. To get a de-fragmented frame, use `newframe = frame.copy()`
  out_tr[c] = s.astype(float)
/home/yarin.b/projects/excel_magic/vfd-agent/vfd/tabular.py:17: PerformanceWarning: DataFrame is highly fragmented.  This is usually the result of calling `frame.insert` many times, which has poor performance.  Consider joining all columns at once using pd.concat(axis=1) instead. To get a de-fragmented frame, use `newframe = frame.copy()`
  oo[c] = o[c].astype(float)
/home/yarin.b/projects/excel_magic/vfd-agent/vfd/tabular.py:15: PerformanceWarning: DataFrame is highly fragmented.  This is usually the result of calling `frame.insert` many times, which has poor performance.  Consider joining all columns at once using pd.concat(axis=1) instead. To get a de-fragmented frame, use `newframe = frame.copy()`
  out_tr[c] = s.astype(float)
/home/yarin.b/projects/excel_magic/vfd-agent/vfd/tabular.py:17: PerformanceWarning: DataFrame is highly fragmented.  This is usually the result of calling `frame.insert` many times, which has poor performance.  Consider joining all columns at once using pd.concat(axis=1) instead. To get a de-fragmented frame, use `newframe = frame.copy()`
  oo[c] = o[c].astype(float)
/home/yarin.b/projects/excel_magic/vfd-agent/vfd/tabular.py:15: PerformanceWarning: DataFrame is highly fragmented.  This is usually the result of calling `frame.insert` many times, which has poor performance.  Consider joining all columns at once using pd.concat(axis=1) instead. To get a de-fragmented frame, use `newframe = frame.copy()`
  out_tr[c] = s.astype(float)
/home/yarin.b/projects/excel_magic/vfd-agent/vfd/tabular.py:17: PerformanceWarning: DataFrame is highly fragmented.  This is usually the result of calling `frame.insert` many times, which has poor performance.  Consider joining all columns at once using pd.concat(axis=1) instead. To get a de-fragmented frame, use `newframe = frame.copy()`
  oo[c] = o[c].astype(float)
/home/yarin.b/projects/excel_magic/vfd-agent/vfd/tabular.py:15: PerformanceWarning: DataFrame is highly fragmented.  This is usually the result of calling `frame.insert` many times, which has poor performance.  Consider joining all columns at once using pd.concat(axis=1) instead. To get a de-fragmented frame, use `newframe = frame.copy()`
  out_tr[c] = s.astype(float)
/home/yarin.b/projects/excel_magic/vfd-agent/vfd/tabular.py:17: PerformanceWarning: DataFrame is highly fragmented.  This is usually the result of calling `frame.insert` many times, which has poor performance.  Consider joining all columns at once using pd.concat(axis=1) instead. To get a de-fragmented frame, use `newframe = frame.copy()`
  oo[c] = o[c].astype(float)
/home/yarin.b/projects/excel_magic/vfd-agent/vfd/tabular.py:15: PerformanceWarning: DataFrame is highly fragmented.  This is usually the result of calling `frame.insert` many times, which has poor performance.  Consider joining all columns at once using pd.concat(axis=1) instead. To get a de-fragmented frame, use `newframe = frame.copy()`
  out_tr[c] = s.astype(float)
/home/yarin.b/projects/excel_magic/vfd-agent/vfd/tabular.py:17: PerformanceWarning: DataFrame is highly fragmented.  This is usually the result of calling `frame.insert` many times, which has poor performance.  Consider joining all columns at once using pd.concat(axis=1) instead. To get a de-fragmented frame, use `newframe = frame.copy()`
  oo[c] = o[c].astype(float)
/home/yarin.b/projects/excel_magic/vfd-agent/vfd/tabular.py:15: PerformanceWarning: DataFrame is highly fragmented.  This is usually the result of calling `frame.insert` many times, which has poor performance.  Consider joining all columns at once using pd.concat(axis=1) instead. To get a de-fragmented frame, use `newframe = frame.copy()`
  out_tr[c] = s.astype(float)
/home/yarin.b/projects/excel_magic/vfd-agent/vfd/tabular.py:17: PerformanceWarning: DataFrame is highly fragmented.  This is usually the result of calling `frame.insert` many times, which has poor performance.  Consider joining all columns at once using pd.concat(axis=1) instead. To get a de-fragmented frame, use `newframe = frame.copy()`
  oo[c] = o[c].astype(float)
/home/yarin.b/projects/excel_magic/vfd-agent/vfd/tabular.py:15: PerformanceWarning: DataFrame is highly fragmented.  This is usually the result of calling `frame.insert` many times, which has poor performance.  Consider joining all columns at once using pd.concat(axis=1) instead. To get a de-fragmented frame, use `newframe = frame.copy()`
  out_tr[c] = s.astype(float)
/home/yarin.b/projects/excel_magic/vfd-agent/vfd/tabular.py:17: PerformanceWarning: DataFrame is highly fragmented.  This is usually the result of calling `frame.insert` many times, which has poor performance.  Consider joining all columns at once using pd.concat(axis=1) instead. To get a de-fragmented frame, use `newframe = frame.copy()`
  oo[c] = o[c].astype(float)
/home/yarin.b/projects/excel_magic/vfd-agent/vfd/tabular.py:15: PerformanceWarning: DataFrame is highly fragmented.  This is usually the result of calling `frame.insert` many times, which has poor performance.  Consider joining all columns at once using pd.concat(axis=1) instead. To get a de-fragmented frame, use `newframe = frame.copy()`
  out_tr[c] = s.astype(float)
/home/yarin.b/projects/excel_magic/vfd-agent/vfd/tabular.py:17: PerformanceWarning: DataFrame is highly fragmented.  This is usually the result of calling `frame.insert` many times, which has poor performance.  Consider joining all columns at once using pd.concat(axis=1) instead. To get a de-fragmented frame, use `newframe = frame.copy()`
  oo[c] = o[c].astype(float)
/home/yarin.b/projects/excel_magic/vfd-agent/vfd/tabular.py:15: PerformanceWarning: DataFrame is highly fragmented.  This is usually the result of calling `frame.insert` many times, which has poor performance.  Consider joining all columns at once using pd.concat(axis=1) instead. To get a de-fragmented frame, use `newframe = frame.copy()`
  out_tr[c] = s.astype(float)
/home/yarin.b/projects/excel_magic/vfd-agent/vfd/tabular.py:17: PerformanceWarning: DataFrame is highly fragmented.  This is usually the result of calling `frame.insert` many times, which has poor performance.  Consider joining all columns at once using pd.concat(axis=1) instead. To get a de-fragmented frame, use `newframe = frame.copy()`
  oo[c] = o[c].astype(float)
/home/yarin.b/projects/excel_magic/vfd-agent/vfd/tabular.py:15: PerformanceWarning: DataFrame is highly fragmented.  This is usually the result of calling `frame.insert` many times, which has poor performance.  Consider joining all columns at once using pd.concat(axis=1) instead. To get a de-fragmented frame, use `newframe = frame.copy()`
  out_tr[c] = s.astype(float)
/home/yarin.b/projects/excel_magic/vfd-agent/vfd/tabular.py:17: PerformanceWarning: DataFrame is highly fragmented.  This is usually the result of calling `frame.insert` many times, which has poor performance.  Consider joining all columns at once using pd.concat(axis=1) instead. To get a de-fragmented frame, use `newframe = frame.copy()`
  oo[c] = o[c].astype(float)
/home/yarin.b/projects/excel_magic/vfd-agent/vfd/tabular.py:15: PerformanceWarning: DataFrame is highly fragmented.  This is usually the result of calling `frame.insert` many times, which has poor performance.  Consider joining all columns at once using pd.concat(axis=1) instead. To get a de-fragmented frame, use `newframe = frame.copy()`
  out_tr[c] = s.astype(float)
/home/yarin.b/projects/excel_magic/vfd-agent/vfd/tabular.py:17: PerformanceWarning: DataFrame is highly fragmented.  This is usually the result of calling `frame.insert` many times, which has poor performance.  Consider joining all columns at once using pd.concat(axis=1) instead. To get a de-fragmented frame, use `newframe = frame.copy()`
  oo[c] = o[c].astype(float)
/home/yarin.b/projects/excel_magic/vfd-agent/vfd/tabular.py:15: PerformanceWarning: DataFrame is highly fragmented.  This is usually the result of calling `frame.insert` many times, which has poor performance.  Consider joining all columns at once using pd.concat(axis=1) instead. To get a de-fragmented frame, use `newframe = frame.copy()`
  out_tr[c] = s.astype(float)
/home/yarin.b/projects/excel_magic/vfd-agent/vfd/tabular.py:17: PerformanceWarning: DataFrame is highly fragmented.  This is usually the result of calling `frame.insert` many times, which has poor performance.  Consider joining all columns at once using pd.concat(axis=1) instead. To get a de-fragmented frame, use `newframe = frame.copy()`
  oo[c] = o[c].astype(float)
/home/yarin.b/projects/excel_magic/vfd-agent/vfd/tabular.py:15: PerformanceWarning: DataFrame is highly fragmented.  This is usually the result of calling `frame.insert` many times, which has poor performance.  Consider joining all columns at once using pd.concat(axis=1) instead. To get a de-fragmented frame, use `newframe = frame.copy()`
  out_tr[c] = s.astype(float)
/home/yarin.b/projects/excel_magic/vfd-agent/vfd/tabular.py:17: PerformanceWarning: DataFrame is highly fragmented.  This is usually the result of calling `frame.insert` many times, which has poor performance.  Consider joining all columns at once using pd.concat(axis=1) instead. To get a de-fragmented frame, use `newframe = frame.copy()`
  oo[c] = o[c].astype(float)
/home/yarin.b/projects/excel_magic/vfd-agent/vfd/tabular.py:15: PerformanceWarning: DataFrame is highly fragmented.  This is usually the result of calling `frame.insert` many times, which has poor performance.  Consider joining all columns at once using pd.concat(axis=1) instead. To get a de-fragmented frame, use `newframe = frame.copy()`
  out_tr[c] = s.astype(float)
/home/yarin.b/projects/excel_magic/vfd-agent/vfd/tabular.py:17: PerformanceWarning: DataFrame is highly fragmented.  This is usually the result of calling `frame.insert` many times, which has poor performance.  Consider joining all columns at once using pd.concat(axis=1) instead. To get a de-fragmented frame, use `newframe = frame.copy()`
  oo[c] = o[c].astype(float)
/home/yarin.b/projects/excel_magic/vfd-agent/vfd/tabular.py:15: PerformanceWarning: DataFrame is highly fragmented.  This is usually the result of calling `frame.insert` many times, which has poor performance.  Consider joining all columns at once using pd.concat(axis=1) instead. To get a de-fragmented frame, use `newframe = frame.copy()`
  out_tr[c] = s.astype(float)
/home/yarin.b/projects/excel_magic/vfd-agent/vfd/tabular.py:17: PerformanceWarning: DataFrame is highly fragmented.  This is usually the result of calling `frame.insert` many times, which has poor performance.  Consider joining all columns at once using pd.concat(axis=1) instead. To get a de-fragmented frame, use `newframe = frame.copy()`
  oo[c] = o[c].astype(float)
/home/yarin.b/projects/excel_magic/vfd-agent/vfd/tabular.py:15: PerformanceWarning: DataFrame is highly fragmented.  This is usually the result of calling `frame.insert` many times, which has poor performance.  Consider joining all columns at once using pd.concat(axis=1) instead. To get a de-fragmented frame, use `newframe = frame.copy()`
  out_tr[c] = s.astype(float)
/home/yarin.b/projects/excel_magic/vfd-agent/vfd/tabular.py:17: PerformanceWarning: DataFrame is highly fragmented.  This is usually the result of calling `frame.insert` many times, which has poor performance.  Consider joining all columns at once using pd.concat(axis=1) instead. To get a de-fragmented frame, use `newframe = frame.copy()`
  oo[c] = o[c].astype(float)
/home/yarin.b/projects/excel_magic/vfd-agent/vfd/tabular.py:15: PerformanceWarning: DataFrame is highly fragmented.  This is usually the result of calling `frame.insert` many times, which has poor performance.  Consider joining all columns at once using pd.concat(axis=1) instead. To get a de-fragmented frame, use `newframe = frame.copy()`
  out_tr[c] = s.astype(float)
/home/yarin.b/projects/excel_magic/vfd-agent/vfd/tabular.py:17: PerformanceWarning: DataFrame is highly fragmented.  This is usually the result of calling `frame.insert` many times, which has poor performance.  Consider joining all columns at once using pd.concat(axis=1) instead. To get a de-fragmented frame, use `newframe = frame.copy()`
  oo[c] = o[c].astype(float)
/home/yarin.b/projects/excel_magic/vfd-agent/vfd/tabular.py:15: PerformanceWarning: DataFrame is highly fragmented.  This is usually the result of calling `frame.insert` many times, which has poor performance.  Consider joining all columns at once using pd.concat(axis=1) instead. To get a de-fragmented frame, use `newframe = frame.copy()`
  out_tr[c] = s.astype(float)
/home/yarin.b/projects/excel_magic/vfd-agent/vfd/tabular.py:17: PerformanceWarning: DataFrame is highly fragmented.  This is usually the result of calling `frame.insert` many times, which has poor performance.  Consider joining all columns at once using pd.concat(axis=1) instead. To get a de-fragmented frame, use `newframe = frame.copy()`
  oo[c] = o[c].astype(float)
/home/yarin.b/projects/excel_magic/vfd-agent/vfd/tabular.py:15: PerformanceWarning: DataFrame is highly fragmented.  This is usually the result of calling `frame.insert` many times, which has poor performance.  Consider joining all columns at once using pd.concat(axis=1) instead. To get a de-fragmented frame, use `newframe = frame.copy()`
  out_tr[c] = s.astype(float)
/home/yarin.b/projects/excel_magic/vfd-agent/vfd/tabular.py:17: PerformanceWarning: DataFrame is highly fragmented.  This is usually the result of calling `frame.insert` many times, which has poor performance.  Consider joining all columns at once using pd.concat(axis=1) instead. To get a de-fragmented frame, use `newframe = frame.copy()`
  oo[c] = o[c].astype(float)
/home/yarin.b/projects/excel_magic/vfd-agent/vfd/tabular.py:15: PerformanceWarning: DataFrame is highly fragmented.  This is usually the result of calling `frame.insert` many times, which has poor performance.  Consider joining all columns at once using pd.concat(axis=1) instead. To get a de-fragmented frame, use `newframe = frame.copy()`
  out_tr[c] = s.astype(float)
/home/yarin.b/projects/excel_magic/vfd-agent/vfd/tabular.py:17: PerformanceWarning: DataFrame is highly fragmented.  This is usually the result of calling `frame.insert` many times, which has poor performance.  Consider joining all columns at once using pd.concat(axis=1) instead. To get a de-fragmented frame, use `newframe = frame.copy()`
  oo[c] = o[c].astype(float)
/home/yarin.b/projects/excel_magic/vfd-agent/vfd/tabular.py:15: PerformanceWarning: DataFrame is highly fragmented.  This is usually the result of calling `frame.insert` many times, which has poor performance.  Consider joining all columns at once using pd.concat(axis=1) instead. To get a de-fragmented frame, use `newframe = frame.copy()`
  out_tr[c] = s.astype(float)
/home/yarin.b/projects/excel_magic/vfd-agent/vfd/tabular.py:17: PerformanceWarning: DataFrame is highly fragmented.  This is usually the result of calling `frame.insert` many times, which has poor performance.  Consider joining all columns at once using pd.concat(axis=1) instead. To get a de-fragmented frame, use `newframe = frame.copy()`
  oo[c] = o[c].astype(float)
/home/yarin.b/projects/excel_magic/vfd-agent/vfd/tabular.py:15: PerformanceWarning: DataFrame is highly fragmented.  This is usually the result of calling `frame.insert` many times, which has poor performance.  Consider joining all columns at once using pd.concat(axis=1) instead. To get a de-fragmented frame, use `newframe = frame.copy()`
  out_tr[c] = s.astype(float)
/home/yarin.b/projects/excel_magic/vfd-agent/vfd/tabular.py:17: PerformanceWarning: DataFrame is highly fragmented.  This is usually the result of calling `frame.insert` many times, which has poor performance.  Consider joining all columns at once using pd.concat(axis=1) instead. To get a de-fragmented frame, use `newframe = frame.copy()`
  oo[c] = o[c].astype(float)
/home/yarin.b/projects/excel_magic/vfd-agent/vfd/tabular.py:15: PerformanceWarning: DataFrame is highly fragmented.  This is usually the result of calling `frame.insert` many times, which has poor performance.  Consider joining all columns at once using pd.concat(axis=1) instead. To get a de-fragmented frame, use `newframe = frame.copy()`
  out_tr[c] = s.astype(float)
/home/yarin.b/projects/excel_magic/vfd-agent/vfd/tabular.py:17: PerformanceWarning: DataFrame is highly fragmented.  This is usually the result of calling `frame.insert` many times, which has poor performance.  Consider joining all columns at once using pd.concat(axis=1) instead. To get a de-fragmented frame, use `newframe = frame.copy()`
  oo[c] = o[c].astype(float)
/home/yarin.b/projects/excel_magic/vfd-agent/vfd/tabular.py:15: PerformanceWarning: DataFrame is highly fragmented.  This is usually the result of calling `frame.insert` many times, which has poor performance.  Consider joining all columns at once using pd.concat(axis=1) instead. To get a de-fragmented frame, use `newframe = frame.copy()`
  out_tr[c] = s.astype(float)
/home/yarin.b/projects/excel_magic/vfd-agent/vfd/tabular.py:17: PerformanceWarning: DataFrame is highly fragmented.  This is usually the result of calling `frame.insert` many times, which has poor performance.  Consider joining all columns at once using pd.concat(axis=1) instead. To get a de-fragmented frame, use `newframe = frame.copy()`
  oo[c] = o[c].astype(float)
/home/yarin.b/projects/excel_magic/vfd-agent/vfd/tabular.py:15: PerformanceWarning: DataFrame is highly fragmented.  This is usually the result of calling `frame.insert` many times, which has poor performance.  Consider joining all columns at once using pd.concat(axis=1) instead. To get a de-fragmented frame, use `newframe = frame.copy()`
  out_tr[c] = s.astype(float)
/home/yarin.b/projects/excel_magic/vfd-agent/vfd/tabular.py:17: PerformanceWarning: DataFrame is highly fragmented.  This is usually the result of calling `frame.insert` many times, which has poor performance.  Consider joining all columns at once using pd.concat(axis=1) instead. To get a de-fragmented frame, use `newframe = frame.copy()`
  oo[c] = o[c].astype(float)
/home/yarin.b/projects/excel_magic/vfd-agent/vfd/tabular.py:15: PerformanceWarning: DataFrame is highly fragmented.  This is usually the result of calling `frame.insert` many times, which has poor performance.  Consider joining all columns at once using pd.concat(axis=1) instead. To get a de-fragmented frame, use `newframe = frame.copy()`
  out_tr[c] = s.astype(float)
/home/yarin.b/projects/excel_magic/vfd-agent/vfd/tabular.py:17: PerformanceWarning: DataFrame is highly fragmented.  This is usually the result of calling `frame.insert` many times, which has poor performance.  Consider joining all columns at once using pd.concat(axis=1) instead. To get a de-fragmented frame, use `newframe = frame.copy()`
  oo[c] = o[c].astype(float)
/home/yarin.b/projects/excel_magic/vfd-agent/vfd/tabular.py:15: PerformanceWarning: DataFrame is highly fragmented.  This is usually the result of calling `frame.insert` many times, which has poor performance.  Consider joining all columns at once using pd.concat(axis=1) instead. To get a de-fragmented frame, use `newframe = frame.copy()`
  out_tr[c] = s.astype(float)
/home/yarin.b/projects/excel_magic/vfd-agent/vfd/tabular.py:17: PerformanceWarning: DataFrame is highly fragmented.  This is usually the result of calling `frame.insert` many times, which has poor performance.  Consider joining all columns at once using pd.concat(axis=1) instead. To get a de-fragmented frame, use `newframe = frame.copy()`
  oo[c] = o[c].astype(float)
/home/yarin.b/projects/excel_magic/vfd-agent/vfd/tabular.py:15: PerformanceWarning: DataFrame is highly fragmented.  This is usually the result of calling `frame.insert` many times, which has poor performance.  Consider joining all columns at once using pd.concat(axis=1) instead. To get a de-fragmented frame, use `newframe = frame.copy()`
  out_tr[c] = s.astype(float)
/home/yarin.b/projects/excel_magic/vfd-agent/vfd/tabular.py:17: PerformanceWarning: DataFrame is highly fragmented.  This is usually the result of calling `frame.insert` many times, which has poor performance.  Consider joining all columns at once using pd.concat(axis=1) instead. To get a de-fragmented frame, use `newframe = frame.copy()`
  oo[c] = o[c].astype(float)
/home/yarin.b/projects/excel_magic/vfd-agent/vfd/tabular.py:15: PerformanceWarning: DataFrame is highly fragmented.  This is usually the result of calling `frame.insert` many times, which has poor performance.  Consider joining all columns at once using pd.concat(axis=1) instead. To get a de-fragmented frame, use `newframe = frame.copy()`
  out_tr[c] = s.astype(float)
/home/yarin.b/projects/excel_magic/vfd-agent/vfd/tabular.py:17: PerformanceWarning: DataFrame is highly fragmented.  This is usually the result of calling `frame.insert` many times, which has poor performance.  Consider joining all columns at once using pd.concat(axis=1) instead. To get a de-fragmented frame, use `newframe = frame.copy()`
  oo[c] = o[c].astype(float)
/home/yarin.b/projects/excel_magic/vfd-agent/vfd/tabular.py:15: PerformanceWarning: DataFrame is highly fragmented.  This is usually the result of calling `frame.insert` many times, which has poor performance.  Consider joining all columns at once using pd.concat(axis=1) instead. To get a de-fragmented frame, use `newframe = frame.copy()`
  out_tr[c] = s.astype(float)
/home/yarin.b/projects/excel_magic/vfd-agent/vfd/tabular.py:17: PerformanceWarning: DataFrame is highly fragmented.  This is usually the result of calling `frame.insert` many times, which has poor performance.  Consider joining all columns at once using pd.concat(axis=1) instead. To get a de-fragmented frame, use `newframe = frame.copy()`
  oo[c] = o[c].astype(float)
/home/yarin.b/projects/excel_magic/vfd-agent/vfd/tabular.py:15: PerformanceWarning: DataFrame is highly fragmented.  This is usually the result of calling `frame.insert` many times, which has poor performance.  Consider joining all columns at once using pd.concat(axis=1) instead. To get a de-fragmented frame, use `newframe = frame.copy()`
  out_tr[c] = s.astype(float)
/home/yarin.b/projects/excel_magic/vfd-agent/vfd/tabular.py:17: PerformanceWarning: DataFrame is highly fragmented.  This is usually the result of calling `frame.insert` many times, which has poor performance.  Consider joining all columns at once using pd.concat(axis=1) instead. To get a de-fragmented frame, use `newframe = frame.copy()`
  oo[c] = o[c].astype(float)
/home/yarin.b/projects/excel_magic/vfd-agent/vfd/tabular.py:15: PerformanceWarning: DataFrame is highly fragmented.  This is usually the result of calling `frame.insert` many times, which has poor performance.  Consider joining all columns at once using pd.concat(axis=1) instead. To get a de-fragmented frame, use `newframe = frame.copy()`
  out_tr[c] = s.astype(float)
/home/yarin.b/projects/excel_magic/vfd-agent/vfd/tabular.py:17: PerformanceWarning: DataFrame is highly fragmented.  This is usually the result of calling `frame.insert` many times, which has poor performance.  Consider joining all columns at once using pd.concat(axis=1) instead. To get a de-fragmented frame, use `newframe = frame.copy()`
  oo[c] = o[c].astype(float)
/home/yarin.b/projects/excel_magic/vfd-agent/vfd/tabular.py:15: PerformanceWarning: DataFrame is highly fragmented.  This is usually the result of calling `frame.insert` many times, which has poor performance.  Consider joining all columns at once using pd.concat(axis=1) instead. To get a de-fragmented frame, use `newframe = frame.copy()`
  out_tr[c] = s.astype(float)
/home/yarin.b/projects/excel_magic/vfd-agent/vfd/tabular.py:17: PerformanceWarning: DataFrame is highly fragmented.  This is usually the result of calling `frame.insert` many times, which has poor performance.  Consider joining all columns at once using pd.concat(axis=1) instead. To get a de-fragmented frame, use `newframe = frame.copy()`
  oo[c] = o[c].astype(float)
/home/yarin.b/projects/excel_magic/vfd-agent/vfd/tabular.py:15: PerformanceWarning: DataFrame is highly fragmented.  This is usually the result of calling `frame.insert` many times, which has poor performance.  Consider joining all columns at once using pd.concat(axis=1) instead. To get a de-fragmented frame, use `newframe = frame.copy()`
  out_tr[c] = s.astype(float)
/home/yarin.b/projects/excel_magic/vfd-agent/vfd/tabular.py:17: PerformanceWarning: DataFrame is highly fragmented.  This is usually the result of calling `frame.insert` many times, which has poor performance.  Consider joining all columns at once using pd.concat(axis=1) instead. To get a de-fragmented frame, use `newframe = frame.copy()`
  oo[c] = o[c].astype(float)
/home/yarin.b/projects/excel_magic/vfd-agent/vfd/tabular.py:15: PerformanceWarning: DataFrame is highly fragmented.  This is usually the result of calling `frame.insert` many times, which has poor performance.  Consider joining all columns at once using pd.concat(axis=1) instead. To get a de-fragmented frame, use `newframe = frame.copy()`
  out_tr[c] = s.astype(float)
/home/yarin.b/projects/excel_magic/vfd-agent/vfd/tabular.py:17: PerformanceWarning: DataFrame is highly fragmented.  This is usually the result of calling `frame.insert` many times, which has poor performance.  Consider joining all columns at once using pd.concat(axis=1) instead. To get a de-fragmented frame, use `newframe = frame.copy()`
  oo[c] = o[c].astype(float)
/home/yarin.b/projects/excel_magic/vfd-agent/vfd/tabular.py:15: PerformanceWarning: DataFrame is highly fragmented.  This is usually the result of calling `frame.insert` many times, which has poor performance.  Consider joining all columns at once using pd.concat(axis=1) instead. To get a de-fragmented frame, use `newframe = frame.copy()`
  out_tr[c] = s.astype(float)
/home/yarin.b/projects/excel_magic/vfd-agent/vfd/tabular.py:17: PerformanceWarning: DataFrame is highly fragmented.  This is usually the result of calling `frame.insert` many times, which has poor performance.  Consider joining all columns at once using pd.concat(axis=1) instead. To get a de-fragmented frame, use `newframe = frame.copy()`
  oo[c] = o[c].astype(float)
/home/yarin.b/projects/excel_magic/vfd-agent/vfd/tabular.py:15: PerformanceWarning: DataFrame is highly fragmented.  This is usually the result of calling `frame.insert` many times, which has poor performance.  Consider joining all columns at once using pd.concat(axis=1) instead. To get a de-fragmented frame, use `newframe = frame.copy()`
  out_tr[c] = s.astype(float)
/home/yarin.b/projects/excel_magic/vfd-agent/vfd/tabular.py:17: PerformanceWarning: DataFrame is highly fragmented.  This is usually the result of calling `frame.insert` many times, which has poor performance.  Consider joining all columns at once using pd.concat(axis=1) instead. To get a de-fragmented frame, use `newframe = frame.copy()`
  oo[c] = o[c].astype(float)
/home/yarin.b/projects/excel_magic/vfd-agent/vfd/tabular.py:15: PerformanceWarning: DataFrame is highly fragmented.  This is usually the result of calling `frame.insert` many times, which has poor performance.  Consider joining all columns at once using pd.concat(axis=1) instead. To get a de-fragmented frame, use `newframe = frame.copy()`
  out_tr[c] = s.astype(float)
/home/yarin.b/projects/excel_magic/vfd-agent/vfd/tabular.py:17: PerformanceWarning: DataFrame is highly fragmented.  This is usually the result of calling `frame.insert` many times, which has poor performance.  Consider joining all columns at once using pd.concat(axis=1) instead. To get a de-fragmented frame, use `newframe = frame.copy()`
  oo[c] = o[c].astype(float)
/home/yarin.b/projects/excel_magic/vfd-agent/vfd/tabular.py:15: PerformanceWarning: DataFrame is highly fragmented.  This is usually the result of calling `frame.insert` many times, which has poor performance.  Consider joining all columns at once using pd.concat(axis=1) instead. To get a de-fragmented frame, use `newframe = frame.copy()`
  out_tr[c] = s.astype(float)
/home/yarin.b/projects/excel_magic/vfd-agent/vfd/tabular.py:17: PerformanceWarning: DataFrame is highly fragmented.  This is usually the result of calling `frame.insert` many times, which has poor performance.  Consider joining all columns at once using pd.concat(axis=1) instead. To get a de-fragmented frame, use `newframe = frame.copy()`
  oo[c] = o[c].astype(float)
/home/yarin.b/projects/excel_magic/vfd-agent/vfd/tabular.py:15: PerformanceWarning: DataFrame is highly fragmented.  This is usually the result of calling `frame.insert` many times, which has poor performance.  Consider joining all columns at once using pd.concat(axis=1) instead. To get a de-fragmented frame, use `newframe = frame.copy()`
  out_tr[c] = s.astype(float)
/home/yarin.b/projects/excel_magic/vfd-agent/vfd/tabular.py:17: PerformanceWarning: DataFrame is highly fragmented.  This is usually the result of calling `frame.insert` many times, which has poor performance.  Consider joining all columns at once using pd.concat(axis=1) instead. To get a de-fragmented frame, use `newframe = frame.copy()`
  oo[c] = o[c].astype(float)
/home/yarin.b/projects/excel_magic/vfd-agent/vfd/tabular.py:15: PerformanceWarning: DataFrame is highly fragmented.  This is usually the result of calling `frame.insert` many times, which has poor performance.  Consider joining all columns at once using pd.concat(axis=1) instead. To get a de-fragmented frame, use `newframe = frame.copy()`
  out_tr[c] = s.astype(float)
/home/yarin.b/projects/excel_magic/vfd-agent/vfd/tabular.py:17: PerformanceWarning: DataFrame is highly fragmented.  This is usually the result of calling `frame.insert` many times, which has poor performance.  Consider joining all columns at once using pd.concat(axis=1) instead. To get a de-fragmented frame, use `newframe = frame.copy()`
  oo[c] = o[c].astype(float)
/home/yarin.b/projects/excel_magic/vfd-agent/vfd/tabular.py:15: PerformanceWarning: DataFrame is highly fragmented.  This is usually the result of calling `frame.insert` many times, which has poor performance.  Consider joining all columns at once using pd.concat(axis=1) instead. To get a de-fragmented frame, use `newframe = frame.copy()`
  out_tr[c] = s.astype(float)
/home/yarin.b/projects/excel_magic/vfd-agent/vfd/tabular.py:17: PerformanceWarning: DataFrame is highly fragmented.  This is usually the result of calling `frame.insert` many times, which has poor performance.  Consider joining all columns at once using pd.concat(axis=1) instead. To get a de-fragmented frame, use `newframe = frame.copy()`
  oo[c] = o[c].astype(float)
/home/yarin.b/projects/excel_magic/vfd-agent/vfd/tabular.py:15: PerformanceWarning: DataFrame is highly fragmented.  This is usually the result of calling `frame.insert` many times, which has poor performance.  Consider joining all columns at once using pd.concat(axis=1) instead. To get a de-fragmented frame, use `newframe = frame.copy()`
  out_tr[c] = s.astype(float)
/home/yarin.b/projects/excel_magic/vfd-agent/vfd/tabular.py:17: PerformanceWarning: DataFrame is highly fragmented.  This is usually the result of calling `frame.insert` many times, which has poor performance.  Consider joining all columns at once using pd.concat(axis=1) instead. To get a de-fragmented frame, use `newframe = frame.copy()`
  oo[c] = o[c].astype(float)
/home/yarin.b/projects/excel_magic/vfd-agent/vfd/tabular.py:15: PerformanceWarning: DataFrame is highly fragmented.  This is usually the result of calling `frame.insert` many times, which has poor performance.  Consider joining all columns at once using pd.concat(axis=1) instead. To get a de-fragmented frame, use `newframe = frame.copy()`
  out_tr[c] = s.astype(float)
/home/yarin.b/projects/excel_magic/vfd-agent/vfd/tabular.py:17: PerformanceWarning: DataFrame is highly fragmented.  This is usually the result of calling `frame.insert` many times, which has poor performance.  Consider joining all columns at once using pd.concat(axis=1) instead. To get a de-fragmented frame, use `newframe = frame.copy()`
  oo[c] = o[c].astype(float)
/home/yarin.b/projects/excel_magic/vfd-agent/vfd/tabular.py:15: PerformanceWarning: DataFrame is highly fragmented.  This is usually the result of calling `frame.insert` many times, which has poor performance.  Consider joining all columns at once using pd.concat(axis=1) instead. To get a de-fragmented frame, use `newframe = frame.copy()`
  out_tr[c] = s.astype(float)
/home/yarin.b/projects/excel_magic/vfd-agent/vfd/tabular.py:17: PerformanceWarning: DataFrame is highly fragmented.  This is usually the result of calling `frame.insert` many times, which has poor performance.  Consider joining all columns at once using pd.concat(axis=1) instead. To get a de-fragmented frame, use `newframe = frame.copy()`
  oo[c] = o[c].astype(float)
/home/yarin.b/projects/excel_magic/vfd-agent/vfd/tabular.py:15: PerformanceWarning: DataFrame is highly fragmented.  This is usually the result of calling `frame.insert` many times, which has poor performance.  Consider joining all columns at once using pd.concat(axis=1) instead. To get a de-fragmented frame, use `newframe = frame.copy()`
  out_tr[c] = s.astype(float)
/home/yarin.b/projects/excel_magic/vfd-agent/vfd/tabular.py:17: PerformanceWarning: DataFrame is highly fragmented.  This is usually the result of calling `frame.insert` many times, which has poor performance.  Consider joining all columns at once using pd.concat(axis=1) instead. To get a de-fragmented frame, use `newframe = frame.copy()`
  oo[c] = o[c].astype(float)
/home/yarin.b/projects/excel_magic/vfd-agent/vfd/tabular.py:15: PerformanceWarning: DataFrame is highly fragmented.  This is usually the result of calling `frame.insert` many times, which has poor performance.  Consider joining all columns at once using pd.concat(axis=1) instead. To get a de-fragmented frame, use `newframe = frame.copy()`
  out_tr[c] = s.astype(float)
/home/yarin.b/projects/excel_magic/vfd-agent/vfd/tabular.py:17: PerformanceWarning: DataFrame is highly fragmented.  This is usually the result of calling `frame.insert` many times, which has poor performance.  Consider joining all columns at once using pd.concat(axis=1) instead. To get a de-fragmented frame, use `newframe = frame.copy()`
  oo[c] = o[c].astype(float)
/home/yarin.b/projects/excel_magic/vfd-agent/vfd/tabular.py:15: PerformanceWarning: DataFrame is highly fragmented.  This is usually the result of calling `frame.insert` many times, which has poor performance.  Consider joining all columns at once using pd.concat(axis=1) instead. To get a de-fragmented frame, use `newframe = frame.copy()`
  out_tr[c] = s.astype(float)
/home/yarin.b/projects/excel_magic/vfd-agent/vfd/tabular.py:17: PerformanceWarning: DataFrame is highly fragmented.  This is usually the result of calling `frame.insert` many times, which has poor performance.  Consider joining all columns at once using pd.concat(axis=1) instead. To get a de-fragmented frame, use `newframe = frame.copy()`
  oo[c] = o[c].astype(float)
/home/yarin.b/projects/excel_magic/vfd-agent/vfd/tabular.py:15: PerformanceWarning: DataFrame is highly fragmented.  This is usually the result of calling `frame.insert` many times, which has poor performance.  Consider joining all columns at once using pd.concat(axis=1) instead. To get a de-fragmented frame, use `newframe = frame.copy()`
  out_tr[c] = s.astype(float)
/home/yarin.b/projects/excel_magic/vfd-agent/vfd/tabular.py:17: PerformanceWarning: DataFrame is highly fragmented.  This is usually the result of calling `frame.insert` many times, which has poor performance.  Consider joining all columns at once using pd.concat(axis=1) instead. To get a de-fragmented frame, use `newframe = frame.copy()`
  oo[c] = o[c].astype(float)
/home/yarin.b/projects/excel_magic/vfd-agent/vfd/tabular.py:15: PerformanceWarning: DataFrame is highly fragmented.  This is usually the result of calling `frame.insert` many times, which has poor performance.  Consider joining all columns at once using pd.concat(axis=1) instead. To get a de-fragmented frame, use `newframe = frame.copy()`
  out_tr[c] = s.astype(float)
/home/yarin.b/projects/excel_magic/vfd-agent/vfd/tabular.py:17: PerformanceWarning: DataFrame is highly fragmented.  This is usually the result of calling `frame.insert` many times, which has poor performance.  Consider joining all columns at once using pd.concat(axis=1) instead. To get a de-fragmented frame, use `newframe = frame.copy()`
  oo[c] = o[c].astype(float)
/home/yarin.b/projects/excel_magic/vfd-agent/vfd/tabular.py:15: PerformanceWarning: DataFrame is highly fragmented.  This is usually the result of calling `frame.insert` many times, which has poor performance.  Consider joining all columns at once using pd.concat(axis=1) instead. To get a de-fragmented frame, use `newframe = frame.copy()`
  out_tr[c] = s.astype(float)
/home/yarin.b/projects/excel_magic/vfd-agent/vfd/tabular.py:17: PerformanceWarning: DataFrame is highly fragmented.  This is usually the result of calling `frame.insert` many times, which has poor performance.  Consider joining all columns at once using pd.concat(axis=1) instead. To get a de-fragmented frame, use `newframe = frame.copy()`
  oo[c] = o[c].astype(float)
/home/yarin.b/projects/excel_magic/vfd-agent/vfd/tabular.py:15: PerformanceWarning: DataFrame is highly fragmented.  This is usually the result of calling `frame.insert` many times, which has poor performance.  Consider joining all columns at once using pd.concat(axis=1) instead. To get a de-fragmented frame, use `newframe = frame.copy()`
  out_tr[c] = s.astype(float)
/home/yarin.b/projects/excel_magic/vfd-agent/vfd/tabular.py:17: PerformanceWarning: DataFrame is highly fragmented.  This is usually the result of calling `frame.insert` many times, which has poor performance.  Consider joining all columns at once using pd.concat(axis=1) instead. To get a de-fragmented frame, use `newframe = frame.copy()`
  oo[c] = o[c].astype(float)
/home/yarin.b/projects/excel_magic/vfd-agent/vfd/tabular.py:15: PerformanceWarning: DataFrame is highly fragmented.  This is usually the result of calling `frame.insert` many times, which has poor performance.  Consider joining all columns at once using pd.concat(axis=1) instead. To get a de-fragmented frame, use `newframe = frame.copy()`
  out_tr[c] = s.astype(float)
/home/yarin.b/projects/excel_magic/vfd-agent/vfd/tabular.py:17: PerformanceWarning: DataFrame is highly fragmented.  This is usually the result of calling `frame.insert` many times, which has poor performance.  Consider joining all columns at once using pd.concat(axis=1) instead. To get a de-fragmented frame, use `newframe = frame.copy()`
  oo[c] = o[c].astype(float)
/home/yarin.b/projects/excel_magic/vfd-agent/vfd/tabular.py:15: PerformanceWarning: DataFrame is highly fragmented.  This is usually the result of calling `frame.insert` many times, which has poor performance.  Consider joining all columns at once using pd.concat(axis=1) instead. To get a de-fragmented frame, use `newframe = frame.copy()`
  out_tr[c] = s.astype(float)
/home/yarin.b/projects/excel_magic/vfd-agent/vfd/tabular.py:17: PerformanceWarning: DataFrame is highly fragmented.  This is usually the result of calling `frame.insert` many times, which has poor performance.  Consider joining all columns at once using pd.concat(axis=1) instead. To get a de-fragmented frame, use `newframe = frame.copy()`
  oo[c] = o[c].astype(float)
/home/yarin.b/projects/excel_magic/vfd-agent/vfd/tabular.py:15: PerformanceWarning: DataFrame is highly fragmented.  This is usually the result of calling `frame.insert` many times, which has poor performance.  Consider joining all columns at once using pd.concat(axis=1) instead. To get a de-fragmented frame, use `newframe = frame.copy()`
  out_tr[c] = s.astype(float)
/home/yarin.b/projects/excel_magic/vfd-agent/vfd/tabular.py:17: PerformanceWarning: DataFrame is highly fragmented.  This is usually the result of calling `frame.insert` many times, which has poor performance.  Consider joining all columns at once using pd.concat(axis=1) instead. To get a de-fragmented frame, use `newframe = frame.copy()`
  oo[c] = o[c].astype(float)
/home/yarin.b/projects/excel_magic/vfd-agent/vfd/tabular.py:15: PerformanceWarning: DataFrame is highly fragmented.  This is usually the result of calling `frame.insert` many times, which has poor performance.  Consider joining all columns at once using pd.concat(axis=1) instead. To get a de-fragmented frame, use `newframe = frame.copy()`
  out_tr[c] = s.astype(float)
/home/yarin.b/projects/excel_magic/vfd-agent/vfd/tabular.py:17: PerformanceWarning: DataFrame is highly fragmented.  This is usually the result of calling `frame.insert` many times, which has poor performance.  Consider joining all columns at once using pd.concat(axis=1) instead. To get a de-fragmented frame, use `newframe = frame.copy()`
  oo[c] = o[c].astype(float)
/home/yarin.b/projects/excel_magic/vfd-agent/vfd/tabular.py:15: PerformanceWarning: DataFrame is highly fragmented.  This is usually the result of calling `frame.insert` many times, which has poor performance.  Consider joining all columns at once using pd.concat(axis=1) instead. To get a de-fragmented frame, use `newframe = frame.copy()`
  out_tr[c] = s.astype(float)
/home/yarin.b/projects/excel_magic/vfd-agent/vfd/tabular.py:17: PerformanceWarning: DataFrame is highly fragmented.  This is usually the result of calling `frame.insert` many times, which has poor performance.  Consider joining all columns at once using pd.concat(axis=1) instead. To get a de-fragmented frame, use `newframe = frame.copy()`
  oo[c] = o[c].astype(float)
/home/yarin.b/projects/excel_magic/vfd-agent/vfd/tabular.py:15: PerformanceWarning: DataFrame is highly fragmented.  This is usually the result of calling `frame.insert` many times, which has poor performance.  Consider joining all columns at once using pd.concat(axis=1) instead. To get a de-fragmented frame, use `newframe = frame.copy()`
  out_tr[c] = s.astype(float)
/home/yarin.b/projects/excel_magic/vfd-agent/vfd/tabular.py:17: PerformanceWarning: DataFrame is highly fragmented.  This is usually the result of calling `frame.insert` many times, which has poor performance.  Consider joining all columns at once using pd.concat(axis=1) instead. To get a de-fragmented frame, use `newframe = frame.copy()`
  oo[c] = o[c].astype(float)
/home/yarin.b/projects/excel_magic/vfd-agent/vfd/tabular.py:15: PerformanceWarning: DataFrame is highly fragmented.  This is usually the result of calling `frame.insert` many times, which has poor performance.  Consider joining all columns at once using pd.concat(axis=1) instead. To get a de-fragmented frame, use `newframe = frame.copy()`
  out_tr[c] = s.astype(float)
/home/yarin.b/projects/excel_magic/vfd-agent/vfd/tabular.py:17: PerformanceWarning: DataFrame is highly fragmented.  This is usually the result of calling `frame.insert` many times, which has poor performance.  Consider joining all columns at once using pd.concat(axis=1) instead. To get a de-fragmented frame, use `newframe = frame.copy()`
  oo[c] = o[c].astype(float)
/home/yarin.b/projects/excel_magic/vfd-agent/vfd/tabular.py:15: PerformanceWarning: DataFrame is highly fragmented.  This is usually the result of calling `frame.insert` many times, which has poor performance.  Consider joining all columns at once using pd.concat(axis=1) instead. To get a de-fragmented frame, use `newframe = frame.copy()`
  out_tr[c] = s.astype(float)
/home/yarin.b/projects/excel_magic/vfd-agent/vfd/tabular.py:17: PerformanceWarning: DataFrame is highly fragmented.  This is usually the result of calling `frame.insert` many times, which has poor performance.  Consider joining all columns at once using pd.concat(axis=1) instead. To get a de-fragmented frame, use `newframe = frame.copy()`
  oo[c] = o[c].astype(float)
/home/yarin.b/projects/excel_magic/vfd-agent/vfd/tabular.py:15: PerformanceWarning: DataFrame is highly fragmented.  This is usually the result of calling `frame.insert` many times, which has poor performance.  Consider joining all columns at once using pd.concat(axis=1) instead. To get a de-fragmented frame, use `newframe = frame.copy()`
  out_tr[c] = s.astype(float)
/home/yarin.b/projects/excel_magic/vfd-agent/vfd/tabular.py:17: PerformanceWarning: DataFrame is highly fragmented.  This is usually the result of calling `frame.insert` many times, which has poor performance.  Consider joining all columns at once using pd.concat(axis=1) instead. To get a de-fragmented frame, use `newframe = frame.copy()`
  oo[c] = o[c].astype(float)
/home/yarin.b/projects/excel_magic/vfd-agent/vfd/tabular.py:15: PerformanceWarning: DataFrame is highly fragmented.  This is usually the result of calling `frame.insert` many times, which has poor performance.  Consider joining all columns at once using pd.concat(axis=1) instead. To get a de-fragmented frame, use `newframe = frame.copy()`
  out_tr[c] = s.astype(float)
/home/yarin.b/projects/excel_magic/vfd-agent/vfd/tabular.py:17: PerformanceWarning: DataFrame is highly fragmented.  This is usually the result of calling `frame.insert` many times, which has poor performance.  Consider joining all columns at once using pd.concat(axis=1) instead. To get a de-fragmented frame, use `newframe = frame.copy()`
  oo[c] = o[c].astype(float)
/home/yarin.b/projects/excel_magic/vfd-agent/vfd/tabular.py:15: PerformanceWarning: DataFrame is highly fragmented.  This is usually the result of calling `frame.insert` many times, which has poor performance.  Consider joining all columns at once using pd.concat(axis=1) instead. To get a de-fragmented frame, use `newframe = frame.copy()`
  out_tr[c] = s.astype(float)
/home/yarin.b/projects/excel_magic/vfd-agent/vfd/tabular.py:17: PerformanceWarning: DataFrame is highly fragmented.  This is usually the result of calling `frame.insert` many times, which has poor performance.  Consider joining all columns at once using pd.concat(axis=1) instead. To get a de-fragmented frame, use `newframe = frame.copy()`
  oo[c] = o[c].astype(float)
/home/yarin.b/projects/excel_magic/vfd-agent/vfd/tabular.py:15: PerformanceWarning: DataFrame is highly fragmented.  This is usually the result of calling `frame.insert` many times, which has poor performance.  Consider joining all columns at once using pd.concat(axis=1) instead. To get a de-fragmented frame, use `newframe = frame.copy()`
  out_tr[c] = s.astype(float)
/home/yarin.b/projects/excel_magic/vfd-agent/vfd/tabular.py:17: PerformanceWarning: DataFrame is highly fragmented.  This is usually the result of calling `frame.insert` many times, which has poor performance.  Consider joining all columns at once using pd.concat(axis=1) instead. To get a de-fragmented frame, use `newframe = frame.copy()`
  oo[c] = o[c].astype(float)
/home/yarin.b/projects/excel_magic/vfd-agent/vfd/tabular.py:15: PerformanceWarning: DataFrame is highly fragmented.  This is usually the result of calling `frame.insert` many times, which has poor performance.  Consider joining all columns at once using pd.concat(axis=1) instead. To get a de-fragmented frame, use `newframe = frame.copy()`
  out_tr[c] = s.astype(float)
/home/yarin.b/projects/excel_magic/vfd-agent/vfd/tabular.py:17: PerformanceWarning: DataFrame is highly fragmented.  This is usually the result of calling `frame.insert` many times, which has poor performance.  Consider joining all columns at once using pd.concat(axis=1) instead. To get a de-fragmented frame, use `newframe = frame.copy()`
  oo[c] = o[c].astype(float)
/home/yarin.b/projects/excel_magic/vfd-agent/vfd/tabular.py:15: PerformanceWarning: DataFrame is highly fragmented.  This is usually the result of calling `frame.insert` many times, which has poor performance.  Consider joining all columns at once using pd.concat(axis=1) instead. To get a de-fragmented frame, use `newframe = frame.copy()`
  out_tr[c] = s.astype(float)
/home/yarin.b/projects/excel_magic/vfd-agent/vfd/tabular.py:17: PerformanceWarning: DataFrame is highly fragmented.  This is usually the result of calling `frame.insert` many times, which has poor performance.  Consider joining all columns at once using pd.concat(axis=1) instead. To get a de-fragmented frame, use `newframe = frame.copy()`
  oo[c] = o[c].astype(float)
/home/yarin.b/projects/excel_magic/vfd-agent/vfd/tabular.py:15: PerformanceWarning: DataFrame is highly fragmented.  This is usually the result of calling `frame.insert` many times, which has poor performance.  Consider joining all columns at once using pd.concat(axis=1) instead. To get a de-fragmented frame, use `newframe = frame.copy()`
  out_tr[c] = s.astype(float)
/home/yarin.b/projects/excel_magic/vfd-agent/vfd/tabular.py:17: PerformanceWarning: DataFrame is highly fragmented.  This is usually the result of calling `frame.insert` many times, which has poor performance.  Consider joining all columns at once using pd.concat(axis=1) instead. To get a de-fragmented frame, use `newframe = frame.copy()`
  oo[c] = o[c].astype(float)
/home/yarin.b/projects/excel_magic/vfd-agent/vfd/tabular.py:15: PerformanceWarning: DataFrame is highly fragmented.  This is usually the result of calling `frame.insert` many times, which has poor performance.  Consider joining all columns at once using pd.concat(axis=1) instead. To get a de-fragmented frame, use `newframe = frame.copy()`
  out_tr[c] = s.astype(float)
/home/yarin.b/projects/excel_magic/vfd-agent/vfd/tabular.py:17: PerformanceWarning: DataFrame is highly fragmented.  This is usually the result of calling `frame.insert` many times, which has poor performance.  Consider joining all columns at once using pd.concat(axis=1) instead. To get a de-fragmented frame, use `newframe = frame.copy()`
  oo[c] = o[c].astype(float)
/home/yarin.b/projects/excel_magic/vfd-agent/vfd/tabular.py:15: PerformanceWarning: DataFrame is highly fragmented.  This is usually the result of calling `frame.insert` many times, which has poor performance.  Consider joining all columns at once using pd.concat(axis=1) instead. To get a de-fragmented frame, use `newframe = frame.copy()`
  out_tr[c] = s.astype(float)
/home/yarin.b/projects/excel_magic/vfd-agent/vfd/tabular.py:17: PerformanceWarning: DataFrame is highly fragmented.  This is usually the result of calling `frame.insert` many times, which has poor performance.  Consider joining all columns at once using pd.concat(axis=1) instead. To get a de-fragmented frame, use `newframe = frame.copy()`
  oo[c] = o[c].astype(float)
/home/yarin.b/projects/excel_magic/vfd-agent/vfd/tabular.py:15: PerformanceWarning: DataFrame is highly fragmented.  This is usually the result of calling `frame.insert` many times, which has poor performance.  Consider joining all columns at once using pd.concat(axis=1) instead. To get a de-fragmented frame, use `newframe = frame.copy()`
  out_tr[c] = s.astype(float)
/home/yarin.b/projects/excel_magic/vfd-agent/vfd/tabular.py:17: PerformanceWarning: DataFrame is highly fragmented.  This is usually the result of calling `frame.insert` many times, which has poor performance.  Consider joining all columns at once using pd.concat(axis=1) instead. To get a de-fragmented frame, use `newframe = frame.copy()`
  oo[c] = o[c].astype(float)
/home/yarin.b/projects/excel_magic/vfd-agent/vfd/tabular.py:15: PerformanceWarning: DataFrame is highly fragmented.  This is usually the result of calling `frame.insert` many times, which has poor performance.  Consider joining all columns at once using pd.concat(axis=1) instead. To get a de-fragmented frame, use `newframe = frame.copy()`
  out_tr[c] = s.astype(float)
/home/yarin.b/projects/excel_magic/vfd-agent/vfd/tabular.py:17: PerformanceWarning: DataFrame is highly fragmented.  This is usually the result of calling `frame.insert` many times, which has poor performance.  Consider joining all columns at once using pd.concat(axis=1) instead. To get a de-fragmented frame, use `newframe = frame.copy()`
  oo[c] = o[c].astype(float)
/home/yarin.b/projects/excel_magic/vfd-agent/vfd/tabular.py:15: PerformanceWarning: DataFrame is highly fragmented.  This is usually the result of calling `frame.insert` many times, which has poor performance.  Consider joining all columns at once using pd.concat(axis=1) instead. To get a de-fragmented frame, use `newframe = frame.copy()`
  out_tr[c] = s.astype(float)
/home/yarin.b/projects/excel_magic/vfd-agent/vfd/tabular.py:17: PerformanceWarning: DataFrame is highly fragmented.  This is usually the result of calling `frame.insert` many times, which has poor performance.  Consider joining all columns at once using pd.concat(axis=1) instead. To get a de-fragmented frame, use `newframe = frame.copy()`
  oo[c] = o[c].astype(float)
/home/yarin.b/projects/excel_magic/vfd-agent/vfd/tabular.py:15: PerformanceWarning: DataFrame is highly fragmented.  This is usually the result of calling `frame.insert` many times, which has poor performance.  Consider joining all columns at once using pd.concat(axis=1) instead. To get a de-fragmented frame, use `newframe = frame.copy()`
  out_tr[c] = s.astype(float)
/home/yarin.b/projects/excel_magic/vfd-agent/vfd/tabular.py:17: PerformanceWarning: DataFrame is highly fragmented.  This is usually the result of calling `frame.insert` many times, which has poor performance.  Consider joining all columns at once using pd.concat(axis=1) instead. To get a de-fragmented frame, use `newframe = frame.copy()`
  oo[c] = o[c].astype(float)
/home/yarin.b/projects/excel_magic/vfd-agent/vfd/tabular.py:15: PerformanceWarning: DataFrame is highly fragmented.  This is usually the result of calling `frame.insert` many times, which has poor performance.  Consider joining all columns at once using pd.concat(axis=1) instead. To get a de-fragmented frame, use `newframe = frame.copy()`
  out_tr[c] = s.astype(float)
/home/yarin.b/projects/excel_magic/vfd-agent/vfd/tabular.py:17: PerformanceWarning: DataFrame is highly fragmented.  This is usually the result of calling `frame.insert` many times, which has poor performance.  Consider joining all columns at once using pd.concat(axis=1) instead. To get a de-fragmented frame, use `newframe = frame.copy()`
  oo[c] = o[c].astype(float)
/home/yarin.b/projects/excel_magic/vfd-agent/vfd/tabular.py:15: PerformanceWarning: DataFrame is highly fragmented.  This is usually the result of calling `frame.insert` many times, which has poor performance.  Consider joining all columns at once using pd.concat(axis=1) instead. To get a de-fragmented frame, use `newframe = frame.copy()`
  out_tr[c] = s.astype(float)
/home/yarin.b/projects/excel_magic/vfd-agent/vfd/tabular.py:17: PerformanceWarning: DataFrame is highly fragmented.  This is usually the result of calling `frame.insert` many times, which has poor performance.  Consider joining all columns at once using pd.concat(axis=1) instead. To get a de-fragmented frame, use `newframe = frame.copy()`
  oo[c] = o[c].astype(float)
/home/yarin.b/projects/excel_magic/vfd-agent/vfd/tabular.py:15: PerformanceWarning: DataFrame is highly fragmented.  This is usually the result of calling `frame.insert` many times, which has poor performance.  Consider joining all columns at once using pd.concat(axis=1) instead. To get a de-fragmented frame, use `newframe = frame.copy()`
  out_tr[c] = s.astype(float)
/home/yarin.b/projects/excel_magic/vfd-agent/vfd/tabular.py:17: PerformanceWarning: DataFrame is highly fragmented.  This is usually the result of calling `frame.insert` many times, which has poor performance.  Consider joining all columns at once using pd.concat(axis=1) instead. To get a de-fragmented frame, use `newframe = frame.copy()`
  oo[c] = o[c].astype(float)
/home/yarin.b/projects/excel_magic/vfd-agent/vfd/tabular.py:15: PerformanceWarning: DataFrame is highly fragmented.  This is usually the result of calling `frame.insert` many times, which has poor performance.  Consider joining all columns at once using pd.concat(axis=1) instead. To get a de-fragmented frame, use `newframe = frame.copy()`
  out_tr[c] = s.astype(float)
/home/yarin.b/projects/excel_magic/vfd-agent/vfd/tabular.py:17: PerformanceWarning: DataFrame is highly fragmented.  This is usually the result of calling `frame.insert` many times, which has poor performance.  Consider joining all columns at once using pd.concat(axis=1) instead. To get a de-fragmented frame, use `newframe = frame.copy()`
  oo[c] = o[c].astype(float)
/home/yarin.b/projects/excel_magic/vfd-agent/vfd/tabular.py:15: PerformanceWarning: DataFrame is highly fragmented.  This is usually the result of calling `frame.insert` many times, which has poor performance.  Consider joining all columns at once using pd.concat(axis=1) instead. To get a de-fragmented frame, use `newframe = frame.copy()`
  out_tr[c] = s.astype(float)
/home/yarin.b/projects/excel_magic/vfd-agent/vfd/tabular.py:17: PerformanceWarning: DataFrame is highly fragmented.  This is usually the result of calling `frame.insert` many times, which has poor performance.  Consider joining all columns at once using pd.concat(axis=1) instead. To get a de-fragmented frame, use `newframe = frame.copy()`
  oo[c] = o[c].astype(float)
/home/yarin.b/projects/excel_magic/vfd-agent/vfd/tabular.py:15: PerformanceWarning: DataFrame is highly fragmented.  This is usually the result of calling `frame.insert` many times, which has poor performance.  Consider joining all columns at once using pd.concat(axis=1) instead. To get a de-fragmented frame, use `newframe = frame.copy()`
  out_tr[c] = s.astype(float)
/home/yarin.b/projects/excel_magic/vfd-agent/vfd/tabular.py:17: PerformanceWarning: DataFrame is highly fragmented.  This is usually the result of calling `frame.insert` many times, which has poor performance.  Consider joining all columns at once using pd.concat(axis=1) instead. To get a de-fragmented frame, use `newframe = frame.copy()`
  oo[c] = o[c].astype(float)
/home/yarin.b/projects/excel_magic/vfd-agent/vfd/tabular.py:15: PerformanceWarning: DataFrame is highly fragmented.  This is usually the result of calling `frame.insert` many times, which has poor performance.  Consider joining all columns at once using pd.concat(axis=1) instead. To get a de-fragmented frame, use `newframe = frame.copy()`
  out_tr[c] = s.astype(float)
/home/yarin.b/projects/excel_magic/vfd-agent/vfd/tabular.py:17: PerformanceWarning: DataFrame is highly fragmented.  This is usually the result of calling `frame.insert` many times, which has poor performance.  Consider joining all columns at once using pd.concat(axis=1) instead. To get a de-fragmented frame, use `newframe = frame.copy()`
  oo[c] = o[c].astype(float)
/home/yarin.b/projects/excel_magic/vfd-agent/vfd/tabular.py:15: PerformanceWarning: DataFrame is highly fragmented.  This is usually the result of calling `frame.insert` many times, which has poor performance.  Consider joining all columns at once using pd.concat(axis=1) instead. To get a de-fragmented frame, use `newframe = frame.copy()`
  out_tr[c] = s.astype(float)
/home/yarin.b/projects/excel_magic/vfd-agent/vfd/tabular.py:17: PerformanceWarning: DataFrame is highly fragmented.  This is usually the result of calling `frame.insert` many times, which has poor performance.  Consider joining all columns at once using pd.concat(axis=1) instead. To get a de-fragmented frame, use `newframe = frame.copy()`
  oo[c] = o[c].astype(float)
/home/yarin.b/projects/excel_magic/vfd-agent/vfd/tabular.py:15: PerformanceWarning: DataFrame is highly fragmented.  This is usually the result of calling `frame.insert` many times, which has poor performance.  Consider joining all columns at once using pd.concat(axis=1) instead. To get a de-fragmented frame, use `newframe = frame.copy()`
  out_tr[c] = s.astype(float)
/home/yarin.b/projects/excel_magic/vfd-agent/vfd/tabular.py:17: PerformanceWarning: DataFrame is highly fragmented.  This is usually the result of calling `frame.insert` many times, which has poor performance.  Consider joining all columns at once using pd.concat(axis=1) instead. To get a de-fragmented frame, use `newframe = frame.copy()`
  oo[c] = o[c].astype(float)
/home/yarin.b/projects/excel_magic/vfd-agent/vfd/tabular.py:15: PerformanceWarning: DataFrame is highly fragmented.  This is usually the result of calling `frame.insert` many times, which has poor performance.  Consider joining all columns at once using pd.concat(axis=1) instead. To get a de-fragmented frame, use `newframe = frame.copy()`
  out_tr[c] = s.astype(float)
/home/yarin.b/projects/excel_magic/vfd-agent/vfd/tabular.py:17: PerformanceWarning: DataFrame is highly fragmented.  This is usually the result of calling `frame.insert` many times, which has poor performance.  Consider joining all columns at once using pd.concat(axis=1) instead. To get a de-fragmented frame, use `newframe = frame.copy()`
  oo[c] = o[c].astype(float)
/home/yarin.b/projects/excel_magic/vfd-agent/vfd/tabular.py:15: PerformanceWarning: DataFrame is highly fragmented.  This is usually the result of calling `frame.insert` many times, which has poor performance.  Consider joining all columns at once using pd.concat(axis=1) instead. To get a de-fragmented frame, use `newframe = frame.copy()`
  out_tr[c] = s.astype(float)
/home/yarin.b/projects/excel_magic/vfd-agent/vfd/tabular.py:17: PerformanceWarning: DataFrame is highly fragmented.  This is usually the result of calling `frame.insert` many times, which has poor performance.  Consider joining all columns at once using pd.concat(axis=1) instead. To get a de-fragmented frame, use `newframe = frame.copy()`
  oo[c] = o[c].astype(float)
/home/yarin.b/projects/excel_magic/vfd-agent/vfd/tabular.py:15: PerformanceWarning: DataFrame is highly fragmented.  This is usually the result of calling `frame.insert` many times, which has poor performance.  Consider joining all columns at once using pd.concat(axis=1) instead. To get a de-fragmented frame, use `newframe = frame.copy()`
  out_tr[c] = s.astype(float)
/home/yarin.b/projects/excel_magic/vfd-agent/vfd/tabular.py:17: PerformanceWarning: DataFrame is highly fragmented.  This is usually the result of calling `frame.insert` many times, which has poor performance.  Consider joining all columns at once using pd.concat(axis=1) instead. To get a de-fragmented frame, use `newframe = frame.copy()`
  oo[c] = o[c].astype(float)
[evaluate] {'dataset': 'airbnb', 'variant': 'gli_task_embed', 'model': 'kumo-tabular-l:n_estimators=4,device=cuda', 'metric': 'acc', 'value': 0.437, 'n_features': 440, 'seconds': 8.4, 'error': ''}
[evaluate] {'dataset': 'airbnb', 'variant': 'gli_task_embed', 'model': 'tabpfn-2.5:n_estimators=4,device=cuda', 'metric': 'acc', 'value': 0.359, 'n_features': 440, 'seconds': 10.4, 'error': ''}
[evaluate] {'dataset': 'airbnb', 'variant': 'gli_task_embed', 'model': 'lightgbm', 'metric': 'acc', 'value': 0.384, 'n_features': 440, 'seconds': 41.4, 'error': ''}
[evaluate] {'dataset': 'mercari', 'variant': 'base', 'model': 'kumo-tabular-l:n_estimators=4,device=cuda', 'metric': 'r2', 'value': 0.3272768142909961, 'n_features': 6, 'seconds': 1.6, 'error': ''}
[evaluate] {'dataset': 'mercari', 'variant': 'base', 'model': 'tabpfn-2.5:n_estimators=4,device=cuda', 'metric': 'r2', 'value': 0.26675751791413493, 'n_features': 6, 'seconds': 0.9, 'error': ''}
[evaluate] {'dataset': 'mercari', 'variant': 'base', 'model': 'lightgbm', 'metric': 'r2', 'value': 0.2547133333844347, 'n_features': 6, 'seconds': 0.3, 'error': ''}
/home/yarin.b/projects/excel_magic/vfd-agent/vfd/tabular.py:15: PerformanceWarning: DataFrame is highly fragmented.  This is usually the result of calling `frame.insert` many times, which has poor performance.  Consider joining all columns at once using pd.concat(axis=1) instead. To get a de-fragmented frame, use `newframe = frame.copy()`
  out_tr[c] = s.astype(float)
/home/yarin.b/projects/excel_magic/vfd-agent/vfd/tabular.py:17: PerformanceWarning: DataFrame is highly fragmented.  This is usually the result of calling `frame.insert` many times, which has poor performance.  Consider joining all columns at once using pd.concat(axis=1) instead. To get a de-fragmented frame, use `newframe = frame.copy()`
  oo[c] = o[c].astype(float)
/home/yarin.b/projects/excel_magic/vfd-agent/vfd/tabular.py:15: PerformanceWarning: DataFrame is highly fragmented.  This is usually the result of calling `frame.insert` many times, which has poor performance.  Consider joining all columns at once using pd.concat(axis=1) instead. To get a de-fragmented frame, use `newframe = frame.copy()`
  out_tr[c] = s.astype(float)
/home/yarin.b/projects/excel_magic/vfd-agent/vfd/tabular.py:17: PerformanceWarning: DataFrame is highly fragmented.  This is usually the result of calling `frame.insert` many times, which has poor performance.  Consider joining all columns at once using pd.concat(axis=1) instead. To get a de-fragmented frame, use `newframe = frame.copy()`
  oo[c] = o[c].astype(float)
[evaluate] {'dataset': 'mercari', 'variant': 'tfidf', 'model': 'kumo-tabular-l:n_estimators=4,device=cuda', 'metric': 'r2', 'value': 0.3927561872684304, 'n_features': 102, 'seconds': 2.1, 'error': ''}
[evaluate] {'dataset': 'mercari', 'variant': 'tfidf', 'model': 'tabpfn-2.5:n_estimators=4,device=cuda', 'metric': 'r2', 'value': 0.32716980956413966, 'n_features': 102, 'seconds': 1.6, 'error': ''}
[evaluate] {'dataset': 'mercari', 'variant': 'tfidf', 'model': 'lightgbm', 'metric': 'r2', 'value': 0.2924682810615927, 'n_features': 102, 'seconds': 1.1, 'error': ''}
[evaluate] {'dataset': 'mercari', 'variant': 'embed', 'model': 'kumo-tabular-l:n_estimators=4,device=cuda', 'metric': 'r2', 'value': 0.42715204371030846, 'n_features': 54, 'seconds': 1.5, 'error': ''}
[evaluate] {'dataset': 'mercari', 'variant': 'embed', 'model': 'tabpfn-2.5:n_estimators=4,device=cuda', 'metric': 'r2', 'value': 0.35477375896810004, 'n_features': 54, 'seconds': 0.8, 'error': ''}
[evaluate] {'dataset': 'mercari', 'variant': 'embed', 'model': 'lightgbm', 'metric': 'r2', 'value': 0.30750011763161156, 'n_features': 54, 'seconds': 0.8, 'error': ''}
[evaluate] {'dataset': 'mercari', 'variant': 'gli_agnostic', 'model': 'kumo-tabular-l:n_estimators=4,device=cuda', 'metric': 'r2', 'value': 0.3746520364440886, 'n_features': 42, 'seconds': 1.6, 'error': ''}
[evaluate] {'dataset': 'mercari', 'variant': 'gli_agnostic', 'model': 'tabpfn-2.5:n_estimators=4,device=cuda', 'metric': 'r2', 'value': 0.31585300858947907, 'n_features': 42, 'seconds': 0.6, 'error': ''}
[evaluate] {'dataset': 'mercari', 'variant': 'gli_agnostic', 'model': 'lightgbm', 'metric': 'r2', 'value': 0.27010637470000387, 'n_features': 42, 'seconds': 0.5, 'error': ''}
[evaluate] {'dataset': 'mercari', 'variant': 'gli_task', 'model': 'kumo-tabular-l:n_estimators=4,device=cuda', 'metric': 'r2', 'value': 0.3796951487850214, 'n_features': 42, 'seconds': 1.4, 'error': ''}
[evaluate] {'dataset': 'mercari', 'variant': 'gli_task', 'model': 'tabpfn-2.5:n_estimators=4,device=cuda', 'metric': 'r2', 'value': 0.3254715548401451, 'n_features': 42, 'seconds': 0.7, 'error': ''}
[evaluate] {'dataset': 'mercari', 'variant': 'gli_task', 'model': 'lightgbm', 'metric': 'r2', 'value': 0.30251943125540026, 'n_features': 42, 'seconds': 0.5, 'error': ''}
[evaluate] {'dataset': 'mercari', 'variant': 'gli_task_embed', 'model': 'kumo-tabular-l:n_estimators=4,device=cuda', 'metric': 'r2', 'value': 0.4406804132410683, 'n_features': 90, 'seconds': 2.0, 'error': ''}
[evaluate] {'dataset': 'mercari', 'variant': 'gli_task_embed', 'model': 'tabpfn-2.5:n_estimators=4,device=cuda', 'metric': 'r2', 'value': 0.36235508716921605, 'n_features': 90, 'seconds': 1.4, 'error': ''}
[evaluate] {'dataset': 'mercari', 'variant': 'gli_task_embed', 'model': 'lightgbm', 'metric': 'r2', 'value': 0.33760724267404085, 'n_features': 90, 'seconds': 0.9, 'error': ''}
[evaluate] {'dataset': 'channel', 'variant': 'base', 'model': 'kumo-tabular-l:n_estimators=4,device=cuda', 'metric': 'acc', 'value': 0.535, 'n_features': 16, 'seconds': 1.5, 'error': ''}
[evaluate] {'dataset': 'channel', 'variant': 'base', 'model': 'tabpfn-2.5:n_estimators=4,device=cuda', 'metric': 'acc', 'value': 0.521, 'n_features': 16, 'seconds': 0.5, 'error': ''}
[evaluate] {'dataset': 'channel', 'variant': 'base', 'model': 'lightgbm', 'metric': 'acc', 'value': 0.482, 'n_features': 16, 'seconds': 2.3, 'error': ''}
[evaluate] {'dataset': 'channel', 'variant': 'tfidf', 'model': 'kumo-tabular-l:n_estimators=4,device=cuda', 'metric': 'acc', 'value': 0.537, 'n_features': 48, 'seconds': 1.9, 'error': ''}
[evaluate] {'dataset': 'channel', 'variant': 'tfidf', 'model': 'tabpfn-2.5:n_estimators=4,device=cuda', 'metric': 'acc', 'value': 0.533, 'n_features': 48, 'seconds': 1.0, 'error': ''}
[evaluate] {'dataset': 'channel', 'variant': 'tfidf', 'model': 'lightgbm', 'metric': 'acc', 'value': 0.4895, 'n_features': 48, 'seconds': 4.4, 'error': ''}
[evaluate] {'dataset': 'channel', 'variant': 'embed', 'model': 'kumo-tabular-l:n_estimators=4,device=cuda', 'metric': 'acc', 'value': 0.544, 'n_features': 32, 'seconds': 1.6, 'error': ''}
[evaluate] {'dataset': 'channel', 'variant': 'embed', 'model': 'tabpfn-2.5:n_estimators=4,device=cuda', 'metric': 'acc', 'value': 0.533, 'n_features': 32, 'seconds': 1.1, 'error': ''}
[evaluate] {'dataset': 'channel', 'variant': 'embed', 'model': 'lightgbm', 'metric': 'acc', 'value': 0.486, 'n_features': 32, 'seconds': 3.5, 'error': ''}
[evaluate] {'dataset': 'channel', 'variant': 'gli_agnostic', 'model': 'kumo-tabular-l:n_estimators=4,device=cuda', 'metric': 'acc', 'value': 0.5405, 'n_features': 28, 'seconds': 1.6, 'error': ''}
[evaluate] {'dataset': 'channel', 'variant': 'gli_agnostic', 'model': 'tabpfn-2.5:n_estimators=4,device=cuda', 'metric': 'acc', 'value': 0.53, 'n_features': 28, 'seconds': 0.6, 'error': ''}
[evaluate] {'dataset': 'channel', 'variant': 'gli_agnostic', 'model': 'lightgbm', 'metric': 'acc', 'value': 0.4855, 'n_features': 28, 'seconds': 2.9, 'error': ''}
[evaluate] {'dataset': 'channel', 'variant': 'gli_task', 'model': 'kumo-tabular-l:n_estimators=4,device=cuda', 'metric': 'acc', 'value': 0.541, 'n_features': 28, 'seconds': 1.6, 'error': ''}
[evaluate] {'dataset': 'channel', 'variant': 'gli_task', 'model': 'tabpfn-2.5:n_estimators=4,device=cuda', 'metric': 'acc', 'value': 0.5295, 'n_features': 28, 'seconds': 2.1, 'error': ''}
[evaluate] {'dataset': 'channel', 'variant': 'gli_task', 'model': 'lightgbm', 'metric': 'acc', 'value': 0.5015, 'n_features': 28, 'seconds': 2.8, 'error': ''}
[evaluate] {'dataset': 'channel', 'variant': 'gli_task_embed', 'model': 'kumo-tabular-l:n_estimators=4,device=cuda', 'metric': 'acc', 'value': 0.5505, 'n_features': 44, 'seconds': 1.8, 'error': ''}
[evaluate] {'dataset': 'channel', 'variant': 'gli_task_embed', 'model': 'tabpfn-2.5:n_estimators=4,device=cuda', 'metric': 'acc', 'value': 0.5345, 'n_features': 44, 'seconds': 1.0, 'error': ''}
[evaluate] {'dataset': 'channel', 'variant': 'gli_task_embed', 'model': 'lightgbm', 'metric': 'acc', 'value': 0.4935, 'n_features': 44, 'seconds': 4.1, 'error': ''}
[evaluate] {'dataset': 'pop', 'variant': 'base', 'model': 'kumo-tabular-l:n_estimators=4,device=cuda', 'metric': 'r2', 'value': -0.030951798701144506, 'n_features': 3, 'seconds': 1.0, 'error': ''}
[evaluate] {'dataset': 'pop', 'variant': 'base', 'model': 'tabpfn-2.5:n_estimators=4,device=cuda', 'metric': 'r2', 'value': 0.006153694670163801, 'n_features': 3, 'seconds': 0.4, 'error': ''}
[evaluate] {'dataset': 'pop', 'variant': 'base', 'model': 'lightgbm', 'metric': 'r2', 'value': -0.10323852176926995, 'n_features': 3, 'seconds': 0.2, 'error': ''}
[evaluate] {'dataset': 'pop', 'variant': 'tfidf', 'model': 'kumo-tabular-l:n_estimators=4,device=cuda', 'metric': 'r2', 'value': -0.03266431655526025, 'n_features': 35, 'seconds': 1.5, 'error': ''}
[evaluate] {'dataset': 'pop', 'variant': 'tfidf', 'model': 'tabpfn-2.5:n_estimators=4,device=cuda', 'metric': 'r2', 'value': 0.0017707727456249822, 'n_features': 35, 'seconds': 0.8, 'error': ''}
[evaluate] {'dataset': 'pop', 'variant': 'tfidf', 'model': 'lightgbm', 'metric': 'r2', 'value': -0.0779371682560206, 'n_features': 35, 'seconds': 0.5, 'error': ''}
[evaluate] {'dataset': 'pop', 'variant': 'embed', 'model': 'kumo-tabular-l:n_estimators=4,device=cuda', 'metric': 'r2', 'value': -0.03462246635134281, 'n_features': 19, 'seconds': 1.2, 'error': ''}
[evaluate] {'dataset': 'pop', 'variant': 'embed', 'model': 'tabpfn-2.5:n_estimators=4,device=cuda', 'metric': 'r2', 'value': 0.003449328052041678, 'n_features': 19, 'seconds': 0.6, 'error': ''}
[evaluate] {'dataset': 'pop', 'variant': 'embed', 'model': 'lightgbm', 'metric': 'r2', 'value': -0.05845585265747255, 'n_features': 19, 'seconds': 0.3, 'error': ''}
[evaluate] {'dataset': 'pop', 'variant': 'gli_agnostic', 'model': 'kumo-tabular-l:n_estimators=4,device=cuda', 'metric': 'r2', 'value': -0.030225398513528567, 'n_features': 15, 'seconds': 1.1, 'error': ''}
[evaluate] {'dataset': 'pop', 'variant': 'gli_agnostic', 'model': 'tabpfn-2.5:n_estimators=4,device=cuda', 'metric': 'r2', 'value': 0.0022533015391866806, 'n_features': 15, 'seconds': 0.4, 'error': ''}
[evaluate] {'dataset': 'pop', 'variant': 'gli_agnostic', 'model': 'lightgbm', 'metric': 'r2', 'value': -0.08709022206978134, 'n_features': 15, 'seconds': 0.3, 'error': ''}
[evaluate] {'dataset': 'pop', 'variant': 'gli_task', 'model': 'kumo-tabular-l:n_estimators=4,device=cuda', 'metric': 'r2', 'value': -0.0282215872689231, 'n_features': 15, 'seconds': 1.1, 'error': ''}
[evaluate] {'dataset': 'pop', 'variant': 'gli_task', 'model': 'tabpfn-2.5:n_estimators=4,device=cuda', 'metric': 'r2', 'value': 0.0028167795992264377, 'n_features': 15, 'seconds': 0.4, 'error': ''}
[evaluate] {'dataset': 'pop', 'variant': 'gli_task', 'model': 'lightgbm', 'metric': 'r2', 'value': -0.07102711468317646, 'n_features': 15, 'seconds': 0.3, 'error': ''}
[evaluate] {'dataset': 'pop', 'variant': 'gli_task_embed', 'model': 'kumo-tabular-l:n_estimators=4,device=cuda', 'metric': 'r2', 'value': -0.030305312631608405, 'n_features': 31, 'seconds': 1.3, 'error': ''}
[evaluate] {'dataset': 'pop', 'variant': 'gli_task_embed', 'model': 'tabpfn-2.5:n_estimators=4,device=cuda', 'metric': 'r2', 'value': 0.0017506418027736226, 'n_features': 31, 'seconds': 0.5, 'error': ''}
[evaluate] {'dataset': 'pop', 'variant': 'gli_task_embed', 'model': 'lightgbm', 'metric': 'r2', 'value': -0.05508341990561605, 'n_features': 31, 'seconds': 0.4, 'error': ''}
[evaluate] {'dataset': 'prod', 'variant': 'base', 'model': 'kumo-tabular-l:n_estimators=4,device=cuda', 'metric': 'acc', 'value': 0.8908091123330715, 'n_features': 1, 'seconds': 1.3, 'error': ''}
[evaluate] {'dataset': 'prod', 'variant': 'base', 'model': 'tabpfn-2.5:n_estimators=4,device=cuda', 'metric': 'acc', 'value': 0.8908091123330715, 'n_features': 1, 'seconds': 0.3, 'error': ''}
[evaluate] {'dataset': 'prod', 'variant': 'base', 'model': 'lightgbm', 'metric': 'acc', 'value': 0.8908091123330715, 'n_features': 1, 'seconds': 0.3, 'error': ''}
[evaluate] {'dataset': 'prod', 'variant': 'tfidf', 'model': 'kumo-tabular-l:n_estimators=4,device=cuda', 'metric': 'acc', 'value': 0.8923802042419482, 'n_features': 33, 'seconds': 1.5, 'error': ''}
[evaluate] {'dataset': 'prod', 'variant': 'tfidf', 'model': 'tabpfn-2.5:n_estimators=4,device=cuda', 'metric': 'acc', 'value': 0.8884524744697565, 'n_features': 33, 'seconds': 0.7, 'error': ''}
[evaluate] {'dataset': 'prod', 'variant': 'tfidf', 'model': 'lightgbm', 'metric': 'acc', 'value': 0.8876669285153181, 'n_features': 33, 'seconds': 2.5, 'error': ''}
[evaluate] {'dataset': 'prod', 'variant': 'embed', 'model': 'kumo-tabular-l:n_estimators=4,device=cuda', 'metric': 'acc', 'value': 0.9025923016496465, 'n_features': 17, 'seconds': 1.3, 'error': ''}
[evaluate] {'dataset': 'prod', 'variant': 'embed', 'model': 'tabpfn-2.5:n_estimators=4,device=cuda', 'metric': 'acc', 'value': 0.8994501178318932, 'n_features': 17, 'seconds': 0.5, 'error': ''}
[evaluate] {'dataset': 'prod', 'variant': 'embed', 'model': 'lightgbm', 'metric': 'acc', 'value': 0.9018067556952082, 'n_features': 17, 'seconds': 1.7, 'error': ''}
[evaluate] {'dataset': 'prod', 'variant': 'gli_agnostic', 'model': 'kumo-tabular-l:n_estimators=4,device=cuda', 'metric': 'acc', 'value': 0.9025923016496465, 'n_features': 13, 'seconds': 1.3, 'error': ''}
[evaluate] {'dataset': 'prod', 'variant': 'gli_agnostic', 'model': 'tabpfn-2.5:n_estimators=4,device=cuda', 'metric': 'acc', 'value': 0.9002356637863315, 'n_features': 13, 'seconds': 0.5, 'error': ''}
[evaluate] {'dataset': 'prod', 'variant': 'gli_agnostic', 'model': 'lightgbm', 'metric': 'acc', 'value': 0.8963079340141398, 'n_features': 13, 'seconds': 1.4, 'error': ''}
[evaluate] {'dataset': 'prod', 'variant': 'gli_task', 'model': 'kumo-tabular-l:n_estimators=4,device=cuda', 'metric': 'acc', 'value': 0.9088766692851532, 'n_features': 13, 'seconds': 1.2, 'error': ''}
[evaluate] {'dataset': 'prod', 'variant': 'gli_task', 'model': 'tabpfn-2.5:n_estimators=4,device=cuda', 'metric': 'acc', 'value': 0.8994501178318932, 'n_features': 13, 'seconds': 0.6, 'error': ''}
[evaluate] {'dataset': 'prod', 'variant': 'gli_task', 'model': 'lightgbm', 'metric': 'acc', 'value': 0.8994501178318932, 'n_features': 13, 'seconds': 1.4, 'error': ''}
[evaluate] {'dataset': 'prod', 'variant': 'gli_task_embed', 'model': 'kumo-tabular-l:n_estimators=4,device=cuda', 'metric': 'acc', 'value': 0.9135899450117831, 'n_features': 29, 'seconds': 1.4, 'error': ''}
[evaluate] {'dataset': 'prod', 'variant': 'gli_task_embed', 'model': 'tabpfn-2.5:n_estimators=4,device=cuda', 'metric': 'acc', 'value': 0.9033778476040848, 'n_features': 29, 'seconds': 0.8, 'error': ''}
[evaluate] {'dataset': 'prod', 'variant': 'gli_task_embed', 'model': 'lightgbm', 'metric': 'acc', 'value': 0.9057344854673999, 'n_features': 29, 'seconds': 2.1, 'error': ''}
[evaluate] {'dataset': 'wine', 'variant': 'base', 'model': 'kumo-tabular-l:n_estimators=4,device=cuda', 'metric': 'acc', 'value': 0.4565, 'n_features': 4, 'seconds': 7.3, 'error': ''}
[evaluate] {'dataset': 'wine', 'variant': 'base', 'model': 'tabpfn-2.5:n_estimators=4,device=cuda', 'metric': 'acc', 'value': nan, 'n_features': 4, 'seconds': 1.8, 'error': 'TabPFNValidationError: Number of classes `30` exceeds the maximum number of classes `10` officially supported by TabPFN.'}
[evaluate] {'dataset': 'wine', 'variant': 'base', 'model': 'lightgbm', 'metric': 'acc', 'value': 0.3705, 'n_features': 4, 'seconds': 9.1, 'error': ''}
[evaluate] {'dataset': 'wine', 'variant': 'tfidf', 'model': 'kumo-tabular-l:n_estimators=4,device=cuda', 'metric': 'acc', 'value': 0.674, 'n_features': 36, 'seconds': 10.1, 'error': ''}
[evaluate] {'dataset': 'wine', 'variant': 'tfidf', 'model': 'tabpfn-2.5:n_estimators=4,device=cuda', 'metric': 'acc', 'value': nan, 'n_features': 36, 'seconds': 0.2, 'error': 'TabPFNValidationError: Number of classes `30` exceeds the maximum number of classes `10` officially supported by TabPFN.'}
[evaluate] {'dataset': 'wine', 'variant': 'tfidf', 'model': 'lightgbm', 'metric': 'acc', 'value': 0.59, 'n_features': 36, 'seconds': 13.6, 'error': ''}
[evaluate] {'dataset': 'wine', 'variant': 'embed', 'model': 'kumo-tabular-l:n_estimators=4,device=cuda', 'metric': 'acc', 'value': 0.6615, 'n_features': 20, 'seconds': 8.2, 'error': ''}
[evaluate] {'dataset': 'wine', 'variant': 'embed', 'model': 'tabpfn-2.5:n_estimators=4,device=cuda', 'metric': 'acc', 'value': nan, 'n_features': 20, 'seconds': 0.3, 'error': 'TabPFNValidationError: Number of classes `30` exceeds the maximum number of classes `10` officially supported by TabPFN.'}
[evaluate] {'dataset': 'wine', 'variant': 'embed', 'model': 'lightgbm', 'metric': 'acc', 'value': 0.587, 'n_features': 20, 'seconds': 10.5, 'error': ''}
[evaluate] {'dataset': 'wine', 'variant': 'gli_agnostic', 'model': 'kumo-tabular-l:n_estimators=4,device=cuda', 'metric': 'acc', 'value': 0.5965, 'n_features': 16, 'seconds': 7.7, 'error': ''}
[evaluate] {'dataset': 'wine', 'variant': 'gli_agnostic', 'model': 'tabpfn-2.5:n_estimators=4,device=cuda', 'metric': 'acc', 'value': nan, 'n_features': 16, 'seconds': 0.3, 'error': 'TabPFNValidationError: Number of classes `30` exceeds the maximum number of classes `10` officially supported by TabPFN.'}
[evaluate] {'dataset': 'wine', 'variant': 'gli_agnostic', 'model': 'lightgbm', 'metric': 'acc', 'value': 0.531, 'n_features': 16, 'seconds': 9.3, 'error': ''}
[evaluate] {'dataset': 'wine', 'variant': 'gli_task', 'model': 'kumo-tabular-l:n_estimators=4,device=cuda', 'metric': 'acc', 'value': 0.562, 'n_features': 16, 'seconds': 7.7, 'error': ''}
[evaluate] {'dataset': 'wine', 'variant': 'gli_task', 'model': 'tabpfn-2.5:n_estimators=4,device=cuda', 'metric': 'acc', 'value': nan, 'n_features': 16, 'seconds': 0.2, 'error': 'TabPFNValidationError: Number of classes `30` exceeds the maximum number of classes `10` officially supported by TabPFN.'}
[evaluate] {'dataset': 'wine', 'variant': 'gli_task', 'model': 'lightgbm', 'metric': 'acc', 'value': 0.5055, 'n_features': 16, 'seconds': 9.5, 'error': ''}
[evaluate] {'dataset': 'wine', 'variant': 'gli_task_embed', 'model': 'kumo-tabular-l:n_estimators=4,device=cuda', 'metric': 'acc', 'value': 0.6835, 'n_features': 32, 'seconds': 9.6, 'error': ''}
[evaluate] {'dataset': 'wine', 'variant': 'gli_task_embed', 'model': 'tabpfn-2.5:n_estimators=4,device=cuda', 'metric': 'acc', 'value': nan, 'n_features': 32, 'seconds': 0.4, 'error': 'TabPFNValidationError: Number of classes `30` exceeds the maximum number of classes `10` officially supported by TabPFN.'}
[evaluate] {'dataset': 'wine', 'variant': 'gli_task_embed', 'model': 'lightgbm', 'metric': 'acc', 'value': 0.593, 'n_features': 32, 'seconds': 12.1, 'error': ''}
[evaluate] {'dataset': 'cloth', 'variant': 'base', 'model': 'kumo-tabular-l:n_estimators=4,device=cuda', 'metric': 'r2', 'value': -0.506302138798822, 'n_features': 4, 'seconds': 1.3, 'error': ''}
[evaluate] {'dataset': 'cloth', 'variant': 'base', 'model': 'tabpfn-2.5:n_estimators=4,device=cuda', 'metric': 'r2', 'value': -0.010616990225416734, 'n_features': 4, 'seconds': 0.5, 'error': ''}
[evaluate] {'dataset': 'cloth', 'variant': 'base', 'model': 'lightgbm', 'metric': 'r2', 'value': -0.10017118393769509, 'n_features': 4, 'seconds': 0.2, 'error': ''}
[evaluate] {'dataset': 'cloth', 'variant': 'tfidf', 'model': 'kumo-tabular-l:n_estimators=4,device=cuda', 'metric': 'r2', 'value': 0.4712280890056729, 'n_features': 68, 'seconds': 1.7, 'error': ''}
[evaluate] {'dataset': 'cloth', 'variant': 'tfidf', 'model': 'tabpfn-2.5:n_estimators=4,device=cuda', 'metric': 'r2', 'value': 0.4798648660399035, 'n_features': 68, 'seconds': 1.0, 'error': ''}
[evaluate] {'dataset': 'cloth', 'variant': 'tfidf', 'model': 'lightgbm', 'metric': 'r2', 'value': 0.4658073682861086, 'n_features': 68, 'seconds': 0.8, 'error': ''}
[evaluate] {'dataset': 'cloth', 'variant': 'embed', 'model': 'kumo-tabular-l:n_estimators=4,device=cuda', 'metric': 'r2', 'value': 0.6862170950421278, 'n_features': 36, 'seconds': 1.4, 'error': ''}
[evaluate] {'dataset': 'cloth', 'variant': 'embed', 'model': 'tabpfn-2.5:n_estimators=4,device=cuda', 'metric': 'r2', 'value': 0.7094618419795086, 'n_features': 36, 'seconds': 1.0, 'error': ''}
[evaluate] {'dataset': 'cloth', 'variant': 'embed', 'model': 'lightgbm', 'metric': 'r2', 'value': 0.6993949234149771, 'n_features': 36, 'seconds': 0.5, 'error': ''}
[evaluate] {'dataset': 'cloth', 'variant': 'gli_agnostic', 'model': 'kumo-tabular-l:n_estimators=4,device=cuda', 'metric': 'r2', 'value': 0.664250725135229, 'n_features': 28, 'seconds': 1.3, 'error': ''}
[evaluate] {'dataset': 'cloth', 'variant': 'gli_agnostic', 'model': 'tabpfn-2.5:n_estimators=4,device=cuda', 'metric': 'r2', 'value': 0.679498286863153, 'n_features': 28, 'seconds': 0.7, 'error': ''}
[evaluate] {'dataset': 'cloth', 'variant': 'gli_agnostic', 'model': 'lightgbm', 'metric': 'r2', 'value': 0.6782128914760563, 'n_features': 28, 'seconds': 0.4, 'error': ''}
[evaluate] {'dataset': 'cloth', 'variant': 'gli_task', 'model': 'kumo-tabular-l:n_estimators=4,device=cuda', 'metric': 'r2', 'value': 0.6695445345854094, 'n_features': 28, 'seconds': 1.3, 'error': ''}
[evaluate] {'dataset': 'cloth', 'variant': 'gli_task', 'model': 'tabpfn-2.5:n_estimators=4,device=cuda', 'metric': 'r2', 'value': 0.682549664007981, 'n_features': 28, 'seconds': 0.6, 'error': ''}
[evaluate] {'dataset': 'cloth', 'variant': 'gli_task', 'model': 'lightgbm', 'metric': 'r2', 'value': 0.6823612298478205, 'n_features': 28, 'seconds': 0.4, 'error': ''}
[evaluate] {'dataset': 'cloth', 'variant': 'gli_task_embed', 'model': 'kumo-tabular-l:n_estimators=4,device=cuda', 'metric': 'r2', 'value': 0.6985995942610843, 'n_features': 60, 'seconds': 1.9, 'error': ''}
[evaluate] {'dataset': 'cloth', 'variant': 'gli_task_embed', 'model': 'tabpfn-2.5:n_estimators=4,device=cuda', 'metric': 'r2', 'value': 0.7111657253283332, 'n_features': 60, 'seconds': 0.9, 'error': ''}
[evaluate] {'dataset': 'cloth', 'variant': 'gli_task_embed', 'model': 'lightgbm', 'metric': 'r2', 'value': 0.7048514718405443, 'n_features': 60, 'seconds': 0.7, 'error': ''}
# P1: GLiClass labels of text columns as features for frozen tabular models

Official test metric per dataset (acc, roc_auc or r2; higher is better).

|                       |   ('kumo-tabular-l', 'base') |   ('kumo-tabular-l', 'embed') |   ('kumo-tabular-l', 'gli_agnostic') |   ('kumo-tabular-l', 'gli_task') |   ('kumo-tabular-l', 'gli_task_embed') |   ('kumo-tabular-l', 'tfidf') |   ('lightgbm', 'base') |   ('lightgbm', 'embed') |   ('lightgbm', 'gli_agnostic') |   ('lightgbm', 'gli_task') |   ('lightgbm', 'gli_task_embed') |   ('lightgbm', 'tfidf') |   ('tabpfn-2.5', 'base') |   ('tabpfn-2.5', 'embed') |   ('tabpfn-2.5', 'gli_agnostic') |   ('tabpfn-2.5', 'gli_task') |   ('tabpfn-2.5', 'gli_task_embed') |   ('tabpfn-2.5', 'tfidf') |
|:----------------------|-----------------------------:|------------------------------:|-------------------------------------:|---------------------------------:|---------------------------------------:|------------------------------:|-----------------------:|------------------------:|-------------------------------:|---------------------------:|---------------------------------:|------------------------:|-------------------------:|--------------------------:|---------------------------------:|-----------------------------:|-----------------------------------:|--------------------------:|
| ('ae', 'r2')          |                       0.9557 |                        0.9631 |                               0.9663 |                           0.9673 |                                 0.9642 |                        0.9664 |                 0.933  |                  0.9644 |                         0.9638 |                     0.9661 |                           0.9662 |                  0.9631 |                   0.9514 |                    0.9676 |                           0.9699 |                       0.9698 |                             0.9694 |                    0.9689 |
| ('airbnb', 'acc')     |                       0.4405 |                        0.441  |                               0.451  |                           0.4545 |                                 0.437  |                        0.437  |                 0.373  |                  0.3735 |                         0.387  |                     0.3875 |                           0.384  |                  0.382  |                   0.411  |                    0.4195 |                           0.4215 |                       0.411  |                             0.359  |                    0.3505 |
| ('book', 'r2')        |                       0.2931 |                        0.596  |                               0.548  |                           0.5425 |                                 0.6017 |                        0.5944 |                 0.2488 |                  0.5118 |                         0.4868 |                     0.466  |                           0.5313 |                  0.4761 |                   0.2605 |                    0.549  |                           0.4923 |                       0.4837 |                             0.5617 |                    0.5331 |
| ('channel', 'acc')    |                       0.535  |                        0.544  |                               0.5405 |                           0.541  |                                 0.5505 |                        0.537  |                 0.482  |                  0.486  |                         0.4855 |                     0.5015 |                           0.4935 |                  0.4895 |                   0.521  |                    0.533  |                           0.53   |                       0.5295 |                             0.5345 |                    0.533  |
| ('cloth', 'r2')       |                      -0.5063 |                        0.6862 |                               0.6643 |                           0.6695 |                                 0.6986 |                        0.4712 |                -0.1002 |                  0.6994 |                         0.6782 |                     0.6824 |                           0.7049 |                  0.4658 |                  -0.0106 |                    0.7095 |                           0.6795 |                       0.6825 |                             0.7112 |                    0.4799 |
| ('fake', 'roc_auc')   |                       0.7241 |                        0.9352 |                               0.9214 |                           0.9117 |                                 0.9362 |                        0.935  |                 0.6107 |                  0.8581 |                         0.8678 |                     0.8804 |                           0.9017 |                  0.8947 |                   0.6982 |                    0.9152 |                           0.862  |                       0.8756 |                             0.9085 |                    0.9111 |
| ('house', 'r2')       |                       0.9366 |                        0.9362 |                               0.9365 |                           0.9362 |                                 0.9363 |                        0.9355 |                 0.9175 |                  0.9157 |                         0.9155 |                     0.9176 |                           0.9157 |                  0.9157 |                   0.9285 |                    0.9286 |                           0.9275 |                       0.9279 |                             0.9284 |                    0.929  |
| ('imdb', 'roc_auc')   |                       0.8445 |                        0.8666 |                               0.8884 |                           0.8833 |                                 0.8892 |                        0.8725 |                 0.8226 |                  0.8439 |                         0.8651 |                     0.8641 |                           0.8491 |                  0.8378 |                   0.8539 |                    0.8554 |                           0.8769 |                       0.8648 |                             0.8727 |                    0.8581 |
| ('jc', 'r2')          |                       0.2358 |                        0.5504 |                               0.4117 |                           0.4136 |                                 0.498  |                        0.4314 |                 0.2645 |                  0.3655 |                         0.3459 |                     0.3244 |                           0.3831 |                  0.3675 |                   0.037  |                    0.4126 |                           0.3391 |                       0.2977 |                             0.3921 |                    0.3645 |
| ('jigsaw', 'roc_auc') |                       0.4989 |                        0.8408 |                               0.8424 |                           0.8142 |                                 0.8583 |                        0.6416 |                 0.5222 |                  0.8131 |                         0.8105 |                     0.7769 |                           0.8387 |                  0.6163 |                   0.522  |                    0.8413 |                           0.7887 |                       0.7585 |                             0.8427 |                    0.6278 |
| ('kick', 'roc_auc')   |                       0.6699 |                        0.7352 |                               0.705  |                           0.7059 |                                 0.741  |                        0.7051 |                 0.6385 |                  0.6998 |                         0.6669 |                     0.6812 |                           0.72   |                  0.6696 |                   0.6656 |                    0.7256 |                           0.685  |                       0.6931 |                             0.7255 |                    0.6953 |
| ('mercari', 'r2')     |                       0.3273 |                        0.4272 |                               0.3747 |                           0.3797 |                                 0.4407 |                        0.3928 |                 0.2547 |                  0.3075 |                         0.2701 |                     0.3025 |                           0.3376 |                  0.2925 |                   0.2668 |                    0.3548 |                           0.3159 |                       0.3255 |                             0.3624 |                    0.3272 |
| ('pop', 'r2')         |                      -0.031  |                       -0.0346 |                              -0.0302 |                          -0.0282 |                                -0.0303 |                       -0.0327 |                -0.1032 |                 -0.0585 |                        -0.0871 |                    -0.071  |                          -0.0551 |                 -0.0779 |                   0.0062 |                    0.0034 |                           0.0023 |                       0.0028 |                             0.0018 |                    0.0018 |
| ('prod', 'acc')       |                       0.8908 |                        0.9026 |                               0.9026 |                           0.9089 |                                 0.9136 |                        0.8924 |                 0.8908 |                  0.9018 |                         0.8963 |                     0.8995 |                           0.9057 |                  0.8877 |                   0.8908 |                    0.8995 |                           0.9002 |                       0.8995 |                             0.9034 |                    0.8885 |
| ('qaa', 'r2')         |                       0.0385 |                        0.2427 |                               0.1064 |                           0.1255 |                                 0.2615 |                        0.2847 |                 0.0783 |                  0.3026 |                         0.1887 |                     0.1999 |                           0.3134 |                  0.3317 |                   0.0509 |                    0.2928 |                           0.1608 |                       0.1828 |                             0.3069 |                    0.3475 |
| ('qaq', 'r2')         |                      -0.0331 |                        0.2522 |                               0.2334 |                           0.2538 |                                 0.2858 |                        0.3121 |                 0.0438 |                  0.2965 |                         0.271  |                     0.2746 |                           0.3303 |                  0.3128 |                  -0.0086 |                    0.3163 |                           0.2731 |                       0.2483 |                             0.3322 |                    0.3162 |
| ('salary', 'acc')     |                       0.4165 |                        0.454  |                               0.452  |                           0.444  |                                 0.4525 |                        0.464  |                 0.369  |                  0.362  |                         0.3715 |                     0.3625 |                           0.365  |                  0.37   |                   0.3895 |                    0.428  |                           0.4175 |                       0.4175 |                             0.4205 |                    0.4295 |
| ('wine', 'acc')       |                       0.4565 |                        0.6615 |                               0.5965 |                           0.562  |                                 0.6835 |                        0.674  |                 0.3705 |                  0.587  |                         0.531  |                     0.5055 |                           0.593  |                  0.59   |                 nan      |                  nan      |                         nan      |                     nan      |                           nan      |                  nan      |

| model | variant | mean change vs base | datasets better than base | datasets better than embed |
|---|---|---|---|---|
| kumo-tabular-l | tfidf | +0.1567 | 15/18 | 7/18 |
| kumo-tabular-l | embed | +0.1837 | 16/18 | 0/- |
| kumo-tabular-l | gli_agnostic | +0.1565 | 17/18 | 6/18 |
| kumo-tabular-l | gli_task | +0.1551 | 17/18 | 6/18 |
| kumo-tabular-l | gli_task_embed | +0.1903 | 16/18 | 15/18 |
| lightgbm | tfidf | +0.1205 | 16/18 | 9/18 |
| lightgbm | embed | +0.1452 | 16/18 | 0/- |
| lightgbm | gli_agnostic | +0.1277 | 17/18 | 4/18 |
| lightgbm | gli_task | +0.1281 | 17/18 | 7/18 |
| lightgbm | gli_task_embed | +0.1590 | 16/18 | 18/18 |
| tabpfn-2.5 | tfidf | +0.1252 | 14/17 | 5/17 |
| tabpfn-2.5 | embed | +0.1599 | 16/17 | 0/- |
| tabpfn-2.5 | gli_agnostic | +0.1299 | 15/17 | 4/17 |
| tabpfn-2.5 | gli_task | +0.1257 | 14/17 | 2/17 |
| tabpfn-2.5 | gli_task_embed | +0.1588 | 14/17 | 10/17 |
[collect] copied 2252 files into reports/runs
[claude/tabular-model-agent-exp-wvni5o 12aa9cc] V2: text featurizer (GLiClass labels vs embeddings) on 18 text+tabular datasets (job 51825)
 23 files changed, 2210 insertions(+)
 create mode 100644 reports/runs/20261003T192249Z_V2_text_featurizer/labels_ae_price_prediction.json
 create mode 100644 reports/runs/20261003T192249Z_V2_text_featurizer/labels_bookprice_prediction.json
 create mode 100644 reports/runs/20261003T192249Z_V2_text_featurizer/labels_california_house_price.json
 create mode 100644 reports/runs/20261003T192249Z_V2_text_featurizer/labels_data_scientist_salary.json
 create mode 100644 reports/runs/20261003T192249Z_V2_text_featurizer/labels_fake_job_postings2.json
 create mode 100644 reports/runs/20261003T192249Z_V2_text_featurizer/labels_google_qa_answer_type_reason_explanation.json
 create mode 100644 reports/runs/20261003T192249Z_V2_text_featurizer/labels_google_qa_question_type_reason_explanation.json
 create mode 100644 reports/runs/20261003T192249Z_V2_text_featurizer/labels_imdb_genre_prediction.json
 create mode 100644 reports/runs/20261003T192249Z_V2_text_featurizer/labels_jc_penney_products.json
 create mode 100644 reports/runs/20261003T192249Z_V2_text_featurizer/labels_jigsaw_unintended_bias100K.json
 create mode 100644 reports/runs/20261003T192249Z_V2_text_featurizer/labels_kick_starter_funding.json
 create mode 100644 reports/runs/20261003T192249Z_V2_text_featurizer/labels_melbourne_airbnb.json
 create mode 100644 reports/runs/20261003T192249Z_V2_text_featurizer/labels_mercari_price_suggestion100K.json
 create mode 100644 reports/runs/20261003T192249Z_V2_text_featurizer/labels_news_channel.json
 create mode 100644 reports/runs/20261003T192249Z_V2_text_featurizer/labels_news_popularity2.json
 create mode 100644 reports/runs/20261003T192249Z_V2_text_featurizer/labels_product_sentiment_machine_hack.json
 create mode 100644 reports/runs/20261003T192249Z_V2_text_featurizer/labels_wine_reviews.json
 create mode 100644 reports/runs/20261003T192249Z_V2_text_featurizer/labels_women_clothing_review.json
 create mode 100644 reports/runs/20261003T192249Z_V2_text_featurizer/metrics.json
 create mode 100644 reports/runs/20261003T192249Z_V2_text_featurizer/results.csv
 create mode 100644 reports/runs/20261003T192249Z_V2_text_featurizer/results.md
From https://github.com/YarinBeni/excel_magic
 * branch            claude/tabular-model-agent-exp-wvni5o -> FETCH_HEAD
Current branch claude/tabular-model-agent-exp-wvni5o is up to date.
To https://github.com/YarinBeni/excel_magic
   5324939..12aa9cc  HEAD -> claude/tabular-model-agent-exp-wvni5o
[commit_push_sandbox] pushed to claude/tabular-model-agent-exp-wvni5o
=== V2 done Sat Oct  3 20:26:06 UTC 2026 ===
