2026-10-03 09:54:08,774 INFO __main__ - Logging this run's orchestrator output to: /home/yarin.b/tembed/results/tabpfn_ctx_rows/logs/20261003-095408_top.log
2026-10-03 09:54:08,783 INFO __main__ - Results will be saved to: /home/yarin.b/tembed/results/tabpfn_ctx_rows
2026-10-03 09:54:08,907 INFO __main__ - Jobs: 44
2026-10-03 09:54:08,907 INFO __main__ -   [1/44] - planned - tabpfn_ctx/row_similarity_search/Amazon-Google
2026-10-03 09:54:08,907 INFO __main__ -   [2/44] - planned - tabpfn_ctx/row_similarity_search/Beer
2026-10-03 09:54:08,908 INFO __main__ -   [3/44] - planned - tabpfn_ctx/row_similarity_search/DBLP-ACM
2026-10-03 09:54:08,908 INFO __main__ -   [4/44] - planned - tabpfn_ctx/row_similarity_search/Fodors-Zagats
2026-10-03 09:54:08,908 INFO __main__ -   [5/44] - planned - tabpfn_ctx/row_similarity_search/geological-settlements
2026-10-03 09:54:08,908 INFO __main__ -   [6/44] - planned - tabpfn_ctx/row_similarity_search/MusicBrainz
2026-10-03 09:54:08,908 INFO __main__ -   [7/44] - planned - tabpfn_ctx/row_similarity_search/Walmart-Amazon
2026-10-03 09:54:08,908 INFO __main__ -   [8/44] - planned - tabpfn_ctx/row_similarity_search/Amazon-Google
2026-10-03 09:54:08,908 INFO __main__ -   [9/44] - planned - tabpfn_ctx/row_similarity_search/Beer
2026-10-03 09:54:08,908 INFO __main__ -   [10/44] - planned - tabpfn_ctx/row_similarity_search/DBLP-ACM
2026-10-03 09:54:08,908 INFO __main__ -   [11/44] - planned - tabpfn_ctx/row_similarity_search/Fodors-Zagats
2026-10-03 09:54:08,908 INFO __main__ -   [12/44] - planned - tabpfn_ctx/row_similarity_search/geological-settlements
2026-10-03 09:54:08,908 INFO __main__ -   [13/44] - planned - tabpfn_ctx/row_similarity_search/MusicBrainz
2026-10-03 09:54:08,908 INFO __main__ -   [14/44] - planned - tabpfn_ctx/row_similarity_search/Walmart-Amazon
2026-10-03 09:54:08,908 INFO __main__ -   [15/44] - planned - tabpfn_ctx/row_similarity_search/Amazon-Google
2026-10-03 09:54:08,908 INFO __main__ -   [16/44] - planned - tabpfn_ctx/row_similarity_search/Beer
2026-10-03 09:54:08,908 INFO __main__ -   [17/44] - planned - tabpfn_ctx/row_similarity_search/DBLP-ACM
2026-10-03 09:54:08,909 INFO __main__ -   [18/44] - planned - tabpfn_ctx/row_similarity_search/Fodors-Zagats
2026-10-03 09:54:08,909 INFO __main__ -   [19/44] - planned - tabpfn_ctx/row_similarity_search/geological-settlements
2026-10-03 09:54:08,909 INFO __main__ -   [20/44] - planned - tabpfn_ctx/row_similarity_search/MusicBrainz
2026-10-03 09:54:08,909 INFO __main__ -   [21/44] - planned - tabpfn_ctx/row_similarity_search/Walmart-Amazon
2026-10-03 09:54:08,909 INFO __main__ -   [22/44] - planned - tabpfn_ctx/row_similarity_search/Amazon-Google
2026-10-03 09:54:08,909 INFO __main__ -   [23/44] - planned - tabpfn_ctx/row_similarity_search/Beer
2026-10-03 09:54:08,909 INFO __main__ -   [24/44] - planned - tabpfn_ctx/row_similarity_search/DBLP-ACM
2026-10-03 09:54:08,909 INFO __main__ -   [25/44] - planned - tabpfn_ctx/row_similarity_search/Fodors-Zagats
2026-10-03 09:54:08,909 INFO __main__ -   [26/44] - planned - tabpfn_ctx/row_similarity_search/geological-settlements
2026-10-03 09:54:08,909 INFO __main__ -   [27/44] - planned - tabpfn_ctx/row_similarity_search/MusicBrainz
2026-10-03 09:54:08,909 INFO __main__ -   [28/44] - planned - tabpfn_ctx/row_similarity_search/Walmart-Amazon
2026-10-03 09:54:08,909 INFO __main__ -   [29/44] - planned - tabpfn_ctx/row_similarity_search/Amazon-Google
2026-10-03 09:54:08,909 INFO __main__ -   [30/44] - planned - tabpfn_ctx/row_similarity_search/Beer
2026-10-03 09:54:08,909 INFO __main__ -   [31/44] - planned - tabpfn_ctx/row_similarity_search/DBLP-ACM
2026-10-03 09:54:08,910 INFO __main__ -   [32/44] - planned - tabpfn_ctx/row_similarity_search/Fodors-Zagats
2026-10-03 09:54:08,910 INFO __main__ -   [33/44] - planned - tabpfn_ctx/row_similarity_search/geological-settlements
2026-10-03 09:54:08,910 INFO __main__ -   [34/44] - planned - tabpfn_ctx/row_similarity_search/MusicBrainz
2026-10-03 09:54:08,910 INFO __main__ -   [35/44] - planned - tabpfn_ctx/row_similarity_search/Walmart-Amazon
2026-10-03 09:54:08,910 INFO __main__ -   [36/44] - planned - sentence_transformer/row_similarity_search/Amazon-Google
2026-10-03 09:54:08,910 INFO __main__ -   [37/44] - planned - sentence_transformer/row_similarity_search/Beer
2026-10-03 09:54:08,910 INFO __main__ -   [38/44] - planned - sentence_transformer/row_similarity_search/DBLP-ACM
2026-10-03 09:54:08,910 INFO __main__ -   [39/44] - planned - sentence_transformer/row_similarity_search/DBLP-GoogleScholar
2026-10-03 09:54:08,910 INFO __main__ -   [40/44] - planned - sentence_transformer/row_similarity_search/Fodors-Zagats
2026-10-03 09:54:08,910 INFO __main__ -   [41/44] - planned - sentence_transformer/row_similarity_search/geological-settlements
2026-10-03 09:54:08,910 INFO __main__ -   [42/44] - planned - sentence_transformer/row_similarity_search/iTunes-Amazon
2026-10-03 09:54:08,910 INFO __main__ -   [43/44] - planned - sentence_transformer/row_similarity_search/MusicBrainz
2026-10-03 09:54:08,910 INFO __main__ -   [44/44] - planned - sentence_transformer/row_similarity_search/Walmart-Amazon
2026-10-03 09:54:08,910 INFO __main__ - --------------------------------------------------------------------------------
2026-10-03 09:54:08,910 INFO __main__ - 44/44 planned to run (0 skipped)
2026-10-03 09:54:08,910 INFO __main__ - --------------------------------------------------------------------------------
2026-10-03 09:54:08,916 INFO __main__ - ================================================================================
2026-10-03 09:54:08,916 INFO __main__ - Starting [1/44] | Task: row_similarity_search | Approach: tabpfn_ctx | Env: benchmark_env | Dataset: Amazon-Google
2026-10-03 09:54:08,916 INFO __main__ - ================================================================================
2026-10-03 09:54:08,919 INFO benchmark_src.run_benchmark - ################################################################################
2026-10-03 09:54:08,919 INFO benchmark_src.run_benchmark - Task: row_similarity_search  |  Approach: tabpfn_ctx  |  Dataset: Amazon-Google
2026-10-03 09:54:16,866 INFO benchmark_src.tasks.run_row_similarity_benchmark - Started run_row_similarity_benchmark
2026-10-03 09:54:16,867 ERROR root - Traceback (most recent call last):
2026-10-03 09:54:16,867 ERROR root -   File "/home/yarin.b/tembed/benchmark_src/run_benchmark.py", line 43, in run_single
    run_row_similarity_benchmark.main(cfg)
2026-10-03 09:54:16,868 ERROR root -   File "/home/yarin.b/tembed/benchmark_src/tasks/run_row_similarity_benchmark.py", line 101, in main
    input_table, testcase_paths, dataset_information = load_benchmark_data(cfg)
                                                       ^^^^^^^^^^^^^^^^^^^^^^^^
2026-10-03 09:54:16,868 ERROR root -   File "/home/yarin.b/tembed/benchmark_src/tasks/run_row_similarity_benchmark.py", line 20, in load_benchmark_data
    assert dataset_folder.exists(), f"Could not find path {dataset_folder}"
           ^^^^^^^^^^^^^^^^^^^^^^^
2026-10-03 09:54:16,868 ERROR root - AssertionError: Could not find path /home/yarin.b/tembed/cache/row_similarity_data_full/Amazon-Google
2026-10-03 09:54:16,868 ERROR benchmark_src.run_benchmark - Error during benchmark run, please check traceback above.
2026-10-03 09:54:16,868 ERROR __main__ - Failed tabpfn_ctx/row_similarity_search/Amazon-Google
Traceback (most recent call last):
  File "/home/yarin.b/tembed/run_experiments.py", line 274, in _run_job
    run_single(cfg)
  File "/home/yarin.b/tembed/benchmark_src/run_benchmark.py", line 43, in run_single
    run_row_similarity_benchmark.main(cfg)
  File "/home/yarin.b/tembed/benchmark_src/tasks/run_row_similarity_benchmark.py", line 101, in main
    input_table, testcase_paths, dataset_information = load_benchmark_data(cfg)
                                                       ^^^^^^^^^^^^^^^^^^^^^^^^
  File "/home/yarin.b/tembed/benchmark_src/tasks/run_row_similarity_benchmark.py", line 20, in load_benchmark_data
    assert dataset_folder.exists(), f"Could not find path {dataset_folder}"
           ^^^^^^^^^^^^^^^^^^^^^^^
AssertionError: Could not find path /home/yarin.b/tembed/cache/row_similarity_data_full/Amazon-Google
2026-10-03 09:54:17,411 INFO __main__ - ================================================================================
2026-10-03 09:54:17,411 INFO __main__ - Starting [2/44] | Task: row_similarity_search | Approach: tabpfn_ctx | Env: benchmark_env | Dataset: Beer
2026-10-03 09:54:17,411 INFO __main__ - ================================================================================
2026-10-03 09:54:17,411 INFO benchmark_src.run_benchmark - ################################################################################
2026-10-03 09:54:17,411 INFO benchmark_src.run_benchmark - Task: row_similarity_search  |  Approach: tabpfn_ctx  |  Dataset: Beer
2026-10-03 09:54:17,413 INFO benchmark_src.tasks.run_row_similarity_benchmark - Started run_row_similarity_benchmark
2026-10-03 09:54:17,413 ERROR root - Traceback (most recent call last):
2026-10-03 09:54:17,414 ERROR root -   File "/home/yarin.b/tembed/benchmark_src/run_benchmark.py", line 43, in run_single
    run_row_similarity_benchmark.main(cfg)
2026-10-03 09:54:17,414 ERROR root -   File "/home/yarin.b/tembed/benchmark_src/tasks/run_row_similarity_benchmark.py", line 101, in main
    input_table, testcase_paths, dataset_information = load_benchmark_data(cfg)
                                                       ^^^^^^^^^^^^^^^^^^^^^^^^
2026-10-03 09:54:17,414 ERROR root -   File "/home/yarin.b/tembed/benchmark_src/tasks/run_row_similarity_benchmark.py", line 20, in load_benchmark_data
    assert dataset_folder.exists(), f"Could not find path {dataset_folder}"
           ^^^^^^^^^^^^^^^^^^^^^^^
2026-10-03 09:54:17,414 ERROR root - AssertionError: Could not find path /home/yarin.b/tembed/cache/row_similarity_data_full/Beer
2026-10-03 09:54:17,414 ERROR benchmark_src.run_benchmark - Error during benchmark run, please check traceback above.
2026-10-03 09:54:17,414 ERROR __main__ - Failed tabpfn_ctx/row_similarity_search/Beer
Traceback (most recent call last):
  File "/home/yarin.b/tembed/run_experiments.py", line 274, in _run_job
    run_single(cfg)
  File "/home/yarin.b/tembed/benchmark_src/run_benchmark.py", line 43, in run_single
    run_row_similarity_benchmark.main(cfg)
  File "/home/yarin.b/tembed/benchmark_src/tasks/run_row_similarity_benchmark.py", line 101, in main
    input_table, testcase_paths, dataset_information = load_benchmark_data(cfg)
                                                       ^^^^^^^^^^^^^^^^^^^^^^^^
  File "/home/yarin.b/tembed/benchmark_src/tasks/run_row_similarity_benchmark.py", line 20, in load_benchmark_data
    assert dataset_folder.exists(), f"Could not find path {dataset_folder}"
           ^^^^^^^^^^^^^^^^^^^^^^^
AssertionError: Could not find path /home/yarin.b/tembed/cache/row_similarity_data_full/Beer
2026-10-03 09:54:17,567 INFO __main__ - ================================================================================
2026-10-03 09:54:17,567 INFO __main__ - Starting [3/44] | Task: row_similarity_search | Approach: tabpfn_ctx | Env: benchmark_env | Dataset: DBLP-ACM
2026-10-03 09:54:17,567 INFO __main__ - ================================================================================
2026-10-03 09:54:17,567 INFO benchmark_src.run_benchmark - ################################################################################
2026-10-03 09:54:17,567 INFO benchmark_src.run_benchmark - Task: row_similarity_search  |  Approach: tabpfn_ctx  |  Dataset: DBLP-ACM
2026-10-03 09:54:17,568 INFO benchmark_src.tasks.run_row_similarity_benchmark - Started run_row_similarity_benchmark
2026-10-03 09:54:17,569 ERROR root - Traceback (most recent call last):
2026-10-03 09:54:17,569 ERROR root -   File "/home/yarin.b/tembed/benchmark_src/run_benchmark.py", line 43, in run_single
    run_row_similarity_benchmark.main(cfg)
2026-10-03 09:54:17,569 ERROR root -   File "/home/yarin.b/tembed/benchmark_src/tasks/run_row_similarity_benchmark.py", line 101, in main
    input_table, testcase_paths, dataset_information = load_benchmark_data(cfg)
                                                       ^^^^^^^^^^^^^^^^^^^^^^^^
2026-10-03 09:54:17,569 ERROR root -   File "/home/yarin.b/tembed/benchmark_src/tasks/run_row_similarity_benchmark.py", line 20, in load_benchmark_data
    assert dataset_folder.exists(), f"Could not find path {dataset_folder}"
           ^^^^^^^^^^^^^^^^^^^^^^^
2026-10-03 09:54:17,569 ERROR root - AssertionError: Could not find path /home/yarin.b/tembed/cache/row_similarity_data_full/DBLP-ACM
2026-10-03 09:54:17,569 ERROR benchmark_src.run_benchmark - Error during benchmark run, please check traceback above.
2026-10-03 09:54:17,569 ERROR __main__ - Failed tabpfn_ctx/row_similarity_search/DBLP-ACM
Traceback (most recent call last):
  File "/home/yarin.b/tembed/run_experiments.py", line 274, in _run_job
    run_single(cfg)
  File "/home/yarin.b/tembed/benchmark_src/run_benchmark.py", line 43, in run_single
    run_row_similarity_benchmark.main(cfg)
  File "/home/yarin.b/tembed/benchmark_src/tasks/run_row_similarity_benchmark.py", line 101, in main
    input_table, testcase_paths, dataset_information = load_benchmark_data(cfg)
                                                       ^^^^^^^^^^^^^^^^^^^^^^^^
  File "/home/yarin.b/tembed/benchmark_src/tasks/run_row_similarity_benchmark.py", line 20, in load_benchmark_data
    assert dataset_folder.exists(), f"Could not find path {dataset_folder}"
           ^^^^^^^^^^^^^^^^^^^^^^^
AssertionError: Could not find path /home/yarin.b/tembed/cache/row_similarity_data_full/DBLP-ACM
2026-10-03 09:54:17,721 INFO __main__ - ================================================================================
2026-10-03 09:54:17,721 INFO __main__ - Starting [4/44] | Task: row_similarity_search | Approach: tabpfn_ctx | Env: benchmark_env | Dataset: Fodors-Zagats
2026-10-03 09:54:17,721 INFO __main__ - ================================================================================
2026-10-03 09:54:17,721 INFO benchmark_src.run_benchmark - ################################################################################
2026-10-03 09:54:17,721 INFO benchmark_src.run_benchmark - Task: row_similarity_search  |  Approach: tabpfn_ctx  |  Dataset: Fodors-Zagats
2026-10-03 09:54:17,723 INFO benchmark_src.tasks.run_row_similarity_benchmark - Started run_row_similarity_benchmark
2026-10-03 09:54:17,723 ERROR root - Traceback (most recent call last):
2026-10-03 09:54:17,724 ERROR root -   File "/home/yarin.b/tembed/benchmark_src/run_benchmark.py", line 43, in run_single
    run_row_similarity_benchmark.main(cfg)
2026-10-03 09:54:17,724 ERROR root -   File "/home/yarin.b/tembed/benchmark_src/tasks/run_row_similarity_benchmark.py", line 101, in main
    input_table, testcase_paths, dataset_information = load_benchmark_data(cfg)
                                                       ^^^^^^^^^^^^^^^^^^^^^^^^
2026-10-03 09:54:17,724 ERROR root -   File "/home/yarin.b/tembed/benchmark_src/tasks/run_row_similarity_benchmark.py", line 20, in load_benchmark_data
    assert dataset_folder.exists(), f"Could not find path {dataset_folder}"
           ^^^^^^^^^^^^^^^^^^^^^^^
2026-10-03 09:54:17,724 ERROR root - AssertionError: Could not find path /home/yarin.b/tembed/cache/row_similarity_data_full/Fodors-Zagats
2026-10-03 09:54:17,724 ERROR benchmark_src.run_benchmark - Error during benchmark run, please check traceback above.
2026-10-03 09:54:17,724 ERROR __main__ - Failed tabpfn_ctx/row_similarity_search/Fodors-Zagats
Traceback (most recent call last):
  File "/home/yarin.b/tembed/run_experiments.py", line 274, in _run_job
    run_single(cfg)
  File "/home/yarin.b/tembed/benchmark_src/run_benchmark.py", line 43, in run_single
    run_row_similarity_benchmark.main(cfg)
  File "/home/yarin.b/tembed/benchmark_src/tasks/run_row_similarity_benchmark.py", line 101, in main
    input_table, testcase_paths, dataset_information = load_benchmark_data(cfg)
                                                       ^^^^^^^^^^^^^^^^^^^^^^^^
  File "/home/yarin.b/tembed/benchmark_src/tasks/run_row_similarity_benchmark.py", line 20, in load_benchmark_data
    assert dataset_folder.exists(), f"Could not find path {dataset_folder}"
           ^^^^^^^^^^^^^^^^^^^^^^^
AssertionError: Could not find path /home/yarin.b/tembed/cache/row_similarity_data_full/Fodors-Zagats
2026-10-03 09:54:17,881 INFO __main__ - ================================================================================
2026-10-03 09:54:17,881 INFO __main__ - Starting [5/44] | Task: row_similarity_search | Approach: tabpfn_ctx | Env: benchmark_env | Dataset: geological-settlements
2026-10-03 09:54:17,881 INFO __main__ - ================================================================================
2026-10-03 09:54:17,881 INFO benchmark_src.run_benchmark - ################################################################################
2026-10-03 09:54:17,881 INFO benchmark_src.run_benchmark - Task: row_similarity_search  |  Approach: tabpfn_ctx  |  Dataset: geological-settlements
2026-10-03 09:54:17,883 INFO benchmark_src.tasks.run_row_similarity_benchmark - Started run_row_similarity_benchmark
2026-10-03 09:54:17,883 ERROR root - Traceback (most recent call last):
2026-10-03 09:54:17,883 ERROR root -   File "/home/yarin.b/tembed/benchmark_src/run_benchmark.py", line 43, in run_single
    run_row_similarity_benchmark.main(cfg)
2026-10-03 09:54:17,883 ERROR root -   File "/home/yarin.b/tembed/benchmark_src/tasks/run_row_similarity_benchmark.py", line 101, in main
    input_table, testcase_paths, dataset_information = load_benchmark_data(cfg)
                                                       ^^^^^^^^^^^^^^^^^^^^^^^^
2026-10-03 09:54:17,883 ERROR root -   File "/home/yarin.b/tembed/benchmark_src/tasks/run_row_similarity_benchmark.py", line 20, in load_benchmark_data
    assert dataset_folder.exists(), f"Could not find path {dataset_folder}"
           ^^^^^^^^^^^^^^^^^^^^^^^
2026-10-03 09:54:17,884 ERROR root - AssertionError: Could not find path /home/yarin.b/tembed/cache/row_similarity_data_full/geological-settlements
2026-10-03 09:54:17,884 ERROR benchmark_src.run_benchmark - Error during benchmark run, please check traceback above.
2026-10-03 09:54:17,884 ERROR __main__ - Failed tabpfn_ctx/row_similarity_search/geological-settlements
Traceback (most recent call last):
  File "/home/yarin.b/tembed/run_experiments.py", line 274, in _run_job
    run_single(cfg)
  File "/home/yarin.b/tembed/benchmark_src/run_benchmark.py", line 43, in run_single
    run_row_similarity_benchmark.main(cfg)
  File "/home/yarin.b/tembed/benchmark_src/tasks/run_row_similarity_benchmark.py", line 101, in main
    input_table, testcase_paths, dataset_information = load_benchmark_data(cfg)
                                                       ^^^^^^^^^^^^^^^^^^^^^^^^
  File "/home/yarin.b/tembed/benchmark_src/tasks/run_row_similarity_benchmark.py", line 20, in load_benchmark_data
    assert dataset_folder.exists(), f"Could not find path {dataset_folder}"
           ^^^^^^^^^^^^^^^^^^^^^^^
AssertionError: Could not find path /home/yarin.b/tembed/cache/row_similarity_data_full/geological-settlements
2026-10-03 09:54:18,035 INFO __main__ - ================================================================================
2026-10-03 09:54:18,035 INFO __main__ - Starting [6/44] | Task: row_similarity_search | Approach: tabpfn_ctx | Env: benchmark_env | Dataset: MusicBrainz
2026-10-03 09:54:18,035 INFO __main__ - ================================================================================
2026-10-03 09:54:18,035 INFO benchmark_src.run_benchmark - ################################################################################
2026-10-03 09:54:18,035 INFO benchmark_src.run_benchmark - Task: row_similarity_search  |  Approach: tabpfn_ctx  |  Dataset: MusicBrainz
2026-10-03 09:54:18,037 INFO benchmark_src.tasks.run_row_similarity_benchmark - Started run_row_similarity_benchmark
2026-10-03 09:54:18,038 ERROR root - Traceback (most recent call last):
2026-10-03 09:54:18,038 ERROR root -   File "/home/yarin.b/tembed/benchmark_src/run_benchmark.py", line 43, in run_single
    run_row_similarity_benchmark.main(cfg)
2026-10-03 09:54:18,038 ERROR root -   File "/home/yarin.b/tembed/benchmark_src/tasks/run_row_similarity_benchmark.py", line 101, in main
    input_table, testcase_paths, dataset_information = load_benchmark_data(cfg)
                                                       ^^^^^^^^^^^^^^^^^^^^^^^^
2026-10-03 09:54:18,038 ERROR root -   File "/home/yarin.b/tembed/benchmark_src/tasks/run_row_similarity_benchmark.py", line 20, in load_benchmark_data
    assert dataset_folder.exists(), f"Could not find path {dataset_folder}"
           ^^^^^^^^^^^^^^^^^^^^^^^
2026-10-03 09:54:18,038 ERROR root - AssertionError: Could not find path /home/yarin.b/tembed/cache/row_similarity_data_full/MusicBrainz
2026-10-03 09:54:18,038 ERROR benchmark_src.run_benchmark - Error during benchmark run, please check traceback above.
2026-10-03 09:54:18,038 ERROR __main__ - Failed tabpfn_ctx/row_similarity_search/MusicBrainz
Traceback (most recent call last):
  File "/home/yarin.b/tembed/run_experiments.py", line 274, in _run_job
    run_single(cfg)
  File "/home/yarin.b/tembed/benchmark_src/run_benchmark.py", line 43, in run_single
    run_row_similarity_benchmark.main(cfg)
  File "/home/yarin.b/tembed/benchmark_src/tasks/run_row_similarity_benchmark.py", line 101, in main
    input_table, testcase_paths, dataset_information = load_benchmark_data(cfg)
                                                       ^^^^^^^^^^^^^^^^^^^^^^^^
  File "/home/yarin.b/tembed/benchmark_src/tasks/run_row_similarity_benchmark.py", line 20, in load_benchmark_data
    assert dataset_folder.exists(), f"Could not find path {dataset_folder}"
           ^^^^^^^^^^^^^^^^^^^^^^^
AssertionError: Could not find path /home/yarin.b/tembed/cache/row_similarity_data_full/MusicBrainz
2026-10-03 09:54:18,190 INFO __main__ - ================================================================================
2026-10-03 09:54:18,190 INFO __main__ - Starting [7/44] | Task: row_similarity_search | Approach: tabpfn_ctx | Env: benchmark_env | Dataset: Walmart-Amazon
2026-10-03 09:54:18,190 INFO __main__ - ================================================================================
2026-10-03 09:54:18,191 INFO benchmark_src.run_benchmark - ################################################################################
2026-10-03 09:54:18,191 INFO benchmark_src.run_benchmark - Task: row_similarity_search  |  Approach: tabpfn_ctx  |  Dataset: Walmart-Amazon
2026-10-03 09:54:18,192 INFO benchmark_src.tasks.run_row_similarity_benchmark - Started run_row_similarity_benchmark
2026-10-03 09:54:18,192 ERROR root - Traceback (most recent call last):
2026-10-03 09:54:18,192 ERROR root -   File "/home/yarin.b/tembed/benchmark_src/run_benchmark.py", line 43, in run_single
    run_row_similarity_benchmark.main(cfg)
2026-10-03 09:54:18,193 ERROR root -   File "/home/yarin.b/tembed/benchmark_src/tasks/run_row_similarity_benchmark.py", line 101, in main
    input_table, testcase_paths, dataset_information = load_benchmark_data(cfg)
                                                       ^^^^^^^^^^^^^^^^^^^^^^^^
2026-10-03 09:54:18,193 ERROR root -   File "/home/yarin.b/tembed/benchmark_src/tasks/run_row_similarity_benchmark.py", line 20, in load_benchmark_data
    assert dataset_folder.exists(), f"Could not find path {dataset_folder}"
           ^^^^^^^^^^^^^^^^^^^^^^^
2026-10-03 09:54:18,193 ERROR root - AssertionError: Could not find path /home/yarin.b/tembed/cache/row_similarity_data_full/Walmart-Amazon
2026-10-03 09:54:18,193 ERROR benchmark_src.run_benchmark - Error during benchmark run, please check traceback above.
2026-10-03 09:54:18,193 ERROR __main__ - Failed tabpfn_ctx/row_similarity_search/Walmart-Amazon
Traceback (most recent call last):
  File "/home/yarin.b/tembed/run_experiments.py", line 274, in _run_job
    run_single(cfg)
  File "/home/yarin.b/tembed/benchmark_src/run_benchmark.py", line 43, in run_single
    run_row_similarity_benchmark.main(cfg)
  File "/home/yarin.b/tembed/benchmark_src/tasks/run_row_similarity_benchmark.py", line 101, in main
    input_table, testcase_paths, dataset_information = load_benchmark_data(cfg)
                                                       ^^^^^^^^^^^^^^^^^^^^^^^^
  File "/home/yarin.b/tembed/benchmark_src/tasks/run_row_similarity_benchmark.py", line 20, in load_benchmark_data
    assert dataset_folder.exists(), f"Could not find path {dataset_folder}"
           ^^^^^^^^^^^^^^^^^^^^^^^
AssertionError: Could not find path /home/yarin.b/tembed/cache/row_similarity_data_full/Walmart-Amazon
2026-10-03 09:54:18,360 INFO __main__ - ================================================================================
2026-10-03 09:54:18,361 INFO __main__ - Starting [8/44] | Task: row_similarity_search | Approach: tabpfn_ctx | Env: benchmark_env | Dataset: Amazon-Google
2026-10-03 09:54:18,361 INFO __main__ - ================================================================================
2026-10-03 09:54:18,361 INFO benchmark_src.run_benchmark - ################################################################################
2026-10-03 09:54:18,361 INFO benchmark_src.run_benchmark - Task: row_similarity_search  |  Approach: tabpfn_ctx  |  Dataset: Amazon-Google
2026-10-03 09:54:18,362 INFO benchmark_src.tasks.run_row_similarity_benchmark - Started run_row_similarity_benchmark
2026-10-03 09:54:18,362 ERROR root - Traceback (most recent call last):
2026-10-03 09:54:18,362 ERROR root -   File "/home/yarin.b/tembed/benchmark_src/run_benchmark.py", line 43, in run_single
    run_row_similarity_benchmark.main(cfg)
2026-10-03 09:54:18,362 ERROR root -   File "/home/yarin.b/tembed/benchmark_src/tasks/run_row_similarity_benchmark.py", line 101, in main
    input_table, testcase_paths, dataset_information = load_benchmark_data(cfg)
                                                       ^^^^^^^^^^^^^^^^^^^^^^^^
2026-10-03 09:54:18,362 ERROR root -   File "/home/yarin.b/tembed/benchmark_src/tasks/run_row_similarity_benchmark.py", line 20, in load_benchmark_data
    assert dataset_folder.exists(), f"Could not find path {dataset_folder}"
           ^^^^^^^^^^^^^^^^^^^^^^^
2026-10-03 09:54:18,362 ERROR root - AssertionError: Could not find path /home/yarin.b/tembed/cache/row_similarity_data_full/Amazon-Google
2026-10-03 09:54:18,362 ERROR benchmark_src.run_benchmark - Error during benchmark run, please check traceback above.
2026-10-03 09:54:18,362 ERROR __main__ - Failed tabpfn_ctx/row_similarity_search/Amazon-Google
Traceback (most recent call last):
  File "/home/yarin.b/tembed/run_experiments.py", line 274, in _run_job
    run_single(cfg)
  File "/home/yarin.b/tembed/benchmark_src/run_benchmark.py", line 43, in run_single
    run_row_similarity_benchmark.main(cfg)
  File "/home/yarin.b/tembed/benchmark_src/tasks/run_row_similarity_benchmark.py", line 101, in main
    input_table, testcase_paths, dataset_information = load_benchmark_data(cfg)
                                                       ^^^^^^^^^^^^^^^^^^^^^^^^
  File "/home/yarin.b/tembed/benchmark_src/tasks/run_row_similarity_benchmark.py", line 20, in load_benchmark_data
    assert dataset_folder.exists(), f"Could not find path {dataset_folder}"
           ^^^^^^^^^^^^^^^^^^^^^^^
AssertionError: Could not find path /home/yarin.b/tembed/cache/row_similarity_data_full/Amazon-Google
2026-10-03 09:54:18,519 INFO __main__ - ================================================================================
2026-10-03 09:54:18,519 INFO __main__ - Starting [9/44] | Task: row_similarity_search | Approach: tabpfn_ctx | Env: benchmark_env | Dataset: Beer
2026-10-03 09:54:18,519 INFO __main__ - ================================================================================
2026-10-03 09:54:18,519 INFO benchmark_src.run_benchmark - ################################################################################
2026-10-03 09:54:18,519 INFO benchmark_src.run_benchmark - Task: row_similarity_search  |  Approach: tabpfn_ctx  |  Dataset: Beer
2026-10-03 09:54:18,521 INFO benchmark_src.tasks.run_row_similarity_benchmark - Started run_row_similarity_benchmark
2026-10-03 09:54:18,521 ERROR root - Traceback (most recent call last):
2026-10-03 09:54:18,521 ERROR root -   File "/home/yarin.b/tembed/benchmark_src/run_benchmark.py", line 43, in run_single
    run_row_similarity_benchmark.main(cfg)
2026-10-03 09:54:18,521 ERROR root -   File "/home/yarin.b/tembed/benchmark_src/tasks/run_row_similarity_benchmark.py", line 101, in main
    input_table, testcase_paths, dataset_information = load_benchmark_data(cfg)
                                                       ^^^^^^^^^^^^^^^^^^^^^^^^
2026-10-03 09:54:18,521 ERROR root -   File "/home/yarin.b/tembed/benchmark_src/tasks/run_row_similarity_benchmark.py", line 20, in load_benchmark_data
    assert dataset_folder.exists(), f"Could not find path {dataset_folder}"
           ^^^^^^^^^^^^^^^^^^^^^^^
2026-10-03 09:54:18,521 ERROR root - AssertionError: Could not find path /home/yarin.b/tembed/cache/row_similarity_data_full/Beer
2026-10-03 09:54:18,521 ERROR benchmark_src.run_benchmark - Error during benchmark run, please check traceback above.
2026-10-03 09:54:18,521 ERROR __main__ - Failed tabpfn_ctx/row_similarity_search/Beer
Traceback (most recent call last):
  File "/home/yarin.b/tembed/run_experiments.py", line 274, in _run_job
    run_single(cfg)
  File "/home/yarin.b/tembed/benchmark_src/run_benchmark.py", line 43, in run_single
    run_row_similarity_benchmark.main(cfg)
  File "/home/yarin.b/tembed/benchmark_src/tasks/run_row_similarity_benchmark.py", line 101, in main
    input_table, testcase_paths, dataset_information = load_benchmark_data(cfg)
                                                       ^^^^^^^^^^^^^^^^^^^^^^^^
  File "/home/yarin.b/tembed/benchmark_src/tasks/run_row_similarity_benchmark.py", line 20, in load_benchmark_data
    assert dataset_folder.exists(), f"Could not find path {dataset_folder}"
           ^^^^^^^^^^^^^^^^^^^^^^^
AssertionError: Could not find path /home/yarin.b/tembed/cache/row_similarity_data_full/Beer
2026-10-03 09:54:18,671 INFO __main__ - ================================================================================
2026-10-03 09:54:18,671 INFO __main__ - Starting [10/44] | Task: row_similarity_search | Approach: tabpfn_ctx | Env: benchmark_env | Dataset: DBLP-ACM
2026-10-03 09:54:18,671 INFO __main__ - ================================================================================
2026-10-03 09:54:18,671 INFO benchmark_src.run_benchmark - ################################################################################
2026-10-03 09:54:18,671 INFO benchmark_src.run_benchmark - Task: row_similarity_search  |  Approach: tabpfn_ctx  |  Dataset: DBLP-ACM
2026-10-03 09:54:18,672 INFO benchmark_src.tasks.run_row_similarity_benchmark - Started run_row_similarity_benchmark
2026-10-03 09:54:18,673 ERROR root - Traceback (most recent call last):
2026-10-03 09:54:18,673 ERROR root -   File "/home/yarin.b/tembed/benchmark_src/run_benchmark.py", line 43, in run_single
    run_row_similarity_benchmark.main(cfg)
2026-10-03 09:54:18,673 ERROR root -   File "/home/yarin.b/tembed/benchmark_src/tasks/run_row_similarity_benchmark.py", line 101, in main
    input_table, testcase_paths, dataset_information = load_benchmark_data(cfg)
                                                       ^^^^^^^^^^^^^^^^^^^^^^^^
2026-10-03 09:54:18,673 ERROR root -   File "/home/yarin.b/tembed/benchmark_src/tasks/run_row_similarity_benchmark.py", line 20, in load_benchmark_data
    assert dataset_folder.exists(), f"Could not find path {dataset_folder}"
           ^^^^^^^^^^^^^^^^^^^^^^^
2026-10-03 09:54:18,673 ERROR root - AssertionError: Could not find path /home/yarin.b/tembed/cache/row_similarity_data_full/DBLP-ACM
2026-10-03 09:54:18,673 ERROR benchmark_src.run_benchmark - Error during benchmark run, please check traceback above.
2026-10-03 09:54:18,673 ERROR __main__ - Failed tabpfn_ctx/row_similarity_search/DBLP-ACM
Traceback (most recent call last):
  File "/home/yarin.b/tembed/run_experiments.py", line 274, in _run_job
    run_single(cfg)
  File "/home/yarin.b/tembed/benchmark_src/run_benchmark.py", line 43, in run_single
    run_row_similarity_benchmark.main(cfg)
  File "/home/yarin.b/tembed/benchmark_src/tasks/run_row_similarity_benchmark.py", line 101, in main
    input_table, testcase_paths, dataset_information = load_benchmark_data(cfg)
                                                       ^^^^^^^^^^^^^^^^^^^^^^^^
  File "/home/yarin.b/tembed/benchmark_src/tasks/run_row_similarity_benchmark.py", line 20, in load_benchmark_data
    assert dataset_folder.exists(), f"Could not find path {dataset_folder}"
           ^^^^^^^^^^^^^^^^^^^^^^^
AssertionError: Could not find path /home/yarin.b/tembed/cache/row_similarity_data_full/DBLP-ACM
2026-10-03 09:54:18,824 INFO __main__ - ================================================================================
2026-10-03 09:54:18,824 INFO __main__ - Starting [11/44] | Task: row_similarity_search | Approach: tabpfn_ctx | Env: benchmark_env | Dataset: Fodors-Zagats
2026-10-03 09:54:18,824 INFO __main__ - ================================================================================
2026-10-03 09:54:18,824 INFO benchmark_src.run_benchmark - ################################################################################
2026-10-03 09:54:18,824 INFO benchmark_src.run_benchmark - Task: row_similarity_search  |  Approach: tabpfn_ctx  |  Dataset: Fodors-Zagats
2026-10-03 09:54:18,825 INFO benchmark_src.tasks.run_row_similarity_benchmark - Started run_row_similarity_benchmark
2026-10-03 09:54:18,825 ERROR root - Traceback (most recent call last):
2026-10-03 09:54:18,826 ERROR root -   File "/home/yarin.b/tembed/benchmark_src/run_benchmark.py", line 43, in run_single
    run_row_similarity_benchmark.main(cfg)
2026-10-03 09:54:18,826 ERROR root -   File "/home/yarin.b/tembed/benchmark_src/tasks/run_row_similarity_benchmark.py", line 101, in main
    input_table, testcase_paths, dataset_information = load_benchmark_data(cfg)
                                                       ^^^^^^^^^^^^^^^^^^^^^^^^
2026-10-03 09:54:18,826 ERROR root -   File "/home/yarin.b/tembed/benchmark_src/tasks/run_row_similarity_benchmark.py", line 20, in load_benchmark_data
    assert dataset_folder.exists(), f"Could not find path {dataset_folder}"
           ^^^^^^^^^^^^^^^^^^^^^^^
2026-10-03 09:54:18,826 ERROR root - AssertionError: Could not find path /home/yarin.b/tembed/cache/row_similarity_data_full/Fodors-Zagats
2026-10-03 09:54:18,826 ERROR benchmark_src.run_benchmark - Error during benchmark run, please check traceback above.
2026-10-03 09:54:18,826 ERROR __main__ - Failed tabpfn_ctx/row_similarity_search/Fodors-Zagats
Traceback (most recent call last):
  File "/home/yarin.b/tembed/run_experiments.py", line 274, in _run_job
    run_single(cfg)
  File "/home/yarin.b/tembed/benchmark_src/run_benchmark.py", line 43, in run_single
    run_row_similarity_benchmark.main(cfg)
  File "/home/yarin.b/tembed/benchmark_src/tasks/run_row_similarity_benchmark.py", line 101, in main
    input_table, testcase_paths, dataset_information = load_benchmark_data(cfg)
                                                       ^^^^^^^^^^^^^^^^^^^^^^^^
  File "/home/yarin.b/tembed/benchmark_src/tasks/run_row_similarity_benchmark.py", line 20, in load_benchmark_data
    assert dataset_folder.exists(), f"Could not find path {dataset_folder}"
           ^^^^^^^^^^^^^^^^^^^^^^^
AssertionError: Could not find path /home/yarin.b/tembed/cache/row_similarity_data_full/Fodors-Zagats
2026-10-03 09:54:18,978 INFO __main__ - ================================================================================
2026-10-03 09:54:18,978 INFO __main__ - Starting [12/44] | Task: row_similarity_search | Approach: tabpfn_ctx | Env: benchmark_env | Dataset: geological-settlements
2026-10-03 09:54:18,978 INFO __main__ - ================================================================================
2026-10-03 09:54:18,978 INFO benchmark_src.run_benchmark - ################################################################################
2026-10-03 09:54:18,978 INFO benchmark_src.run_benchmark - Task: row_similarity_search  |  Approach: tabpfn_ctx  |  Dataset: geological-settlements
2026-10-03 09:54:18,980 INFO benchmark_src.tasks.run_row_similarity_benchmark - Started run_row_similarity_benchmark
2026-10-03 09:54:18,980 ERROR root - Traceback (most recent call last):
2026-10-03 09:54:18,980 ERROR root -   File "/home/yarin.b/tembed/benchmark_src/run_benchmark.py", line 43, in run_single
    run_row_similarity_benchmark.main(cfg)
2026-10-03 09:54:18,980 ERROR root -   File "/home/yarin.b/tembed/benchmark_src/tasks/run_row_similarity_benchmark.py", line 101, in main
    input_table, testcase_paths, dataset_information = load_benchmark_data(cfg)
                                                       ^^^^^^^^^^^^^^^^^^^^^^^^
2026-10-03 09:54:18,980 ERROR root -   File "/home/yarin.b/tembed/benchmark_src/tasks/run_row_similarity_benchmark.py", line 20, in load_benchmark_data
    assert dataset_folder.exists(), f"Could not find path {dataset_folder}"
           ^^^^^^^^^^^^^^^^^^^^^^^
2026-10-03 09:54:18,980 ERROR root - AssertionError: Could not find path /home/yarin.b/tembed/cache/row_similarity_data_full/geological-settlements
2026-10-03 09:54:18,980 ERROR benchmark_src.run_benchmark - Error during benchmark run, please check traceback above.
2026-10-03 09:54:18,980 ERROR __main__ - Failed tabpfn_ctx/row_similarity_search/geological-settlements
Traceback (most recent call last):
  File "/home/yarin.b/tembed/run_experiments.py", line 274, in _run_job
    run_single(cfg)
  File "/home/yarin.b/tembed/benchmark_src/run_benchmark.py", line 43, in run_single
    run_row_similarity_benchmark.main(cfg)
  File "/home/yarin.b/tembed/benchmark_src/tasks/run_row_similarity_benchmark.py", line 101, in main
    input_table, testcase_paths, dataset_information = load_benchmark_data(cfg)
                                                       ^^^^^^^^^^^^^^^^^^^^^^^^
  File "/home/yarin.b/tembed/benchmark_src/tasks/run_row_similarity_benchmark.py", line 20, in load_benchmark_data
    assert dataset_folder.exists(), f"Could not find path {dataset_folder}"
           ^^^^^^^^^^^^^^^^^^^^^^^
AssertionError: Could not find path /home/yarin.b/tembed/cache/row_similarity_data_full/geological-settlements
2026-10-03 09:54:19,132 INFO __main__ - ================================================================================
2026-10-03 09:54:19,132 INFO __main__ - Starting [13/44] | Task: row_similarity_search | Approach: tabpfn_ctx | Env: benchmark_env | Dataset: MusicBrainz
2026-10-03 09:54:19,132 INFO __main__ - ================================================================================
2026-10-03 09:54:19,132 INFO benchmark_src.run_benchmark - ################################################################################
2026-10-03 09:54:19,132 INFO benchmark_src.run_benchmark - Task: row_similarity_search  |  Approach: tabpfn_ctx  |  Dataset: MusicBrainz
2026-10-03 09:54:19,133 INFO benchmark_src.tasks.run_row_similarity_benchmark - Started run_row_similarity_benchmark
2026-10-03 09:54:19,133 ERROR root - Traceback (most recent call last):
2026-10-03 09:54:19,133 ERROR root -   File "/home/yarin.b/tembed/benchmark_src/run_benchmark.py", line 43, in run_single
    run_row_similarity_benchmark.main(cfg)
2026-10-03 09:54:19,133 ERROR root -   File "/home/yarin.b/tembed/benchmark_src/tasks/run_row_similarity_benchmark.py", line 101, in main
    input_table, testcase_paths, dataset_information = load_benchmark_data(cfg)
                                                       ^^^^^^^^^^^^^^^^^^^^^^^^
2026-10-03 09:54:19,133 ERROR root -   File "/home/yarin.b/tembed/benchmark_src/tasks/run_row_similarity_benchmark.py", line 20, in load_benchmark_data
    assert dataset_folder.exists(), f"Could not find path {dataset_folder}"
           ^^^^^^^^^^^^^^^^^^^^^^^
2026-10-03 09:54:19,133 ERROR root - AssertionError: Could not find path /home/yarin.b/tembed/cache/row_similarity_data_full/MusicBrainz
2026-10-03 09:54:19,133 ERROR benchmark_src.run_benchmark - Error during benchmark run, please check traceback above.
2026-10-03 09:54:19,133 ERROR __main__ - Failed tabpfn_ctx/row_similarity_search/MusicBrainz
Traceback (most recent call last):
  File "/home/yarin.b/tembed/run_experiments.py", line 274, in _run_job
    run_single(cfg)
  File "/home/yarin.b/tembed/benchmark_src/run_benchmark.py", line 43, in run_single
    run_row_similarity_benchmark.main(cfg)
  File "/home/yarin.b/tembed/benchmark_src/tasks/run_row_similarity_benchmark.py", line 101, in main
    input_table, testcase_paths, dataset_information = load_benchmark_data(cfg)
                                                       ^^^^^^^^^^^^^^^^^^^^^^^^
  File "/home/yarin.b/tembed/benchmark_src/tasks/run_row_similarity_benchmark.py", line 20, in load_benchmark_data
    assert dataset_folder.exists(), f"Could not find path {dataset_folder}"
           ^^^^^^^^^^^^^^^^^^^^^^^
AssertionError: Could not find path /home/yarin.b/tembed/cache/row_similarity_data_full/MusicBrainz
2026-10-03 09:54:19,283 INFO __main__ - ================================================================================
2026-10-03 09:54:19,283 INFO __main__ - Starting [14/44] | Task: row_similarity_search | Approach: tabpfn_ctx | Env: benchmark_env | Dataset: Walmart-Amazon
2026-10-03 09:54:19,283 INFO __main__ - ================================================================================
2026-10-03 09:54:19,284 INFO benchmark_src.run_benchmark - ################################################################################
2026-10-03 09:54:19,284 INFO benchmark_src.run_benchmark - Task: row_similarity_search  |  Approach: tabpfn_ctx  |  Dataset: Walmart-Amazon
2026-10-03 09:54:19,285 INFO benchmark_src.tasks.run_row_similarity_benchmark - Started run_row_similarity_benchmark
2026-10-03 09:54:19,285 ERROR root - Traceback (most recent call last):
2026-10-03 09:54:19,285 ERROR root -   File "/home/yarin.b/tembed/benchmark_src/run_benchmark.py", line 43, in run_single
    run_row_similarity_benchmark.main(cfg)
2026-10-03 09:54:19,285 ERROR root -   File "/home/yarin.b/tembed/benchmark_src/tasks/run_row_similarity_benchmark.py", line 101, in main
    input_table, testcase_paths, dataset_information = load_benchmark_data(cfg)
                                                       ^^^^^^^^^^^^^^^^^^^^^^^^
2026-10-03 09:54:19,285 ERROR root -   File "/home/yarin.b/tembed/benchmark_src/tasks/run_row_similarity_benchmark.py", line 20, in load_benchmark_data
    assert dataset_folder.exists(), f"Could not find path {dataset_folder}"
           ^^^^^^^^^^^^^^^^^^^^^^^
2026-10-03 09:54:19,285 ERROR root - AssertionError: Could not find path /home/yarin.b/tembed/cache/row_similarity_data_full/Walmart-Amazon
2026-10-03 09:54:19,285 ERROR benchmark_src.run_benchmark - Error during benchmark run, please check traceback above.
2026-10-03 09:54:19,285 ERROR __main__ - Failed tabpfn_ctx/row_similarity_search/Walmart-Amazon
Traceback (most recent call last):
  File "/home/yarin.b/tembed/run_experiments.py", line 274, in _run_job
    run_single(cfg)
  File "/home/yarin.b/tembed/benchmark_src/run_benchmark.py", line 43, in run_single
    run_row_similarity_benchmark.main(cfg)
  File "/home/yarin.b/tembed/benchmark_src/tasks/run_row_similarity_benchmark.py", line 101, in main
    input_table, testcase_paths, dataset_information = load_benchmark_data(cfg)
                                                       ^^^^^^^^^^^^^^^^^^^^^^^^
  File "/home/yarin.b/tembed/benchmark_src/tasks/run_row_similarity_benchmark.py", line 20, in load_benchmark_data
    assert dataset_folder.exists(), f"Could not find path {dataset_folder}"
           ^^^^^^^^^^^^^^^^^^^^^^^
AssertionError: Could not find path /home/yarin.b/tembed/cache/row_similarity_data_full/Walmart-Amazon
2026-10-03 09:54:19,436 INFO __main__ - ================================================================================
2026-10-03 09:54:19,436 INFO __main__ - Starting [15/44] | Task: row_similarity_search | Approach: tabpfn_ctx | Env: benchmark_env | Dataset: Amazon-Google
2026-10-03 09:54:19,436 INFO __main__ - ================================================================================
2026-10-03 09:54:19,436 INFO benchmark_src.run_benchmark - ################################################################################
2026-10-03 09:54:19,436 INFO benchmark_src.run_benchmark - Task: row_similarity_search  |  Approach: tabpfn_ctx  |  Dataset: Amazon-Google
2026-10-03 09:54:19,438 INFO benchmark_src.tasks.run_row_similarity_benchmark - Started run_row_similarity_benchmark
2026-10-03 09:54:19,438 ERROR root - Traceback (most recent call last):
2026-10-03 09:54:19,438 ERROR root -   File "/home/yarin.b/tembed/benchmark_src/run_benchmark.py", line 43, in run_single
    run_row_similarity_benchmark.main(cfg)
2026-10-03 09:54:19,438 ERROR root -   File "/home/yarin.b/tembed/benchmark_src/tasks/run_row_similarity_benchmark.py", line 101, in main
    input_table, testcase_paths, dataset_information = load_benchmark_data(cfg)
                                                       ^^^^^^^^^^^^^^^^^^^^^^^^
2026-10-03 09:54:19,438 ERROR root -   File "/home/yarin.b/tembed/benchmark_src/tasks/run_row_similarity_benchmark.py", line 20, in load_benchmark_data
    assert dataset_folder.exists(), f"Could not find path {dataset_folder}"
           ^^^^^^^^^^^^^^^^^^^^^^^
2026-10-03 09:54:19,438 ERROR root - AssertionError: Could not find path /home/yarin.b/tembed/cache/row_similarity_data_full/Amazon-Google
2026-10-03 09:54:19,438 ERROR benchmark_src.run_benchmark - Error during benchmark run, please check traceback above.
2026-10-03 09:54:19,438 ERROR __main__ - Failed tabpfn_ctx/row_similarity_search/Amazon-Google
Traceback (most recent call last):
  File "/home/yarin.b/tembed/run_experiments.py", line 274, in _run_job
    run_single(cfg)
  File "/home/yarin.b/tembed/benchmark_src/run_benchmark.py", line 43, in run_single
    run_row_similarity_benchmark.main(cfg)
  File "/home/yarin.b/tembed/benchmark_src/tasks/run_row_similarity_benchmark.py", line 101, in main
    input_table, testcase_paths, dataset_information = load_benchmark_data(cfg)
                                                       ^^^^^^^^^^^^^^^^^^^^^^^^
  File "/home/yarin.b/tembed/benchmark_src/tasks/run_row_similarity_benchmark.py", line 20, in load_benchmark_data
    assert dataset_folder.exists(), f"Could not find path {dataset_folder}"
           ^^^^^^^^^^^^^^^^^^^^^^^
AssertionError: Could not find path /home/yarin.b/tembed/cache/row_similarity_data_full/Amazon-Google
2026-10-03 09:54:19,590 INFO __main__ - ================================================================================
2026-10-03 09:54:19,590 INFO __main__ - Starting [16/44] | Task: row_similarity_search | Approach: tabpfn_ctx | Env: benchmark_env | Dataset: Beer
2026-10-03 09:54:19,590 INFO __main__ - ================================================================================
2026-10-03 09:54:19,590 INFO benchmark_src.run_benchmark - ################################################################################
2026-10-03 09:54:19,590 INFO benchmark_src.run_benchmark - Task: row_similarity_search  |  Approach: tabpfn_ctx  |  Dataset: Beer
2026-10-03 09:54:19,591 INFO benchmark_src.tasks.run_row_similarity_benchmark - Started run_row_similarity_benchmark
2026-10-03 09:54:19,592 ERROR root - Traceback (most recent call last):
2026-10-03 09:54:19,592 ERROR root -   File "/home/yarin.b/tembed/benchmark_src/run_benchmark.py", line 43, in run_single
    run_row_similarity_benchmark.main(cfg)
2026-10-03 09:54:19,592 ERROR root -   File "/home/yarin.b/tembed/benchmark_src/tasks/run_row_similarity_benchmark.py", line 101, in main
    input_table, testcase_paths, dataset_information = load_benchmark_data(cfg)
                                                       ^^^^^^^^^^^^^^^^^^^^^^^^
2026-10-03 09:54:19,592 ERROR root -   File "/home/yarin.b/tembed/benchmark_src/tasks/run_row_similarity_benchmark.py", line 20, in load_benchmark_data
    assert dataset_folder.exists(), f"Could not find path {dataset_folder}"
           ^^^^^^^^^^^^^^^^^^^^^^^
2026-10-03 09:54:19,592 ERROR root - AssertionError: Could not find path /home/yarin.b/tembed/cache/row_similarity_data_full/Beer
2026-10-03 09:54:19,592 ERROR benchmark_src.run_benchmark - Error during benchmark run, please check traceback above.
2026-10-03 09:54:19,592 ERROR __main__ - Failed tabpfn_ctx/row_similarity_search/Beer
Traceback (most recent call last):
  File "/home/yarin.b/tembed/run_experiments.py", line 274, in _run_job
    run_single(cfg)
  File "/home/yarin.b/tembed/benchmark_src/run_benchmark.py", line 43, in run_single
    run_row_similarity_benchmark.main(cfg)
  File "/home/yarin.b/tembed/benchmark_src/tasks/run_row_similarity_benchmark.py", line 101, in main
    input_table, testcase_paths, dataset_information = load_benchmark_data(cfg)
                                                       ^^^^^^^^^^^^^^^^^^^^^^^^
  File "/home/yarin.b/tembed/benchmark_src/tasks/run_row_similarity_benchmark.py", line 20, in load_benchmark_data
    assert dataset_folder.exists(), f"Could not find path {dataset_folder}"
           ^^^^^^^^^^^^^^^^^^^^^^^
AssertionError: Could not find path /home/yarin.b/tembed/cache/row_similarity_data_full/Beer
2026-10-03 09:54:19,748 INFO __main__ - ================================================================================
2026-10-03 09:54:19,748 INFO __main__ - Starting [17/44] | Task: row_similarity_search | Approach: tabpfn_ctx | Env: benchmark_env | Dataset: DBLP-ACM
2026-10-03 09:54:19,748 INFO __main__ - ================================================================================
2026-10-03 09:54:19,748 INFO benchmark_src.run_benchmark - ################################################################################
2026-10-03 09:54:19,748 INFO benchmark_src.run_benchmark - Task: row_similarity_search  |  Approach: tabpfn_ctx  |  Dataset: DBLP-ACM
2026-10-03 09:54:19,750 INFO benchmark_src.tasks.run_row_similarity_benchmark - Started run_row_similarity_benchmark
2026-10-03 09:54:19,750 ERROR root - Traceback (most recent call last):
2026-10-03 09:54:19,750 ERROR root -   File "/home/yarin.b/tembed/benchmark_src/run_benchmark.py", line 43, in run_single
    run_row_similarity_benchmark.main(cfg)
2026-10-03 09:54:19,750 ERROR root -   File "/home/yarin.b/tembed/benchmark_src/tasks/run_row_similarity_benchmark.py", line 101, in main
    input_table, testcase_paths, dataset_information = load_benchmark_data(cfg)
                                                       ^^^^^^^^^^^^^^^^^^^^^^^^
2026-10-03 09:54:19,750 ERROR root -   File "/home/yarin.b/tembed/benchmark_src/tasks/run_row_similarity_benchmark.py", line 20, in load_benchmark_data
    assert dataset_folder.exists(), f"Could not find path {dataset_folder}"
           ^^^^^^^^^^^^^^^^^^^^^^^
2026-10-03 09:54:19,750 ERROR root - AssertionError: Could not find path /home/yarin.b/tembed/cache/row_similarity_data_full/DBLP-ACM
2026-10-03 09:54:19,750 ERROR benchmark_src.run_benchmark - Error during benchmark run, please check traceback above.
2026-10-03 09:54:19,750 ERROR __main__ - Failed tabpfn_ctx/row_similarity_search/DBLP-ACM
Traceback (most recent call last):
  File "/home/yarin.b/tembed/run_experiments.py", line 274, in _run_job
    run_single(cfg)
  File "/home/yarin.b/tembed/benchmark_src/run_benchmark.py", line 43, in run_single
    run_row_similarity_benchmark.main(cfg)
  File "/home/yarin.b/tembed/benchmark_src/tasks/run_row_similarity_benchmark.py", line 101, in main
    input_table, testcase_paths, dataset_information = load_benchmark_data(cfg)
                                                       ^^^^^^^^^^^^^^^^^^^^^^^^
  File "/home/yarin.b/tembed/benchmark_src/tasks/run_row_similarity_benchmark.py", line 20, in load_benchmark_data
    assert dataset_folder.exists(), f"Could not find path {dataset_folder}"
           ^^^^^^^^^^^^^^^^^^^^^^^
AssertionError: Could not find path /home/yarin.b/tembed/cache/row_similarity_data_full/DBLP-ACM
2026-10-03 09:54:19,903 INFO __main__ - ================================================================================
2026-10-03 09:54:19,904 INFO __main__ - Starting [18/44] | Task: row_similarity_search | Approach: tabpfn_ctx | Env: benchmark_env | Dataset: Fodors-Zagats
2026-10-03 09:54:19,904 INFO __main__ - ================================================================================
2026-10-03 09:54:19,904 INFO benchmark_src.run_benchmark - ################################################################################
2026-10-03 09:54:19,904 INFO benchmark_src.run_benchmark - Task: row_similarity_search  |  Approach: tabpfn_ctx  |  Dataset: Fodors-Zagats
2026-10-03 09:54:19,905 INFO benchmark_src.tasks.run_row_similarity_benchmark - Started run_row_similarity_benchmark
2026-10-03 09:54:19,905 ERROR root - Traceback (most recent call last):
2026-10-03 09:54:19,905 ERROR root -   File "/home/yarin.b/tembed/benchmark_src/run_benchmark.py", line 43, in run_single
    run_row_similarity_benchmark.main(cfg)
2026-10-03 09:54:19,905 ERROR root -   File "/home/yarin.b/tembed/benchmark_src/tasks/run_row_similarity_benchmark.py", line 101, in main
    input_table, testcase_paths, dataset_information = load_benchmark_data(cfg)
                                                       ^^^^^^^^^^^^^^^^^^^^^^^^
2026-10-03 09:54:19,905 ERROR root -   File "/home/yarin.b/tembed/benchmark_src/tasks/run_row_similarity_benchmark.py", line 20, in load_benchmark_data
    assert dataset_folder.exists(), f"Could not find path {dataset_folder}"
           ^^^^^^^^^^^^^^^^^^^^^^^
2026-10-03 09:54:19,905 ERROR root - AssertionError: Could not find path /home/yarin.b/tembed/cache/row_similarity_data_full/Fodors-Zagats
2026-10-03 09:54:19,905 ERROR benchmark_src.run_benchmark - Error during benchmark run, please check traceback above.
2026-10-03 09:54:19,906 ERROR __main__ - Failed tabpfn_ctx/row_similarity_search/Fodors-Zagats
Traceback (most recent call last):
  File "/home/yarin.b/tembed/run_experiments.py", line 274, in _run_job
    run_single(cfg)
  File "/home/yarin.b/tembed/benchmark_src/run_benchmark.py", line 43, in run_single
    run_row_similarity_benchmark.main(cfg)
  File "/home/yarin.b/tembed/benchmark_src/tasks/run_row_similarity_benchmark.py", line 101, in main
    input_table, testcase_paths, dataset_information = load_benchmark_data(cfg)
                                                       ^^^^^^^^^^^^^^^^^^^^^^^^
  File "/home/yarin.b/tembed/benchmark_src/tasks/run_row_similarity_benchmark.py", line 20, in load_benchmark_data
    assert dataset_folder.exists(), f"Could not find path {dataset_folder}"
           ^^^^^^^^^^^^^^^^^^^^^^^
AssertionError: Could not find path /home/yarin.b/tembed/cache/row_similarity_data_full/Fodors-Zagats
2026-10-03 09:54:20,058 INFO __main__ - ================================================================================
2026-10-03 09:54:20,058 INFO __main__ - Starting [19/44] | Task: row_similarity_search | Approach: tabpfn_ctx | Env: benchmark_env | Dataset: geological-settlements
2026-10-03 09:54:20,058 INFO __main__ - ================================================================================
2026-10-03 09:54:20,058 INFO benchmark_src.run_benchmark - ################################################################################
2026-10-03 09:54:20,058 INFO benchmark_src.run_benchmark - Task: row_similarity_search  |  Approach: tabpfn_ctx  |  Dataset: geological-settlements
2026-10-03 09:54:20,059 INFO benchmark_src.tasks.run_row_similarity_benchmark - Started run_row_similarity_benchmark
2026-10-03 09:54:20,060 ERROR root - Traceback (most recent call last):
2026-10-03 09:54:20,060 ERROR root -   File "/home/yarin.b/tembed/benchmark_src/run_benchmark.py", line 43, in run_single
    run_row_similarity_benchmark.main(cfg)
2026-10-03 09:54:20,060 ERROR root -   File "/home/yarin.b/tembed/benchmark_src/tasks/run_row_similarity_benchmark.py", line 101, in main
    input_table, testcase_paths, dataset_information = load_benchmark_data(cfg)
                                                       ^^^^^^^^^^^^^^^^^^^^^^^^
2026-10-03 09:54:20,060 ERROR root -   File "/home/yarin.b/tembed/benchmark_src/tasks/run_row_similarity_benchmark.py", line 20, in load_benchmark_data
    assert dataset_folder.exists(), f"Could not find path {dataset_folder}"
           ^^^^^^^^^^^^^^^^^^^^^^^
2026-10-03 09:54:20,060 ERROR root - AssertionError: Could not find path /home/yarin.b/tembed/cache/row_similarity_data_full/geological-settlements
2026-10-03 09:54:20,060 ERROR benchmark_src.run_benchmark - Error during benchmark run, please check traceback above.
2026-10-03 09:54:20,060 ERROR __main__ - Failed tabpfn_ctx/row_similarity_search/geological-settlements
Traceback (most recent call last):
  File "/home/yarin.b/tembed/run_experiments.py", line 274, in _run_job
    run_single(cfg)
  File "/home/yarin.b/tembed/benchmark_src/run_benchmark.py", line 43, in run_single
    run_row_similarity_benchmark.main(cfg)
  File "/home/yarin.b/tembed/benchmark_src/tasks/run_row_similarity_benchmark.py", line 101, in main
    input_table, testcase_paths, dataset_information = load_benchmark_data(cfg)
                                                       ^^^^^^^^^^^^^^^^^^^^^^^^
  File "/home/yarin.b/tembed/benchmark_src/tasks/run_row_similarity_benchmark.py", line 20, in load_benchmark_data
    assert dataset_folder.exists(), f"Could not find path {dataset_folder}"
           ^^^^^^^^^^^^^^^^^^^^^^^
AssertionError: Could not find path /home/yarin.b/tembed/cache/row_similarity_data_full/geological-settlements
2026-10-03 09:54:20,211 INFO __main__ - ================================================================================
2026-10-03 09:54:20,211 INFO __main__ - Starting [20/44] | Task: row_similarity_search | Approach: tabpfn_ctx | Env: benchmark_env | Dataset: MusicBrainz
2026-10-03 09:54:20,211 INFO __main__ - ================================================================================
2026-10-03 09:54:20,211 INFO benchmark_src.run_benchmark - ################################################################################
2026-10-03 09:54:20,211 INFO benchmark_src.run_benchmark - Task: row_similarity_search  |  Approach: tabpfn_ctx  |  Dataset: MusicBrainz
2026-10-03 09:54:20,212 INFO benchmark_src.tasks.run_row_similarity_benchmark - Started run_row_similarity_benchmark
2026-10-03 09:54:20,212 ERROR root - Traceback (most recent call last):
2026-10-03 09:54:20,212 ERROR root -   File "/home/yarin.b/tembed/benchmark_src/run_benchmark.py", line 43, in run_single
    run_row_similarity_benchmark.main(cfg)
2026-10-03 09:54:20,212 ERROR root -   File "/home/yarin.b/tembed/benchmark_src/tasks/run_row_similarity_benchmark.py", line 101, in main
    input_table, testcase_paths, dataset_information = load_benchmark_data(cfg)
                                                       ^^^^^^^^^^^^^^^^^^^^^^^^
2026-10-03 09:54:20,212 ERROR root -   File "/home/yarin.b/tembed/benchmark_src/tasks/run_row_similarity_benchmark.py", line 20, in load_benchmark_data
    assert dataset_folder.exists(), f"Could not find path {dataset_folder}"
           ^^^^^^^^^^^^^^^^^^^^^^^
2026-10-03 09:54:20,212 ERROR root - AssertionError: Could not find path /home/yarin.b/tembed/cache/row_similarity_data_full/MusicBrainz
2026-10-03 09:54:20,213 ERROR benchmark_src.run_benchmark - Error during benchmark run, please check traceback above.
2026-10-03 09:54:20,213 ERROR __main__ - Failed tabpfn_ctx/row_similarity_search/MusicBrainz
Traceback (most recent call last):
  File "/home/yarin.b/tembed/run_experiments.py", line 274, in _run_job
    run_single(cfg)
  File "/home/yarin.b/tembed/benchmark_src/run_benchmark.py", line 43, in run_single
    run_row_similarity_benchmark.main(cfg)
  File "/home/yarin.b/tembed/benchmark_src/tasks/run_row_similarity_benchmark.py", line 101, in main
    input_table, testcase_paths, dataset_information = load_benchmark_data(cfg)
                                                       ^^^^^^^^^^^^^^^^^^^^^^^^
  File "/home/yarin.b/tembed/benchmark_src/tasks/run_row_similarity_benchmark.py", line 20, in load_benchmark_data
    assert dataset_folder.exists(), f"Could not find path {dataset_folder}"
           ^^^^^^^^^^^^^^^^^^^^^^^
AssertionError: Could not find path /home/yarin.b/tembed/cache/row_similarity_data_full/MusicBrainz
2026-10-03 09:54:20,364 INFO __main__ - ================================================================================
2026-10-03 09:54:20,364 INFO __main__ - Starting [21/44] | Task: row_similarity_search | Approach: tabpfn_ctx | Env: benchmark_env | Dataset: Walmart-Amazon
2026-10-03 09:54:20,364 INFO __main__ - ================================================================================
2026-10-03 09:54:20,364 INFO benchmark_src.run_benchmark - ################################################################################
2026-10-03 09:54:20,364 INFO benchmark_src.run_benchmark - Task: row_similarity_search  |  Approach: tabpfn_ctx  |  Dataset: Walmart-Amazon
2026-10-03 09:54:20,366 INFO benchmark_src.tasks.run_row_similarity_benchmark - Started run_row_similarity_benchmark
2026-10-03 09:54:20,366 ERROR root - Traceback (most recent call last):
2026-10-03 09:54:20,366 ERROR root -   File "/home/yarin.b/tembed/benchmark_src/run_benchmark.py", line 43, in run_single
    run_row_similarity_benchmark.main(cfg)
2026-10-03 09:54:20,366 ERROR root -   File "/home/yarin.b/tembed/benchmark_src/tasks/run_row_similarity_benchmark.py", line 101, in main
    input_table, testcase_paths, dataset_information = load_benchmark_data(cfg)
                                                       ^^^^^^^^^^^^^^^^^^^^^^^^
2026-10-03 09:54:20,366 ERROR root -   File "/home/yarin.b/tembed/benchmark_src/tasks/run_row_similarity_benchmark.py", line 20, in load_benchmark_data
    assert dataset_folder.exists(), f"Could not find path {dataset_folder}"
           ^^^^^^^^^^^^^^^^^^^^^^^
2026-10-03 09:54:20,366 ERROR root - AssertionError: Could not find path /home/yarin.b/tembed/cache/row_similarity_data_full/Walmart-Amazon
2026-10-03 09:54:20,366 ERROR benchmark_src.run_benchmark - Error during benchmark run, please check traceback above.
2026-10-03 09:54:20,367 ERROR __main__ - Failed tabpfn_ctx/row_similarity_search/Walmart-Amazon
Traceback (most recent call last):
  File "/home/yarin.b/tembed/run_experiments.py", line 274, in _run_job
    run_single(cfg)
  File "/home/yarin.b/tembed/benchmark_src/run_benchmark.py", line 43, in run_single
    run_row_similarity_benchmark.main(cfg)
  File "/home/yarin.b/tembed/benchmark_src/tasks/run_row_similarity_benchmark.py", line 101, in main
    input_table, testcase_paths, dataset_information = load_benchmark_data(cfg)
                                                       ^^^^^^^^^^^^^^^^^^^^^^^^
  File "/home/yarin.b/tembed/benchmark_src/tasks/run_row_similarity_benchmark.py", line 20, in load_benchmark_data
    assert dataset_folder.exists(), f"Could not find path {dataset_folder}"
           ^^^^^^^^^^^^^^^^^^^^^^^
AssertionError: Could not find path /home/yarin.b/tembed/cache/row_similarity_data_full/Walmart-Amazon
2026-10-03 09:54:20,517 INFO __main__ - ================================================================================
2026-10-03 09:54:20,517 INFO __main__ - Starting [22/44] | Task: row_similarity_search | Approach: tabpfn_ctx | Env: benchmark_env | Dataset: Amazon-Google
2026-10-03 09:54:20,517 INFO __main__ - ================================================================================
2026-10-03 09:54:20,517 INFO benchmark_src.run_benchmark - ################################################################################
2026-10-03 09:54:20,517 INFO benchmark_src.run_benchmark - Task: row_similarity_search  |  Approach: tabpfn_ctx  |  Dataset: Amazon-Google
2026-10-03 09:54:20,518 INFO benchmark_src.tasks.run_row_similarity_benchmark - Started run_row_similarity_benchmark
2026-10-03 09:54:20,519 ERROR root - Traceback (most recent call last):
2026-10-03 09:54:20,519 ERROR root -   File "/home/yarin.b/tembed/benchmark_src/run_benchmark.py", line 43, in run_single
    run_row_similarity_benchmark.main(cfg)
2026-10-03 09:54:20,519 ERROR root -   File "/home/yarin.b/tembed/benchmark_src/tasks/run_row_similarity_benchmark.py", line 101, in main
    input_table, testcase_paths, dataset_information = load_benchmark_data(cfg)
                                                       ^^^^^^^^^^^^^^^^^^^^^^^^
2026-10-03 09:54:20,519 ERROR root -   File "/home/yarin.b/tembed/benchmark_src/tasks/run_row_similarity_benchmark.py", line 20, in load_benchmark_data
    assert dataset_folder.exists(), f"Could not find path {dataset_folder}"
           ^^^^^^^^^^^^^^^^^^^^^^^
2026-10-03 09:54:20,519 ERROR root - AssertionError: Could not find path /home/yarin.b/tembed/cache/row_similarity_data_full/Amazon-Google
2026-10-03 09:54:20,519 ERROR benchmark_src.run_benchmark - Error during benchmark run, please check traceback above.
2026-10-03 09:54:20,519 ERROR __main__ - Failed tabpfn_ctx/row_similarity_search/Amazon-Google
Traceback (most recent call last):
  File "/home/yarin.b/tembed/run_experiments.py", line 274, in _run_job
    run_single(cfg)
  File "/home/yarin.b/tembed/benchmark_src/run_benchmark.py", line 43, in run_single
    run_row_similarity_benchmark.main(cfg)
  File "/home/yarin.b/tembed/benchmark_src/tasks/run_row_similarity_benchmark.py", line 101, in main
    input_table, testcase_paths, dataset_information = load_benchmark_data(cfg)
                                                       ^^^^^^^^^^^^^^^^^^^^^^^^
  File "/home/yarin.b/tembed/benchmark_src/tasks/run_row_similarity_benchmark.py", line 20, in load_benchmark_data
    assert dataset_folder.exists(), f"Could not find path {dataset_folder}"
           ^^^^^^^^^^^^^^^^^^^^^^^
AssertionError: Could not find path /home/yarin.b/tembed/cache/row_similarity_data_full/Amazon-Google
2026-10-03 09:54:20,673 INFO __main__ - ================================================================================
2026-10-03 09:54:20,673 INFO __main__ - Starting [23/44] | Task: row_similarity_search | Approach: tabpfn_ctx | Env: benchmark_env | Dataset: Beer
2026-10-03 09:54:20,673 INFO __main__ - ================================================================================
2026-10-03 09:54:20,673 INFO benchmark_src.run_benchmark - ################################################################################
2026-10-03 09:54:20,673 INFO benchmark_src.run_benchmark - Task: row_similarity_search  |  Approach: tabpfn_ctx  |  Dataset: Beer
2026-10-03 09:54:20,675 INFO benchmark_src.tasks.run_row_similarity_benchmark - Started run_row_similarity_benchmark
2026-10-03 09:54:20,675 ERROR root - Traceback (most recent call last):
2026-10-03 09:54:20,675 ERROR root -   File "/home/yarin.b/tembed/benchmark_src/run_benchmark.py", line 43, in run_single
    run_row_similarity_benchmark.main(cfg)
2026-10-03 09:54:20,675 ERROR root -   File "/home/yarin.b/tembed/benchmark_src/tasks/run_row_similarity_benchmark.py", line 101, in main
    input_table, testcase_paths, dataset_information = load_benchmark_data(cfg)
                                                       ^^^^^^^^^^^^^^^^^^^^^^^^
2026-10-03 09:54:20,675 ERROR root -   File "/home/yarin.b/tembed/benchmark_src/tasks/run_row_similarity_benchmark.py", line 20, in load_benchmark_data
    assert dataset_folder.exists(), f"Could not find path {dataset_folder}"
           ^^^^^^^^^^^^^^^^^^^^^^^
2026-10-03 09:54:20,675 ERROR root - AssertionError: Could not find path /home/yarin.b/tembed/cache/row_similarity_data_full/Beer
2026-10-03 09:54:20,675 ERROR benchmark_src.run_benchmark - Error during benchmark run, please check traceback above.
2026-10-03 09:54:20,675 ERROR __main__ - Failed tabpfn_ctx/row_similarity_search/Beer
Traceback (most recent call last):
  File "/home/yarin.b/tembed/run_experiments.py", line 274, in _run_job
    run_single(cfg)
  File "/home/yarin.b/tembed/benchmark_src/run_benchmark.py", line 43, in run_single
    run_row_similarity_benchmark.main(cfg)
  File "/home/yarin.b/tembed/benchmark_src/tasks/run_row_similarity_benchmark.py", line 101, in main
    input_table, testcase_paths, dataset_information = load_benchmark_data(cfg)
                                                       ^^^^^^^^^^^^^^^^^^^^^^^^
  File "/home/yarin.b/tembed/benchmark_src/tasks/run_row_similarity_benchmark.py", line 20, in load_benchmark_data
    assert dataset_folder.exists(), f"Could not find path {dataset_folder}"
           ^^^^^^^^^^^^^^^^^^^^^^^
AssertionError: Could not find path /home/yarin.b/tembed/cache/row_similarity_data_full/Beer
2026-10-03 09:54:20,826 INFO __main__ - ================================================================================
2026-10-03 09:54:20,826 INFO __main__ - Starting [24/44] | Task: row_similarity_search | Approach: tabpfn_ctx | Env: benchmark_env | Dataset: DBLP-ACM
2026-10-03 09:54:20,826 INFO __main__ - ================================================================================
2026-10-03 09:54:20,826 INFO benchmark_src.run_benchmark - ################################################################################
2026-10-03 09:54:20,826 INFO benchmark_src.run_benchmark - Task: row_similarity_search  |  Approach: tabpfn_ctx  |  Dataset: DBLP-ACM
2026-10-03 09:54:20,828 INFO benchmark_src.tasks.run_row_similarity_benchmark - Started run_row_similarity_benchmark
2026-10-03 09:54:20,828 ERROR root - Traceback (most recent call last):
2026-10-03 09:54:20,828 ERROR root -   File "/home/yarin.b/tembed/benchmark_src/run_benchmark.py", line 43, in run_single
    run_row_similarity_benchmark.main(cfg)
2026-10-03 09:54:20,828 ERROR root -   File "/home/yarin.b/tembed/benchmark_src/tasks/run_row_similarity_benchmark.py", line 101, in main
    input_table, testcase_paths, dataset_information = load_benchmark_data(cfg)
                                                       ^^^^^^^^^^^^^^^^^^^^^^^^
2026-10-03 09:54:20,828 ERROR root -   File "/home/yarin.b/tembed/benchmark_src/tasks/run_row_similarity_benchmark.py", line 20, in load_benchmark_data
    assert dataset_folder.exists(), f"Could not find path {dataset_folder}"
           ^^^^^^^^^^^^^^^^^^^^^^^
2026-10-03 09:54:20,828 ERROR root - AssertionError: Could not find path /home/yarin.b/tembed/cache/row_similarity_data_full/DBLP-ACM
2026-10-03 09:54:20,828 ERROR benchmark_src.run_benchmark - Error during benchmark run, please check traceback above.
2026-10-03 09:54:20,829 ERROR __main__ - Failed tabpfn_ctx/row_similarity_search/DBLP-ACM
Traceback (most recent call last):
  File "/home/yarin.b/tembed/run_experiments.py", line 274, in _run_job
    run_single(cfg)
  File "/home/yarin.b/tembed/benchmark_src/run_benchmark.py", line 43, in run_single
    run_row_similarity_benchmark.main(cfg)
  File "/home/yarin.b/tembed/benchmark_src/tasks/run_row_similarity_benchmark.py", line 101, in main
    input_table, testcase_paths, dataset_information = load_benchmark_data(cfg)
                                                       ^^^^^^^^^^^^^^^^^^^^^^^^
  File "/home/yarin.b/tembed/benchmark_src/tasks/run_row_similarity_benchmark.py", line 20, in load_benchmark_data
    assert dataset_folder.exists(), f"Could not find path {dataset_folder}"
           ^^^^^^^^^^^^^^^^^^^^^^^
AssertionError: Could not find path /home/yarin.b/tembed/cache/row_similarity_data_full/DBLP-ACM
2026-10-03 09:54:20,983 INFO __main__ - ================================================================================
2026-10-03 09:54:20,983 INFO __main__ - Starting [25/44] | Task: row_similarity_search | Approach: tabpfn_ctx | Env: benchmark_env | Dataset: Fodors-Zagats
2026-10-03 09:54:20,983 INFO __main__ - ================================================================================
2026-10-03 09:54:20,983 INFO benchmark_src.run_benchmark - ################################################################################
2026-10-03 09:54:20,983 INFO benchmark_src.run_benchmark - Task: row_similarity_search  |  Approach: tabpfn_ctx  |  Dataset: Fodors-Zagats
2026-10-03 09:54:20,985 INFO benchmark_src.tasks.run_row_similarity_benchmark - Started run_row_similarity_benchmark
2026-10-03 09:54:20,985 ERROR root - Traceback (most recent call last):
2026-10-03 09:54:20,985 ERROR root -   File "/home/yarin.b/tembed/benchmark_src/run_benchmark.py", line 43, in run_single
    run_row_similarity_benchmark.main(cfg)
2026-10-03 09:54:20,985 ERROR root -   File "/home/yarin.b/tembed/benchmark_src/tasks/run_row_similarity_benchmark.py", line 101, in main
    input_table, testcase_paths, dataset_information = load_benchmark_data(cfg)
                                                       ^^^^^^^^^^^^^^^^^^^^^^^^
2026-10-03 09:54:20,985 ERROR root -   File "/home/yarin.b/tembed/benchmark_src/tasks/run_row_similarity_benchmark.py", line 20, in load_benchmark_data
    assert dataset_folder.exists(), f"Could not find path {dataset_folder}"
           ^^^^^^^^^^^^^^^^^^^^^^^
2026-10-03 09:54:20,985 ERROR root - AssertionError: Could not find path /home/yarin.b/tembed/cache/row_similarity_data_full/Fodors-Zagats
2026-10-03 09:54:20,985 ERROR benchmark_src.run_benchmark - Error during benchmark run, please check traceback above.
2026-10-03 09:54:20,985 ERROR __main__ - Failed tabpfn_ctx/row_similarity_search/Fodors-Zagats
Traceback (most recent call last):
  File "/home/yarin.b/tembed/run_experiments.py", line 274, in _run_job
    run_single(cfg)
  File "/home/yarin.b/tembed/benchmark_src/run_benchmark.py", line 43, in run_single
    run_row_similarity_benchmark.main(cfg)
  File "/home/yarin.b/tembed/benchmark_src/tasks/run_row_similarity_benchmark.py", line 101, in main
    input_table, testcase_paths, dataset_information = load_benchmark_data(cfg)
                                                       ^^^^^^^^^^^^^^^^^^^^^^^^
  File "/home/yarin.b/tembed/benchmark_src/tasks/run_row_similarity_benchmark.py", line 20, in load_benchmark_data
    assert dataset_folder.exists(), f"Could not find path {dataset_folder}"
           ^^^^^^^^^^^^^^^^^^^^^^^
AssertionError: Could not find path /home/yarin.b/tembed/cache/row_similarity_data_full/Fodors-Zagats
2026-10-03 09:54:21,136 INFO __main__ - ================================================================================
2026-10-03 09:54:21,136 INFO __main__ - Starting [26/44] | Task: row_similarity_search | Approach: tabpfn_ctx | Env: benchmark_env | Dataset: geological-settlements
2026-10-03 09:54:21,136 INFO __main__ - ================================================================================
2026-10-03 09:54:21,136 INFO benchmark_src.run_benchmark - ################################################################################
2026-10-03 09:54:21,136 INFO benchmark_src.run_benchmark - Task: row_similarity_search  |  Approach: tabpfn_ctx  |  Dataset: geological-settlements
2026-10-03 09:54:21,138 INFO benchmark_src.tasks.run_row_similarity_benchmark - Started run_row_similarity_benchmark
2026-10-03 09:54:21,138 ERROR root - Traceback (most recent call last):
2026-10-03 09:54:21,139 ERROR root -   File "/home/yarin.b/tembed/benchmark_src/run_benchmark.py", line 43, in run_single
    run_row_similarity_benchmark.main(cfg)
2026-10-03 09:54:21,139 ERROR root -   File "/home/yarin.b/tembed/benchmark_src/tasks/run_row_similarity_benchmark.py", line 101, in main
    input_table, testcase_paths, dataset_information = load_benchmark_data(cfg)
                                                       ^^^^^^^^^^^^^^^^^^^^^^^^
2026-10-03 09:54:21,139 ERROR root -   File "/home/yarin.b/tembed/benchmark_src/tasks/run_row_similarity_benchmark.py", line 20, in load_benchmark_data
    assert dataset_folder.exists(), f"Could not find path {dataset_folder}"
           ^^^^^^^^^^^^^^^^^^^^^^^
2026-10-03 09:54:21,139 ERROR root - AssertionError: Could not find path /home/yarin.b/tembed/cache/row_similarity_data_full/geological-settlements
2026-10-03 09:54:21,139 ERROR benchmark_src.run_benchmark - Error during benchmark run, please check traceback above.
2026-10-03 09:54:21,139 ERROR __main__ - Failed tabpfn_ctx/row_similarity_search/geological-settlements
Traceback (most recent call last):
  File "/home/yarin.b/tembed/run_experiments.py", line 274, in _run_job
    run_single(cfg)
  File "/home/yarin.b/tembed/benchmark_src/run_benchmark.py", line 43, in run_single
    run_row_similarity_benchmark.main(cfg)
  File "/home/yarin.b/tembed/benchmark_src/tasks/run_row_similarity_benchmark.py", line 101, in main
    input_table, testcase_paths, dataset_information = load_benchmark_data(cfg)
                                                       ^^^^^^^^^^^^^^^^^^^^^^^^
  File "/home/yarin.b/tembed/benchmark_src/tasks/run_row_similarity_benchmark.py", line 20, in load_benchmark_data
    assert dataset_folder.exists(), f"Could not find path {dataset_folder}"
           ^^^^^^^^^^^^^^^^^^^^^^^
AssertionError: Could not find path /home/yarin.b/tembed/cache/row_similarity_data_full/geological-settlements
2026-10-03 09:54:21,292 INFO __main__ - ================================================================================
2026-10-03 09:54:21,293 INFO __main__ - Starting [27/44] | Task: row_similarity_search | Approach: tabpfn_ctx | Env: benchmark_env | Dataset: MusicBrainz
2026-10-03 09:54:21,293 INFO __main__ - ================================================================================
2026-10-03 09:54:21,293 INFO benchmark_src.run_benchmark - ################################################################################
2026-10-03 09:54:21,293 INFO benchmark_src.run_benchmark - Task: row_similarity_search  |  Approach: tabpfn_ctx  |  Dataset: MusicBrainz
2026-10-03 09:54:21,294 INFO benchmark_src.tasks.run_row_similarity_benchmark - Started run_row_similarity_benchmark
2026-10-03 09:54:21,294 ERROR root - Traceback (most recent call last):
2026-10-03 09:54:21,295 ERROR root -   File "/home/yarin.b/tembed/benchmark_src/run_benchmark.py", line 43, in run_single
    run_row_similarity_benchmark.main(cfg)
2026-10-03 09:54:21,295 ERROR root -   File "/home/yarin.b/tembed/benchmark_src/tasks/run_row_similarity_benchmark.py", line 101, in main
    input_table, testcase_paths, dataset_information = load_benchmark_data(cfg)
                                                       ^^^^^^^^^^^^^^^^^^^^^^^^
2026-10-03 09:54:21,295 ERROR root -   File "/home/yarin.b/tembed/benchmark_src/tasks/run_row_similarity_benchmark.py", line 20, in load_benchmark_data
    assert dataset_folder.exists(), f"Could not find path {dataset_folder}"
           ^^^^^^^^^^^^^^^^^^^^^^^
2026-10-03 09:54:21,295 ERROR root - AssertionError: Could not find path /home/yarin.b/tembed/cache/row_similarity_data_full/MusicBrainz
2026-10-03 09:54:21,295 ERROR benchmark_src.run_benchmark - Error during benchmark run, please check traceback above.
2026-10-03 09:54:21,295 ERROR __main__ - Failed tabpfn_ctx/row_similarity_search/MusicBrainz
Traceback (most recent call last):
  File "/home/yarin.b/tembed/run_experiments.py", line 274, in _run_job
    run_single(cfg)
  File "/home/yarin.b/tembed/benchmark_src/run_benchmark.py", line 43, in run_single
    run_row_similarity_benchmark.main(cfg)
  File "/home/yarin.b/tembed/benchmark_src/tasks/run_row_similarity_benchmark.py", line 101, in main
    input_table, testcase_paths, dataset_information = load_benchmark_data(cfg)
                                                       ^^^^^^^^^^^^^^^^^^^^^^^^
  File "/home/yarin.b/tembed/benchmark_src/tasks/run_row_similarity_benchmark.py", line 20, in load_benchmark_data
    assert dataset_folder.exists(), f"Could not find path {dataset_folder}"
           ^^^^^^^^^^^^^^^^^^^^^^^
AssertionError: Could not find path /home/yarin.b/tembed/cache/row_similarity_data_full/MusicBrainz
2026-10-03 09:54:21,446 INFO __main__ - ================================================================================
2026-10-03 09:54:21,447 INFO __main__ - Starting [28/44] | Task: row_similarity_search | Approach: tabpfn_ctx | Env: benchmark_env | Dataset: Walmart-Amazon
2026-10-03 09:54:21,447 INFO __main__ - ================================================================================
2026-10-03 09:54:21,447 INFO benchmark_src.run_benchmark - ################################################################################
2026-10-03 09:54:21,447 INFO benchmark_src.run_benchmark - Task: row_similarity_search  |  Approach: tabpfn_ctx  |  Dataset: Walmart-Amazon
2026-10-03 09:54:21,449 INFO benchmark_src.tasks.run_row_similarity_benchmark - Started run_row_similarity_benchmark
2026-10-03 09:54:21,449 ERROR root - Traceback (most recent call last):
2026-10-03 09:54:21,449 ERROR root -   File "/home/yarin.b/tembed/benchmark_src/run_benchmark.py", line 43, in run_single
    run_row_similarity_benchmark.main(cfg)
2026-10-03 09:54:21,449 ERROR root -   File "/home/yarin.b/tembed/benchmark_src/tasks/run_row_similarity_benchmark.py", line 101, in main
    input_table, testcase_paths, dataset_information = load_benchmark_data(cfg)
                                                       ^^^^^^^^^^^^^^^^^^^^^^^^
2026-10-03 09:54:21,449 ERROR root -   File "/home/yarin.b/tembed/benchmark_src/tasks/run_row_similarity_benchmark.py", line 20, in load_benchmark_data
    assert dataset_folder.exists(), f"Could not find path {dataset_folder}"
           ^^^^^^^^^^^^^^^^^^^^^^^
2026-10-03 09:54:21,449 ERROR root - AssertionError: Could not find path /home/yarin.b/tembed/cache/row_similarity_data_full/Walmart-Amazon
2026-10-03 09:54:21,449 ERROR benchmark_src.run_benchmark - Error during benchmark run, please check traceback above.
2026-10-03 09:54:21,449 ERROR __main__ - Failed tabpfn_ctx/row_similarity_search/Walmart-Amazon
Traceback (most recent call last):
  File "/home/yarin.b/tembed/run_experiments.py", line 274, in _run_job
    run_single(cfg)
  File "/home/yarin.b/tembed/benchmark_src/run_benchmark.py", line 43, in run_single
    run_row_similarity_benchmark.main(cfg)
  File "/home/yarin.b/tembed/benchmark_src/tasks/run_row_similarity_benchmark.py", line 101, in main
    input_table, testcase_paths, dataset_information = load_benchmark_data(cfg)
                                                       ^^^^^^^^^^^^^^^^^^^^^^^^
  File "/home/yarin.b/tembed/benchmark_src/tasks/run_row_similarity_benchmark.py", line 20, in load_benchmark_data
    assert dataset_folder.exists(), f"Could not find path {dataset_folder}"
           ^^^^^^^^^^^^^^^^^^^^^^^
AssertionError: Could not find path /home/yarin.b/tembed/cache/row_similarity_data_full/Walmart-Amazon
2026-10-03 09:54:21,599 INFO __main__ - ================================================================================
2026-10-03 09:54:21,599 INFO __main__ - Starting [29/44] | Task: row_similarity_search | Approach: tabpfn_ctx | Env: benchmark_env | Dataset: Amazon-Google
2026-10-03 09:54:21,599 INFO __main__ - ================================================================================
2026-10-03 09:54:21,599 INFO benchmark_src.run_benchmark - ################################################################################
2026-10-03 09:54:21,599 INFO benchmark_src.run_benchmark - Task: row_similarity_search  |  Approach: tabpfn_ctx  |  Dataset: Amazon-Google
2026-10-03 09:54:21,601 INFO benchmark_src.tasks.run_row_similarity_benchmark - Started run_row_similarity_benchmark
2026-10-03 09:54:21,601 ERROR root - Traceback (most recent call last):
2026-10-03 09:54:21,601 ERROR root -   File "/home/yarin.b/tembed/benchmark_src/run_benchmark.py", line 43, in run_single
    run_row_similarity_benchmark.main(cfg)
2026-10-03 09:54:21,601 ERROR root -   File "/home/yarin.b/tembed/benchmark_src/tasks/run_row_similarity_benchmark.py", line 101, in main
    input_table, testcase_paths, dataset_information = load_benchmark_data(cfg)
                                                       ^^^^^^^^^^^^^^^^^^^^^^^^
2026-10-03 09:54:21,601 ERROR root -   File "/home/yarin.b/tembed/benchmark_src/tasks/run_row_similarity_benchmark.py", line 20, in load_benchmark_data
    assert dataset_folder.exists(), f"Could not find path {dataset_folder}"
           ^^^^^^^^^^^^^^^^^^^^^^^
2026-10-03 09:54:21,601 ERROR root - AssertionError: Could not find path /home/yarin.b/tembed/cache/row_similarity_data_full/Amazon-Google
2026-10-03 09:54:21,601 ERROR benchmark_src.run_benchmark - Error during benchmark run, please check traceback above.
2026-10-03 09:54:21,601 ERROR __main__ - Failed tabpfn_ctx/row_similarity_search/Amazon-Google
Traceback (most recent call last):
  File "/home/yarin.b/tembed/run_experiments.py", line 274, in _run_job
    run_single(cfg)
  File "/home/yarin.b/tembed/benchmark_src/run_benchmark.py", line 43, in run_single
    run_row_similarity_benchmark.main(cfg)
  File "/home/yarin.b/tembed/benchmark_src/tasks/run_row_similarity_benchmark.py", line 101, in main
    input_table, testcase_paths, dataset_information = load_benchmark_data(cfg)
                                                       ^^^^^^^^^^^^^^^^^^^^^^^^
  File "/home/yarin.b/tembed/benchmark_src/tasks/run_row_similarity_benchmark.py", line 20, in load_benchmark_data
    assert dataset_folder.exists(), f"Could not find path {dataset_folder}"
           ^^^^^^^^^^^^^^^^^^^^^^^
AssertionError: Could not find path /home/yarin.b/tembed/cache/row_similarity_data_full/Amazon-Google
2026-10-03 09:54:21,753 INFO __main__ - ================================================================================
2026-10-03 09:54:21,753 INFO __main__ - Starting [30/44] | Task: row_similarity_search | Approach: tabpfn_ctx | Env: benchmark_env | Dataset: Beer
2026-10-03 09:54:21,753 INFO __main__ - ================================================================================
2026-10-03 09:54:21,753 INFO benchmark_src.run_benchmark - ################################################################################
2026-10-03 09:54:21,753 INFO benchmark_src.run_benchmark - Task: row_similarity_search  |  Approach: tabpfn_ctx  |  Dataset: Beer
2026-10-03 09:54:21,755 INFO benchmark_src.tasks.run_row_similarity_benchmark - Started run_row_similarity_benchmark
2026-10-03 09:54:21,755 ERROR root - Traceback (most recent call last):
2026-10-03 09:54:21,755 ERROR root -   File "/home/yarin.b/tembed/benchmark_src/run_benchmark.py", line 43, in run_single
    run_row_similarity_benchmark.main(cfg)
2026-10-03 09:54:21,755 ERROR root -   File "/home/yarin.b/tembed/benchmark_src/tasks/run_row_similarity_benchmark.py", line 101, in main
    input_table, testcase_paths, dataset_information = load_benchmark_data(cfg)
                                                       ^^^^^^^^^^^^^^^^^^^^^^^^
2026-10-03 09:54:21,755 ERROR root -   File "/home/yarin.b/tembed/benchmark_src/tasks/run_row_similarity_benchmark.py", line 20, in load_benchmark_data
    assert dataset_folder.exists(), f"Could not find path {dataset_folder}"
           ^^^^^^^^^^^^^^^^^^^^^^^
2026-10-03 09:54:21,755 ERROR root - AssertionError: Could not find path /home/yarin.b/tembed/cache/row_similarity_data_full/Beer
2026-10-03 09:54:21,755 ERROR benchmark_src.run_benchmark - Error during benchmark run, please check traceback above.
2026-10-03 09:54:21,755 ERROR __main__ - Failed tabpfn_ctx/row_similarity_search/Beer
Traceback (most recent call last):
  File "/home/yarin.b/tembed/run_experiments.py", line 274, in _run_job
    run_single(cfg)
  File "/home/yarin.b/tembed/benchmark_src/run_benchmark.py", line 43, in run_single
    run_row_similarity_benchmark.main(cfg)
  File "/home/yarin.b/tembed/benchmark_src/tasks/run_row_similarity_benchmark.py", line 101, in main
    input_table, testcase_paths, dataset_information = load_benchmark_data(cfg)
                                                       ^^^^^^^^^^^^^^^^^^^^^^^^
  File "/home/yarin.b/tembed/benchmark_src/tasks/run_row_similarity_benchmark.py", line 20, in load_benchmark_data
    assert dataset_folder.exists(), f"Could not find path {dataset_folder}"
           ^^^^^^^^^^^^^^^^^^^^^^^
AssertionError: Could not find path /home/yarin.b/tembed/cache/row_similarity_data_full/Beer
2026-10-03 09:54:21,906 INFO __main__ - ================================================================================
2026-10-03 09:54:21,906 INFO __main__ - Starting [31/44] | Task: row_similarity_search | Approach: tabpfn_ctx | Env: benchmark_env | Dataset: DBLP-ACM
2026-10-03 09:54:21,906 INFO __main__ - ================================================================================
2026-10-03 09:54:21,906 INFO benchmark_src.run_benchmark - ################################################################################
2026-10-03 09:54:21,906 INFO benchmark_src.run_benchmark - Task: row_similarity_search  |  Approach: tabpfn_ctx  |  Dataset: DBLP-ACM
2026-10-03 09:54:21,907 INFO benchmark_src.tasks.run_row_similarity_benchmark - Started run_row_similarity_benchmark
2026-10-03 09:54:21,908 ERROR root - Traceback (most recent call last):
2026-10-03 09:54:21,908 ERROR root -   File "/home/yarin.b/tembed/benchmark_src/run_benchmark.py", line 43, in run_single
    run_row_similarity_benchmark.main(cfg)
2026-10-03 09:54:21,908 ERROR root -   File "/home/yarin.b/tembed/benchmark_src/tasks/run_row_similarity_benchmark.py", line 101, in main
    input_table, testcase_paths, dataset_information = load_benchmark_data(cfg)
                                                       ^^^^^^^^^^^^^^^^^^^^^^^^
2026-10-03 09:54:21,908 ERROR root -   File "/home/yarin.b/tembed/benchmark_src/tasks/run_row_similarity_benchmark.py", line 20, in load_benchmark_data
    assert dataset_folder.exists(), f"Could not find path {dataset_folder}"
           ^^^^^^^^^^^^^^^^^^^^^^^
2026-10-03 09:54:21,908 ERROR root - AssertionError: Could not find path /home/yarin.b/tembed/cache/row_similarity_data_full/DBLP-ACM
2026-10-03 09:54:21,908 ERROR benchmark_src.run_benchmark - Error during benchmark run, please check traceback above.
2026-10-03 09:54:21,908 ERROR __main__ - Failed tabpfn_ctx/row_similarity_search/DBLP-ACM
Traceback (most recent call last):
  File "/home/yarin.b/tembed/run_experiments.py", line 274, in _run_job
    run_single(cfg)
  File "/home/yarin.b/tembed/benchmark_src/run_benchmark.py", line 43, in run_single
    run_row_similarity_benchmark.main(cfg)
  File "/home/yarin.b/tembed/benchmark_src/tasks/run_row_similarity_benchmark.py", line 101, in main
    input_table, testcase_paths, dataset_information = load_benchmark_data(cfg)
                                                       ^^^^^^^^^^^^^^^^^^^^^^^^
  File "/home/yarin.b/tembed/benchmark_src/tasks/run_row_similarity_benchmark.py", line 20, in load_benchmark_data
    assert dataset_folder.exists(), f"Could not find path {dataset_folder}"
           ^^^^^^^^^^^^^^^^^^^^^^^
AssertionError: Could not find path /home/yarin.b/tembed/cache/row_similarity_data_full/DBLP-ACM
2026-10-03 09:54:22,059 INFO __main__ - ================================================================================
2026-10-03 09:54:22,059 INFO __main__ - Starting [32/44] | Task: row_similarity_search | Approach: tabpfn_ctx | Env: benchmark_env | Dataset: Fodors-Zagats
2026-10-03 09:54:22,059 INFO __main__ - ================================================================================
2026-10-03 09:54:22,060 INFO benchmark_src.run_benchmark - ################################################################################
2026-10-03 09:54:22,060 INFO benchmark_src.run_benchmark - Task: row_similarity_search  |  Approach: tabpfn_ctx  |  Dataset: Fodors-Zagats
2026-10-03 09:54:22,061 INFO benchmark_src.tasks.run_row_similarity_benchmark - Started run_row_similarity_benchmark
2026-10-03 09:54:22,061 ERROR root - Traceback (most recent call last):
2026-10-03 09:54:22,061 ERROR root -   File "/home/yarin.b/tembed/benchmark_src/run_benchmark.py", line 43, in run_single
    run_row_similarity_benchmark.main(cfg)
2026-10-03 09:54:22,061 ERROR root -   File "/home/yarin.b/tembed/benchmark_src/tasks/run_row_similarity_benchmark.py", line 101, in main
    input_table, testcase_paths, dataset_information = load_benchmark_data(cfg)
                                                       ^^^^^^^^^^^^^^^^^^^^^^^^
2026-10-03 09:54:22,061 ERROR root -   File "/home/yarin.b/tembed/benchmark_src/tasks/run_row_similarity_benchmark.py", line 20, in load_benchmark_data
    assert dataset_folder.exists(), f"Could not find path {dataset_folder}"
           ^^^^^^^^^^^^^^^^^^^^^^^
2026-10-03 09:54:22,061 ERROR root - AssertionError: Could not find path /home/yarin.b/tembed/cache/row_similarity_data_full/Fodors-Zagats
2026-10-03 09:54:22,061 ERROR benchmark_src.run_benchmark - Error during benchmark run, please check traceback above.
2026-10-03 09:54:22,061 ERROR __main__ - Failed tabpfn_ctx/row_similarity_search/Fodors-Zagats
Traceback (most recent call last):
  File "/home/yarin.b/tembed/run_experiments.py", line 274, in _run_job
    run_single(cfg)
  File "/home/yarin.b/tembed/benchmark_src/run_benchmark.py", line 43, in run_single
    run_row_similarity_benchmark.main(cfg)
  File "/home/yarin.b/tembed/benchmark_src/tasks/run_row_similarity_benchmark.py", line 101, in main
    input_table, testcase_paths, dataset_information = load_benchmark_data(cfg)
                                                       ^^^^^^^^^^^^^^^^^^^^^^^^
  File "/home/yarin.b/tembed/benchmark_src/tasks/run_row_similarity_benchmark.py", line 20, in load_benchmark_data
    assert dataset_folder.exists(), f"Could not find path {dataset_folder}"
           ^^^^^^^^^^^^^^^^^^^^^^^
AssertionError: Could not find path /home/yarin.b/tembed/cache/row_similarity_data_full/Fodors-Zagats
2026-10-03 09:54:22,212 INFO __main__ - ================================================================================
2026-10-03 09:54:22,213 INFO __main__ - Starting [33/44] | Task: row_similarity_search | Approach: tabpfn_ctx | Env: benchmark_env | Dataset: geological-settlements
2026-10-03 09:54:22,213 INFO __main__ - ================================================================================
2026-10-03 09:54:22,213 INFO benchmark_src.run_benchmark - ################################################################################
2026-10-03 09:54:22,213 INFO benchmark_src.run_benchmark - Task: row_similarity_search  |  Approach: tabpfn_ctx  |  Dataset: geological-settlements
2026-10-03 09:54:22,214 INFO benchmark_src.tasks.run_row_similarity_benchmark - Started run_row_similarity_benchmark
2026-10-03 09:54:22,214 ERROR root - Traceback (most recent call last):
2026-10-03 09:54:22,214 ERROR root -   File "/home/yarin.b/tembed/benchmark_src/run_benchmark.py", line 43, in run_single
    run_row_similarity_benchmark.main(cfg)
2026-10-03 09:54:22,214 ERROR root -   File "/home/yarin.b/tembed/benchmark_src/tasks/run_row_similarity_benchmark.py", line 101, in main
    input_table, testcase_paths, dataset_information = load_benchmark_data(cfg)
                                                       ^^^^^^^^^^^^^^^^^^^^^^^^
2026-10-03 09:54:22,214 ERROR root -   File "/home/yarin.b/tembed/benchmark_src/tasks/run_row_similarity_benchmark.py", line 20, in load_benchmark_data
    assert dataset_folder.exists(), f"Could not find path {dataset_folder}"
           ^^^^^^^^^^^^^^^^^^^^^^^
2026-10-03 09:54:22,214 ERROR root - AssertionError: Could not find path /home/yarin.b/tembed/cache/row_similarity_data_full/geological-settlements
2026-10-03 09:54:22,214 ERROR benchmark_src.run_benchmark - Error during benchmark run, please check traceback above.
2026-10-03 09:54:22,214 ERROR __main__ - Failed tabpfn_ctx/row_similarity_search/geological-settlements
Traceback (most recent call last):
  File "/home/yarin.b/tembed/run_experiments.py", line 274, in _run_job
    run_single(cfg)
  File "/home/yarin.b/tembed/benchmark_src/run_benchmark.py", line 43, in run_single
    run_row_similarity_benchmark.main(cfg)
  File "/home/yarin.b/tembed/benchmark_src/tasks/run_row_similarity_benchmark.py", line 101, in main
    input_table, testcase_paths, dataset_information = load_benchmark_data(cfg)
                                                       ^^^^^^^^^^^^^^^^^^^^^^^^
  File "/home/yarin.b/tembed/benchmark_src/tasks/run_row_similarity_benchmark.py", line 20, in load_benchmark_data
    assert dataset_folder.exists(), f"Could not find path {dataset_folder}"
           ^^^^^^^^^^^^^^^^^^^^^^^
AssertionError: Could not find path /home/yarin.b/tembed/cache/row_similarity_data_full/geological-settlements
2026-10-03 09:54:22,376 INFO __main__ - ================================================================================
2026-10-03 09:54:22,376 INFO __main__ - Starting [34/44] | Task: row_similarity_search | Approach: tabpfn_ctx | Env: benchmark_env | Dataset: MusicBrainz
2026-10-03 09:54:22,376 INFO __main__ - ================================================================================
2026-10-03 09:54:22,376 INFO benchmark_src.run_benchmark - ################################################################################
2026-10-03 09:54:22,376 INFO benchmark_src.run_benchmark - Task: row_similarity_search  |  Approach: tabpfn_ctx  |  Dataset: MusicBrainz
2026-10-03 09:54:22,379 INFO benchmark_src.tasks.run_row_similarity_benchmark - Started run_row_similarity_benchmark
2026-10-03 09:54:22,379 ERROR root - Traceback (most recent call last):
2026-10-03 09:54:22,379 ERROR root -   File "/home/yarin.b/tembed/benchmark_src/run_benchmark.py", line 43, in run_single
    run_row_similarity_benchmark.main(cfg)
2026-10-03 09:54:22,379 ERROR root -   File "/home/yarin.b/tembed/benchmark_src/tasks/run_row_similarity_benchmark.py", line 101, in main
    input_table, testcase_paths, dataset_information = load_benchmark_data(cfg)
                                                       ^^^^^^^^^^^^^^^^^^^^^^^^
2026-10-03 09:54:22,379 ERROR root -   File "/home/yarin.b/tembed/benchmark_src/tasks/run_row_similarity_benchmark.py", line 20, in load_benchmark_data
    assert dataset_folder.exists(), f"Could not find path {dataset_folder}"
           ^^^^^^^^^^^^^^^^^^^^^^^
2026-10-03 09:54:22,379 ERROR root - AssertionError: Could not find path /home/yarin.b/tembed/cache/row_similarity_data_full/MusicBrainz
2026-10-03 09:54:22,379 ERROR benchmark_src.run_benchmark - Error during benchmark run, please check traceback above.
2026-10-03 09:54:22,379 ERROR __main__ - Failed tabpfn_ctx/row_similarity_search/MusicBrainz
Traceback (most recent call last):
  File "/home/yarin.b/tembed/run_experiments.py", line 274, in _run_job
    run_single(cfg)
  File "/home/yarin.b/tembed/benchmark_src/run_benchmark.py", line 43, in run_single
    run_row_similarity_benchmark.main(cfg)
  File "/home/yarin.b/tembed/benchmark_src/tasks/run_row_similarity_benchmark.py", line 101, in main
    input_table, testcase_paths, dataset_information = load_benchmark_data(cfg)
                                                       ^^^^^^^^^^^^^^^^^^^^^^^^
  File "/home/yarin.b/tembed/benchmark_src/tasks/run_row_similarity_benchmark.py", line 20, in load_benchmark_data
    assert dataset_folder.exists(), f"Could not find path {dataset_folder}"
           ^^^^^^^^^^^^^^^^^^^^^^^
AssertionError: Could not find path /home/yarin.b/tembed/cache/row_similarity_data_full/MusicBrainz
2026-10-03 09:54:22,530 INFO __main__ - ================================================================================
2026-10-03 09:54:22,530 INFO __main__ - Starting [35/44] | Task: row_similarity_search | Approach: tabpfn_ctx | Env: benchmark_env | Dataset: Walmart-Amazon
2026-10-03 09:54:22,530 INFO __main__ - ================================================================================
2026-10-03 09:54:22,530 INFO benchmark_src.run_benchmark - ################################################################################
2026-10-03 09:54:22,531 INFO benchmark_src.run_benchmark - Task: row_similarity_search  |  Approach: tabpfn_ctx  |  Dataset: Walmart-Amazon
2026-10-03 09:54:22,532 INFO benchmark_src.tasks.run_row_similarity_benchmark - Started run_row_similarity_benchmark
2026-10-03 09:54:22,532 ERROR root - Traceback (most recent call last):
2026-10-03 09:54:22,532 ERROR root -   File "/home/yarin.b/tembed/benchmark_src/run_benchmark.py", line 43, in run_single
    run_row_similarity_benchmark.main(cfg)
2026-10-03 09:54:22,532 ERROR root -   File "/home/yarin.b/tembed/benchmark_src/tasks/run_row_similarity_benchmark.py", line 101, in main
    input_table, testcase_paths, dataset_information = load_benchmark_data(cfg)
                                                       ^^^^^^^^^^^^^^^^^^^^^^^^
2026-10-03 09:54:22,532 ERROR root -   File "/home/yarin.b/tembed/benchmark_src/tasks/run_row_similarity_benchmark.py", line 20, in load_benchmark_data
    assert dataset_folder.exists(), f"Could not find path {dataset_folder}"
           ^^^^^^^^^^^^^^^^^^^^^^^
2026-10-03 09:54:22,532 ERROR root - AssertionError: Could not find path /home/yarin.b/tembed/cache/row_similarity_data_full/Walmart-Amazon
2026-10-03 09:54:22,532 ERROR benchmark_src.run_benchmark - Error during benchmark run, please check traceback above.
2026-10-03 09:54:22,532 ERROR __main__ - Failed tabpfn_ctx/row_similarity_search/Walmart-Amazon
Traceback (most recent call last):
  File "/home/yarin.b/tembed/run_experiments.py", line 274, in _run_job
    run_single(cfg)
  File "/home/yarin.b/tembed/benchmark_src/run_benchmark.py", line 43, in run_single
    run_row_similarity_benchmark.main(cfg)
  File "/home/yarin.b/tembed/benchmark_src/tasks/run_row_similarity_benchmark.py", line 101, in main
    input_table, testcase_paths, dataset_information = load_benchmark_data(cfg)
                                                       ^^^^^^^^^^^^^^^^^^^^^^^^
  File "/home/yarin.b/tembed/benchmark_src/tasks/run_row_similarity_benchmark.py", line 20, in load_benchmark_data
    assert dataset_folder.exists(), f"Could not find path {dataset_folder}"
           ^^^^^^^^^^^^^^^^^^^^^^^
AssertionError: Could not find path /home/yarin.b/tembed/cache/row_similarity_data_full/Walmart-Amazon
2026-10-03 09:54:22,708 INFO __main__ - ================================================================================
2026-10-03 09:54:22,708 INFO __main__ - Starting [36/44] | Task: row_similarity_search | Approach: sentence_transformer | Env: benchmark_env | Dataset: Amazon-Google
2026-10-03 09:54:22,708 INFO __main__ - ================================================================================
2026-10-03 09:54:22,708 INFO benchmark_src.run_benchmark - ################################################################################
2026-10-03 09:54:22,708 INFO benchmark_src.run_benchmark - Task: row_similarity_search  |  Approach: sentence_transformer  |  Dataset: Amazon-Google
2026-10-03 09:54:22,710 INFO benchmark_src.tasks.run_row_similarity_benchmark - Started run_row_similarity_benchmark
2026-10-03 09:54:22,710 ERROR root - Traceback (most recent call last):
2026-10-03 09:54:22,710 ERROR root -   File "/home/yarin.b/tembed/benchmark_src/run_benchmark.py", line 43, in run_single
    run_row_similarity_benchmark.main(cfg)
2026-10-03 09:54:22,710 ERROR root -   File "/home/yarin.b/tembed/benchmark_src/tasks/run_row_similarity_benchmark.py", line 101, in main
    input_table, testcase_paths, dataset_information = load_benchmark_data(cfg)
                                                       ^^^^^^^^^^^^^^^^^^^^^^^^
2026-10-03 09:54:22,710 ERROR root -   File "/home/yarin.b/tembed/benchmark_src/tasks/run_row_similarity_benchmark.py", line 20, in load_benchmark_data
    assert dataset_folder.exists(), f"Could not find path {dataset_folder}"
           ^^^^^^^^^^^^^^^^^^^^^^^
2026-10-03 09:54:22,710 ERROR root - AssertionError: Could not find path /home/yarin.b/tembed/cache/row_similarity_data_full/Amazon-Google
2026-10-03 09:54:22,710 ERROR benchmark_src.run_benchmark - Error during benchmark run, please check traceback above.
2026-10-03 09:54:22,711 ERROR __main__ - Failed sentence_transformer/row_similarity_search/Amazon-Google
Traceback (most recent call last):
  File "/home/yarin.b/tembed/run_experiments.py", line 274, in _run_job
    run_single(cfg)
  File "/home/yarin.b/tembed/benchmark_src/run_benchmark.py", line 43, in run_single
    run_row_similarity_benchmark.main(cfg)
  File "/home/yarin.b/tembed/benchmark_src/tasks/run_row_similarity_benchmark.py", line 101, in main
    input_table, testcase_paths, dataset_information = load_benchmark_data(cfg)
                                                       ^^^^^^^^^^^^^^^^^^^^^^^^
  File "/home/yarin.b/tembed/benchmark_src/tasks/run_row_similarity_benchmark.py", line 20, in load_benchmark_data
    assert dataset_folder.exists(), f"Could not find path {dataset_folder}"
           ^^^^^^^^^^^^^^^^^^^^^^^
AssertionError: Could not find path /home/yarin.b/tembed/cache/row_similarity_data_full/Amazon-Google
2026-10-03 09:54:22,862 INFO __main__ - ================================================================================
2026-10-03 09:54:22,862 INFO __main__ - Starting [37/44] | Task: row_similarity_search | Approach: sentence_transformer | Env: benchmark_env | Dataset: Beer
2026-10-03 09:54:22,862 INFO __main__ - ================================================================================
2026-10-03 09:54:22,862 INFO benchmark_src.run_benchmark - ################################################################################
2026-10-03 09:54:22,862 INFO benchmark_src.run_benchmark - Task: row_similarity_search  |  Approach: sentence_transformer  |  Dataset: Beer
2026-10-03 09:54:22,864 INFO benchmark_src.tasks.run_row_similarity_benchmark - Started run_row_similarity_benchmark
2026-10-03 09:54:22,864 ERROR root - Traceback (most recent call last):
2026-10-03 09:54:22,864 ERROR root -   File "/home/yarin.b/tembed/benchmark_src/run_benchmark.py", line 43, in run_single
    run_row_similarity_benchmark.main(cfg)
2026-10-03 09:54:22,864 ERROR root -   File "/home/yarin.b/tembed/benchmark_src/tasks/run_row_similarity_benchmark.py", line 101, in main
    input_table, testcase_paths, dataset_information = load_benchmark_data(cfg)
                                                       ^^^^^^^^^^^^^^^^^^^^^^^^
2026-10-03 09:54:22,864 ERROR root -   File "/home/yarin.b/tembed/benchmark_src/tasks/run_row_similarity_benchmark.py", line 20, in load_benchmark_data
    assert dataset_folder.exists(), f"Could not find path {dataset_folder}"
           ^^^^^^^^^^^^^^^^^^^^^^^
2026-10-03 09:54:22,864 ERROR root - AssertionError: Could not find path /home/yarin.b/tembed/cache/row_similarity_data_full/Beer
2026-10-03 09:54:22,864 ERROR benchmark_src.run_benchmark - Error during benchmark run, please check traceback above.
2026-10-03 09:54:22,864 ERROR __main__ - Failed sentence_transformer/row_similarity_search/Beer
Traceback (most recent call last):
  File "/home/yarin.b/tembed/run_experiments.py", line 274, in _run_job
    run_single(cfg)
  File "/home/yarin.b/tembed/benchmark_src/run_benchmark.py", line 43, in run_single
    run_row_similarity_benchmark.main(cfg)
  File "/home/yarin.b/tembed/benchmark_src/tasks/run_row_similarity_benchmark.py", line 101, in main
    input_table, testcase_paths, dataset_information = load_benchmark_data(cfg)
                                                       ^^^^^^^^^^^^^^^^^^^^^^^^
  File "/home/yarin.b/tembed/benchmark_src/tasks/run_row_similarity_benchmark.py", line 20, in load_benchmark_data
    assert dataset_folder.exists(), f"Could not find path {dataset_folder}"
           ^^^^^^^^^^^^^^^^^^^^^^^
AssertionError: Could not find path /home/yarin.b/tembed/cache/row_similarity_data_full/Beer
2026-10-03 09:54:23,016 INFO __main__ - ================================================================================
2026-10-03 09:54:23,017 INFO __main__ - Starting [38/44] | Task: row_similarity_search | Approach: sentence_transformer | Env: benchmark_env | Dataset: DBLP-ACM
2026-10-03 09:54:23,017 INFO __main__ - ================================================================================
2026-10-03 09:54:23,017 INFO benchmark_src.run_benchmark - ################################################################################
2026-10-03 09:54:23,017 INFO benchmark_src.run_benchmark - Task: row_similarity_search  |  Approach: sentence_transformer  |  Dataset: DBLP-ACM
2026-10-03 09:54:23,019 INFO benchmark_src.tasks.run_row_similarity_benchmark - Started run_row_similarity_benchmark
2026-10-03 09:54:23,019 ERROR root - Traceback (most recent call last):
2026-10-03 09:54:23,020 ERROR root -   File "/home/yarin.b/tembed/benchmark_src/run_benchmark.py", line 43, in run_single
    run_row_similarity_benchmark.main(cfg)
2026-10-03 09:54:23,020 ERROR root -   File "/home/yarin.b/tembed/benchmark_src/tasks/run_row_similarity_benchmark.py", line 101, in main
    input_table, testcase_paths, dataset_information = load_benchmark_data(cfg)
                                                       ^^^^^^^^^^^^^^^^^^^^^^^^
2026-10-03 09:54:23,020 ERROR root -   File "/home/yarin.b/tembed/benchmark_src/tasks/run_row_similarity_benchmark.py", line 20, in load_benchmark_data
    assert dataset_folder.exists(), f"Could not find path {dataset_folder}"
           ^^^^^^^^^^^^^^^^^^^^^^^
2026-10-03 09:54:23,020 ERROR root - AssertionError: Could not find path /home/yarin.b/tembed/cache/row_similarity_data_full/DBLP-ACM
2026-10-03 09:54:23,020 ERROR benchmark_src.run_benchmark - Error during benchmark run, please check traceback above.
2026-10-03 09:54:23,020 ERROR __main__ - Failed sentence_transformer/row_similarity_search/DBLP-ACM
Traceback (most recent call last):
  File "/home/yarin.b/tembed/run_experiments.py", line 274, in _run_job
    run_single(cfg)
  File "/home/yarin.b/tembed/benchmark_src/run_benchmark.py", line 43, in run_single
    run_row_similarity_benchmark.main(cfg)
  File "/home/yarin.b/tembed/benchmark_src/tasks/run_row_similarity_benchmark.py", line 101, in main
    input_table, testcase_paths, dataset_information = load_benchmark_data(cfg)
                                                       ^^^^^^^^^^^^^^^^^^^^^^^^
  File "/home/yarin.b/tembed/benchmark_src/tasks/run_row_similarity_benchmark.py", line 20, in load_benchmark_data
    assert dataset_folder.exists(), f"Could not find path {dataset_folder}"
           ^^^^^^^^^^^^^^^^^^^^^^^
AssertionError: Could not find path /home/yarin.b/tembed/cache/row_similarity_data_full/DBLP-ACM
2026-10-03 09:54:23,173 INFO __main__ - ================================================================================
2026-10-03 09:54:23,173 INFO __main__ - Starting [39/44] | Task: row_similarity_search | Approach: sentence_transformer | Env: benchmark_env | Dataset: DBLP-GoogleScholar
2026-10-03 09:54:23,173 INFO __main__ - ================================================================================
2026-10-03 09:54:23,173 INFO benchmark_src.run_benchmark - ################################################################################
2026-10-03 09:54:23,173 INFO benchmark_src.run_benchmark - Task: row_similarity_search  |  Approach: sentence_transformer  |  Dataset: DBLP-GoogleScholar
2026-10-03 09:54:23,174 INFO benchmark_src.tasks.run_row_similarity_benchmark - Started run_row_similarity_benchmark
2026-10-03 09:54:23,175 ERROR root - Traceback (most recent call last):
2026-10-03 09:54:23,175 ERROR root -   File "/home/yarin.b/tembed/benchmark_src/run_benchmark.py", line 43, in run_single
    run_row_similarity_benchmark.main(cfg)
2026-10-03 09:54:23,175 ERROR root -   File "/home/yarin.b/tembed/benchmark_src/tasks/run_row_similarity_benchmark.py", line 101, in main
    input_table, testcase_paths, dataset_information = load_benchmark_data(cfg)
                                                       ^^^^^^^^^^^^^^^^^^^^^^^^
2026-10-03 09:54:23,175 ERROR root -   File "/home/yarin.b/tembed/benchmark_src/tasks/run_row_similarity_benchmark.py", line 20, in load_benchmark_data
    assert dataset_folder.exists(), f"Could not find path {dataset_folder}"
           ^^^^^^^^^^^^^^^^^^^^^^^
2026-10-03 09:54:23,175 ERROR root - AssertionError: Could not find path /home/yarin.b/tembed/cache/row_similarity_data_full/DBLP-GoogleScholar
2026-10-03 09:54:23,175 ERROR benchmark_src.run_benchmark - Error during benchmark run, please check traceback above.
2026-10-03 09:54:23,175 ERROR __main__ - Failed sentence_transformer/row_similarity_search/DBLP-GoogleScholar
Traceback (most recent call last):
  File "/home/yarin.b/tembed/run_experiments.py", line 274, in _run_job
    run_single(cfg)
  File "/home/yarin.b/tembed/benchmark_src/run_benchmark.py", line 43, in run_single
    run_row_similarity_benchmark.main(cfg)
  File "/home/yarin.b/tembed/benchmark_src/tasks/run_row_similarity_benchmark.py", line 101, in main
    input_table, testcase_paths, dataset_information = load_benchmark_data(cfg)
                                                       ^^^^^^^^^^^^^^^^^^^^^^^^
  File "/home/yarin.b/tembed/benchmark_src/tasks/run_row_similarity_benchmark.py", line 20, in load_benchmark_data
    assert dataset_folder.exists(), f"Could not find path {dataset_folder}"
           ^^^^^^^^^^^^^^^^^^^^^^^
AssertionError: Could not find path /home/yarin.b/tembed/cache/row_similarity_data_full/DBLP-GoogleScholar
2026-10-03 09:54:23,326 INFO __main__ - ================================================================================
2026-10-03 09:54:23,327 INFO __main__ - Starting [40/44] | Task: row_similarity_search | Approach: sentence_transformer | Env: benchmark_env | Dataset: Fodors-Zagats
2026-10-03 09:54:23,327 INFO __main__ - ================================================================================
2026-10-03 09:54:23,327 INFO benchmark_src.run_benchmark - ################################################################################
2026-10-03 09:54:23,327 INFO benchmark_src.run_benchmark - Task: row_similarity_search  |  Approach: sentence_transformer  |  Dataset: Fodors-Zagats
2026-10-03 09:54:23,328 INFO benchmark_src.tasks.run_row_similarity_benchmark - Started run_row_similarity_benchmark
2026-10-03 09:54:23,329 ERROR root - Traceback (most recent call last):
2026-10-03 09:54:23,329 ERROR root -   File "/home/yarin.b/tembed/benchmark_src/run_benchmark.py", line 43, in run_single
    run_row_similarity_benchmark.main(cfg)
2026-10-03 09:54:23,329 ERROR root -   File "/home/yarin.b/tembed/benchmark_src/tasks/run_row_similarity_benchmark.py", line 101, in main
    input_table, testcase_paths, dataset_information = load_benchmark_data(cfg)
                                                       ^^^^^^^^^^^^^^^^^^^^^^^^
2026-10-03 09:54:23,329 ERROR root -   File "/home/yarin.b/tembed/benchmark_src/tasks/run_row_similarity_benchmark.py", line 20, in load_benchmark_data
    assert dataset_folder.exists(), f"Could not find path {dataset_folder}"
           ^^^^^^^^^^^^^^^^^^^^^^^
2026-10-03 09:54:23,329 ERROR root - AssertionError: Could not find path /home/yarin.b/tembed/cache/row_similarity_data_full/Fodors-Zagats
2026-10-03 09:54:23,329 ERROR benchmark_src.run_benchmark - Error during benchmark run, please check traceback above.
2026-10-03 09:54:23,329 ERROR __main__ - Failed sentence_transformer/row_similarity_search/Fodors-Zagats
Traceback (most recent call last):
  File "/home/yarin.b/tembed/run_experiments.py", line 274, in _run_job
    run_single(cfg)
  File "/home/yarin.b/tembed/benchmark_src/run_benchmark.py", line 43, in run_single
    run_row_similarity_benchmark.main(cfg)
  File "/home/yarin.b/tembed/benchmark_src/tasks/run_row_similarity_benchmark.py", line 101, in main
    input_table, testcase_paths, dataset_information = load_benchmark_data(cfg)
                                                       ^^^^^^^^^^^^^^^^^^^^^^^^
  File "/home/yarin.b/tembed/benchmark_src/tasks/run_row_similarity_benchmark.py", line 20, in load_benchmark_data
    assert dataset_folder.exists(), f"Could not find path {dataset_folder}"
           ^^^^^^^^^^^^^^^^^^^^^^^
AssertionError: Could not find path /home/yarin.b/tembed/cache/row_similarity_data_full/Fodors-Zagats
2026-10-03 09:54:23,481 INFO __main__ - ================================================================================
2026-10-03 09:54:23,481 INFO __main__ - Starting [41/44] | Task: row_similarity_search | Approach: sentence_transformer | Env: benchmark_env | Dataset: geological-settlements
2026-10-03 09:54:23,481 INFO __main__ - ================================================================================
2026-10-03 09:54:23,481 INFO benchmark_src.run_benchmark - ################################################################################
2026-10-03 09:54:23,481 INFO benchmark_src.run_benchmark - Task: row_similarity_search  |  Approach: sentence_transformer  |  Dataset: geological-settlements
2026-10-03 09:54:23,483 INFO benchmark_src.tasks.run_row_similarity_benchmark - Started run_row_similarity_benchmark
2026-10-03 09:54:23,483 ERROR root - Traceback (most recent call last):
2026-10-03 09:54:23,483 ERROR root -   File "/home/yarin.b/tembed/benchmark_src/run_benchmark.py", line 43, in run_single
    run_row_similarity_benchmark.main(cfg)
2026-10-03 09:54:23,483 ERROR root -   File "/home/yarin.b/tembed/benchmark_src/tasks/run_row_similarity_benchmark.py", line 101, in main
    input_table, testcase_paths, dataset_information = load_benchmark_data(cfg)
                                                       ^^^^^^^^^^^^^^^^^^^^^^^^
2026-10-03 09:54:23,483 ERROR root -   File "/home/yarin.b/tembed/benchmark_src/tasks/run_row_similarity_benchmark.py", line 20, in load_benchmark_data
    assert dataset_folder.exists(), f"Could not find path {dataset_folder}"
           ^^^^^^^^^^^^^^^^^^^^^^^
2026-10-03 09:54:23,483 ERROR root - AssertionError: Could not find path /home/yarin.b/tembed/cache/row_similarity_data_full/geological-settlements
2026-10-03 09:54:23,483 ERROR benchmark_src.run_benchmark - Error during benchmark run, please check traceback above.
2026-10-03 09:54:23,483 ERROR __main__ - Failed sentence_transformer/row_similarity_search/geological-settlements
Traceback (most recent call last):
  File "/home/yarin.b/tembed/run_experiments.py", line 274, in _run_job
    run_single(cfg)
  File "/home/yarin.b/tembed/benchmark_src/run_benchmark.py", line 43, in run_single
    run_row_similarity_benchmark.main(cfg)
  File "/home/yarin.b/tembed/benchmark_src/tasks/run_row_similarity_benchmark.py", line 101, in main
    input_table, testcase_paths, dataset_information = load_benchmark_data(cfg)
                                                       ^^^^^^^^^^^^^^^^^^^^^^^^
  File "/home/yarin.b/tembed/benchmark_src/tasks/run_row_similarity_benchmark.py", line 20, in load_benchmark_data
    assert dataset_folder.exists(), f"Could not find path {dataset_folder}"
           ^^^^^^^^^^^^^^^^^^^^^^^
AssertionError: Could not find path /home/yarin.b/tembed/cache/row_similarity_data_full/geological-settlements
2026-10-03 09:54:23,635 INFO __main__ - ================================================================================
2026-10-03 09:54:23,635 INFO __main__ - Starting [42/44] | Task: row_similarity_search | Approach: sentence_transformer | Env: benchmark_env | Dataset: iTunes-Amazon
2026-10-03 09:54:23,635 INFO __main__ - ================================================================================
2026-10-03 09:54:23,635 INFO benchmark_src.run_benchmark - ################################################################################
2026-10-03 09:54:23,635 INFO benchmark_src.run_benchmark - Task: row_similarity_search  |  Approach: sentence_transformer  |  Dataset: iTunes-Amazon
2026-10-03 09:54:23,636 INFO benchmark_src.tasks.run_row_similarity_benchmark - Started run_row_similarity_benchmark
2026-10-03 09:54:23,637 ERROR root - Traceback (most recent call last):
2026-10-03 09:54:23,637 ERROR root -   File "/home/yarin.b/tembed/benchmark_src/run_benchmark.py", line 43, in run_single
    run_row_similarity_benchmark.main(cfg)
2026-10-03 09:54:23,637 ERROR root -   File "/home/yarin.b/tembed/benchmark_src/tasks/run_row_similarity_benchmark.py", line 101, in main
    input_table, testcase_paths, dataset_information = load_benchmark_data(cfg)
                                                       ^^^^^^^^^^^^^^^^^^^^^^^^
2026-10-03 09:54:23,637 ERROR root -   File "/home/yarin.b/tembed/benchmark_src/tasks/run_row_similarity_benchmark.py", line 20, in load_benchmark_data
    assert dataset_folder.exists(), f"Could not find path {dataset_folder}"
           ^^^^^^^^^^^^^^^^^^^^^^^
2026-10-03 09:54:23,637 ERROR root - AssertionError: Could not find path /home/yarin.b/tembed/cache/row_similarity_data_full/iTunes-Amazon
2026-10-03 09:54:23,637 ERROR benchmark_src.run_benchmark - Error during benchmark run, please check traceback above.
2026-10-03 09:54:23,637 ERROR __main__ - Failed sentence_transformer/row_similarity_search/iTunes-Amazon
Traceback (most recent call last):
  File "/home/yarin.b/tembed/run_experiments.py", line 274, in _run_job
    run_single(cfg)
  File "/home/yarin.b/tembed/benchmark_src/run_benchmark.py", line 43, in run_single
    run_row_similarity_benchmark.main(cfg)
  File "/home/yarin.b/tembed/benchmark_src/tasks/run_row_similarity_benchmark.py", line 101, in main
    input_table, testcase_paths, dataset_information = load_benchmark_data(cfg)
                                                       ^^^^^^^^^^^^^^^^^^^^^^^^
  File "/home/yarin.b/tembed/benchmark_src/tasks/run_row_similarity_benchmark.py", line 20, in load_benchmark_data
    assert dataset_folder.exists(), f"Could not find path {dataset_folder}"
           ^^^^^^^^^^^^^^^^^^^^^^^
AssertionError: Could not find path /home/yarin.b/tembed/cache/row_similarity_data_full/iTunes-Amazon
2026-10-03 09:54:23,788 INFO __main__ - ================================================================================
2026-10-03 09:54:23,788 INFO __main__ - Starting [43/44] | Task: row_similarity_search | Approach: sentence_transformer | Env: benchmark_env | Dataset: MusicBrainz
2026-10-03 09:54:23,788 INFO __main__ - ================================================================================
2026-10-03 09:54:23,788 INFO benchmark_src.run_benchmark - ################################################################################
2026-10-03 09:54:23,789 INFO benchmark_src.run_benchmark - Task: row_similarity_search  |  Approach: sentence_transformer  |  Dataset: MusicBrainz
2026-10-03 09:54:23,790 INFO benchmark_src.tasks.run_row_similarity_benchmark - Started run_row_similarity_benchmark
2026-10-03 09:54:23,790 ERROR root - Traceback (most recent call last):
2026-10-03 09:54:23,790 ERROR root -   File "/home/yarin.b/tembed/benchmark_src/run_benchmark.py", line 43, in run_single
    run_row_similarity_benchmark.main(cfg)
2026-10-03 09:54:23,790 ERROR root -   File "/home/yarin.b/tembed/benchmark_src/tasks/run_row_similarity_benchmark.py", line 101, in main
    input_table, testcase_paths, dataset_information = load_benchmark_data(cfg)
                                                       ^^^^^^^^^^^^^^^^^^^^^^^^
2026-10-03 09:54:23,790 ERROR root -   File "/home/yarin.b/tembed/benchmark_src/tasks/run_row_similarity_benchmark.py", line 20, in load_benchmark_data
    assert dataset_folder.exists(), f"Could not find path {dataset_folder}"
           ^^^^^^^^^^^^^^^^^^^^^^^
2026-10-03 09:54:23,790 ERROR root - AssertionError: Could not find path /home/yarin.b/tembed/cache/row_similarity_data_full/MusicBrainz
2026-10-03 09:54:23,790 ERROR benchmark_src.run_benchmark - Error during benchmark run, please check traceback above.
2026-10-03 09:54:23,790 ERROR __main__ - Failed sentence_transformer/row_similarity_search/MusicBrainz
Traceback (most recent call last):
  File "/home/yarin.b/tembed/run_experiments.py", line 274, in _run_job
    run_single(cfg)
  File "/home/yarin.b/tembed/benchmark_src/run_benchmark.py", line 43, in run_single
    run_row_similarity_benchmark.main(cfg)
  File "/home/yarin.b/tembed/benchmark_src/tasks/run_row_similarity_benchmark.py", line 101, in main
    input_table, testcase_paths, dataset_information = load_benchmark_data(cfg)
                                                       ^^^^^^^^^^^^^^^^^^^^^^^^
  File "/home/yarin.b/tembed/benchmark_src/tasks/run_row_similarity_benchmark.py", line 20, in load_benchmark_data
    assert dataset_folder.exists(), f"Could not find path {dataset_folder}"
           ^^^^^^^^^^^^^^^^^^^^^^^
AssertionError: Could not find path /home/yarin.b/tembed/cache/row_similarity_data_full/MusicBrainz
2026-10-03 09:54:23,943 INFO __main__ - ================================================================================
2026-10-03 09:54:23,943 INFO __main__ - Starting [44/44] | Task: row_similarity_search | Approach: sentence_transformer | Env: benchmark_env | Dataset: Walmart-Amazon
2026-10-03 09:54:23,943 INFO __main__ - ================================================================================
2026-10-03 09:54:23,943 INFO benchmark_src.run_benchmark - ################################################################################
2026-10-03 09:54:23,943 INFO benchmark_src.run_benchmark - Task: row_similarity_search  |  Approach: sentence_transformer  |  Dataset: Walmart-Amazon
2026-10-03 09:54:23,945 INFO benchmark_src.tasks.run_row_similarity_benchmark - Started run_row_similarity_benchmark
2026-10-03 09:54:23,945 ERROR root - Traceback (most recent call last):
2026-10-03 09:54:23,945 ERROR root -   File "/home/yarin.b/tembed/benchmark_src/run_benchmark.py", line 43, in run_single
    run_row_similarity_benchmark.main(cfg)
2026-10-03 09:54:23,945 ERROR root -   File "/home/yarin.b/tembed/benchmark_src/tasks/run_row_similarity_benchmark.py", line 101, in main
    input_table, testcase_paths, dataset_information = load_benchmark_data(cfg)
                                                       ^^^^^^^^^^^^^^^^^^^^^^^^
2026-10-03 09:54:23,945 ERROR root -   File "/home/yarin.b/tembed/benchmark_src/tasks/run_row_similarity_benchmark.py", line 20, in load_benchmark_data
    assert dataset_folder.exists(), f"Could not find path {dataset_folder}"
           ^^^^^^^^^^^^^^^^^^^^^^^
2026-10-03 09:54:23,945 ERROR root - AssertionError: Could not find path /home/yarin.b/tembed/cache/row_similarity_data_full/Walmart-Amazon
2026-10-03 09:54:23,945 ERROR benchmark_src.run_benchmark - Error during benchmark run, please check traceback above.
2026-10-03 09:54:23,945 ERROR __main__ - Failed sentence_transformer/row_similarity_search/Walmart-Amazon
Traceback (most recent call last):
  File "/home/yarin.b/tembed/run_experiments.py", line 274, in _run_job
    run_single(cfg)
  File "/home/yarin.b/tembed/benchmark_src/run_benchmark.py", line 43, in run_single
    run_row_similarity_benchmark.main(cfg)
  File "/home/yarin.b/tembed/benchmark_src/tasks/run_row_similarity_benchmark.py", line 101, in main
    input_table, testcase_paths, dataset_information = load_benchmark_data(cfg)
                                                       ^^^^^^^^^^^^^^^^^^^^^^^^
  File "/home/yarin.b/tembed/benchmark_src/tasks/run_row_similarity_benchmark.py", line 20, in load_benchmark_data
    assert dataset_folder.exists(), f"Could not find path {dataset_folder}"
           ^^^^^^^^^^^^^^^^^^^^^^^
AssertionError: Could not find path /home/yarin.b/tembed/cache/row_similarity_data_full/Walmart-Amazon
2026-10-03 09:54:24,089 ERROR __main__ - 44/44 jobs failed
