2026-10-03 09:18:54,596 INFO __main__ - Logging this run's orchestrator output to: /home/yarin.b/tembed/results/tabpfn_ctx_rows/logs/20261003-091854_top.log
2026-10-03 09:18:54,605 INFO __main__ - Results will be saved to: /home/yarin.b/tembed/results/tabpfn_ctx_rows
2026-10-03 09:18:54,765 INFO __main__ - Jobs: 86
2026-10-03 09:18:54,765 INFO __main__ -   [1/86] - planned - tabpfn_ctx/row_similarity_search/Amazon-Google
2026-10-03 09:18:54,765 INFO __main__ -   [2/86] - planned - tabpfn_ctx/row_similarity_search/Beer
2026-10-03 09:18:54,765 INFO __main__ -   [3/86] - planned - tabpfn_ctx/row_similarity_search/DBLP-ACM
2026-10-03 09:18:54,765 INFO __main__ -   [4/86] - planned - tabpfn_ctx/row_similarity_search/Fodors-Zagats
2026-10-03 09:18:54,765 INFO __main__ -   [5/86] - planned - tabpfn_ctx/row_similarity_search/geological-settlements
2026-10-03 09:18:54,765 INFO __main__ -   [6/86] - planned - tabpfn_ctx/row_similarity_search/MusicBrainz
2026-10-03 09:18:54,765 INFO __main__ -   [7/86] - planned - tabpfn_ctx/row_similarity_search/Walmart-Amazon
2026-10-03 09:18:54,765 INFO __main__ -   [8/86] - planned - tabpfn_ctx/row_triplet_evaluation/wikidata_books
2026-10-03 09:18:54,765 INFO __main__ -   [9/86] - planned - tabpfn_ctx/row_triplet_evaluation/wikidata_books@no_genre
2026-10-03 09:18:54,765 INFO __main__ -   [10/86] - planned - tabpfn_ctx/row_triplet_evaluation/wikidata_books@only_five_cols
2026-10-03 09:18:54,766 INFO __main__ -   [11/86] - planned - tabpfn_ctx/row_triplet_evaluation/wikidata_books@no_col_names
2026-10-03 09:18:54,766 INFO __main__ -   [12/86] - planned - tabpfn_ctx/row_triplet_evaluation/wikidata_books@no_pid_in_col_names
2026-10-03 09:18:54,766 INFO __main__ -   [13/86] - planned - tabpfn_ctx/row_triplet_evaluation/astronomical_objects
2026-10-03 09:18:54,766 INFO __main__ -   [14/86] - planned - tabpfn_ctx/row_triplet_evaluation/astronomical_objects@only-text
2026-10-03 09:18:54,766 INFO __main__ -   [15/86] - planned - tabpfn_ctx/row_similarity_search/Amazon-Google
2026-10-03 09:18:54,766 INFO __main__ -   [16/86] - planned - tabpfn_ctx/row_similarity_search/Beer
2026-10-03 09:18:54,766 INFO __main__ -   [17/86] - planned - tabpfn_ctx/row_similarity_search/DBLP-ACM
2026-10-03 09:18:54,766 INFO __main__ -   [18/86] - planned - tabpfn_ctx/row_similarity_search/Fodors-Zagats
2026-10-03 09:18:54,766 INFO __main__ -   [19/86] - planned - tabpfn_ctx/row_similarity_search/geological-settlements
2026-10-03 09:18:54,766 INFO __main__ -   [20/86] - planned - tabpfn_ctx/row_similarity_search/MusicBrainz
2026-10-03 09:18:54,766 INFO __main__ -   [21/86] - planned - tabpfn_ctx/row_similarity_search/Walmart-Amazon
2026-10-03 09:18:54,766 INFO __main__ -   [22/86] - planned - tabpfn_ctx/row_triplet_evaluation/wikidata_books
2026-10-03 09:18:54,766 INFO __main__ -   [23/86] - planned - tabpfn_ctx/row_triplet_evaluation/wikidata_books@no_genre
2026-10-03 09:18:54,766 INFO __main__ -   [24/86] - planned - tabpfn_ctx/row_triplet_evaluation/wikidata_books@only_five_cols
2026-10-03 09:18:54,766 INFO __main__ -   [25/86] - planned - tabpfn_ctx/row_triplet_evaluation/wikidata_books@no_col_names
2026-10-03 09:18:54,767 INFO __main__ -   [26/86] - planned - tabpfn_ctx/row_triplet_evaluation/wikidata_books@no_pid_in_col_names
2026-10-03 09:18:54,767 INFO __main__ -   [27/86] - planned - tabpfn_ctx/row_triplet_evaluation/astronomical_objects
2026-10-03 09:18:54,767 INFO __main__ -   [28/86] - planned - tabpfn_ctx/row_triplet_evaluation/astronomical_objects@only-text
2026-10-03 09:18:54,767 INFO __main__ -   [29/86] - planned - tabpfn_ctx/row_similarity_search/Amazon-Google
2026-10-03 09:18:54,767 INFO __main__ -   [30/86] - planned - tabpfn_ctx/row_similarity_search/Beer
2026-10-03 09:18:54,767 INFO __main__ -   [31/86] - planned - tabpfn_ctx/row_similarity_search/DBLP-ACM
2026-10-03 09:18:54,767 INFO __main__ -   [32/86] - planned - tabpfn_ctx/row_similarity_search/Fodors-Zagats
2026-10-03 09:18:54,767 INFO __main__ -   [33/86] - planned - tabpfn_ctx/row_similarity_search/geological-settlements
2026-10-03 09:18:54,767 INFO __main__ -   [34/86] - planned - tabpfn_ctx/row_similarity_search/MusicBrainz
2026-10-03 09:18:54,767 INFO __main__ -   [35/86] - planned - tabpfn_ctx/row_similarity_search/Walmart-Amazon
2026-10-03 09:18:54,767 INFO __main__ -   [36/86] - planned - tabpfn_ctx/row_triplet_evaluation/wikidata_books
2026-10-03 09:18:54,767 INFO __main__ -   [37/86] - planned - tabpfn_ctx/row_triplet_evaluation/wikidata_books@no_genre
2026-10-03 09:18:54,767 INFO __main__ -   [38/86] - planned - tabpfn_ctx/row_triplet_evaluation/wikidata_books@only_five_cols
2026-10-03 09:18:54,767 INFO __main__ -   [39/86] - planned - tabpfn_ctx/row_triplet_evaluation/wikidata_books@no_col_names
2026-10-03 09:18:54,767 INFO __main__ -   [40/86] - planned - tabpfn_ctx/row_triplet_evaluation/wikidata_books@no_pid_in_col_names
2026-10-03 09:18:54,768 INFO __main__ -   [41/86] - planned - tabpfn_ctx/row_triplet_evaluation/astronomical_objects
2026-10-03 09:18:54,768 INFO __main__ -   [42/86] - planned - tabpfn_ctx/row_triplet_evaluation/astronomical_objects@only-text
2026-10-03 09:18:54,768 INFO __main__ -   [43/86] - planned - tabpfn_ctx/row_similarity_search/Amazon-Google
2026-10-03 09:18:54,768 INFO __main__ -   [44/86] - planned - tabpfn_ctx/row_similarity_search/Beer
2026-10-03 09:18:54,768 INFO __main__ -   [45/86] - planned - tabpfn_ctx/row_similarity_search/DBLP-ACM
2026-10-03 09:18:54,768 INFO __main__ -   [46/86] - planned - tabpfn_ctx/row_similarity_search/Fodors-Zagats
2026-10-03 09:18:54,768 INFO __main__ -   [47/86] - planned - tabpfn_ctx/row_similarity_search/geological-settlements
2026-10-03 09:18:54,768 INFO __main__ -   [48/86] - planned - tabpfn_ctx/row_similarity_search/MusicBrainz
2026-10-03 09:18:54,768 INFO __main__ -   [49/86] - planned - tabpfn_ctx/row_similarity_search/Walmart-Amazon
2026-10-03 09:18:54,768 INFO __main__ -   [50/86] - planned - tabpfn_ctx/row_triplet_evaluation/wikidata_books
2026-10-03 09:18:54,768 INFO __main__ -   [51/86] - planned - tabpfn_ctx/row_triplet_evaluation/wikidata_books@no_genre
2026-10-03 09:18:54,768 INFO __main__ -   [52/86] - planned - tabpfn_ctx/row_triplet_evaluation/wikidata_books@only_five_cols
2026-10-03 09:18:54,768 INFO __main__ -   [53/86] - planned - tabpfn_ctx/row_triplet_evaluation/wikidata_books@no_col_names
2026-10-03 09:18:54,768 INFO __main__ -   [54/86] - planned - tabpfn_ctx/row_triplet_evaluation/wikidata_books@no_pid_in_col_names
2026-10-03 09:18:54,768 INFO __main__ -   [55/86] - planned - tabpfn_ctx/row_triplet_evaluation/astronomical_objects
2026-10-03 09:18:54,769 INFO __main__ -   [56/86] - planned - tabpfn_ctx/row_triplet_evaluation/astronomical_objects@only-text
2026-10-03 09:18:54,769 INFO __main__ -   [57/86] - planned - tabpfn_ctx/row_similarity_search/Amazon-Google
2026-10-03 09:18:54,769 INFO __main__ -   [58/86] - planned - tabpfn_ctx/row_similarity_search/Beer
2026-10-03 09:18:54,769 INFO __main__ -   [59/86] - planned - tabpfn_ctx/row_similarity_search/DBLP-ACM
2026-10-03 09:18:54,769 INFO __main__ -   [60/86] - planned - tabpfn_ctx/row_similarity_search/Fodors-Zagats
2026-10-03 09:18:54,769 INFO __main__ -   [61/86] - planned - tabpfn_ctx/row_similarity_search/geological-settlements
2026-10-03 09:18:54,769 INFO __main__ -   [62/86] - planned - tabpfn_ctx/row_similarity_search/MusicBrainz
2026-10-03 09:18:54,769 INFO __main__ -   [63/86] - planned - tabpfn_ctx/row_similarity_search/Walmart-Amazon
2026-10-03 09:18:54,769 INFO __main__ -   [64/86] - planned - tabpfn_ctx/row_triplet_evaluation/wikidata_books
2026-10-03 09:18:54,769 INFO __main__ -   [65/86] - planned - tabpfn_ctx/row_triplet_evaluation/wikidata_books@no_genre
2026-10-03 09:18:54,769 INFO __main__ -   [66/86] - planned - tabpfn_ctx/row_triplet_evaluation/wikidata_books@only_five_cols
2026-10-03 09:18:54,769 INFO __main__ -   [67/86] - planned - tabpfn_ctx/row_triplet_evaluation/wikidata_books@no_col_names
2026-10-03 09:18:54,769 INFO __main__ -   [68/86] - planned - tabpfn_ctx/row_triplet_evaluation/wikidata_books@no_pid_in_col_names
2026-10-03 09:18:54,769 INFO __main__ -   [69/86] - planned - tabpfn_ctx/row_triplet_evaluation/astronomical_objects
2026-10-03 09:18:54,769 INFO __main__ -   [70/86] - planned - tabpfn_ctx/row_triplet_evaluation/astronomical_objects@only-text
2026-10-03 09:18:54,770 INFO __main__ -   [71/86] - planned - sentence_transformer/row_similarity_search/Amazon-Google
2026-10-03 09:18:54,770 INFO __main__ -   [72/86] - planned - sentence_transformer/row_similarity_search/Beer
2026-10-03 09:18:54,770 INFO __main__ -   [73/86] - planned - sentence_transformer/row_similarity_search/DBLP-ACM
2026-10-03 09:18:54,770 INFO __main__ -   [74/86] - planned - sentence_transformer/row_similarity_search/DBLP-GoogleScholar
2026-10-03 09:18:54,770 INFO __main__ -   [75/86] - planned - sentence_transformer/row_similarity_search/Fodors-Zagats
2026-10-03 09:18:54,770 INFO __main__ -   [76/86] - planned - sentence_transformer/row_similarity_search/geological-settlements
2026-10-03 09:18:54,770 INFO __main__ -   [77/86] - planned - sentence_transformer/row_similarity_search/iTunes-Amazon
2026-10-03 09:18:54,770 INFO __main__ -   [78/86] - planned - sentence_transformer/row_similarity_search/MusicBrainz
2026-10-03 09:18:54,770 INFO __main__ -   [79/86] - planned - sentence_transformer/row_similarity_search/Walmart-Amazon
2026-10-03 09:18:54,770 INFO __main__ -   [80/86] - planned - sentence_transformer/row_triplet_evaluation/wikidata_books
2026-10-03 09:18:54,770 INFO __main__ -   [81/86] - planned - sentence_transformer/row_triplet_evaluation/wikidata_books@no_genre
2026-10-03 09:18:54,770 INFO __main__ -   [82/86] - planned - sentence_transformer/row_triplet_evaluation/wikidata_books@only_five_cols
2026-10-03 09:18:54,770 INFO __main__ -   [83/86] - planned - sentence_transformer/row_triplet_evaluation/wikidata_books@no_col_names
2026-10-03 09:18:54,770 INFO __main__ -   [84/86] - planned - sentence_transformer/row_triplet_evaluation/wikidata_books@no_pid_in_col_names
2026-10-03 09:18:54,770 INFO __main__ -   [85/86] - planned - sentence_transformer/row_triplet_evaluation/astronomical_objects
2026-10-03 09:18:54,771 INFO __main__ -   [86/86] - planned - sentence_transformer/row_triplet_evaluation/astronomical_objects@only-text
2026-10-03 09:18:54,771 INFO __main__ - --------------------------------------------------------------------------------
2026-10-03 09:18:54,771 INFO __main__ - 86/86 planned to run (0 skipped)
2026-10-03 09:18:54,771 INFO __main__ - --------------------------------------------------------------------------------
2026-10-03 09:18:54,785 INFO __main__ - ================================================================================
2026-10-03 09:18:54,785 INFO __main__ - Starting [1/86] | Task: row_similarity_search | Approach: tabpfn_ctx | Env: benchmark_env | Dataset: Amazon-Google
2026-10-03 09:18:54,785 INFO __main__ - ================================================================================
2026-10-03 09:18:54,798 INFO benchmark_src.run_benchmark - ################################################################################
2026-10-03 09:18:54,799 INFO benchmark_src.run_benchmark - Task: row_similarity_search  |  Approach: tabpfn_ctx  |  Dataset: Amazon-Google
2026-10-03 09:19:02,644 INFO benchmark_src.tasks.run_row_similarity_benchmark - Started run_row_similarity_benchmark
2026-10-03 09:19:02,645 ERROR root - Traceback (most recent call last):
2026-10-03 09:19:02,645 ERROR root -   File "/home/yarin.b/tembed/benchmark_src/run_benchmark.py", line 43, in run_single
    run_row_similarity_benchmark.main(cfg)
2026-10-03 09:19:02,645 ERROR root -   File "/home/yarin.b/tembed/benchmark_src/tasks/run_row_similarity_benchmark.py", line 101, in main
    input_table, testcase_paths, dataset_information = load_benchmark_data(cfg)
                                                       ^^^^^^^^^^^^^^^^^^^^^^^^
2026-10-03 09:19:02,645 ERROR root -   File "/home/yarin.b/tembed/benchmark_src/tasks/run_row_similarity_benchmark.py", line 20, in load_benchmark_data
    assert dataset_folder.exists(), f"Could not find path {dataset_folder}"
           ^^^^^^^^^^^^^^^^^^^^^^^
2026-10-03 09:19:02,645 ERROR root - AssertionError: Could not find path /home/yarin.b/tembed/cache/row_similarity_data_full/Amazon-Google
2026-10-03 09:19:02,645 ERROR benchmark_src.run_benchmark - Error during benchmark run, please check traceback above.
2026-10-03 09:19:02,645 ERROR __main__ - Failed tabpfn_ctx/row_similarity_search/Amazon-Google
Traceback (most recent call last):
  File "/home/yarin.b/tembed/run_experiments.py", line 274, in _run_job
    run_single(cfg)
  File "/home/yarin.b/tembed/benchmark_src/run_benchmark.py", line 43, in run_single
    run_row_similarity_benchmark.main(cfg)
  File "/home/yarin.b/tembed/benchmark_src/tasks/run_row_similarity_benchmark.py", line 101, in main
    input_table, testcase_paths, dataset_information = load_benchmark_data(cfg)
                                                       ^^^^^^^^^^^^^^^^^^^^^^^^
  File "/home/yarin.b/tembed/benchmark_src/tasks/run_row_similarity_benchmark.py", line 20, in load_benchmark_data
    assert dataset_folder.exists(), f"Could not find path {dataset_folder}"
           ^^^^^^^^^^^^^^^^^^^^^^^
AssertionError: Could not find path /home/yarin.b/tembed/cache/row_similarity_data_full/Amazon-Google
2026-10-03 09:19:03,193 INFO __main__ - ================================================================================
2026-10-03 09:19:03,193 INFO __main__ - Starting [2/86] | Task: row_similarity_search | Approach: tabpfn_ctx | Env: benchmark_env | Dataset: Beer
2026-10-03 09:19:03,193 INFO __main__ - ================================================================================
2026-10-03 09:19:03,193 INFO benchmark_src.run_benchmark - ################################################################################
2026-10-03 09:19:03,193 INFO benchmark_src.run_benchmark - Task: row_similarity_search  |  Approach: tabpfn_ctx  |  Dataset: Beer
2026-10-03 09:19:03,194 INFO benchmark_src.tasks.run_row_similarity_benchmark - Started run_row_similarity_benchmark
2026-10-03 09:19:03,194 ERROR root - Traceback (most recent call last):
2026-10-03 09:19:03,194 ERROR root -   File "/home/yarin.b/tembed/benchmark_src/run_benchmark.py", line 43, in run_single
    run_row_similarity_benchmark.main(cfg)
2026-10-03 09:19:03,194 ERROR root -   File "/home/yarin.b/tembed/benchmark_src/tasks/run_row_similarity_benchmark.py", line 101, in main
    input_table, testcase_paths, dataset_information = load_benchmark_data(cfg)
                                                       ^^^^^^^^^^^^^^^^^^^^^^^^
2026-10-03 09:19:03,194 ERROR root -   File "/home/yarin.b/tembed/benchmark_src/tasks/run_row_similarity_benchmark.py", line 20, in load_benchmark_data
    assert dataset_folder.exists(), f"Could not find path {dataset_folder}"
           ^^^^^^^^^^^^^^^^^^^^^^^
2026-10-03 09:19:03,195 ERROR root - AssertionError: Could not find path /home/yarin.b/tembed/cache/row_similarity_data_full/Beer
2026-10-03 09:19:03,195 ERROR benchmark_src.run_benchmark - Error during benchmark run, please check traceback above.
2026-10-03 09:19:03,195 ERROR __main__ - Failed tabpfn_ctx/row_similarity_search/Beer
Traceback (most recent call last):
  File "/home/yarin.b/tembed/run_experiments.py", line 274, in _run_job
    run_single(cfg)
  File "/home/yarin.b/tembed/benchmark_src/run_benchmark.py", line 43, in run_single
    run_row_similarity_benchmark.main(cfg)
  File "/home/yarin.b/tembed/benchmark_src/tasks/run_row_similarity_benchmark.py", line 101, in main
    input_table, testcase_paths, dataset_information = load_benchmark_data(cfg)
                                                       ^^^^^^^^^^^^^^^^^^^^^^^^
  File "/home/yarin.b/tembed/benchmark_src/tasks/run_row_similarity_benchmark.py", line 20, in load_benchmark_data
    assert dataset_folder.exists(), f"Could not find path {dataset_folder}"
           ^^^^^^^^^^^^^^^^^^^^^^^
AssertionError: Could not find path /home/yarin.b/tembed/cache/row_similarity_data_full/Beer
2026-10-03 09:19:03,333 INFO __main__ - ================================================================================
2026-10-03 09:19:03,333 INFO __main__ - Starting [3/86] | Task: row_similarity_search | Approach: tabpfn_ctx | Env: benchmark_env | Dataset: DBLP-ACM
2026-10-03 09:19:03,333 INFO __main__ - ================================================================================
2026-10-03 09:19:03,333 INFO benchmark_src.run_benchmark - ################################################################################
2026-10-03 09:19:03,334 INFO benchmark_src.run_benchmark - Task: row_similarity_search  |  Approach: tabpfn_ctx  |  Dataset: DBLP-ACM
2026-10-03 09:19:03,335 INFO benchmark_src.tasks.run_row_similarity_benchmark - Started run_row_similarity_benchmark
2026-10-03 09:19:03,335 ERROR root - Traceback (most recent call last):
2026-10-03 09:19:03,335 ERROR root -   File "/home/yarin.b/tembed/benchmark_src/run_benchmark.py", line 43, in run_single
    run_row_similarity_benchmark.main(cfg)
2026-10-03 09:19:03,335 ERROR root -   File "/home/yarin.b/tembed/benchmark_src/tasks/run_row_similarity_benchmark.py", line 101, in main
    input_table, testcase_paths, dataset_information = load_benchmark_data(cfg)
                                                       ^^^^^^^^^^^^^^^^^^^^^^^^
2026-10-03 09:19:03,335 ERROR root -   File "/home/yarin.b/tembed/benchmark_src/tasks/run_row_similarity_benchmark.py", line 20, in load_benchmark_data
    assert dataset_folder.exists(), f"Could not find path {dataset_folder}"
           ^^^^^^^^^^^^^^^^^^^^^^^
2026-10-03 09:19:03,335 ERROR root - AssertionError: Could not find path /home/yarin.b/tembed/cache/row_similarity_data_full/DBLP-ACM
2026-10-03 09:19:03,335 ERROR benchmark_src.run_benchmark - Error during benchmark run, please check traceback above.
2026-10-03 09:19:03,335 ERROR __main__ - Failed tabpfn_ctx/row_similarity_search/DBLP-ACM
Traceback (most recent call last):
  File "/home/yarin.b/tembed/run_experiments.py", line 274, in _run_job
    run_single(cfg)
  File "/home/yarin.b/tembed/benchmark_src/run_benchmark.py", line 43, in run_single
    run_row_similarity_benchmark.main(cfg)
  File "/home/yarin.b/tembed/benchmark_src/tasks/run_row_similarity_benchmark.py", line 101, in main
    input_table, testcase_paths, dataset_information = load_benchmark_data(cfg)
                                                       ^^^^^^^^^^^^^^^^^^^^^^^^
  File "/home/yarin.b/tembed/benchmark_src/tasks/run_row_similarity_benchmark.py", line 20, in load_benchmark_data
    assert dataset_folder.exists(), f"Could not find path {dataset_folder}"
           ^^^^^^^^^^^^^^^^^^^^^^^
AssertionError: Could not find path /home/yarin.b/tembed/cache/row_similarity_data_full/DBLP-ACM
2026-10-03 09:19:03,441 INFO __main__ - ================================================================================
2026-10-03 09:19:03,441 INFO __main__ - Starting [4/86] | Task: row_similarity_search | Approach: tabpfn_ctx | Env: benchmark_env | Dataset: Fodors-Zagats
2026-10-03 09:19:03,441 INFO __main__ - ================================================================================
2026-10-03 09:19:03,441 INFO benchmark_src.run_benchmark - ################################################################################
2026-10-03 09:19:03,441 INFO benchmark_src.run_benchmark - Task: row_similarity_search  |  Approach: tabpfn_ctx  |  Dataset: Fodors-Zagats
2026-10-03 09:19:03,443 INFO benchmark_src.tasks.run_row_similarity_benchmark - Started run_row_similarity_benchmark
2026-10-03 09:19:03,443 ERROR root - Traceback (most recent call last):
2026-10-03 09:19:03,443 ERROR root -   File "/home/yarin.b/tembed/benchmark_src/run_benchmark.py", line 43, in run_single
    run_row_similarity_benchmark.main(cfg)
2026-10-03 09:19:03,443 ERROR root -   File "/home/yarin.b/tembed/benchmark_src/tasks/run_row_similarity_benchmark.py", line 101, in main
    input_table, testcase_paths, dataset_information = load_benchmark_data(cfg)
                                                       ^^^^^^^^^^^^^^^^^^^^^^^^
2026-10-03 09:19:03,443 ERROR root -   File "/home/yarin.b/tembed/benchmark_src/tasks/run_row_similarity_benchmark.py", line 20, in load_benchmark_data
    assert dataset_folder.exists(), f"Could not find path {dataset_folder}"
           ^^^^^^^^^^^^^^^^^^^^^^^
2026-10-03 09:19:03,443 ERROR root - AssertionError: Could not find path /home/yarin.b/tembed/cache/row_similarity_data_full/Fodors-Zagats
2026-10-03 09:19:03,443 ERROR benchmark_src.run_benchmark - Error during benchmark run, please check traceback above.
2026-10-03 09:19:03,443 ERROR __main__ - Failed tabpfn_ctx/row_similarity_search/Fodors-Zagats
Traceback (most recent call last):
  File "/home/yarin.b/tembed/run_experiments.py", line 274, in _run_job
    run_single(cfg)
  File "/home/yarin.b/tembed/benchmark_src/run_benchmark.py", line 43, in run_single
    run_row_similarity_benchmark.main(cfg)
  File "/home/yarin.b/tembed/benchmark_src/tasks/run_row_similarity_benchmark.py", line 101, in main
    input_table, testcase_paths, dataset_information = load_benchmark_data(cfg)
                                                       ^^^^^^^^^^^^^^^^^^^^^^^^
  File "/home/yarin.b/tembed/benchmark_src/tasks/run_row_similarity_benchmark.py", line 20, in load_benchmark_data
    assert dataset_folder.exists(), f"Could not find path {dataset_folder}"
           ^^^^^^^^^^^^^^^^^^^^^^^
AssertionError: Could not find path /home/yarin.b/tembed/cache/row_similarity_data_full/Fodors-Zagats
2026-10-03 09:19:03,545 INFO __main__ - ================================================================================
2026-10-03 09:19:03,546 INFO __main__ - Starting [5/86] | Task: row_similarity_search | Approach: tabpfn_ctx | Env: benchmark_env | Dataset: geological-settlements
2026-10-03 09:19:03,546 INFO __main__ - ================================================================================
2026-10-03 09:19:03,546 INFO benchmark_src.run_benchmark - ################################################################################
2026-10-03 09:19:03,546 INFO benchmark_src.run_benchmark - Task: row_similarity_search  |  Approach: tabpfn_ctx  |  Dataset: geological-settlements
2026-10-03 09:19:03,547 INFO benchmark_src.tasks.run_row_similarity_benchmark - Started run_row_similarity_benchmark
2026-10-03 09:19:03,547 ERROR root - Traceback (most recent call last):
2026-10-03 09:19:03,547 ERROR root -   File "/home/yarin.b/tembed/benchmark_src/run_benchmark.py", line 43, in run_single
    run_row_similarity_benchmark.main(cfg)
2026-10-03 09:19:03,547 ERROR root -   File "/home/yarin.b/tembed/benchmark_src/tasks/run_row_similarity_benchmark.py", line 101, in main
    input_table, testcase_paths, dataset_information = load_benchmark_data(cfg)
                                                       ^^^^^^^^^^^^^^^^^^^^^^^^
2026-10-03 09:19:03,547 ERROR root -   File "/home/yarin.b/tembed/benchmark_src/tasks/run_row_similarity_benchmark.py", line 20, in load_benchmark_data
    assert dataset_folder.exists(), f"Could not find path {dataset_folder}"
           ^^^^^^^^^^^^^^^^^^^^^^^
2026-10-03 09:19:03,547 ERROR root - AssertionError: Could not find path /home/yarin.b/tembed/cache/row_similarity_data_full/geological-settlements
2026-10-03 09:19:03,547 ERROR benchmark_src.run_benchmark - Error during benchmark run, please check traceback above.
2026-10-03 09:19:03,547 ERROR __main__ - Failed tabpfn_ctx/row_similarity_search/geological-settlements
Traceback (most recent call last):
  File "/home/yarin.b/tembed/run_experiments.py", line 274, in _run_job
    run_single(cfg)
  File "/home/yarin.b/tembed/benchmark_src/run_benchmark.py", line 43, in run_single
    run_row_similarity_benchmark.main(cfg)
  File "/home/yarin.b/tembed/benchmark_src/tasks/run_row_similarity_benchmark.py", line 101, in main
    input_table, testcase_paths, dataset_information = load_benchmark_data(cfg)
                                                       ^^^^^^^^^^^^^^^^^^^^^^^^
  File "/home/yarin.b/tembed/benchmark_src/tasks/run_row_similarity_benchmark.py", line 20, in load_benchmark_data
    assert dataset_folder.exists(), f"Could not find path {dataset_folder}"
           ^^^^^^^^^^^^^^^^^^^^^^^
AssertionError: Could not find path /home/yarin.b/tembed/cache/row_similarity_data_full/geological-settlements
2026-10-03 09:19:03,656 INFO __main__ - ================================================================================
2026-10-03 09:19:03,656 INFO __main__ - Starting [6/86] | Task: row_similarity_search | Approach: tabpfn_ctx | Env: benchmark_env | Dataset: MusicBrainz
2026-10-03 09:19:03,656 INFO __main__ - ================================================================================
2026-10-03 09:19:03,656 INFO benchmark_src.run_benchmark - ################################################################################
2026-10-03 09:19:03,656 INFO benchmark_src.run_benchmark - Task: row_similarity_search  |  Approach: tabpfn_ctx  |  Dataset: MusicBrainz
2026-10-03 09:19:03,657 INFO benchmark_src.tasks.run_row_similarity_benchmark - Started run_row_similarity_benchmark
2026-10-03 09:19:03,657 ERROR root - Traceback (most recent call last):
2026-10-03 09:19:03,657 ERROR root -   File "/home/yarin.b/tembed/benchmark_src/run_benchmark.py", line 43, in run_single
    run_row_similarity_benchmark.main(cfg)
2026-10-03 09:19:03,657 ERROR root -   File "/home/yarin.b/tembed/benchmark_src/tasks/run_row_similarity_benchmark.py", line 101, in main
    input_table, testcase_paths, dataset_information = load_benchmark_data(cfg)
                                                       ^^^^^^^^^^^^^^^^^^^^^^^^
2026-10-03 09:19:03,658 ERROR root -   File "/home/yarin.b/tembed/benchmark_src/tasks/run_row_similarity_benchmark.py", line 20, in load_benchmark_data
    assert dataset_folder.exists(), f"Could not find path {dataset_folder}"
           ^^^^^^^^^^^^^^^^^^^^^^^
2026-10-03 09:19:03,658 ERROR root - AssertionError: Could not find path /home/yarin.b/tembed/cache/row_similarity_data_full/MusicBrainz
2026-10-03 09:19:03,658 ERROR benchmark_src.run_benchmark - Error during benchmark run, please check traceback above.
2026-10-03 09:19:03,658 ERROR __main__ - Failed tabpfn_ctx/row_similarity_search/MusicBrainz
Traceback (most recent call last):
  File "/home/yarin.b/tembed/run_experiments.py", line 274, in _run_job
    run_single(cfg)
  File "/home/yarin.b/tembed/benchmark_src/run_benchmark.py", line 43, in run_single
    run_row_similarity_benchmark.main(cfg)
  File "/home/yarin.b/tembed/benchmark_src/tasks/run_row_similarity_benchmark.py", line 101, in main
    input_table, testcase_paths, dataset_information = load_benchmark_data(cfg)
                                                       ^^^^^^^^^^^^^^^^^^^^^^^^
  File "/home/yarin.b/tembed/benchmark_src/tasks/run_row_similarity_benchmark.py", line 20, in load_benchmark_data
    assert dataset_folder.exists(), f"Could not find path {dataset_folder}"
           ^^^^^^^^^^^^^^^^^^^^^^^
AssertionError: Could not find path /home/yarin.b/tembed/cache/row_similarity_data_full/MusicBrainz
2026-10-03 09:19:03,764 INFO __main__ - ================================================================================
2026-10-03 09:19:03,764 INFO __main__ - Starting [7/86] | Task: row_similarity_search | Approach: tabpfn_ctx | Env: benchmark_env | Dataset: Walmart-Amazon
2026-10-03 09:19:03,764 INFO __main__ - ================================================================================
2026-10-03 09:19:03,764 INFO benchmark_src.run_benchmark - ################################################################################
2026-10-03 09:19:03,764 INFO benchmark_src.run_benchmark - Task: row_similarity_search  |  Approach: tabpfn_ctx  |  Dataset: Walmart-Amazon
2026-10-03 09:19:03,766 INFO benchmark_src.tasks.run_row_similarity_benchmark - Started run_row_similarity_benchmark
2026-10-03 09:19:03,766 ERROR root - Traceback (most recent call last):
2026-10-03 09:19:03,766 ERROR root -   File "/home/yarin.b/tembed/benchmark_src/run_benchmark.py", line 43, in run_single
    run_row_similarity_benchmark.main(cfg)
2026-10-03 09:19:03,766 ERROR root -   File "/home/yarin.b/tembed/benchmark_src/tasks/run_row_similarity_benchmark.py", line 101, in main
    input_table, testcase_paths, dataset_information = load_benchmark_data(cfg)
                                                       ^^^^^^^^^^^^^^^^^^^^^^^^
2026-10-03 09:19:03,766 ERROR root -   File "/home/yarin.b/tembed/benchmark_src/tasks/run_row_similarity_benchmark.py", line 20, in load_benchmark_data
    assert dataset_folder.exists(), f"Could not find path {dataset_folder}"
           ^^^^^^^^^^^^^^^^^^^^^^^
2026-10-03 09:19:03,766 ERROR root - AssertionError: Could not find path /home/yarin.b/tembed/cache/row_similarity_data_full/Walmart-Amazon
2026-10-03 09:19:03,766 ERROR benchmark_src.run_benchmark - Error during benchmark run, please check traceback above.
2026-10-03 09:19:03,766 ERROR __main__ - Failed tabpfn_ctx/row_similarity_search/Walmart-Amazon
Traceback (most recent call last):
  File "/home/yarin.b/tembed/run_experiments.py", line 274, in _run_job
    run_single(cfg)
  File "/home/yarin.b/tembed/benchmark_src/run_benchmark.py", line 43, in run_single
    run_row_similarity_benchmark.main(cfg)
  File "/home/yarin.b/tembed/benchmark_src/tasks/run_row_similarity_benchmark.py", line 101, in main
    input_table, testcase_paths, dataset_information = load_benchmark_data(cfg)
                                                       ^^^^^^^^^^^^^^^^^^^^^^^^
  File "/home/yarin.b/tembed/benchmark_src/tasks/run_row_similarity_benchmark.py", line 20, in load_benchmark_data
    assert dataset_folder.exists(), f"Could not find path {dataset_folder}"
           ^^^^^^^^^^^^^^^^^^^^^^^
AssertionError: Could not find path /home/yarin.b/tembed/cache/row_similarity_data_full/Walmart-Amazon
2026-10-03 09:19:03,873 INFO __main__ - ================================================================================
2026-10-03 09:19:03,873 INFO __main__ - Starting [8/86] | Task: row_triplet_evaluation | Approach: tabpfn_ctx | Env: benchmark_env | Dataset: wikidata_books
2026-10-03 09:19:03,873 INFO __main__ - ================================================================================
2026-10-03 09:19:03,873 INFO benchmark_src.run_benchmark - ################################################################################
2026-10-03 09:19:03,873 INFO benchmark_src.run_benchmark - Task: row_triplet_evaluation  |  Approach: tabpfn_ctx  |  Dataset: wikidata_books
2026-10-03 09:19:03,946 INFO benchmark_src.tasks.run_row_triplet_evaluation_benchmark - Started run_row_triplet_evaluation_benchmark
2026-10-03 09:19:04,001 INFO root - Initial table has 281 columns and 1263 rows
2026-10-03 09:19:04,002 INFO root - Found 63 fiction genres and 37 nonfiction genres
2026-10-03 09:19:04,002 INFO root - Have books table with 1263 rows
2026-10-03 09:19:04,002 INFO root - Using columns: author = 'author___P50', genre = 'genre___P136'
2026-10-03 09:19:04,002 INFO root - nan not found
2026-10-03 09:19:06,305 INFO root - Cleaned table now has 1203 rows (from 1263 originally)
2026-10-03 09:19:06,316 INFO root - #######################################
2026-10-03 09:19:06,316 INFO root - Creating testcases for book_table 1203 rows
2026-10-03 09:19:06,316 INFO root - Found 101 genres, 62 fiction, 36 non-fiction
2026-10-03 09:19:06,356 INFO root - 85 genres
2026-10-03 09:19:06,357 ERROR root - /home/yarin.b/tembed/benchmark_src/dataset_creation/wikidata_hierarchies/create_testcases_more_similar_than.py:28: FutureWarning: When grouping with a length-1 list-like, you will need to pass a length-1 tuple to get_group in a future version of pandas. Pass `(name,)` instead of `name` to silence this warning.
  books_in_opposite_genre = list(grouped_books.get_group(selected_qid_opposite_genre)["QID"])
2026-10-03 09:19:06,361 ERROR root - /home/yarin.b/tembed/benchmark_src/dataset_creation/wikidata_hierarchies/create_testcases_more_similar_than.py:87: FutureWarning: When grouping with a length-1 list-like, you will need to pass a length-1 tuple to get_group in a future version of pandas. Pass `(name,)` instead of `name` to silence this warning.
  books_from_sibling_genre = list(grouped_books.get_group(selected_sibling_genre)["QID"])
2026-10-03 09:19:06,472 INFO root - Did not find fiction in fiction or nonfiction
2026-10-03 09:19:06,656 INFO root - Did not find non-fiction in fiction or nonfiction
2026-10-03 09:19:06,884 INFO root - 
Generated 903 test cases.
2026-10-03 09:19:10,058 INFO benchmark_src.tasks.run_row_triplet_evaluation_benchmark - Done creating wikidata books dataset
2026-10-03 09:19:10,090 INFO benchmark_src.utils.load_benchmark - Loaded dataset input table with 1203 rows and 281 attributes: Index(['QID', 'label', 'author___P50', 'description___None',
       'distribution format___P437', 'instance of___P31', 'version___None',
       'country___P17', 'language of work or name___P407', 'genre___P136',
       ...
       'Beirut Arab University's Libraries title ID___P9504',
       'related image___P6802', 'British Library system number___P5199',
       'Gran Enciclopèdia Catalana ID (former scheme)___P1296',
       'Gran Enciclopèdia Catalana ID___P12385', 'De Agostini ID___P6706',
       'PACTOLS thesaurus ID___P4212', 'replaces___P1365',
       'author of afterword___P2680', 'author of foreword___P2679'],
      dtype='object', length=281)
2026-10-03 09:19:10,107 INFO root - Found 903 testcases in /home/yarin.b/tembed/cache/datasets/more_similar_than/wikidata_books, limit is None
2026-10-03 09:19:10,117 INFO root - Successfully loaded module 'approach' from '/home/yarin.b/tembed/approaches/benchmark_approaches_src/tabpfn_ctx/approach.py'.
2026-10-03 09:19:10,123 INFO root - BaseEmbeddingApproach: Loaded component: RowEmbeddingComponent
2026-10-03 09:19:15,817 INFO approach - tabpfn_ctx target=zeros layer=last -> (1203, 192)
2026-10-03 09:19:15,822 ERROR root -   0%|          | 0/903 [00:00<?, ?it/s]
2026-10-03 09:19:17,368 ERROR root - 100%|##########| 903/903 [00:01<00:00, 584.09it/s]
2026-10-03 09:19:17,718 INFO benchmark_src.utils.resource_monitoring - Saved resource metrics: CSV + JSON for setup and task.
2026-10-03 09:19:17,736 INFO benchmark_src.tasks.run_row_triplet_evaluation_benchmark - {'accuracy': 0.6112956810631229, 'accuracy_easy': 0.6295585412667947, 'accuracy_medium': 0.5863874345549738}
2026-10-03 09:19:17,736 INFO root - Dataset: wikidata_books
2026-10-03 09:19:17,739 INFO root - Saved metrics to disk
2026-10-03 09:19:17,740 INFO __main__ - Finished tabpfn_ctx/row_triplet_evaluation/wikidata_books
2026-10-03 09:19:17,994 INFO __main__ - ================================================================================
2026-10-03 09:19:17,994 INFO __main__ - Starting [9/86] | Task: row_triplet_evaluation | Approach: tabpfn_ctx | Env: benchmark_env | Dataset: wikidata_books@no_genre
2026-10-03 09:19:17,994 INFO __main__ - ================================================================================
2026-10-03 09:19:17,994 INFO benchmark_src.run_benchmark - ################################################################################
2026-10-03 09:19:17,994 INFO benchmark_src.run_benchmark - Task: row_triplet_evaluation  |  Approach: tabpfn_ctx  |  Dataset: wikidata_books@no_genre
2026-10-03 09:19:17,995 INFO benchmark_src.tasks.run_row_triplet_evaluation_benchmark - Started run_row_triplet_evaluation_benchmark
2026-10-03 09:19:17,995 INFO benchmark_src.tasks.run_row_triplet_evaluation_benchmark - Running with sub-dataset @no_genre of base dataset wikidata_books
2026-10-03 09:19:17,995 INFO benchmark_src.tasks.run_row_triplet_evaluation_benchmark - Wikidata books dataset found in cache
2026-10-03 09:19:17,996 INFO benchmark_src.tasks.run_row_triplet_evaluation_benchmark - Sub-dataset folder /home/yarin.b/tembed/cache/datasets/more_similar_than/wikidata_books/@no_genre does not exist, have to create the variation
2026-10-03 09:19:17,996 INFO benchmark_src.tasks.run_row_triplet_evaluation_benchmark - Creating variation no_genre for dataset wikidata_books by removing the genre column, base_dataset_folder: /home/yarin.b/tembed/cache/datasets/more_similar_than/wikidata_books
2026-10-03 09:19:18,085 INFO root - Removed genre column from input_table, saved new table to /home/yarin.b/tembed/cache/datasets/more_similar_than/wikidata_books/@no_genre/input_table.csv
2026-10-03 09:19:18,094 INFO root - Saved variation with removed genre column to /home/yarin.b/tembed/cache/datasets/more_similar_than/wikidata_books/@no_genre
2026-10-03 09:19:18,122 INFO benchmark_src.utils.load_benchmark - Loaded dataset input table with 1203 rows and 280 attributes: Index(['QID', 'label', 'author___P50', 'description___None',
       'distribution format___P437', 'instance of___P31', 'version___None',
       'country___P17', 'language of work or name___P407', 'continent___P30',
       ...
       'Beirut Arab University's Libraries title ID___P9504',
       'related image___P6802', 'British Library system number___P5199',
       'Gran Enciclopèdia Catalana ID (former scheme)___P1296',
       'Gran Enciclopèdia Catalana ID___P12385', 'De Agostini ID___P6706',
       'PACTOLS thesaurus ID___P4212', 'replaces___P1365',
       'author of afterword___P2680', 'author of foreword___P2679'],
      dtype='object', length=280)
2026-10-03 09:19:18,124 INFO root - Found 903 testcases in /home/yarin.b/tembed/cache/datasets/more_similar_than/wikidata_books, limit is None
2026-10-03 09:19:18,125 INFO root - Successfully loaded module 'approach' from '/home/yarin.b/tembed/approaches/benchmark_approaches_src/tabpfn_ctx/approach.py'.
2026-10-03 09:19:18,127 INFO root - BaseEmbeddingApproach: Loaded component: RowEmbeddingComponent
2026-10-03 09:19:22,221 INFO approach - tabpfn_ctx target=zeros layer=last -> (1203, 192)
2026-10-03 09:19:22,224 ERROR root -   0%|          | 0/903 [00:00<?, ?it/s]
2026-10-03 09:19:23,558 ERROR root - 100%|##########| 903/903 [00:01<00:00, 677.17it/s]
2026-10-03 09:19:23,859 INFO benchmark_src.utils.resource_monitoring - Saved resource metrics: CSV + JSON for setup and task.
2026-10-03 09:19:23,867 INFO benchmark_src.tasks.run_row_triplet_evaluation_benchmark - {'accuracy': 0.5980066445182725, 'accuracy_easy': 0.6026871401151631, 'accuracy_medium': 0.5916230366492147}
2026-10-03 09:19:23,867 INFO root - Dataset: wikidata_books@no_genre
2026-10-03 09:19:23,870 INFO root - Saved metrics to disk
2026-10-03 09:19:23,872 INFO __main__ - Finished tabpfn_ctx/row_triplet_evaluation/wikidata_books@no_genre
2026-10-03 09:19:24,162 INFO __main__ - ================================================================================
2026-10-03 09:19:24,162 INFO __main__ - Starting [10/86] | Task: row_triplet_evaluation | Approach: tabpfn_ctx | Env: benchmark_env | Dataset: wikidata_books@only_five_cols
2026-10-03 09:19:24,162 INFO __main__ - ================================================================================
2026-10-03 09:19:24,162 INFO benchmark_src.run_benchmark - ################################################################################
2026-10-03 09:19:24,162 INFO benchmark_src.run_benchmark - Task: row_triplet_evaluation  |  Approach: tabpfn_ctx  |  Dataset: wikidata_books@only_five_cols
2026-10-03 09:19:24,163 INFO benchmark_src.tasks.run_row_triplet_evaluation_benchmark - Started run_row_triplet_evaluation_benchmark
2026-10-03 09:19:24,163 INFO benchmark_src.tasks.run_row_triplet_evaluation_benchmark - Running with sub-dataset @only_five_cols of base dataset wikidata_books
2026-10-03 09:19:24,163 INFO benchmark_src.tasks.run_row_triplet_evaluation_benchmark - Wikidata books dataset found in cache
2026-10-03 09:19:24,164 INFO benchmark_src.tasks.run_row_triplet_evaluation_benchmark - Sub-dataset folder /home/yarin.b/tembed/cache/datasets/more_similar_than/wikidata_books/@only_five_cols does not exist, have to create the variation
2026-10-03 09:19:24,164 INFO benchmark_src.tasks.run_row_triplet_evaluation_benchmark - Creating variation only_five_cols for dataset wikidata_books by keeping only five columns, base_dataset_folder: /home/yarin.b/tembed/cache/datasets/more_similar_than/wikidata_books
2026-10-03 09:19:24,202 INFO root - Kept only the first five columns of the input_table, saved new table to /home/yarin.b/tembed/cache/datasets/more_similar_than/wikidata_books/@only_five_cols/input_table.csv
2026-10-03 09:19:24,206 INFO root - Saved variation with only five columns to /home/yarin.b/tembed/cache/datasets/more_similar_than/wikidata_books/@only_five_cols
2026-10-03 09:19:24,210 INFO benchmark_src.utils.load_benchmark - Loaded dataset input table with 1203 rows and 5 attributes: Index(['QID', 'label', 'author___P50', 'description___None', 'genre___P136'], dtype='object')
2026-10-03 09:19:24,211 INFO root - Found 903 testcases in /home/yarin.b/tembed/cache/datasets/more_similar_than/wikidata_books, limit is None
2026-10-03 09:19:24,212 INFO root - Successfully loaded module 'approach' from '/home/yarin.b/tembed/approaches/benchmark_approaches_src/tabpfn_ctx/approach.py'.
2026-10-03 09:19:24,214 INFO root - BaseEmbeddingApproach: Loaded component: RowEmbeddingComponent
2026-10-03 09:19:25,454 INFO approach - tabpfn_ctx target=zeros layer=last -> (1203, 192)
2026-10-03 09:19:25,455 ERROR root -   0%|          | 0/903 [00:00<?, ?it/s]
2026-10-03 09:19:26,683 ERROR root - 100%|##########| 903/903 [00:01<00:00, 735.64it/s]
2026-10-03 09:19:26,997 INFO benchmark_src.utils.resource_monitoring - Saved resource metrics: CSV + JSON for setup and task.
2026-10-03 09:19:27,005 INFO benchmark_src.tasks.run_row_triplet_evaluation_benchmark - {'accuracy': 0.5071982281284607, 'accuracy_easy': 0.5527831094049904, 'accuracy_medium': 0.44502617801047123}
2026-10-03 09:19:27,005 INFO root - Dataset: wikidata_books@only_five_cols
2026-10-03 09:19:27,008 INFO root - Saved metrics to disk
2026-10-03 09:19:27,009 INFO __main__ - Finished tabpfn_ctx/row_triplet_evaluation/wikidata_books@only_five_cols
2026-10-03 09:19:27,214 INFO __main__ - ================================================================================
2026-10-03 09:19:27,215 INFO __main__ - Starting [11/86] | Task: row_triplet_evaluation | Approach: tabpfn_ctx | Env: benchmark_env | Dataset: wikidata_books@no_col_names
2026-10-03 09:19:27,215 INFO __main__ - ================================================================================
2026-10-03 09:19:27,215 INFO benchmark_src.run_benchmark - ################################################################################
2026-10-03 09:19:27,215 INFO benchmark_src.run_benchmark - Task: row_triplet_evaluation  |  Approach: tabpfn_ctx  |  Dataset: wikidata_books@no_col_names
2026-10-03 09:19:27,216 INFO benchmark_src.tasks.run_row_triplet_evaluation_benchmark - Started run_row_triplet_evaluation_benchmark
2026-10-03 09:19:27,216 INFO benchmark_src.tasks.run_row_triplet_evaluation_benchmark - Running with sub-dataset @no_col_names of base dataset wikidata_books
2026-10-03 09:19:27,216 INFO benchmark_src.tasks.run_row_triplet_evaluation_benchmark - Wikidata books dataset found in cache
2026-10-03 09:19:27,216 INFO benchmark_src.tasks.run_row_triplet_evaluation_benchmark - Sub-dataset folder /home/yarin.b/tembed/cache/datasets/more_similar_than/wikidata_books/@no_col_names does not exist, have to create the variation
2026-10-03 09:19:27,216 INFO benchmark_src.tasks.run_row_triplet_evaluation_benchmark - Creating variation no_col_names for dataset wikidata_books by removing column names, base_dataset_folder: /home/yarin.b/tembed/cache/datasets/more_similar_than/wikidata_books
2026-10-03 09:19:27,299 INFO root - Removed column names from input_table, saved new table to /home/yarin.b/tembed/cache/datasets/more_similar_than/wikidata_books/@no_col_names/input_table.csv
2026-10-03 09:19:27,308 INFO root - Saved variation with removed column names to /home/yarin.b/tembed/cache/datasets/more_similar_than/wikidata_books/@no_col_names
2026-10-03 09:19:27,338 INFO benchmark_src.utils.load_benchmark - Loaded dataset input table with 1203 rows and 281 attributes: Index(['col0', 'col1', 'col2', 'col3', 'col4', 'col5', 'col6', 'col7', 'col8',
       'col9',
       ...
       'col271', 'col272', 'col273', 'col274', 'col275', 'col276', 'col277',
       'col278', 'col279', 'col280'],
      dtype='object', length=281)
2026-10-03 09:19:27,340 INFO root - Found 903 testcases in /home/yarin.b/tembed/cache/datasets/more_similar_than/wikidata_books, limit is None
2026-10-03 09:19:27,341 INFO root - Successfully loaded module 'approach' from '/home/yarin.b/tembed/approaches/benchmark_approaches_src/tabpfn_ctx/approach.py'.
2026-10-03 09:19:27,342 INFO root - BaseEmbeddingApproach: Loaded component: RowEmbeddingComponent
2026-10-03 09:19:31,977 INFO approach - tabpfn_ctx target=zeros layer=last -> (1203, 192)
2026-10-03 09:19:31,980 ERROR root -   0%|          | 0/903 [00:00<?, ?it/s]
2026-10-03 09:19:33,296 ERROR root - 100%|##########| 903/903 [00:01<00:00, 686.31it/s]
2026-10-03 09:19:33,606 INFO benchmark_src.utils.resource_monitoring - Saved resource metrics: CSV + JSON for setup and task.
2026-10-03 09:19:33,612 INFO benchmark_src.tasks.run_row_triplet_evaluation_benchmark - {'accuracy': 0.6112956810631229, 'accuracy_easy': 0.6295585412667947, 'accuracy_medium': 0.5863874345549738}
2026-10-03 09:19:33,612 INFO root - Dataset: wikidata_books@no_col_names
2026-10-03 09:19:33,615 INFO root - Saved metrics to disk
2026-10-03 09:19:33,617 INFO __main__ - Finished tabpfn_ctx/row_triplet_evaluation/wikidata_books@no_col_names
2026-10-03 09:19:33,883 INFO __main__ - ================================================================================
2026-10-03 09:19:33,883 INFO __main__ - Starting [12/86] | Task: row_triplet_evaluation | Approach: tabpfn_ctx | Env: benchmark_env | Dataset: wikidata_books@no_pid_in_col_names
2026-10-03 09:19:33,883 INFO __main__ - ================================================================================
2026-10-03 09:19:33,883 INFO benchmark_src.run_benchmark - ################################################################################
2026-10-03 09:19:33,883 INFO benchmark_src.run_benchmark - Task: row_triplet_evaluation  |  Approach: tabpfn_ctx  |  Dataset: wikidata_books@no_pid_in_col_names
2026-10-03 09:19:33,884 INFO benchmark_src.tasks.run_row_triplet_evaluation_benchmark - Started run_row_triplet_evaluation_benchmark
2026-10-03 09:19:33,884 INFO benchmark_src.tasks.run_row_triplet_evaluation_benchmark - Running with sub-dataset @no_pid_in_col_names of base dataset wikidata_books
2026-10-03 09:19:33,884 INFO benchmark_src.tasks.run_row_triplet_evaluation_benchmark - Wikidata books dataset found in cache
2026-10-03 09:19:33,885 INFO benchmark_src.tasks.run_row_triplet_evaluation_benchmark - Sub-dataset folder /home/yarin.b/tembed/cache/datasets/more_similar_than/wikidata_books/@no_pid_in_col_names does not exist, have to create the variation
2026-10-03 09:19:33,885 INFO benchmark_src.tasks.run_row_triplet_evaluation_benchmark - Creating variation no_pid_in_col_names for dataset wikidata_books by removing pid from column names, base_dataset_folder: /home/yarin.b/tembed/cache/datasets/more_similar_than/wikidata_books
2026-10-03 09:19:33,970 INFO root - Removed pids from column names of input_table, saved new table to /home/yarin.b/tembed/cache/datasets/more_similar_than/wikidata_books/@no_pid_in_col_names/input_table.csv
2026-10-03 09:19:33,979 INFO root - Saved variation with removed pids from column names to /home/yarin.b/tembed/cache/datasets/more_similar_than/wikidata_books/@no_pid_in_col_names
2026-10-03 09:19:34,011 INFO benchmark_src.utils.load_benchmark - Loaded dataset input table with 1203 rows and 281 attributes: Index(['QID', 'label', 'author', 'description', 'distribution format',
       'instance of', 'version', 'country', 'language of work or name',
       'genre',
       ...
       'Beirut Arab University's Libraries title ID', 'related image',
       'British Library system number',
       'Gran Enciclopèdia Catalana ID (former scheme)',
       'Gran Enciclopèdia Catalana ID', 'De Agostini ID',
       'PACTOLS thesaurus ID', 'replaces', 'author of afterword',
       'author of foreword'],
      dtype='object', length=281)
2026-10-03 09:19:34,012 INFO root - Found 903 testcases in /home/yarin.b/tembed/cache/datasets/more_similar_than/wikidata_books, limit is None
2026-10-03 09:19:34,013 INFO root - Successfully loaded module 'approach' from '/home/yarin.b/tembed/approaches/benchmark_approaches_src/tabpfn_ctx/approach.py'.
2026-10-03 09:19:34,014 INFO root - BaseEmbeddingApproach: Loaded component: RowEmbeddingComponent
2026-10-03 09:19:37,831 INFO approach - tabpfn_ctx target=zeros layer=last -> (1203, 192)
2026-10-03 09:19:37,834 ERROR root -   0%|          | 0/903 [00:00<?, ?it/s]
2026-10-03 09:19:39,166 ERROR root - 100%|##########| 903/903 [00:01<00:00, 677.77it/s]
2026-10-03 09:19:39,499 INFO benchmark_src.utils.resource_monitoring - Saved resource metrics: CSV + JSON for setup and task.
2026-10-03 09:19:39,505 INFO benchmark_src.tasks.run_row_triplet_evaluation_benchmark - {'accuracy': 0.6112956810631229, 'accuracy_easy': 0.6295585412667947, 'accuracy_medium': 0.5863874345549738}
2026-10-03 09:19:39,505 INFO root - Dataset: wikidata_books@no_pid_in_col_names
2026-10-03 09:19:39,508 INFO root - Saved metrics to disk
2026-10-03 09:19:39,510 INFO __main__ - Finished tabpfn_ctx/row_triplet_evaluation/wikidata_books@no_pid_in_col_names
2026-10-03 09:19:39,733 INFO __main__ - ================================================================================
2026-10-03 09:19:39,733 INFO __main__ - Starting [13/86] | Task: row_triplet_evaluation | Approach: tabpfn_ctx | Env: benchmark_env | Dataset: astronomical_objects
2026-10-03 09:19:39,733 INFO __main__ - ================================================================================
2026-10-03 09:19:39,733 INFO benchmark_src.run_benchmark - ################################################################################
2026-10-03 09:19:39,734 INFO benchmark_src.run_benchmark - Task: row_triplet_evaluation  |  Approach: tabpfn_ctx  |  Dataset: astronomical_objects
2026-10-03 09:19:39,735 INFO benchmark_src.tasks.run_row_triplet_evaluation_benchmark - Started run_row_triplet_evaluation_benchmark
2026-10-03 09:19:39,735 INFO benchmark_src.tasks.run_row_triplet_evaluation_benchmark - Sub-dataset folder /home/yarin.b/tembed/cache/datasets/more_similar_than/astronomical_objects/original does not exist, have to create the variation
2026-10-03 09:19:39,736 ERROR root - Traceback (most recent call last):
2026-10-03 09:19:39,736 ERROR root -   File "/home/yarin.b/tembed/benchmark_src/run_benchmark.py", line 49, in run_single
    run_row_triplet_evaluation_benchmark.main(cfg)
2026-10-03 09:19:39,736 ERROR root -   File "/home/yarin.b/tembed/benchmark_src/tasks/run_row_triplet_evaluation_benchmark.py", line 129, in main
    input_table, testcase_paths, dataset_information = load_benchmark_data(cfg)
                                                       ^^^^^^^^^^^^^^^^^^^^^^^^
2026-10-03 09:19:39,736 ERROR root -   File "/home/yarin.b/tembed/benchmark_src/tasks/run_row_triplet_evaluation_benchmark.py", line 64, in load_benchmark_data
    if sub_dataset_name == "only-text":
       ^^^^^^^^^^^^^^^^
2026-10-03 09:19:39,736 ERROR root - UnboundLocalError: cannot access local variable 'sub_dataset_name' where it is not associated with a value
2026-10-03 09:19:39,737 ERROR benchmark_src.run_benchmark - Error during benchmark run, please check traceback above.
2026-10-03 09:19:39,737 ERROR __main__ - Failed tabpfn_ctx/row_triplet_evaluation/astronomical_objects
Traceback (most recent call last):
  File "/home/yarin.b/tembed/run_experiments.py", line 274, in _run_job
    run_single(cfg)
  File "/home/yarin.b/tembed/benchmark_src/run_benchmark.py", line 49, in run_single
    run_row_triplet_evaluation_benchmark.main(cfg)
  File "/home/yarin.b/tembed/benchmark_src/tasks/run_row_triplet_evaluation_benchmark.py", line 129, in main
    input_table, testcase_paths, dataset_information = load_benchmark_data(cfg)
                                                       ^^^^^^^^^^^^^^^^^^^^^^^^
  File "/home/yarin.b/tembed/benchmark_src/tasks/run_row_triplet_evaluation_benchmark.py", line 64, in load_benchmark_data
    if sub_dataset_name == "only-text":
       ^^^^^^^^^^^^^^^^
UnboundLocalError: cannot access local variable 'sub_dataset_name' where it is not associated with a value
2026-10-03 09:19:39,931 INFO __main__ - ================================================================================
2026-10-03 09:19:39,931 INFO __main__ - Starting [14/86] | Task: row_triplet_evaluation | Approach: tabpfn_ctx | Env: benchmark_env | Dataset: astronomical_objects@only-text
2026-10-03 09:19:39,931 INFO __main__ - ================================================================================
2026-10-03 09:19:39,931 INFO benchmark_src.run_benchmark - ################################################################################
2026-10-03 09:19:39,931 INFO benchmark_src.run_benchmark - Task: row_triplet_evaluation  |  Approach: tabpfn_ctx  |  Dataset: astronomical_objects@only-text
2026-10-03 09:19:39,932 INFO benchmark_src.tasks.run_row_triplet_evaluation_benchmark - Started run_row_triplet_evaluation_benchmark
2026-10-03 09:19:39,932 INFO benchmark_src.tasks.run_row_triplet_evaluation_benchmark - Running with sub-dataset @only-text of base dataset astronomical_objects
2026-10-03 09:19:39,932 INFO benchmark_src.tasks.run_row_triplet_evaluation_benchmark - Sub-dataset folder /home/yarin.b/tembed/cache/datasets/more_similar_than/astronomical_objects/@only-text does not exist, have to create the variation
2026-10-03 09:19:39,938 ERROR root - Traceback (most recent call last):
2026-10-03 09:19:39,938 ERROR root -   File "/home/yarin.b/tembed/benchmark_src/run_benchmark.py", line 49, in run_single
    run_row_triplet_evaluation_benchmark.main(cfg)
2026-10-03 09:19:39,938 ERROR root -   File "/home/yarin.b/tembed/benchmark_src/tasks/run_row_triplet_evaluation_benchmark.py", line 129, in main
    input_table, testcase_paths, dataset_information = load_benchmark_data(cfg)
                                                       ^^^^^^^^^^^^^^^^^^^^^^^^
2026-10-03 09:19:39,938 ERROR root -   File "/home/yarin.b/tembed/benchmark_src/tasks/run_row_triplet_evaluation_benchmark.py", line 65, in load_benchmark_data
    create_astronomical_dataset.remove_numerical_cols(cache_dir=base_dataset_folder)
2026-10-03 09:19:39,938 ERROR root -   File "/home/yarin.b/tembed/benchmark_src/dataset_creation/wikidata_hierarchies/create_astronomical_dataset.py", line 161, in remove_numerical_cols
    save_folder.mkdir(exist_ok=True)
2026-10-03 09:19:39,938 ERROR root -   File "/home/yarin.b/miniconda3/envs/thesis/lib/python3.11/pathlib.py", line 1116, in mkdir
    os.mkdir(self, mode)
2026-10-03 09:19:39,938 ERROR root - FileNotFoundError: [Errno 2] No such file or directory: '/home/yarin.b/tembed/cache/datasets/more_similar_than/astronomical_objects/@only-text'
2026-10-03 09:19:39,938 ERROR benchmark_src.run_benchmark - Error during benchmark run, please check traceback above.
2026-10-03 09:19:39,938 ERROR __main__ - Failed tabpfn_ctx/row_triplet_evaluation/astronomical_objects@only-text
Traceback (most recent call last):
  File "/home/yarin.b/tembed/run_experiments.py", line 274, in _run_job
    run_single(cfg)
  File "/home/yarin.b/tembed/benchmark_src/run_benchmark.py", line 49, in run_single
    run_row_triplet_evaluation_benchmark.main(cfg)
  File "/home/yarin.b/tembed/benchmark_src/tasks/run_row_triplet_evaluation_benchmark.py", line 129, in main
    input_table, testcase_paths, dataset_information = load_benchmark_data(cfg)
                                                       ^^^^^^^^^^^^^^^^^^^^^^^^
  File "/home/yarin.b/tembed/benchmark_src/tasks/run_row_triplet_evaluation_benchmark.py", line 65, in load_benchmark_data
    create_astronomical_dataset.remove_numerical_cols(cache_dir=base_dataset_folder)
  File "/home/yarin.b/tembed/benchmark_src/dataset_creation/wikidata_hierarchies/create_astronomical_dataset.py", line 161, in remove_numerical_cols
    save_folder.mkdir(exist_ok=True)
  File "/home/yarin.b/miniconda3/envs/thesis/lib/python3.11/pathlib.py", line 1116, in mkdir
    os.mkdir(self, mode)
FileNotFoundError: [Errno 2] No such file or directory: '/home/yarin.b/tembed/cache/datasets/more_similar_than/astronomical_objects/@only-text'
2026-10-03 09:19:40,153 INFO __main__ - ================================================================================
2026-10-03 09:19:40,153 INFO __main__ - Starting [15/86] | Task: row_similarity_search | Approach: tabpfn_ctx | Env: benchmark_env | Dataset: Amazon-Google
2026-10-03 09:19:40,153 INFO __main__ - ================================================================================
2026-10-03 09:19:40,153 INFO benchmark_src.run_benchmark - ################################################################################
2026-10-03 09:19:40,153 INFO benchmark_src.run_benchmark - Task: row_similarity_search  |  Approach: tabpfn_ctx  |  Dataset: Amazon-Google
2026-10-03 09:19:40,154 INFO benchmark_src.tasks.run_row_similarity_benchmark - Started run_row_similarity_benchmark
2026-10-03 09:19:40,155 ERROR root - Traceback (most recent call last):
2026-10-03 09:19:40,155 ERROR root -   File "/home/yarin.b/tembed/benchmark_src/run_benchmark.py", line 43, in run_single
    run_row_similarity_benchmark.main(cfg)
2026-10-03 09:19:40,155 ERROR root -   File "/home/yarin.b/tembed/benchmark_src/tasks/run_row_similarity_benchmark.py", line 101, in main
    input_table, testcase_paths, dataset_information = load_benchmark_data(cfg)
                                                       ^^^^^^^^^^^^^^^^^^^^^^^^
2026-10-03 09:19:40,155 ERROR root -   File "/home/yarin.b/tembed/benchmark_src/tasks/run_row_similarity_benchmark.py", line 20, in load_benchmark_data
    assert dataset_folder.exists(), f"Could not find path {dataset_folder}"
           ^^^^^^^^^^^^^^^^^^^^^^^
2026-10-03 09:19:40,155 ERROR root - AssertionError: Could not find path /home/yarin.b/tembed/cache/row_similarity_data_full/Amazon-Google
2026-10-03 09:19:40,155 ERROR benchmark_src.run_benchmark - Error during benchmark run, please check traceback above.
2026-10-03 09:19:40,155 ERROR __main__ - Failed tabpfn_ctx/row_similarity_search/Amazon-Google
Traceback (most recent call last):
  File "/home/yarin.b/tembed/run_experiments.py", line 274, in _run_job
    run_single(cfg)
  File "/home/yarin.b/tembed/benchmark_src/run_benchmark.py", line 43, in run_single
    run_row_similarity_benchmark.main(cfg)
  File "/home/yarin.b/tembed/benchmark_src/tasks/run_row_similarity_benchmark.py", line 101, in main
    input_table, testcase_paths, dataset_information = load_benchmark_data(cfg)
                                                       ^^^^^^^^^^^^^^^^^^^^^^^^
  File "/home/yarin.b/tembed/benchmark_src/tasks/run_row_similarity_benchmark.py", line 20, in load_benchmark_data
    assert dataset_folder.exists(), f"Could not find path {dataset_folder}"
           ^^^^^^^^^^^^^^^^^^^^^^^
AssertionError: Could not find path /home/yarin.b/tembed/cache/row_similarity_data_full/Amazon-Google
2026-10-03 09:19:40,332 INFO __main__ - ================================================================================
2026-10-03 09:19:40,332 INFO __main__ - Starting [16/86] | Task: row_similarity_search | Approach: tabpfn_ctx | Env: benchmark_env | Dataset: Beer
2026-10-03 09:19:40,332 INFO __main__ - ================================================================================
2026-10-03 09:19:40,332 INFO benchmark_src.run_benchmark - ################################################################################
2026-10-03 09:19:40,332 INFO benchmark_src.run_benchmark - Task: row_similarity_search  |  Approach: tabpfn_ctx  |  Dataset: Beer
2026-10-03 09:19:40,333 INFO benchmark_src.tasks.run_row_similarity_benchmark - Started run_row_similarity_benchmark
2026-10-03 09:19:40,333 ERROR root - Traceback (most recent call last):
2026-10-03 09:19:40,334 ERROR root -   File "/home/yarin.b/tembed/benchmark_src/run_benchmark.py", line 43, in run_single
    run_row_similarity_benchmark.main(cfg)
2026-10-03 09:19:40,334 ERROR root -   File "/home/yarin.b/tembed/benchmark_src/tasks/run_row_similarity_benchmark.py", line 101, in main
    input_table, testcase_paths, dataset_information = load_benchmark_data(cfg)
                                                       ^^^^^^^^^^^^^^^^^^^^^^^^
2026-10-03 09:19:40,334 ERROR root -   File "/home/yarin.b/tembed/benchmark_src/tasks/run_row_similarity_benchmark.py", line 20, in load_benchmark_data
    assert dataset_folder.exists(), f"Could not find path {dataset_folder}"
           ^^^^^^^^^^^^^^^^^^^^^^^
2026-10-03 09:19:40,334 ERROR root - AssertionError: Could not find path /home/yarin.b/tembed/cache/row_similarity_data_full/Beer
2026-10-03 09:19:40,334 ERROR benchmark_src.run_benchmark - Error during benchmark run, please check traceback above.
2026-10-03 09:19:40,334 ERROR __main__ - Failed tabpfn_ctx/row_similarity_search/Beer
Traceback (most recent call last):
  File "/home/yarin.b/tembed/run_experiments.py", line 274, in _run_job
    run_single(cfg)
  File "/home/yarin.b/tembed/benchmark_src/run_benchmark.py", line 43, in run_single
    run_row_similarity_benchmark.main(cfg)
  File "/home/yarin.b/tembed/benchmark_src/tasks/run_row_similarity_benchmark.py", line 101, in main
    input_table, testcase_paths, dataset_information = load_benchmark_data(cfg)
                                                       ^^^^^^^^^^^^^^^^^^^^^^^^
  File "/home/yarin.b/tembed/benchmark_src/tasks/run_row_similarity_benchmark.py", line 20, in load_benchmark_data
    assert dataset_folder.exists(), f"Could not find path {dataset_folder}"
           ^^^^^^^^^^^^^^^^^^^^^^^
AssertionError: Could not find path /home/yarin.b/tembed/cache/row_similarity_data_full/Beer
2026-10-03 09:19:40,500 INFO __main__ - ================================================================================
2026-10-03 09:19:40,500 INFO __main__ - Starting [17/86] | Task: row_similarity_search | Approach: tabpfn_ctx | Env: benchmark_env | Dataset: DBLP-ACM
2026-10-03 09:19:40,500 INFO __main__ - ================================================================================
2026-10-03 09:19:40,500 INFO benchmark_src.run_benchmark - ################################################################################
2026-10-03 09:19:40,501 INFO benchmark_src.run_benchmark - Task: row_similarity_search  |  Approach: tabpfn_ctx  |  Dataset: DBLP-ACM
2026-10-03 09:19:40,502 INFO benchmark_src.tasks.run_row_similarity_benchmark - Started run_row_similarity_benchmark
2026-10-03 09:19:40,502 ERROR root - Traceback (most recent call last):
2026-10-03 09:19:40,502 ERROR root -   File "/home/yarin.b/tembed/benchmark_src/run_benchmark.py", line 43, in run_single
    run_row_similarity_benchmark.main(cfg)
2026-10-03 09:19:40,502 ERROR root -   File "/home/yarin.b/tembed/benchmark_src/tasks/run_row_similarity_benchmark.py", line 101, in main
    input_table, testcase_paths, dataset_information = load_benchmark_data(cfg)
                                                       ^^^^^^^^^^^^^^^^^^^^^^^^
2026-10-03 09:19:40,502 ERROR root -   File "/home/yarin.b/tembed/benchmark_src/tasks/run_row_similarity_benchmark.py", line 20, in load_benchmark_data
    assert dataset_folder.exists(), f"Could not find path {dataset_folder}"
           ^^^^^^^^^^^^^^^^^^^^^^^
2026-10-03 09:19:40,502 ERROR root - AssertionError: Could not find path /home/yarin.b/tembed/cache/row_similarity_data_full/DBLP-ACM
2026-10-03 09:19:40,502 ERROR benchmark_src.run_benchmark - Error during benchmark run, please check traceback above.
2026-10-03 09:19:40,502 ERROR __main__ - Failed tabpfn_ctx/row_similarity_search/DBLP-ACM
Traceback (most recent call last):
  File "/home/yarin.b/tembed/run_experiments.py", line 274, in _run_job
    run_single(cfg)
  File "/home/yarin.b/tembed/benchmark_src/run_benchmark.py", line 43, in run_single
    run_row_similarity_benchmark.main(cfg)
  File "/home/yarin.b/tembed/benchmark_src/tasks/run_row_similarity_benchmark.py", line 101, in main
    input_table, testcase_paths, dataset_information = load_benchmark_data(cfg)
                                                       ^^^^^^^^^^^^^^^^^^^^^^^^
  File "/home/yarin.b/tembed/benchmark_src/tasks/run_row_similarity_benchmark.py", line 20, in load_benchmark_data
    assert dataset_folder.exists(), f"Could not find path {dataset_folder}"
           ^^^^^^^^^^^^^^^^^^^^^^^
AssertionError: Could not find path /home/yarin.b/tembed/cache/row_similarity_data_full/DBLP-ACM
2026-10-03 09:19:40,735 INFO __main__ - ================================================================================
2026-10-03 09:19:40,735 INFO __main__ - Starting [18/86] | Task: row_similarity_search | Approach: tabpfn_ctx | Env: benchmark_env | Dataset: Fodors-Zagats
2026-10-03 09:19:40,735 INFO __main__ - ================================================================================
2026-10-03 09:19:40,735 INFO benchmark_src.run_benchmark - ################################################################################
2026-10-03 09:19:40,736 INFO benchmark_src.run_benchmark - Task: row_similarity_search  |  Approach: tabpfn_ctx  |  Dataset: Fodors-Zagats
2026-10-03 09:19:40,737 INFO benchmark_src.tasks.run_row_similarity_benchmark - Started run_row_similarity_benchmark
2026-10-03 09:19:40,737 ERROR root - Traceback (most recent call last):
2026-10-03 09:19:40,737 ERROR root -   File "/home/yarin.b/tembed/benchmark_src/run_benchmark.py", line 43, in run_single
    run_row_similarity_benchmark.main(cfg)
2026-10-03 09:19:40,737 ERROR root -   File "/home/yarin.b/tembed/benchmark_src/tasks/run_row_similarity_benchmark.py", line 101, in main
    input_table, testcase_paths, dataset_information = load_benchmark_data(cfg)
                                                       ^^^^^^^^^^^^^^^^^^^^^^^^
2026-10-03 09:19:40,737 ERROR root -   File "/home/yarin.b/tembed/benchmark_src/tasks/run_row_similarity_benchmark.py", line 20, in load_benchmark_data
    assert dataset_folder.exists(), f"Could not find path {dataset_folder}"
           ^^^^^^^^^^^^^^^^^^^^^^^
2026-10-03 09:19:40,737 ERROR root - AssertionError: Could not find path /home/yarin.b/tembed/cache/row_similarity_data_full/Fodors-Zagats
2026-10-03 09:19:40,737 ERROR benchmark_src.run_benchmark - Error during benchmark run, please check traceback above.
2026-10-03 09:19:40,737 ERROR __main__ - Failed tabpfn_ctx/row_similarity_search/Fodors-Zagats
Traceback (most recent call last):
  File "/home/yarin.b/tembed/run_experiments.py", line 274, in _run_job
    run_single(cfg)
  File "/home/yarin.b/tembed/benchmark_src/run_benchmark.py", line 43, in run_single
    run_row_similarity_benchmark.main(cfg)
  File "/home/yarin.b/tembed/benchmark_src/tasks/run_row_similarity_benchmark.py", line 101, in main
    input_table, testcase_paths, dataset_information = load_benchmark_data(cfg)
                                                       ^^^^^^^^^^^^^^^^^^^^^^^^
  File "/home/yarin.b/tembed/benchmark_src/tasks/run_row_similarity_benchmark.py", line 20, in load_benchmark_data
    assert dataset_folder.exists(), f"Could not find path {dataset_folder}"
           ^^^^^^^^^^^^^^^^^^^^^^^
AssertionError: Could not find path /home/yarin.b/tembed/cache/row_similarity_data_full/Fodors-Zagats
2026-10-03 09:19:40,903 INFO __main__ - ================================================================================
2026-10-03 09:19:40,903 INFO __main__ - Starting [19/86] | Task: row_similarity_search | Approach: tabpfn_ctx | Env: benchmark_env | Dataset: geological-settlements
2026-10-03 09:19:40,903 INFO __main__ - ================================================================================
2026-10-03 09:19:40,903 INFO benchmark_src.run_benchmark - ################################################################################
2026-10-03 09:19:40,903 INFO benchmark_src.run_benchmark - Task: row_similarity_search  |  Approach: tabpfn_ctx  |  Dataset: geological-settlements
2026-10-03 09:19:40,905 INFO benchmark_src.tasks.run_row_similarity_benchmark - Started run_row_similarity_benchmark
2026-10-03 09:19:40,905 ERROR root - Traceback (most recent call last):
2026-10-03 09:19:40,905 ERROR root -   File "/home/yarin.b/tembed/benchmark_src/run_benchmark.py", line 43, in run_single
    run_row_similarity_benchmark.main(cfg)
2026-10-03 09:19:40,905 ERROR root -   File "/home/yarin.b/tembed/benchmark_src/tasks/run_row_similarity_benchmark.py", line 101, in main
    input_table, testcase_paths, dataset_information = load_benchmark_data(cfg)
                                                       ^^^^^^^^^^^^^^^^^^^^^^^^
2026-10-03 09:19:40,905 ERROR root -   File "/home/yarin.b/tembed/benchmark_src/tasks/run_row_similarity_benchmark.py", line 20, in load_benchmark_data
    assert dataset_folder.exists(), f"Could not find path {dataset_folder}"
           ^^^^^^^^^^^^^^^^^^^^^^^
2026-10-03 09:19:40,905 ERROR root - AssertionError: Could not find path /home/yarin.b/tembed/cache/row_similarity_data_full/geological-settlements
2026-10-03 09:19:40,905 ERROR benchmark_src.run_benchmark - Error during benchmark run, please check traceback above.
2026-10-03 09:19:40,905 ERROR __main__ - Failed tabpfn_ctx/row_similarity_search/geological-settlements
Traceback (most recent call last):
  File "/home/yarin.b/tembed/run_experiments.py", line 274, in _run_job
    run_single(cfg)
  File "/home/yarin.b/tembed/benchmark_src/run_benchmark.py", line 43, in run_single
    run_row_similarity_benchmark.main(cfg)
  File "/home/yarin.b/tembed/benchmark_src/tasks/run_row_similarity_benchmark.py", line 101, in main
    input_table, testcase_paths, dataset_information = load_benchmark_data(cfg)
                                                       ^^^^^^^^^^^^^^^^^^^^^^^^
  File "/home/yarin.b/tembed/benchmark_src/tasks/run_row_similarity_benchmark.py", line 20, in load_benchmark_data
    assert dataset_folder.exists(), f"Could not find path {dataset_folder}"
           ^^^^^^^^^^^^^^^^^^^^^^^
AssertionError: Could not find path /home/yarin.b/tembed/cache/row_similarity_data_full/geological-settlements
2026-10-03 09:19:41,058 INFO __main__ - ================================================================================
2026-10-03 09:19:41,058 INFO __main__ - Starting [20/86] | Task: row_similarity_search | Approach: tabpfn_ctx | Env: benchmark_env | Dataset: MusicBrainz
2026-10-03 09:19:41,058 INFO __main__ - ================================================================================
2026-10-03 09:19:41,058 INFO benchmark_src.run_benchmark - ################################################################################
2026-10-03 09:19:41,058 INFO benchmark_src.run_benchmark - Task: row_similarity_search  |  Approach: tabpfn_ctx  |  Dataset: MusicBrainz
2026-10-03 09:19:41,059 INFO benchmark_src.tasks.run_row_similarity_benchmark - Started run_row_similarity_benchmark
2026-10-03 09:19:41,059 ERROR root - Traceback (most recent call last):
2026-10-03 09:19:41,060 ERROR root -   File "/home/yarin.b/tembed/benchmark_src/run_benchmark.py", line 43, in run_single
    run_row_similarity_benchmark.main(cfg)
2026-10-03 09:19:41,060 ERROR root -   File "/home/yarin.b/tembed/benchmark_src/tasks/run_row_similarity_benchmark.py", line 101, in main
    input_table, testcase_paths, dataset_information = load_benchmark_data(cfg)
                                                       ^^^^^^^^^^^^^^^^^^^^^^^^
2026-10-03 09:19:41,060 ERROR root -   File "/home/yarin.b/tembed/benchmark_src/tasks/run_row_similarity_benchmark.py", line 20, in load_benchmark_data
    assert dataset_folder.exists(), f"Could not find path {dataset_folder}"
           ^^^^^^^^^^^^^^^^^^^^^^^
2026-10-03 09:19:41,060 ERROR root - AssertionError: Could not find path /home/yarin.b/tembed/cache/row_similarity_data_full/MusicBrainz
2026-10-03 09:19:41,060 ERROR benchmark_src.run_benchmark - Error during benchmark run, please check traceback above.
2026-10-03 09:19:41,060 ERROR __main__ - Failed tabpfn_ctx/row_similarity_search/MusicBrainz
Traceback (most recent call last):
  File "/home/yarin.b/tembed/run_experiments.py", line 274, in _run_job
    run_single(cfg)
  File "/home/yarin.b/tembed/benchmark_src/run_benchmark.py", line 43, in run_single
    run_row_similarity_benchmark.main(cfg)
  File "/home/yarin.b/tembed/benchmark_src/tasks/run_row_similarity_benchmark.py", line 101, in main
    input_table, testcase_paths, dataset_information = load_benchmark_data(cfg)
                                                       ^^^^^^^^^^^^^^^^^^^^^^^^
  File "/home/yarin.b/tembed/benchmark_src/tasks/run_row_similarity_benchmark.py", line 20, in load_benchmark_data
    assert dataset_folder.exists(), f"Could not find path {dataset_folder}"
           ^^^^^^^^^^^^^^^^^^^^^^^
AssertionError: Could not find path /home/yarin.b/tembed/cache/row_similarity_data_full/MusicBrainz
2026-10-03 09:19:41,207 INFO __main__ - ================================================================================
2026-10-03 09:19:41,207 INFO __main__ - Starting [21/86] | Task: row_similarity_search | Approach: tabpfn_ctx | Env: benchmark_env | Dataset: Walmart-Amazon
2026-10-03 09:19:41,207 INFO __main__ - ================================================================================
2026-10-03 09:19:41,207 INFO benchmark_src.run_benchmark - ################################################################################
2026-10-03 09:19:41,207 INFO benchmark_src.run_benchmark - Task: row_similarity_search  |  Approach: tabpfn_ctx  |  Dataset: Walmart-Amazon
2026-10-03 09:19:41,208 INFO benchmark_src.tasks.run_row_similarity_benchmark - Started run_row_similarity_benchmark
2026-10-03 09:19:41,209 ERROR root - Traceback (most recent call last):
2026-10-03 09:19:41,209 ERROR root -   File "/home/yarin.b/tembed/benchmark_src/run_benchmark.py", line 43, in run_single
    run_row_similarity_benchmark.main(cfg)
2026-10-03 09:19:41,209 ERROR root -   File "/home/yarin.b/tembed/benchmark_src/tasks/run_row_similarity_benchmark.py", line 101, in main
    input_table, testcase_paths, dataset_information = load_benchmark_data(cfg)
                                                       ^^^^^^^^^^^^^^^^^^^^^^^^
2026-10-03 09:19:41,209 ERROR root -   File "/home/yarin.b/tembed/benchmark_src/tasks/run_row_similarity_benchmark.py", line 20, in load_benchmark_data
    assert dataset_folder.exists(), f"Could not find path {dataset_folder}"
           ^^^^^^^^^^^^^^^^^^^^^^^
2026-10-03 09:19:41,209 ERROR root - AssertionError: Could not find path /home/yarin.b/tembed/cache/row_similarity_data_full/Walmart-Amazon
2026-10-03 09:19:41,209 ERROR benchmark_src.run_benchmark - Error during benchmark run, please check traceback above.
2026-10-03 09:19:41,209 ERROR __main__ - Failed tabpfn_ctx/row_similarity_search/Walmart-Amazon
Traceback (most recent call last):
  File "/home/yarin.b/tembed/run_experiments.py", line 274, in _run_job
    run_single(cfg)
  File "/home/yarin.b/tembed/benchmark_src/run_benchmark.py", line 43, in run_single
    run_row_similarity_benchmark.main(cfg)
  File "/home/yarin.b/tembed/benchmark_src/tasks/run_row_similarity_benchmark.py", line 101, in main
    input_table, testcase_paths, dataset_information = load_benchmark_data(cfg)
                                                       ^^^^^^^^^^^^^^^^^^^^^^^^
  File "/home/yarin.b/tembed/benchmark_src/tasks/run_row_similarity_benchmark.py", line 20, in load_benchmark_data
    assert dataset_folder.exists(), f"Could not find path {dataset_folder}"
           ^^^^^^^^^^^^^^^^^^^^^^^
AssertionError: Could not find path /home/yarin.b/tembed/cache/row_similarity_data_full/Walmart-Amazon
2026-10-03 09:19:41,345 INFO __main__ - ================================================================================
2026-10-03 09:19:41,345 INFO __main__ - Starting [22/86] | Task: row_triplet_evaluation | Approach: tabpfn_ctx | Env: benchmark_env | Dataset: wikidata_books
2026-10-03 09:19:41,345 INFO __main__ - ================================================================================
2026-10-03 09:19:41,345 INFO benchmark_src.run_benchmark - ################################################################################
2026-10-03 09:19:41,345 INFO benchmark_src.run_benchmark - Task: row_triplet_evaluation  |  Approach: tabpfn_ctx  |  Dataset: wikidata_books
2026-10-03 09:19:41,346 INFO benchmark_src.tasks.run_row_triplet_evaluation_benchmark - Started run_row_triplet_evaluation_benchmark
2026-10-03 09:19:41,346 INFO benchmark_src.tasks.run_row_triplet_evaluation_benchmark - Wikidata books dataset found in cache
2026-10-03 09:19:41,382 INFO benchmark_src.utils.load_benchmark - Loaded dataset input table with 1203 rows and 281 attributes: Index(['QID', 'label', 'author___P50', 'description___None',
       'distribution format___P437', 'instance of___P31', 'version___None',
       'country___P17', 'language of work or name___P407', 'genre___P136',
       ...
       'Beirut Arab University's Libraries title ID___P9504',
       'related image___P6802', 'British Library system number___P5199',
       'Gran Enciclopèdia Catalana ID (former scheme)___P1296',
       'Gran Enciclopèdia Catalana ID___P12385', 'De Agostini ID___P6706',
       'PACTOLS thesaurus ID___P4212', 'replaces___P1365',
       'author of afterword___P2680', 'author of foreword___P2679'],
      dtype='object', length=281)
2026-10-03 09:19:41,383 INFO root - Found 903 testcases in /home/yarin.b/tembed/cache/datasets/more_similar_than/wikidata_books, limit is None
2026-10-03 09:19:41,385 INFO root - Successfully loaded module 'approach' from '/home/yarin.b/tembed/approaches/benchmark_approaches_src/tabpfn_ctx/approach.py'.
2026-10-03 09:19:41,385 INFO root - BaseEmbeddingApproach: Loaded component: RowEmbeddingComponent
2026-10-03 09:19:45,227 INFO approach - tabpfn_ctx target=random layer=last -> (1203, 192)
2026-10-03 09:19:45,229 ERROR root -   0%|          | 0/903 [00:00<?, ?it/s]
2026-10-03 09:19:46,543 ERROR root - 100%|##########| 903/903 [00:01<00:00, 687.39it/s]
2026-10-03 09:19:46,848 INFO benchmark_src.utils.resource_monitoring - Saved resource metrics: CSV + JSON for setup and task.
2026-10-03 09:19:46,854 INFO benchmark_src.tasks.run_row_triplet_evaluation_benchmark - {'accuracy': 0.5559246954595792, 'accuracy_easy': 0.5719769673704415, 'accuracy_medium': 0.5340314136125655}
2026-10-03 09:19:46,854 INFO root - Dataset: wikidata_books
2026-10-03 09:19:46,857 INFO root - Saved metrics to disk
2026-10-03 09:19:46,858 INFO __main__ - Finished tabpfn_ctx/row_triplet_evaluation/wikidata_books
2026-10-03 09:19:47,099 INFO __main__ - ================================================================================
2026-10-03 09:19:47,099 INFO __main__ - Starting [23/86] | Task: row_triplet_evaluation | Approach: tabpfn_ctx | Env: benchmark_env | Dataset: wikidata_books@no_genre
2026-10-03 09:19:47,099 INFO __main__ - ================================================================================
2026-10-03 09:19:47,099 INFO benchmark_src.run_benchmark - ################################################################################
2026-10-03 09:19:47,099 INFO benchmark_src.run_benchmark - Task: row_triplet_evaluation  |  Approach: tabpfn_ctx  |  Dataset: wikidata_books@no_genre
2026-10-03 09:19:47,100 INFO benchmark_src.tasks.run_row_triplet_evaluation_benchmark - Started run_row_triplet_evaluation_benchmark
2026-10-03 09:19:47,100 INFO benchmark_src.tasks.run_row_triplet_evaluation_benchmark - Running with sub-dataset @no_genre of base dataset wikidata_books
2026-10-03 09:19:47,100 INFO benchmark_src.tasks.run_row_triplet_evaluation_benchmark - Wikidata books dataset found in cache
2026-10-03 09:19:47,129 INFO benchmark_src.utils.load_benchmark - Loaded dataset input table with 1203 rows and 280 attributes: Index(['QID', 'label', 'author___P50', 'description___None',
       'distribution format___P437', 'instance of___P31', 'version___None',
       'country___P17', 'language of work or name___P407', 'continent___P30',
       ...
       'Beirut Arab University's Libraries title ID___P9504',
       'related image___P6802', 'British Library system number___P5199',
       'Gran Enciclopèdia Catalana ID (former scheme)___P1296',
       'Gran Enciclopèdia Catalana ID___P12385', 'De Agostini ID___P6706',
       'PACTOLS thesaurus ID___P4212', 'replaces___P1365',
       'author of afterword___P2680', 'author of foreword___P2679'],
      dtype='object', length=280)
2026-10-03 09:19:47,130 INFO root - Found 903 testcases in /home/yarin.b/tembed/cache/datasets/more_similar_than/wikidata_books, limit is None
2026-10-03 09:19:47,131 INFO root - Successfully loaded module 'approach' from '/home/yarin.b/tembed/approaches/benchmark_approaches_src/tabpfn_ctx/approach.py'.
2026-10-03 09:19:47,132 INFO root - BaseEmbeddingApproach: Loaded component: RowEmbeddingComponent
2026-10-03 09:19:52,066 INFO approach - tabpfn_ctx target=random layer=last -> (1203, 192)
2026-10-03 09:19:52,068 ERROR root -   0%|          | 0/903 [00:00<?, ?it/s]
2026-10-03 09:19:53,411 ERROR root - 100%|##########| 903/903 [00:01<00:00, 672.49it/s]
2026-10-03 09:19:53,707 INFO benchmark_src.utils.resource_monitoring - Saved resource metrics: CSV + JSON for setup and task.
2026-10-03 09:19:53,713 INFO benchmark_src.tasks.run_row_triplet_evaluation_benchmark - {'accuracy': 0.5647840531561462, 'accuracy_easy': 0.6142034548944337, 'accuracy_medium': 0.4973821989528796}
2026-10-03 09:19:53,714 INFO root - Dataset: wikidata_books@no_genre
2026-10-03 09:19:53,717 INFO root - Saved metrics to disk
2026-10-03 09:19:53,718 INFO __main__ - Finished tabpfn_ctx/row_triplet_evaluation/wikidata_books@no_genre
2026-10-03 09:19:53,968 INFO __main__ - ================================================================================
2026-10-03 09:19:53,969 INFO __main__ - Starting [24/86] | Task: row_triplet_evaluation | Approach: tabpfn_ctx | Env: benchmark_env | Dataset: wikidata_books@only_five_cols
2026-10-03 09:19:53,969 INFO __main__ - ================================================================================
2026-10-03 09:19:53,969 INFO benchmark_src.run_benchmark - ################################################################################
2026-10-03 09:19:53,969 INFO benchmark_src.run_benchmark - Task: row_triplet_evaluation  |  Approach: tabpfn_ctx  |  Dataset: wikidata_books@only_five_cols
2026-10-03 09:19:53,970 INFO benchmark_src.tasks.run_row_triplet_evaluation_benchmark - Started run_row_triplet_evaluation_benchmark
2026-10-03 09:19:53,970 INFO benchmark_src.tasks.run_row_triplet_evaluation_benchmark - Running with sub-dataset @only_five_cols of base dataset wikidata_books
2026-10-03 09:19:53,970 INFO benchmark_src.tasks.run_row_triplet_evaluation_benchmark - Wikidata books dataset found in cache
2026-10-03 09:19:53,975 INFO benchmark_src.utils.load_benchmark - Loaded dataset input table with 1203 rows and 5 attributes: Index(['QID', 'label', 'author___P50', 'description___None', 'genre___P136'], dtype='object')
2026-10-03 09:19:53,976 INFO root - Found 903 testcases in /home/yarin.b/tembed/cache/datasets/more_similar_than/wikidata_books, limit is None
2026-10-03 09:19:53,977 INFO root - Successfully loaded module 'approach' from '/home/yarin.b/tembed/approaches/benchmark_approaches_src/tabpfn_ctx/approach.py'.
2026-10-03 09:19:53,978 INFO root - BaseEmbeddingApproach: Loaded component: RowEmbeddingComponent
2026-10-03 09:19:55,832 INFO approach - tabpfn_ctx target=random layer=last -> (1203, 192)
2026-10-03 09:19:55,833 ERROR root -   0%|          | 0/903 [00:00<?, ?it/s]
2026-10-03 09:19:57,030 ERROR root - 100%|##########| 903/903 [00:01<00:00, 754.35it/s]
2026-10-03 09:19:57,376 INFO benchmark_src.utils.resource_monitoring - Saved resource metrics: CSV + JSON for setup and task.
2026-10-03 09:19:57,383 INFO benchmark_src.tasks.run_row_triplet_evaluation_benchmark - {'accuracy': 0.4994462901439646, 'accuracy_easy': 0.5374280230326296, 'accuracy_medium': 0.4476439790575916}
2026-10-03 09:19:57,383 INFO root - Dataset: wikidata_books@only_five_cols
2026-10-03 09:19:57,386 INFO root - Saved metrics to disk
2026-10-03 09:19:57,387 INFO __main__ - Finished tabpfn_ctx/row_triplet_evaluation/wikidata_books@only_five_cols
2026-10-03 09:19:57,641 INFO __main__ - ================================================================================
2026-10-03 09:19:57,641 INFO __main__ - Starting [25/86] | Task: row_triplet_evaluation | Approach: tabpfn_ctx | Env: benchmark_env | Dataset: wikidata_books@no_col_names
2026-10-03 09:19:57,641 INFO __main__ - ================================================================================
2026-10-03 09:19:57,641 INFO benchmark_src.run_benchmark - ################################################################################
2026-10-03 09:19:57,641 INFO benchmark_src.run_benchmark - Task: row_triplet_evaluation  |  Approach: tabpfn_ctx  |  Dataset: wikidata_books@no_col_names
2026-10-03 09:19:57,643 INFO benchmark_src.tasks.run_row_triplet_evaluation_benchmark - Started run_row_triplet_evaluation_benchmark
2026-10-03 09:19:57,643 INFO benchmark_src.tasks.run_row_triplet_evaluation_benchmark - Running with sub-dataset @no_col_names of base dataset wikidata_books
2026-10-03 09:19:57,643 INFO benchmark_src.tasks.run_row_triplet_evaluation_benchmark - Wikidata books dataset found in cache
2026-10-03 09:19:57,677 INFO benchmark_src.utils.load_benchmark - Loaded dataset input table with 1203 rows and 281 attributes: Index(['col0', 'col1', 'col2', 'col3', 'col4', 'col5', 'col6', 'col7', 'col8',
       'col9',
       ...
       'col271', 'col272', 'col273', 'col274', 'col275', 'col276', 'col277',
       'col278', 'col279', 'col280'],
      dtype='object', length=281)
2026-10-03 09:19:57,678 INFO root - Found 903 testcases in /home/yarin.b/tembed/cache/datasets/more_similar_than/wikidata_books, limit is None
2026-10-03 09:19:57,679 INFO root - Successfully loaded module 'approach' from '/home/yarin.b/tembed/approaches/benchmark_approaches_src/tabpfn_ctx/approach.py'.
2026-10-03 09:19:57,680 INFO root - BaseEmbeddingApproach: Loaded component: RowEmbeddingComponent
2026-10-03 09:20:01,324 INFO approach - tabpfn_ctx target=random layer=last -> (1203, 192)
2026-10-03 09:20:01,326 ERROR root -   0%|          | 0/903 [00:00<?, ?it/s]
2026-10-03 09:20:02,648 ERROR root - 100%|##########| 903/903 [00:01<00:00, 683.20it/s]
2026-10-03 09:20:02,946 INFO benchmark_src.utils.resource_monitoring - Saved resource metrics: CSV + JSON for setup and task.
2026-10-03 09:20:02,952 INFO benchmark_src.tasks.run_row_triplet_evaluation_benchmark - {'accuracy': 0.5559246954595792, 'accuracy_easy': 0.5719769673704415, 'accuracy_medium': 0.5340314136125655}
2026-10-03 09:20:02,952 INFO root - Dataset: wikidata_books@no_col_names
2026-10-03 09:20:02,968 INFO root - Saved metrics to disk
2026-10-03 09:20:02,970 INFO __main__ - Finished tabpfn_ctx/row_triplet_evaluation/wikidata_books@no_col_names
2026-10-03 09:20:03,220 INFO __main__ - ================================================================================
2026-10-03 09:20:03,220 INFO __main__ - Starting [26/86] | Task: row_triplet_evaluation | Approach: tabpfn_ctx | Env: benchmark_env | Dataset: wikidata_books@no_pid_in_col_names
2026-10-03 09:20:03,220 INFO __main__ - ================================================================================
2026-10-03 09:20:03,220 INFO benchmark_src.run_benchmark - ################################################################################
2026-10-03 09:20:03,220 INFO benchmark_src.run_benchmark - Task: row_triplet_evaluation  |  Approach: tabpfn_ctx  |  Dataset: wikidata_books@no_pid_in_col_names
2026-10-03 09:20:03,222 INFO benchmark_src.tasks.run_row_triplet_evaluation_benchmark - Started run_row_triplet_evaluation_benchmark
2026-10-03 09:20:03,222 INFO benchmark_src.tasks.run_row_triplet_evaluation_benchmark - Running with sub-dataset @no_pid_in_col_names of base dataset wikidata_books
2026-10-03 09:20:03,222 INFO benchmark_src.tasks.run_row_triplet_evaluation_benchmark - Wikidata books dataset found in cache
2026-10-03 09:20:03,256 INFO benchmark_src.utils.load_benchmark - Loaded dataset input table with 1203 rows and 281 attributes: Index(['QID', 'label', 'author', 'description', 'distribution format',
       'instance of', 'version', 'country', 'language of work or name',
       'genre',
       ...
       'Beirut Arab University's Libraries title ID', 'related image',
       'British Library system number',
       'Gran Enciclopèdia Catalana ID (former scheme)',
       'Gran Enciclopèdia Catalana ID', 'De Agostini ID',
       'PACTOLS thesaurus ID', 'replaces', 'author of afterword',
       'author of foreword'],
      dtype='object', length=281)
2026-10-03 09:20:03,257 INFO root - Found 903 testcases in /home/yarin.b/tembed/cache/datasets/more_similar_than/wikidata_books, limit is None
2026-10-03 09:20:03,258 INFO root - Successfully loaded module 'approach' from '/home/yarin.b/tembed/approaches/benchmark_approaches_src/tabpfn_ctx/approach.py'.
2026-10-03 09:20:03,259 INFO root - BaseEmbeddingApproach: Loaded component: RowEmbeddingComponent
2026-10-03 09:20:08,576 INFO approach - tabpfn_ctx target=random layer=last -> (1203, 192)
2026-10-03 09:20:08,579 ERROR root -   0%|          | 0/903 [00:00<?, ?it/s]
2026-10-03 09:20:09,905 ERROR root - 100%|##########| 903/903 [00:01<00:00, 680.99it/s]
2026-10-03 09:20:10,202 INFO benchmark_src.utils.resource_monitoring - Saved resource metrics: CSV + JSON for setup and task.
2026-10-03 09:20:10,208 INFO benchmark_src.tasks.run_row_triplet_evaluation_benchmark - {'accuracy': 0.5559246954595792, 'accuracy_easy': 0.5719769673704415, 'accuracy_medium': 0.5340314136125655}
2026-10-03 09:20:10,208 INFO root - Dataset: wikidata_books@no_pid_in_col_names
2026-10-03 09:20:10,211 INFO root - Saved metrics to disk
2026-10-03 09:20:10,213 INFO __main__ - Finished tabpfn_ctx/row_triplet_evaluation/wikidata_books@no_pid_in_col_names
2026-10-03 09:20:10,475 INFO __main__ - ================================================================================
2026-10-03 09:20:10,475 INFO __main__ - Starting [27/86] | Task: row_triplet_evaluation | Approach: tabpfn_ctx | Env: benchmark_env | Dataset: astronomical_objects
2026-10-03 09:20:10,475 INFO __main__ - ================================================================================
2026-10-03 09:20:10,475 INFO benchmark_src.run_benchmark - ################################################################################
2026-10-03 09:20:10,475 INFO benchmark_src.run_benchmark - Task: row_triplet_evaluation  |  Approach: tabpfn_ctx  |  Dataset: astronomical_objects
2026-10-03 09:20:10,477 INFO benchmark_src.tasks.run_row_triplet_evaluation_benchmark - Started run_row_triplet_evaluation_benchmark
2026-10-03 09:20:10,477 INFO benchmark_src.tasks.run_row_triplet_evaluation_benchmark - Sub-dataset folder /home/yarin.b/tembed/cache/datasets/more_similar_than/astronomical_objects/original does not exist, have to create the variation
2026-10-03 09:20:10,479 ERROR root - Traceback (most recent call last):
2026-10-03 09:20:10,479 ERROR root -   File "/home/yarin.b/tembed/benchmark_src/run_benchmark.py", line 49, in run_single
    run_row_triplet_evaluation_benchmark.main(cfg)
2026-10-03 09:20:10,479 ERROR root -   File "/home/yarin.b/tembed/benchmark_src/tasks/run_row_triplet_evaluation_benchmark.py", line 129, in main
    input_table, testcase_paths, dataset_information = load_benchmark_data(cfg)
                                                       ^^^^^^^^^^^^^^^^^^^^^^^^
2026-10-03 09:20:10,479 ERROR root -   File "/home/yarin.b/tembed/benchmark_src/tasks/run_row_triplet_evaluation_benchmark.py", line 64, in load_benchmark_data
    if sub_dataset_name == "only-text":
       ^^^^^^^^^^^^^^^^
2026-10-03 09:20:10,479 ERROR root - UnboundLocalError: cannot access local variable 'sub_dataset_name' where it is not associated with a value
2026-10-03 09:20:10,479 ERROR benchmark_src.run_benchmark - Error during benchmark run, please check traceback above.
2026-10-03 09:20:10,479 ERROR __main__ - Failed tabpfn_ctx/row_triplet_evaluation/astronomical_objects
Traceback (most recent call last):
  File "/home/yarin.b/tembed/run_experiments.py", line 274, in _run_job
    run_single(cfg)
  File "/home/yarin.b/tembed/benchmark_src/run_benchmark.py", line 49, in run_single
    run_row_triplet_evaluation_benchmark.main(cfg)
  File "/home/yarin.b/tembed/benchmark_src/tasks/run_row_triplet_evaluation_benchmark.py", line 129, in main
    input_table, testcase_paths, dataset_information = load_benchmark_data(cfg)
                                                       ^^^^^^^^^^^^^^^^^^^^^^^^
  File "/home/yarin.b/tembed/benchmark_src/tasks/run_row_triplet_evaluation_benchmark.py", line 64, in load_benchmark_data
    if sub_dataset_name == "only-text":
       ^^^^^^^^^^^^^^^^
UnboundLocalError: cannot access local variable 'sub_dataset_name' where it is not associated with a value
2026-10-03 09:20:10,653 INFO __main__ - ================================================================================
2026-10-03 09:20:10,653 INFO __main__ - Starting [28/86] | Task: row_triplet_evaluation | Approach: tabpfn_ctx | Env: benchmark_env | Dataset: astronomical_objects@only-text
2026-10-03 09:20:10,654 INFO __main__ - ================================================================================
2026-10-03 09:20:10,654 INFO benchmark_src.run_benchmark - ################################################################################
2026-10-03 09:20:10,654 INFO benchmark_src.run_benchmark - Task: row_triplet_evaluation  |  Approach: tabpfn_ctx  |  Dataset: astronomical_objects@only-text
2026-10-03 09:20:10,655 INFO benchmark_src.tasks.run_row_triplet_evaluation_benchmark - Started run_row_triplet_evaluation_benchmark
2026-10-03 09:20:10,655 INFO benchmark_src.tasks.run_row_triplet_evaluation_benchmark - Running with sub-dataset @only-text of base dataset astronomical_objects
2026-10-03 09:20:10,655 INFO benchmark_src.tasks.run_row_triplet_evaluation_benchmark - Sub-dataset folder /home/yarin.b/tembed/cache/datasets/more_similar_than/astronomical_objects/@only-text does not exist, have to create the variation
2026-10-03 09:20:10,656 ERROR root - Traceback (most recent call last):
2026-10-03 09:20:10,657 ERROR root -   File "/home/yarin.b/tembed/benchmark_src/run_benchmark.py", line 49, in run_single
    run_row_triplet_evaluation_benchmark.main(cfg)
2026-10-03 09:20:10,657 ERROR root -   File "/home/yarin.b/tembed/benchmark_src/tasks/run_row_triplet_evaluation_benchmark.py", line 129, in main
    input_table, testcase_paths, dataset_information = load_benchmark_data(cfg)
                                                       ^^^^^^^^^^^^^^^^^^^^^^^^
2026-10-03 09:20:10,657 ERROR root -   File "/home/yarin.b/tembed/benchmark_src/tasks/run_row_triplet_evaluation_benchmark.py", line 65, in load_benchmark_data
    create_astronomical_dataset.remove_numerical_cols(cache_dir=base_dataset_folder)
2026-10-03 09:20:10,657 ERROR root -   File "/home/yarin.b/tembed/benchmark_src/dataset_creation/wikidata_hierarchies/create_astronomical_dataset.py", line 161, in remove_numerical_cols
    save_folder.mkdir(exist_ok=True)
2026-10-03 09:20:10,657 ERROR root -   File "/home/yarin.b/miniconda3/envs/thesis/lib/python3.11/pathlib.py", line 1116, in mkdir
    os.mkdir(self, mode)
2026-10-03 09:20:10,657 ERROR root - FileNotFoundError: [Errno 2] No such file or directory: '/home/yarin.b/tembed/cache/datasets/more_similar_than/astronomical_objects/@only-text'
2026-10-03 09:20:10,657 ERROR benchmark_src.run_benchmark - Error during benchmark run, please check traceback above.
2026-10-03 09:20:10,657 ERROR __main__ - Failed tabpfn_ctx/row_triplet_evaluation/astronomical_objects@only-text
Traceback (most recent call last):
  File "/home/yarin.b/tembed/run_experiments.py", line 274, in _run_job
    run_single(cfg)
  File "/home/yarin.b/tembed/benchmark_src/run_benchmark.py", line 49, in run_single
    run_row_triplet_evaluation_benchmark.main(cfg)
  File "/home/yarin.b/tembed/benchmark_src/tasks/run_row_triplet_evaluation_benchmark.py", line 129, in main
    input_table, testcase_paths, dataset_information = load_benchmark_data(cfg)
                                                       ^^^^^^^^^^^^^^^^^^^^^^^^
  File "/home/yarin.b/tembed/benchmark_src/tasks/run_row_triplet_evaluation_benchmark.py", line 65, in load_benchmark_data
    create_astronomical_dataset.remove_numerical_cols(cache_dir=base_dataset_folder)
  File "/home/yarin.b/tembed/benchmark_src/dataset_creation/wikidata_hierarchies/create_astronomical_dataset.py", line 161, in remove_numerical_cols
    save_folder.mkdir(exist_ok=True)
  File "/home/yarin.b/miniconda3/envs/thesis/lib/python3.11/pathlib.py", line 1116, in mkdir
    os.mkdir(self, mode)
FileNotFoundError: [Errno 2] No such file or directory: '/home/yarin.b/tembed/cache/datasets/more_similar_than/astronomical_objects/@only-text'
2026-10-03 09:20:10,838 INFO __main__ - ================================================================================
2026-10-03 09:20:10,838 INFO __main__ - Starting [29/86] | Task: row_similarity_search | Approach: tabpfn_ctx | Env: benchmark_env | Dataset: Amazon-Google
2026-10-03 09:20:10,838 INFO __main__ - ================================================================================
2026-10-03 09:20:10,838 INFO benchmark_src.run_benchmark - ################################################################################
2026-10-03 09:20:10,838 INFO benchmark_src.run_benchmark - Task: row_similarity_search  |  Approach: tabpfn_ctx  |  Dataset: Amazon-Google
2026-10-03 09:20:10,839 INFO benchmark_src.tasks.run_row_similarity_benchmark - Started run_row_similarity_benchmark
2026-10-03 09:20:10,839 ERROR root - Traceback (most recent call last):
2026-10-03 09:20:10,839 ERROR root -   File "/home/yarin.b/tembed/benchmark_src/run_benchmark.py", line 43, in run_single
    run_row_similarity_benchmark.main(cfg)
2026-10-03 09:20:10,839 ERROR root -   File "/home/yarin.b/tembed/benchmark_src/tasks/run_row_similarity_benchmark.py", line 101, in main
    input_table, testcase_paths, dataset_information = load_benchmark_data(cfg)
                                                       ^^^^^^^^^^^^^^^^^^^^^^^^
2026-10-03 09:20:10,839 ERROR root -   File "/home/yarin.b/tembed/benchmark_src/tasks/run_row_similarity_benchmark.py", line 20, in load_benchmark_data
    assert dataset_folder.exists(), f"Could not find path {dataset_folder}"
           ^^^^^^^^^^^^^^^^^^^^^^^
2026-10-03 09:20:10,839 ERROR root - AssertionError: Could not find path /home/yarin.b/tembed/cache/row_similarity_data_full/Amazon-Google
2026-10-03 09:20:10,840 ERROR benchmark_src.run_benchmark - Error during benchmark run, please check traceback above.
2026-10-03 09:20:10,840 ERROR __main__ - Failed tabpfn_ctx/row_similarity_search/Amazon-Google
Traceback (most recent call last):
  File "/home/yarin.b/tembed/run_experiments.py", line 274, in _run_job
    run_single(cfg)
  File "/home/yarin.b/tembed/benchmark_src/run_benchmark.py", line 43, in run_single
    run_row_similarity_benchmark.main(cfg)
  File "/home/yarin.b/tembed/benchmark_src/tasks/run_row_similarity_benchmark.py", line 101, in main
    input_table, testcase_paths, dataset_information = load_benchmark_data(cfg)
                                                       ^^^^^^^^^^^^^^^^^^^^^^^^
  File "/home/yarin.b/tembed/benchmark_src/tasks/run_row_similarity_benchmark.py", line 20, in load_benchmark_data
    assert dataset_folder.exists(), f"Could not find path {dataset_folder}"
           ^^^^^^^^^^^^^^^^^^^^^^^
AssertionError: Could not find path /home/yarin.b/tembed/cache/row_similarity_data_full/Amazon-Google
2026-10-03 09:20:11,007 INFO __main__ - ================================================================================
2026-10-03 09:20:11,007 INFO __main__ - Starting [30/86] | Task: row_similarity_search | Approach: tabpfn_ctx | Env: benchmark_env | Dataset: Beer
2026-10-03 09:20:11,007 INFO __main__ - ================================================================================
2026-10-03 09:20:11,007 INFO benchmark_src.run_benchmark - ################################################################################
2026-10-03 09:20:11,007 INFO benchmark_src.run_benchmark - Task: row_similarity_search  |  Approach: tabpfn_ctx  |  Dataset: Beer
2026-10-03 09:20:11,009 INFO benchmark_src.tasks.run_row_similarity_benchmark - Started run_row_similarity_benchmark
2026-10-03 09:20:11,009 ERROR root - Traceback (most recent call last):
2026-10-03 09:20:11,009 ERROR root -   File "/home/yarin.b/tembed/benchmark_src/run_benchmark.py", line 43, in run_single
    run_row_similarity_benchmark.main(cfg)
2026-10-03 09:20:11,009 ERROR root -   File "/home/yarin.b/tembed/benchmark_src/tasks/run_row_similarity_benchmark.py", line 101, in main
    input_table, testcase_paths, dataset_information = load_benchmark_data(cfg)
                                                       ^^^^^^^^^^^^^^^^^^^^^^^^
2026-10-03 09:20:11,009 ERROR root -   File "/home/yarin.b/tembed/benchmark_src/tasks/run_row_similarity_benchmark.py", line 20, in load_benchmark_data
    assert dataset_folder.exists(), f"Could not find path {dataset_folder}"
           ^^^^^^^^^^^^^^^^^^^^^^^
2026-10-03 09:20:11,009 ERROR root - AssertionError: Could not find path /home/yarin.b/tembed/cache/row_similarity_data_full/Beer
2026-10-03 09:20:11,009 ERROR benchmark_src.run_benchmark - Error during benchmark run, please check traceback above.
2026-10-03 09:20:11,009 ERROR __main__ - Failed tabpfn_ctx/row_similarity_search/Beer
Traceback (most recent call last):
  File "/home/yarin.b/tembed/run_experiments.py", line 274, in _run_job
    run_single(cfg)
  File "/home/yarin.b/tembed/benchmark_src/run_benchmark.py", line 43, in run_single
    run_row_similarity_benchmark.main(cfg)
  File "/home/yarin.b/tembed/benchmark_src/tasks/run_row_similarity_benchmark.py", line 101, in main
    input_table, testcase_paths, dataset_information = load_benchmark_data(cfg)
                                                       ^^^^^^^^^^^^^^^^^^^^^^^^
  File "/home/yarin.b/tembed/benchmark_src/tasks/run_row_similarity_benchmark.py", line 20, in load_benchmark_data
    assert dataset_folder.exists(), f"Could not find path {dataset_folder}"
           ^^^^^^^^^^^^^^^^^^^^^^^
AssertionError: Could not find path /home/yarin.b/tembed/cache/row_similarity_data_full/Beer
2026-10-03 09:20:11,177 INFO __main__ - ================================================================================
2026-10-03 09:20:11,177 INFO __main__ - Starting [31/86] | Task: row_similarity_search | Approach: tabpfn_ctx | Env: benchmark_env | Dataset: DBLP-ACM
2026-10-03 09:20:11,177 INFO __main__ - ================================================================================
2026-10-03 09:20:11,177 INFO benchmark_src.run_benchmark - ################################################################################
2026-10-03 09:20:11,177 INFO benchmark_src.run_benchmark - Task: row_similarity_search  |  Approach: tabpfn_ctx  |  Dataset: DBLP-ACM
2026-10-03 09:20:11,178 INFO benchmark_src.tasks.run_row_similarity_benchmark - Started run_row_similarity_benchmark
2026-10-03 09:20:11,178 ERROR root - Traceback (most recent call last):
2026-10-03 09:20:11,178 ERROR root -   File "/home/yarin.b/tembed/benchmark_src/run_benchmark.py", line 43, in run_single
    run_row_similarity_benchmark.main(cfg)
2026-10-03 09:20:11,178 ERROR root -   File "/home/yarin.b/tembed/benchmark_src/tasks/run_row_similarity_benchmark.py", line 101, in main
    input_table, testcase_paths, dataset_information = load_benchmark_data(cfg)
                                                       ^^^^^^^^^^^^^^^^^^^^^^^^
2026-10-03 09:20:11,178 ERROR root -   File "/home/yarin.b/tembed/benchmark_src/tasks/run_row_similarity_benchmark.py", line 20, in load_benchmark_data
    assert dataset_folder.exists(), f"Could not find path {dataset_folder}"
           ^^^^^^^^^^^^^^^^^^^^^^^
2026-10-03 09:20:11,178 ERROR root - AssertionError: Could not find path /home/yarin.b/tembed/cache/row_similarity_data_full/DBLP-ACM
2026-10-03 09:20:11,179 ERROR benchmark_src.run_benchmark - Error during benchmark run, please check traceback above.
2026-10-03 09:20:11,179 ERROR __main__ - Failed tabpfn_ctx/row_similarity_search/DBLP-ACM
Traceback (most recent call last):
  File "/home/yarin.b/tembed/run_experiments.py", line 274, in _run_job
    run_single(cfg)
  File "/home/yarin.b/tembed/benchmark_src/run_benchmark.py", line 43, in run_single
    run_row_similarity_benchmark.main(cfg)
  File "/home/yarin.b/tembed/benchmark_src/tasks/run_row_similarity_benchmark.py", line 101, in main
    input_table, testcase_paths, dataset_information = load_benchmark_data(cfg)
                                                       ^^^^^^^^^^^^^^^^^^^^^^^^
  File "/home/yarin.b/tembed/benchmark_src/tasks/run_row_similarity_benchmark.py", line 20, in load_benchmark_data
    assert dataset_folder.exists(), f"Could not find path {dataset_folder}"
           ^^^^^^^^^^^^^^^^^^^^^^^
AssertionError: Could not find path /home/yarin.b/tembed/cache/row_similarity_data_full/DBLP-ACM
2026-10-03 09:20:11,348 INFO __main__ - ================================================================================
2026-10-03 09:20:11,348 INFO __main__ - Starting [32/86] | Task: row_similarity_search | Approach: tabpfn_ctx | Env: benchmark_env | Dataset: Fodors-Zagats
2026-10-03 09:20:11,348 INFO __main__ - ================================================================================
2026-10-03 09:20:11,348 INFO benchmark_src.run_benchmark - ################################################################################
2026-10-03 09:20:11,348 INFO benchmark_src.run_benchmark - Task: row_similarity_search  |  Approach: tabpfn_ctx  |  Dataset: Fodors-Zagats
2026-10-03 09:20:11,349 INFO benchmark_src.tasks.run_row_similarity_benchmark - Started run_row_similarity_benchmark
2026-10-03 09:20:11,349 ERROR root - Traceback (most recent call last):
2026-10-03 09:20:11,349 ERROR root -   File "/home/yarin.b/tembed/benchmark_src/run_benchmark.py", line 43, in run_single
    run_row_similarity_benchmark.main(cfg)
2026-10-03 09:20:11,349 ERROR root -   File "/home/yarin.b/tembed/benchmark_src/tasks/run_row_similarity_benchmark.py", line 101, in main
    input_table, testcase_paths, dataset_information = load_benchmark_data(cfg)
                                                       ^^^^^^^^^^^^^^^^^^^^^^^^
2026-10-03 09:20:11,349 ERROR root -   File "/home/yarin.b/tembed/benchmark_src/tasks/run_row_similarity_benchmark.py", line 20, in load_benchmark_data
    assert dataset_folder.exists(), f"Could not find path {dataset_folder}"
           ^^^^^^^^^^^^^^^^^^^^^^^
2026-10-03 09:20:11,349 ERROR root - AssertionError: Could not find path /home/yarin.b/tembed/cache/row_similarity_data_full/Fodors-Zagats
2026-10-03 09:20:11,349 ERROR benchmark_src.run_benchmark - Error during benchmark run, please check traceback above.
2026-10-03 09:20:11,349 ERROR __main__ - Failed tabpfn_ctx/row_similarity_search/Fodors-Zagats
Traceback (most recent call last):
  File "/home/yarin.b/tembed/run_experiments.py", line 274, in _run_job
    run_single(cfg)
  File "/home/yarin.b/tembed/benchmark_src/run_benchmark.py", line 43, in run_single
    run_row_similarity_benchmark.main(cfg)
  File "/home/yarin.b/tembed/benchmark_src/tasks/run_row_similarity_benchmark.py", line 101, in main
    input_table, testcase_paths, dataset_information = load_benchmark_data(cfg)
                                                       ^^^^^^^^^^^^^^^^^^^^^^^^
  File "/home/yarin.b/tembed/benchmark_src/tasks/run_row_similarity_benchmark.py", line 20, in load_benchmark_data
    assert dataset_folder.exists(), f"Could not find path {dataset_folder}"
           ^^^^^^^^^^^^^^^^^^^^^^^
AssertionError: Could not find path /home/yarin.b/tembed/cache/row_similarity_data_full/Fodors-Zagats
2026-10-03 09:20:11,516 INFO __main__ - ================================================================================
2026-10-03 09:20:11,516 INFO __main__ - Starting [33/86] | Task: row_similarity_search | Approach: tabpfn_ctx | Env: benchmark_env | Dataset: geological-settlements
2026-10-03 09:20:11,517 INFO __main__ - ================================================================================
2026-10-03 09:20:11,517 INFO benchmark_src.run_benchmark - ################################################################################
2026-10-03 09:20:11,517 INFO benchmark_src.run_benchmark - Task: row_similarity_search  |  Approach: tabpfn_ctx  |  Dataset: geological-settlements
2026-10-03 09:20:11,518 INFO benchmark_src.tasks.run_row_similarity_benchmark - Started run_row_similarity_benchmark
2026-10-03 09:20:11,518 ERROR root - Traceback (most recent call last):
2026-10-03 09:20:11,518 ERROR root -   File "/home/yarin.b/tembed/benchmark_src/run_benchmark.py", line 43, in run_single
    run_row_similarity_benchmark.main(cfg)
2026-10-03 09:20:11,518 ERROR root -   File "/home/yarin.b/tembed/benchmark_src/tasks/run_row_similarity_benchmark.py", line 101, in main
    input_table, testcase_paths, dataset_information = load_benchmark_data(cfg)
                                                       ^^^^^^^^^^^^^^^^^^^^^^^^
2026-10-03 09:20:11,518 ERROR root -   File "/home/yarin.b/tembed/benchmark_src/tasks/run_row_similarity_benchmark.py", line 20, in load_benchmark_data
    assert dataset_folder.exists(), f"Could not find path {dataset_folder}"
           ^^^^^^^^^^^^^^^^^^^^^^^
2026-10-03 09:20:11,518 ERROR root - AssertionError: Could not find path /home/yarin.b/tembed/cache/row_similarity_data_full/geological-settlements
2026-10-03 09:20:11,518 ERROR benchmark_src.run_benchmark - Error during benchmark run, please check traceback above.
2026-10-03 09:20:11,518 ERROR __main__ - Failed tabpfn_ctx/row_similarity_search/geological-settlements
Traceback (most recent call last):
  File "/home/yarin.b/tembed/run_experiments.py", line 274, in _run_job
    run_single(cfg)
  File "/home/yarin.b/tembed/benchmark_src/run_benchmark.py", line 43, in run_single
    run_row_similarity_benchmark.main(cfg)
  File "/home/yarin.b/tembed/benchmark_src/tasks/run_row_similarity_benchmark.py", line 101, in main
    input_table, testcase_paths, dataset_information = load_benchmark_data(cfg)
                                                       ^^^^^^^^^^^^^^^^^^^^^^^^
  File "/home/yarin.b/tembed/benchmark_src/tasks/run_row_similarity_benchmark.py", line 20, in load_benchmark_data
    assert dataset_folder.exists(), f"Could not find path {dataset_folder}"
           ^^^^^^^^^^^^^^^^^^^^^^^
AssertionError: Could not find path /home/yarin.b/tembed/cache/row_similarity_data_full/geological-settlements
2026-10-03 09:20:11,687 INFO __main__ - ================================================================================
2026-10-03 09:20:11,688 INFO __main__ - Starting [34/86] | Task: row_similarity_search | Approach: tabpfn_ctx | Env: benchmark_env | Dataset: MusicBrainz
2026-10-03 09:20:11,688 INFO __main__ - ================================================================================
2026-10-03 09:20:11,688 INFO benchmark_src.run_benchmark - ################################################################################
2026-10-03 09:20:11,688 INFO benchmark_src.run_benchmark - Task: row_similarity_search  |  Approach: tabpfn_ctx  |  Dataset: MusicBrainz
2026-10-03 09:20:11,689 INFO benchmark_src.tasks.run_row_similarity_benchmark - Started run_row_similarity_benchmark
2026-10-03 09:20:11,689 ERROR root - Traceback (most recent call last):
2026-10-03 09:20:11,689 ERROR root -   File "/home/yarin.b/tembed/benchmark_src/run_benchmark.py", line 43, in run_single
    run_row_similarity_benchmark.main(cfg)
2026-10-03 09:20:11,689 ERROR root -   File "/home/yarin.b/tembed/benchmark_src/tasks/run_row_similarity_benchmark.py", line 101, in main
    input_table, testcase_paths, dataset_information = load_benchmark_data(cfg)
                                                       ^^^^^^^^^^^^^^^^^^^^^^^^
2026-10-03 09:20:11,689 ERROR root -   File "/home/yarin.b/tembed/benchmark_src/tasks/run_row_similarity_benchmark.py", line 20, in load_benchmark_data
    assert dataset_folder.exists(), f"Could not find path {dataset_folder}"
           ^^^^^^^^^^^^^^^^^^^^^^^
2026-10-03 09:20:11,689 ERROR root - AssertionError: Could not find path /home/yarin.b/tembed/cache/row_similarity_data_full/MusicBrainz
2026-10-03 09:20:11,689 ERROR benchmark_src.run_benchmark - Error during benchmark run, please check traceback above.
2026-10-03 09:20:11,689 ERROR __main__ - Failed tabpfn_ctx/row_similarity_search/MusicBrainz
Traceback (most recent call last):
  File "/home/yarin.b/tembed/run_experiments.py", line 274, in _run_job
    run_single(cfg)
  File "/home/yarin.b/tembed/benchmark_src/run_benchmark.py", line 43, in run_single
    run_row_similarity_benchmark.main(cfg)
  File "/home/yarin.b/tembed/benchmark_src/tasks/run_row_similarity_benchmark.py", line 101, in main
    input_table, testcase_paths, dataset_information = load_benchmark_data(cfg)
                                                       ^^^^^^^^^^^^^^^^^^^^^^^^
  File "/home/yarin.b/tembed/benchmark_src/tasks/run_row_similarity_benchmark.py", line 20, in load_benchmark_data
    assert dataset_folder.exists(), f"Could not find path {dataset_folder}"
           ^^^^^^^^^^^^^^^^^^^^^^^
AssertionError: Could not find path /home/yarin.b/tembed/cache/row_similarity_data_full/MusicBrainz
2026-10-03 09:20:11,860 INFO __main__ - ================================================================================
2026-10-03 09:20:11,860 INFO __main__ - Starting [35/86] | Task: row_similarity_search | Approach: tabpfn_ctx | Env: benchmark_env | Dataset: Walmart-Amazon
2026-10-03 09:20:11,860 INFO __main__ - ================================================================================
2026-10-03 09:20:11,860 INFO benchmark_src.run_benchmark - ################################################################################
2026-10-03 09:20:11,860 INFO benchmark_src.run_benchmark - Task: row_similarity_search  |  Approach: tabpfn_ctx  |  Dataset: Walmart-Amazon
2026-10-03 09:20:11,861 INFO benchmark_src.tasks.run_row_similarity_benchmark - Started run_row_similarity_benchmark
2026-10-03 09:20:11,862 ERROR root - Traceback (most recent call last):
2026-10-03 09:20:11,862 ERROR root -   File "/home/yarin.b/tembed/benchmark_src/run_benchmark.py", line 43, in run_single
    run_row_similarity_benchmark.main(cfg)
2026-10-03 09:20:11,862 ERROR root -   File "/home/yarin.b/tembed/benchmark_src/tasks/run_row_similarity_benchmark.py", line 101, in main
    input_table, testcase_paths, dataset_information = load_benchmark_data(cfg)
                                                       ^^^^^^^^^^^^^^^^^^^^^^^^
2026-10-03 09:20:11,862 ERROR root -   File "/home/yarin.b/tembed/benchmark_src/tasks/run_row_similarity_benchmark.py", line 20, in load_benchmark_data
    assert dataset_folder.exists(), f"Could not find path {dataset_folder}"
           ^^^^^^^^^^^^^^^^^^^^^^^
2026-10-03 09:20:11,862 ERROR root - AssertionError: Could not find path /home/yarin.b/tembed/cache/row_similarity_data_full/Walmart-Amazon
2026-10-03 09:20:11,862 ERROR benchmark_src.run_benchmark - Error during benchmark run, please check traceback above.
2026-10-03 09:20:11,862 ERROR __main__ - Failed tabpfn_ctx/row_similarity_search/Walmart-Amazon
Traceback (most recent call last):
  File "/home/yarin.b/tembed/run_experiments.py", line 274, in _run_job
    run_single(cfg)
  File "/home/yarin.b/tembed/benchmark_src/run_benchmark.py", line 43, in run_single
    run_row_similarity_benchmark.main(cfg)
  File "/home/yarin.b/tembed/benchmark_src/tasks/run_row_similarity_benchmark.py", line 101, in main
    input_table, testcase_paths, dataset_information = load_benchmark_data(cfg)
                                                       ^^^^^^^^^^^^^^^^^^^^^^^^
  File "/home/yarin.b/tembed/benchmark_src/tasks/run_row_similarity_benchmark.py", line 20, in load_benchmark_data
    assert dataset_folder.exists(), f"Could not find path {dataset_folder}"
           ^^^^^^^^^^^^^^^^^^^^^^^
AssertionError: Could not find path /home/yarin.b/tembed/cache/row_similarity_data_full/Walmart-Amazon
2026-10-03 09:20:12,046 INFO __main__ - ================================================================================
2026-10-03 09:20:12,046 INFO __main__ - Starting [36/86] | Task: row_triplet_evaluation | Approach: tabpfn_ctx | Env: benchmark_env | Dataset: wikidata_books
2026-10-03 09:20:12,046 INFO __main__ - ================================================================================
2026-10-03 09:20:12,046 INFO benchmark_src.run_benchmark - ################################################################################
2026-10-03 09:20:12,046 INFO benchmark_src.run_benchmark - Task: row_triplet_evaluation  |  Approach: tabpfn_ctx  |  Dataset: wikidata_books
2026-10-03 09:20:12,047 INFO benchmark_src.tasks.run_row_triplet_evaluation_benchmark - Started run_row_triplet_evaluation_benchmark
2026-10-03 09:20:12,047 INFO benchmark_src.tasks.run_row_triplet_evaluation_benchmark - Wikidata books dataset found in cache
2026-10-03 09:20:12,080 INFO benchmark_src.utils.load_benchmark - Loaded dataset input table with 1203 rows and 281 attributes: Index(['QID', 'label', 'author___P50', 'description___None',
       'distribution format___P437', 'instance of___P31', 'version___None',
       'country___P17', 'language of work or name___P407', 'genre___P136',
       ...
       'Beirut Arab University's Libraries title ID___P9504',
       'related image___P6802', 'British Library system number___P5199',
       'Gran Enciclopèdia Catalana ID (former scheme)___P1296',
       'Gran Enciclopèdia Catalana ID___P12385', 'De Agostini ID___P6706',
       'PACTOLS thesaurus ID___P4212', 'replaces___P1365',
       'author of afterword___P2680', 'author of foreword___P2679'],
      dtype='object', length=281)
2026-10-03 09:20:12,082 INFO root - Found 903 testcases in /home/yarin.b/tembed/cache/datasets/more_similar_than/wikidata_books, limit is None
2026-10-03 09:20:12,083 INFO root - Successfully loaded module 'approach' from '/home/yarin.b/tembed/approaches/benchmark_approaches_src/tabpfn_ctx/approach.py'.
2026-10-03 09:20:12,083 INFO root - BaseEmbeddingApproach: Loaded component: RowEmbeddingComponent
2026-10-03 09:20:18,149 INFO approach - tabpfn_ctx target=kmeans layer=last -> (1203, 192)
2026-10-03 09:20:18,151 ERROR root -   0%|          | 0/903 [00:00<?, ?it/s]
2026-10-03 09:20:19,477 ERROR root - 100%|##########| 903/903 [00:01<00:00, 681.16it/s]
2026-10-03 09:20:19,744 INFO benchmark_src.utils.resource_monitoring - Saved resource metrics: CSV + JSON for setup and task.
2026-10-03 09:20:19,750 INFO benchmark_src.tasks.run_row_triplet_evaluation_benchmark - {'accuracy': 0.5337763012181617, 'accuracy_easy': 0.5892514395393474, 'accuracy_medium': 0.4581151832460733}
2026-10-03 09:20:19,750 INFO root - Dataset: wikidata_books
2026-10-03 09:20:19,753 INFO root - Saved metrics to disk
2026-10-03 09:20:19,754 INFO __main__ - Finished tabpfn_ctx/row_triplet_evaluation/wikidata_books
2026-10-03 09:20:20,019 INFO __main__ - ================================================================================
2026-10-03 09:20:20,020 INFO __main__ - Starting [37/86] | Task: row_triplet_evaluation | Approach: tabpfn_ctx | Env: benchmark_env | Dataset: wikidata_books@no_genre
2026-10-03 09:20:20,020 INFO __main__ - ================================================================================
2026-10-03 09:20:20,020 INFO benchmark_src.run_benchmark - ################################################################################
2026-10-03 09:20:20,020 INFO benchmark_src.run_benchmark - Task: row_triplet_evaluation  |  Approach: tabpfn_ctx  |  Dataset: wikidata_books@no_genre
2026-10-03 09:20:20,021 INFO benchmark_src.tasks.run_row_triplet_evaluation_benchmark - Started run_row_triplet_evaluation_benchmark
2026-10-03 09:20:20,021 INFO benchmark_src.tasks.run_row_triplet_evaluation_benchmark - Running with sub-dataset @no_genre of base dataset wikidata_books
2026-10-03 09:20:20,021 INFO benchmark_src.tasks.run_row_triplet_evaluation_benchmark - Wikidata books dataset found in cache
2026-10-03 09:20:20,053 INFO benchmark_src.utils.load_benchmark - Loaded dataset input table with 1203 rows and 280 attributes: Index(['QID', 'label', 'author___P50', 'description___None',
       'distribution format___P437', 'instance of___P31', 'version___None',
       'country___P17', 'language of work or name___P407', 'continent___P30',
       ...
       'Beirut Arab University's Libraries title ID___P9504',
       'related image___P6802', 'British Library system number___P5199',
       'Gran Enciclopèdia Catalana ID (former scheme)___P1296',
       'Gran Enciclopèdia Catalana ID___P12385', 'De Agostini ID___P6706',
       'PACTOLS thesaurus ID___P4212', 'replaces___P1365',
       'author of afterword___P2680', 'author of foreword___P2679'],
      dtype='object', length=280)
2026-10-03 09:20:20,054 INFO root - Found 903 testcases in /home/yarin.b/tembed/cache/datasets/more_similar_than/wikidata_books, limit is None
2026-10-03 09:20:20,055 INFO root - Successfully loaded module 'approach' from '/home/yarin.b/tembed/approaches/benchmark_approaches_src/tabpfn_ctx/approach.py'.
2026-10-03 09:20:20,056 INFO root - BaseEmbeddingApproach: Loaded component: RowEmbeddingComponent
2026-10-03 09:20:25,827 INFO approach - tabpfn_ctx target=kmeans layer=last -> (1203, 192)
2026-10-03 09:20:25,831 ERROR root -   0%|          | 0/903 [00:00<?, ?it/s]
2026-10-03 09:20:27,154 ERROR root - 100%|##########| 903/903 [00:01<00:00, 682.58it/s]
2026-10-03 09:20:27,420 INFO benchmark_src.utils.resource_monitoring - Saved resource metrics: CSV + JSON for setup and task.
2026-10-03 09:20:27,426 INFO benchmark_src.tasks.run_row_triplet_evaluation_benchmark - {'accuracy': 0.592469545957918, 'accuracy_easy': 0.6199616122840691, 'accuracy_medium': 0.5549738219895288}
2026-10-03 09:20:27,426 INFO root - Dataset: wikidata_books@no_genre
2026-10-03 09:20:27,429 INFO root - Saved metrics to disk
2026-10-03 09:20:27,431 INFO __main__ - Finished tabpfn_ctx/row_triplet_evaluation/wikidata_books@no_genre
2026-10-03 09:20:27,725 INFO __main__ - ================================================================================
2026-10-03 09:20:27,725 INFO __main__ - Starting [38/86] | Task: row_triplet_evaluation | Approach: tabpfn_ctx | Env: benchmark_env | Dataset: wikidata_books@only_five_cols
2026-10-03 09:20:27,725 INFO __main__ - ================================================================================
2026-10-03 09:20:27,725 INFO benchmark_src.run_benchmark - ################################################################################
2026-10-03 09:20:27,725 INFO benchmark_src.run_benchmark - Task: row_triplet_evaluation  |  Approach: tabpfn_ctx  |  Dataset: wikidata_books@only_five_cols
2026-10-03 09:20:27,727 INFO benchmark_src.tasks.run_row_triplet_evaluation_benchmark - Started run_row_triplet_evaluation_benchmark
2026-10-03 09:20:27,727 INFO benchmark_src.tasks.run_row_triplet_evaluation_benchmark - Running with sub-dataset @only_five_cols of base dataset wikidata_books
2026-10-03 09:20:27,727 INFO benchmark_src.tasks.run_row_triplet_evaluation_benchmark - Wikidata books dataset found in cache
2026-10-03 09:20:27,732 INFO benchmark_src.utils.load_benchmark - Loaded dataset input table with 1203 rows and 5 attributes: Index(['QID', 'label', 'author___P50', 'description___None', 'genre___P136'], dtype='object')
2026-10-03 09:20:27,733 INFO root - Found 903 testcases in /home/yarin.b/tembed/cache/datasets/more_similar_than/wikidata_books, limit is None
2026-10-03 09:20:27,734 INFO root - Successfully loaded module 'approach' from '/home/yarin.b/tembed/approaches/benchmark_approaches_src/tabpfn_ctx/approach.py'.
2026-10-03 09:20:27,735 INFO root - BaseEmbeddingApproach: Loaded component: RowEmbeddingComponent
2026-10-03 09:20:29,286 INFO approach - tabpfn_ctx target=kmeans layer=last -> (1203, 192)
2026-10-03 09:20:29,287 ERROR root -   0%|          | 0/903 [00:00<?, ?it/s]
2026-10-03 09:20:30,521 ERROR root - 100%|##########| 903/903 [00:01<00:00, 731.97it/s]
2026-10-03 09:20:30,768 INFO benchmark_src.utils.resource_monitoring - Saved resource metrics: CSV + JSON for setup and task.
2026-10-03 09:20:30,775 INFO benchmark_src.tasks.run_row_triplet_evaluation_benchmark - {'accuracy': 0.5647840531561462, 'accuracy_easy': 0.6257197696737045, 'accuracy_medium': 0.4816753926701571}
2026-10-03 09:20:30,775 INFO root - Dataset: wikidata_books@only_five_cols
2026-10-03 09:20:30,779 INFO root - Saved metrics to disk
2026-10-03 09:20:30,779 INFO __main__ - Finished tabpfn_ctx/row_triplet_evaluation/wikidata_books@only_five_cols
2026-10-03 09:20:31,017 INFO __main__ - ================================================================================
2026-10-03 09:20:31,017 INFO __main__ - Starting [39/86] | Task: row_triplet_evaluation | Approach: tabpfn_ctx | Env: benchmark_env | Dataset: wikidata_books@no_col_names
2026-10-03 09:20:31,017 INFO __main__ - ================================================================================
2026-10-03 09:20:31,017 INFO benchmark_src.run_benchmark - ################################################################################
2026-10-03 09:20:31,017 INFO benchmark_src.run_benchmark - Task: row_triplet_evaluation  |  Approach: tabpfn_ctx  |  Dataset: wikidata_books@no_col_names
2026-10-03 09:20:31,018 INFO benchmark_src.tasks.run_row_triplet_evaluation_benchmark - Started run_row_triplet_evaluation_benchmark
2026-10-03 09:20:31,018 INFO benchmark_src.tasks.run_row_triplet_evaluation_benchmark - Running with sub-dataset @no_col_names of base dataset wikidata_books
2026-10-03 09:20:31,018 INFO benchmark_src.tasks.run_row_triplet_evaluation_benchmark - Wikidata books dataset found in cache
2026-10-03 09:20:31,052 INFO benchmark_src.utils.load_benchmark - Loaded dataset input table with 1203 rows and 281 attributes: Index(['col0', 'col1', 'col2', 'col3', 'col4', 'col5', 'col6', 'col7', 'col8',
       'col9',
       ...
       'col271', 'col272', 'col273', 'col274', 'col275', 'col276', 'col277',
       'col278', 'col279', 'col280'],
      dtype='object', length=281)
2026-10-03 09:20:31,053 INFO root - Found 903 testcases in /home/yarin.b/tembed/cache/datasets/more_similar_than/wikidata_books, limit is None
2026-10-03 09:20:31,054 INFO root - Successfully loaded module 'approach' from '/home/yarin.b/tembed/approaches/benchmark_approaches_src/tabpfn_ctx/approach.py'.
2026-10-03 09:20:31,055 INFO root - BaseEmbeddingApproach: Loaded component: RowEmbeddingComponent
2026-10-03 09:20:35,552 INFO approach - tabpfn_ctx target=kmeans layer=last -> (1203, 192)
2026-10-03 09:20:35,557 ERROR root -   0%|          | 0/903 [00:00<?, ?it/s]
2026-10-03 09:20:36,876 ERROR root - 100%|##########| 903/903 [00:01<00:00, 684.69it/s]
2026-10-03 09:20:37,175 INFO benchmark_src.utils.resource_monitoring - Saved resource metrics: CSV + JSON for setup and task.
2026-10-03 09:20:37,181 INFO benchmark_src.tasks.run_row_triplet_evaluation_benchmark - {'accuracy': 0.5337763012181617, 'accuracy_easy': 0.5892514395393474, 'accuracy_medium': 0.4581151832460733}
2026-10-03 09:20:37,181 INFO root - Dataset: wikidata_books@no_col_names
2026-10-03 09:20:37,184 INFO root - Saved metrics to disk
2026-10-03 09:20:37,186 INFO __main__ - Finished tabpfn_ctx/row_triplet_evaluation/wikidata_books@no_col_names
2026-10-03 09:20:37,465 INFO __main__ - ================================================================================
2026-10-03 09:20:37,465 INFO __main__ - Starting [40/86] | Task: row_triplet_evaluation | Approach: tabpfn_ctx | Env: benchmark_env | Dataset: wikidata_books@no_pid_in_col_names
2026-10-03 09:20:37,465 INFO __main__ - ================================================================================
2026-10-03 09:20:37,465 INFO benchmark_src.run_benchmark - ################################################################################
2026-10-03 09:20:37,465 INFO benchmark_src.run_benchmark - Task: row_triplet_evaluation  |  Approach: tabpfn_ctx  |  Dataset: wikidata_books@no_pid_in_col_names
2026-10-03 09:20:37,466 INFO benchmark_src.tasks.run_row_triplet_evaluation_benchmark - Started run_row_triplet_evaluation_benchmark
2026-10-03 09:20:37,466 INFO benchmark_src.tasks.run_row_triplet_evaluation_benchmark - Running with sub-dataset @no_pid_in_col_names of base dataset wikidata_books
2026-10-03 09:20:37,466 INFO benchmark_src.tasks.run_row_triplet_evaluation_benchmark - Wikidata books dataset found in cache
2026-10-03 09:20:37,504 INFO benchmark_src.utils.load_benchmark - Loaded dataset input table with 1203 rows and 281 attributes: Index(['QID', 'label', 'author', 'description', 'distribution format',
       'instance of', 'version', 'country', 'language of work or name',
       'genre',
       ...
       'Beirut Arab University's Libraries title ID', 'related image',
       'British Library system number',
       'Gran Enciclopèdia Catalana ID (former scheme)',
       'Gran Enciclopèdia Catalana ID', 'De Agostini ID',
       'PACTOLS thesaurus ID', 'replaces', 'author of afterword',
       'author of foreword'],
      dtype='object', length=281)
2026-10-03 09:20:37,505 INFO root - Found 903 testcases in /home/yarin.b/tembed/cache/datasets/more_similar_than/wikidata_books, limit is None
2026-10-03 09:20:37,506 INFO root - Successfully loaded module 'approach' from '/home/yarin.b/tembed/approaches/benchmark_approaches_src/tabpfn_ctx/approach.py'.
2026-10-03 09:20:37,507 INFO root - BaseEmbeddingApproach: Loaded component: RowEmbeddingComponent
2026-10-03 09:20:45,464 INFO approach - tabpfn_ctx target=kmeans layer=last -> (1203, 192)
2026-10-03 09:20:45,468 ERROR root -   0%|          | 0/903 [00:00<?, ?it/s]
2026-10-03 09:20:46,820 ERROR root - 100%|##########| 903/903 [00:01<00:00, 668.05it/s]
2026-10-03 09:20:47,126 INFO benchmark_src.utils.resource_monitoring - Saved resource metrics: CSV + JSON for setup and task.
2026-10-03 09:20:47,133 INFO benchmark_src.tasks.run_row_triplet_evaluation_benchmark - {'accuracy': 0.5337763012181617, 'accuracy_easy': 0.5892514395393474, 'accuracy_medium': 0.4581151832460733}
2026-10-03 09:20:47,133 INFO root - Dataset: wikidata_books@no_pid_in_col_names
2026-10-03 09:20:47,136 INFO root - Saved metrics to disk
2026-10-03 09:20:47,137 INFO __main__ - Finished tabpfn_ctx/row_triplet_evaluation/wikidata_books@no_pid_in_col_names
2026-10-03 09:20:47,430 INFO __main__ - ================================================================================
2026-10-03 09:20:47,430 INFO __main__ - Starting [41/86] | Task: row_triplet_evaluation | Approach: tabpfn_ctx | Env: benchmark_env | Dataset: astronomical_objects
2026-10-03 09:20:47,430 INFO __main__ - ================================================================================
2026-10-03 09:20:47,430 INFO benchmark_src.run_benchmark - ################################################################################
2026-10-03 09:20:47,430 INFO benchmark_src.run_benchmark - Task: row_triplet_evaluation  |  Approach: tabpfn_ctx  |  Dataset: astronomical_objects
2026-10-03 09:20:47,431 INFO benchmark_src.tasks.run_row_triplet_evaluation_benchmark - Started run_row_triplet_evaluation_benchmark
2026-10-03 09:20:47,431 INFO benchmark_src.tasks.run_row_triplet_evaluation_benchmark - Sub-dataset folder /home/yarin.b/tembed/cache/datasets/more_similar_than/astronomical_objects/original does not exist, have to create the variation
2026-10-03 09:20:47,431 ERROR root - Traceback (most recent call last):
2026-10-03 09:20:47,431 ERROR root -   File "/home/yarin.b/tembed/benchmark_src/run_benchmark.py", line 49, in run_single
    run_row_triplet_evaluation_benchmark.main(cfg)
2026-10-03 09:20:47,432 ERROR root -   File "/home/yarin.b/tembed/benchmark_src/tasks/run_row_triplet_evaluation_benchmark.py", line 129, in main
    input_table, testcase_paths, dataset_information = load_benchmark_data(cfg)
                                                       ^^^^^^^^^^^^^^^^^^^^^^^^
2026-10-03 09:20:47,432 ERROR root -   File "/home/yarin.b/tembed/benchmark_src/tasks/run_row_triplet_evaluation_benchmark.py", line 64, in load_benchmark_data
    if sub_dataset_name == "only-text":
       ^^^^^^^^^^^^^^^^
2026-10-03 09:20:47,432 ERROR root - UnboundLocalError: cannot access local variable 'sub_dataset_name' where it is not associated with a value
2026-10-03 09:20:47,432 ERROR benchmark_src.run_benchmark - Error during benchmark run, please check traceback above.
2026-10-03 09:20:47,432 ERROR __main__ - Failed tabpfn_ctx/row_triplet_evaluation/astronomical_objects
Traceback (most recent call last):
  File "/home/yarin.b/tembed/run_experiments.py", line 274, in _run_job
    run_single(cfg)
  File "/home/yarin.b/tembed/benchmark_src/run_benchmark.py", line 49, in run_single
    run_row_triplet_evaluation_benchmark.main(cfg)
  File "/home/yarin.b/tembed/benchmark_src/tasks/run_row_triplet_evaluation_benchmark.py", line 129, in main
    input_table, testcase_paths, dataset_information = load_benchmark_data(cfg)
                                                       ^^^^^^^^^^^^^^^^^^^^^^^^
  File "/home/yarin.b/tembed/benchmark_src/tasks/run_row_triplet_evaluation_benchmark.py", line 64, in load_benchmark_data
    if sub_dataset_name == "only-text":
       ^^^^^^^^^^^^^^^^
UnboundLocalError: cannot access local variable 'sub_dataset_name' where it is not associated with a value
2026-10-03 09:20:47,613 INFO __main__ - ================================================================================
2026-10-03 09:20:47,613 INFO __main__ - Starting [42/86] | Task: row_triplet_evaluation | Approach: tabpfn_ctx | Env: benchmark_env | Dataset: astronomical_objects@only-text
2026-10-03 09:20:47,613 INFO __main__ - ================================================================================
2026-10-03 09:20:47,613 INFO benchmark_src.run_benchmark - ################################################################################
2026-10-03 09:20:47,613 INFO benchmark_src.run_benchmark - Task: row_triplet_evaluation  |  Approach: tabpfn_ctx  |  Dataset: astronomical_objects@only-text
2026-10-03 09:20:47,614 INFO benchmark_src.tasks.run_row_triplet_evaluation_benchmark - Started run_row_triplet_evaluation_benchmark
2026-10-03 09:20:47,614 INFO benchmark_src.tasks.run_row_triplet_evaluation_benchmark - Running with sub-dataset @only-text of base dataset astronomical_objects
2026-10-03 09:20:47,614 INFO benchmark_src.tasks.run_row_triplet_evaluation_benchmark - Sub-dataset folder /home/yarin.b/tembed/cache/datasets/more_similar_than/astronomical_objects/@only-text does not exist, have to create the variation
2026-10-03 09:20:47,617 ERROR root - Traceback (most recent call last):
2026-10-03 09:20:47,617 ERROR root -   File "/home/yarin.b/tembed/benchmark_src/run_benchmark.py", line 49, in run_single
    run_row_triplet_evaluation_benchmark.main(cfg)
2026-10-03 09:20:47,617 ERROR root -   File "/home/yarin.b/tembed/benchmark_src/tasks/run_row_triplet_evaluation_benchmark.py", line 129, in main
    input_table, testcase_paths, dataset_information = load_benchmark_data(cfg)
                                                       ^^^^^^^^^^^^^^^^^^^^^^^^
2026-10-03 09:20:47,617 ERROR root -   File "/home/yarin.b/tembed/benchmark_src/tasks/run_row_triplet_evaluation_benchmark.py", line 65, in load_benchmark_data
    create_astronomical_dataset.remove_numerical_cols(cache_dir=base_dataset_folder)
2026-10-03 09:20:47,617 ERROR root -   File "/home/yarin.b/tembed/benchmark_src/dataset_creation/wikidata_hierarchies/create_astronomical_dataset.py", line 161, in remove_numerical_cols
    save_folder.mkdir(exist_ok=True)
2026-10-03 09:20:47,617 ERROR root -   File "/home/yarin.b/miniconda3/envs/thesis/lib/python3.11/pathlib.py", line 1116, in mkdir
    os.mkdir(self, mode)
2026-10-03 09:20:47,617 ERROR root - FileNotFoundError: [Errno 2] No such file or directory: '/home/yarin.b/tembed/cache/datasets/more_similar_than/astronomical_objects/@only-text'
2026-10-03 09:20:47,617 ERROR benchmark_src.run_benchmark - Error during benchmark run, please check traceback above.
2026-10-03 09:20:47,617 ERROR __main__ - Failed tabpfn_ctx/row_triplet_evaluation/astronomical_objects@only-text
Traceback (most recent call last):
  File "/home/yarin.b/tembed/run_experiments.py", line 274, in _run_job
    run_single(cfg)
  File "/home/yarin.b/tembed/benchmark_src/run_benchmark.py", line 49, in run_single
    run_row_triplet_evaluation_benchmark.main(cfg)
  File "/home/yarin.b/tembed/benchmark_src/tasks/run_row_triplet_evaluation_benchmark.py", line 129, in main
    input_table, testcase_paths, dataset_information = load_benchmark_data(cfg)
                                                       ^^^^^^^^^^^^^^^^^^^^^^^^
  File "/home/yarin.b/tembed/benchmark_src/tasks/run_row_triplet_evaluation_benchmark.py", line 65, in load_benchmark_data
    create_astronomical_dataset.remove_numerical_cols(cache_dir=base_dataset_folder)
  File "/home/yarin.b/tembed/benchmark_src/dataset_creation/wikidata_hierarchies/create_astronomical_dataset.py", line 161, in remove_numerical_cols
    save_folder.mkdir(exist_ok=True)
  File "/home/yarin.b/miniconda3/envs/thesis/lib/python3.11/pathlib.py", line 1116, in mkdir
    os.mkdir(self, mode)
FileNotFoundError: [Errno 2] No such file or directory: '/home/yarin.b/tembed/cache/datasets/more_similar_than/astronomical_objects/@only-text'
2026-10-03 09:20:47,795 INFO __main__ - ================================================================================
2026-10-03 09:20:47,796 INFO __main__ - Starting [43/86] | Task: row_similarity_search | Approach: tabpfn_ctx | Env: benchmark_env | Dataset: Amazon-Google
2026-10-03 09:20:47,796 INFO __main__ - ================================================================================
2026-10-03 09:20:47,796 INFO benchmark_src.run_benchmark - ################################################################################
2026-10-03 09:20:47,796 INFO benchmark_src.run_benchmark - Task: row_similarity_search  |  Approach: tabpfn_ctx  |  Dataset: Amazon-Google
2026-10-03 09:20:47,797 INFO benchmark_src.tasks.run_row_similarity_benchmark - Started run_row_similarity_benchmark
2026-10-03 09:20:47,797 ERROR root - Traceback (most recent call last):
2026-10-03 09:20:47,797 ERROR root -   File "/home/yarin.b/tembed/benchmark_src/run_benchmark.py", line 43, in run_single
    run_row_similarity_benchmark.main(cfg)
2026-10-03 09:20:47,797 ERROR root -   File "/home/yarin.b/tembed/benchmark_src/tasks/run_row_similarity_benchmark.py", line 101, in main
    input_table, testcase_paths, dataset_information = load_benchmark_data(cfg)
                                                       ^^^^^^^^^^^^^^^^^^^^^^^^
2026-10-03 09:20:47,797 ERROR root -   File "/home/yarin.b/tembed/benchmark_src/tasks/run_row_similarity_benchmark.py", line 20, in load_benchmark_data
    assert dataset_folder.exists(), f"Could not find path {dataset_folder}"
           ^^^^^^^^^^^^^^^^^^^^^^^
2026-10-03 09:20:47,797 ERROR root - AssertionError: Could not find path /home/yarin.b/tembed/cache/row_similarity_data_full/Amazon-Google
2026-10-03 09:20:47,797 ERROR benchmark_src.run_benchmark - Error during benchmark run, please check traceback above.
2026-10-03 09:20:47,797 ERROR __main__ - Failed tabpfn_ctx/row_similarity_search/Amazon-Google
Traceback (most recent call last):
  File "/home/yarin.b/tembed/run_experiments.py", line 274, in _run_job
    run_single(cfg)
  File "/home/yarin.b/tembed/benchmark_src/run_benchmark.py", line 43, in run_single
    run_row_similarity_benchmark.main(cfg)
  File "/home/yarin.b/tembed/benchmark_src/tasks/run_row_similarity_benchmark.py", line 101, in main
    input_table, testcase_paths, dataset_information = load_benchmark_data(cfg)
                                                       ^^^^^^^^^^^^^^^^^^^^^^^^
  File "/home/yarin.b/tembed/benchmark_src/tasks/run_row_similarity_benchmark.py", line 20, in load_benchmark_data
    assert dataset_folder.exists(), f"Could not find path {dataset_folder}"
           ^^^^^^^^^^^^^^^^^^^^^^^
AssertionError: Could not find path /home/yarin.b/tembed/cache/row_similarity_data_full/Amazon-Google
2026-10-03 09:20:47,972 INFO __main__ - ================================================================================
2026-10-03 09:20:47,972 INFO __main__ - Starting [44/86] | Task: row_similarity_search | Approach: tabpfn_ctx | Env: benchmark_env | Dataset: Beer
2026-10-03 09:20:47,972 INFO __main__ - ================================================================================
2026-10-03 09:20:47,972 INFO benchmark_src.run_benchmark - ################################################################################
2026-10-03 09:20:47,972 INFO benchmark_src.run_benchmark - Task: row_similarity_search  |  Approach: tabpfn_ctx  |  Dataset: Beer
2026-10-03 09:20:47,974 INFO benchmark_src.tasks.run_row_similarity_benchmark - Started run_row_similarity_benchmark
2026-10-03 09:20:47,974 ERROR root - Traceback (most recent call last):
2026-10-03 09:20:47,974 ERROR root -   File "/home/yarin.b/tembed/benchmark_src/run_benchmark.py", line 43, in run_single
    run_row_similarity_benchmark.main(cfg)
2026-10-03 09:20:47,974 ERROR root -   File "/home/yarin.b/tembed/benchmark_src/tasks/run_row_similarity_benchmark.py", line 101, in main
    input_table, testcase_paths, dataset_information = load_benchmark_data(cfg)
                                                       ^^^^^^^^^^^^^^^^^^^^^^^^
2026-10-03 09:20:47,974 ERROR root -   File "/home/yarin.b/tembed/benchmark_src/tasks/run_row_similarity_benchmark.py", line 20, in load_benchmark_data
    assert dataset_folder.exists(), f"Could not find path {dataset_folder}"
           ^^^^^^^^^^^^^^^^^^^^^^^
2026-10-03 09:20:47,974 ERROR root - AssertionError: Could not find path /home/yarin.b/tembed/cache/row_similarity_data_full/Beer
2026-10-03 09:20:47,974 ERROR benchmark_src.run_benchmark - Error during benchmark run, please check traceback above.
2026-10-03 09:20:47,974 ERROR __main__ - Failed tabpfn_ctx/row_similarity_search/Beer
Traceback (most recent call last):
  File "/home/yarin.b/tembed/run_experiments.py", line 274, in _run_job
    run_single(cfg)
  File "/home/yarin.b/tembed/benchmark_src/run_benchmark.py", line 43, in run_single
    run_row_similarity_benchmark.main(cfg)
  File "/home/yarin.b/tembed/benchmark_src/tasks/run_row_similarity_benchmark.py", line 101, in main
    input_table, testcase_paths, dataset_information = load_benchmark_data(cfg)
                                                       ^^^^^^^^^^^^^^^^^^^^^^^^
  File "/home/yarin.b/tembed/benchmark_src/tasks/run_row_similarity_benchmark.py", line 20, in load_benchmark_data
    assert dataset_folder.exists(), f"Could not find path {dataset_folder}"
           ^^^^^^^^^^^^^^^^^^^^^^^
AssertionError: Could not find path /home/yarin.b/tembed/cache/row_similarity_data_full/Beer
2026-10-03 09:20:48,145 INFO __main__ - ================================================================================
2026-10-03 09:20:48,145 INFO __main__ - Starting [45/86] | Task: row_similarity_search | Approach: tabpfn_ctx | Env: benchmark_env | Dataset: DBLP-ACM
2026-10-03 09:20:48,145 INFO __main__ - ================================================================================
2026-10-03 09:20:48,145 INFO benchmark_src.run_benchmark - ################################################################################
2026-10-03 09:20:48,145 INFO benchmark_src.run_benchmark - Task: row_similarity_search  |  Approach: tabpfn_ctx  |  Dataset: DBLP-ACM
2026-10-03 09:20:48,146 INFO benchmark_src.tasks.run_row_similarity_benchmark - Started run_row_similarity_benchmark
2026-10-03 09:20:48,146 ERROR root - Traceback (most recent call last):
2026-10-03 09:20:48,146 ERROR root -   File "/home/yarin.b/tembed/benchmark_src/run_benchmark.py", line 43, in run_single
    run_row_similarity_benchmark.main(cfg)
2026-10-03 09:20:48,146 ERROR root -   File "/home/yarin.b/tembed/benchmark_src/tasks/run_row_similarity_benchmark.py", line 101, in main
    input_table, testcase_paths, dataset_information = load_benchmark_data(cfg)
                                                       ^^^^^^^^^^^^^^^^^^^^^^^^
2026-10-03 09:20:48,146 ERROR root -   File "/home/yarin.b/tembed/benchmark_src/tasks/run_row_similarity_benchmark.py", line 20, in load_benchmark_data
    assert dataset_folder.exists(), f"Could not find path {dataset_folder}"
           ^^^^^^^^^^^^^^^^^^^^^^^
2026-10-03 09:20:48,146 ERROR root - AssertionError: Could not find path /home/yarin.b/tembed/cache/row_similarity_data_full/DBLP-ACM
2026-10-03 09:20:48,146 ERROR benchmark_src.run_benchmark - Error during benchmark run, please check traceback above.
2026-10-03 09:20:48,147 ERROR __main__ - Failed tabpfn_ctx/row_similarity_search/DBLP-ACM
Traceback (most recent call last):
  File "/home/yarin.b/tembed/run_experiments.py", line 274, in _run_job
    run_single(cfg)
  File "/home/yarin.b/tembed/benchmark_src/run_benchmark.py", line 43, in run_single
    run_row_similarity_benchmark.main(cfg)
  File "/home/yarin.b/tembed/benchmark_src/tasks/run_row_similarity_benchmark.py", line 101, in main
    input_table, testcase_paths, dataset_information = load_benchmark_data(cfg)
                                                       ^^^^^^^^^^^^^^^^^^^^^^^^
  File "/home/yarin.b/tembed/benchmark_src/tasks/run_row_similarity_benchmark.py", line 20, in load_benchmark_data
    assert dataset_folder.exists(), f"Could not find path {dataset_folder}"
           ^^^^^^^^^^^^^^^^^^^^^^^
AssertionError: Could not find path /home/yarin.b/tembed/cache/row_similarity_data_full/DBLP-ACM
2026-10-03 09:20:48,317 INFO __main__ - ================================================================================
2026-10-03 09:20:48,318 INFO __main__ - Starting [46/86] | Task: row_similarity_search | Approach: tabpfn_ctx | Env: benchmark_env | Dataset: Fodors-Zagats
2026-10-03 09:20:48,318 INFO __main__ - ================================================================================
2026-10-03 09:20:48,318 INFO benchmark_src.run_benchmark - ################################################################################
2026-10-03 09:20:48,318 INFO benchmark_src.run_benchmark - Task: row_similarity_search  |  Approach: tabpfn_ctx  |  Dataset: Fodors-Zagats
2026-10-03 09:20:48,319 INFO benchmark_src.tasks.run_row_similarity_benchmark - Started run_row_similarity_benchmark
2026-10-03 09:20:48,319 ERROR root - Traceback (most recent call last):
2026-10-03 09:20:48,319 ERROR root -   File "/home/yarin.b/tembed/benchmark_src/run_benchmark.py", line 43, in run_single
    run_row_similarity_benchmark.main(cfg)
2026-10-03 09:20:48,319 ERROR root -   File "/home/yarin.b/tembed/benchmark_src/tasks/run_row_similarity_benchmark.py", line 101, in main
    input_table, testcase_paths, dataset_information = load_benchmark_data(cfg)
                                                       ^^^^^^^^^^^^^^^^^^^^^^^^
2026-10-03 09:20:48,319 ERROR root -   File "/home/yarin.b/tembed/benchmark_src/tasks/run_row_similarity_benchmark.py", line 20, in load_benchmark_data
    assert dataset_folder.exists(), f"Could not find path {dataset_folder}"
           ^^^^^^^^^^^^^^^^^^^^^^^
2026-10-03 09:20:48,319 ERROR root - AssertionError: Could not find path /home/yarin.b/tembed/cache/row_similarity_data_full/Fodors-Zagats
2026-10-03 09:20:48,319 ERROR benchmark_src.run_benchmark - Error during benchmark run, please check traceback above.
2026-10-03 09:20:48,319 ERROR __main__ - Failed tabpfn_ctx/row_similarity_search/Fodors-Zagats
Traceback (most recent call last):
  File "/home/yarin.b/tembed/run_experiments.py", line 274, in _run_job
    run_single(cfg)
  File "/home/yarin.b/tembed/benchmark_src/run_benchmark.py", line 43, in run_single
    run_row_similarity_benchmark.main(cfg)
  File "/home/yarin.b/tembed/benchmark_src/tasks/run_row_similarity_benchmark.py", line 101, in main
    input_table, testcase_paths, dataset_information = load_benchmark_data(cfg)
                                                       ^^^^^^^^^^^^^^^^^^^^^^^^
  File "/home/yarin.b/tembed/benchmark_src/tasks/run_row_similarity_benchmark.py", line 20, in load_benchmark_data
    assert dataset_folder.exists(), f"Could not find path {dataset_folder}"
           ^^^^^^^^^^^^^^^^^^^^^^^
AssertionError: Could not find path /home/yarin.b/tembed/cache/row_similarity_data_full/Fodors-Zagats
2026-10-03 09:20:48,486 INFO __main__ - ================================================================================
2026-10-03 09:20:48,486 INFO __main__ - Starting [47/86] | Task: row_similarity_search | Approach: tabpfn_ctx | Env: benchmark_env | Dataset: geological-settlements
2026-10-03 09:20:48,486 INFO __main__ - ================================================================================
2026-10-03 09:20:48,487 INFO benchmark_src.run_benchmark - ################################################################################
2026-10-03 09:20:48,487 INFO benchmark_src.run_benchmark - Task: row_similarity_search  |  Approach: tabpfn_ctx  |  Dataset: geological-settlements
2026-10-03 09:20:48,488 INFO benchmark_src.tasks.run_row_similarity_benchmark - Started run_row_similarity_benchmark
2026-10-03 09:20:48,488 ERROR root - Traceback (most recent call last):
2026-10-03 09:20:48,488 ERROR root -   File "/home/yarin.b/tembed/benchmark_src/run_benchmark.py", line 43, in run_single
    run_row_similarity_benchmark.main(cfg)
2026-10-03 09:20:48,488 ERROR root -   File "/home/yarin.b/tembed/benchmark_src/tasks/run_row_similarity_benchmark.py", line 101, in main
    input_table, testcase_paths, dataset_information = load_benchmark_data(cfg)
                                                       ^^^^^^^^^^^^^^^^^^^^^^^^
2026-10-03 09:20:48,488 ERROR root -   File "/home/yarin.b/tembed/benchmark_src/tasks/run_row_similarity_benchmark.py", line 20, in load_benchmark_data
    assert dataset_folder.exists(), f"Could not find path {dataset_folder}"
           ^^^^^^^^^^^^^^^^^^^^^^^
2026-10-03 09:20:48,488 ERROR root - AssertionError: Could not find path /home/yarin.b/tembed/cache/row_similarity_data_full/geological-settlements
2026-10-03 09:20:48,488 ERROR benchmark_src.run_benchmark - Error during benchmark run, please check traceback above.
2026-10-03 09:20:48,488 ERROR __main__ - Failed tabpfn_ctx/row_similarity_search/geological-settlements
Traceback (most recent call last):
  File "/home/yarin.b/tembed/run_experiments.py", line 274, in _run_job
    run_single(cfg)
  File "/home/yarin.b/tembed/benchmark_src/run_benchmark.py", line 43, in run_single
    run_row_similarity_benchmark.main(cfg)
  File "/home/yarin.b/tembed/benchmark_src/tasks/run_row_similarity_benchmark.py", line 101, in main
    input_table, testcase_paths, dataset_information = load_benchmark_data(cfg)
                                                       ^^^^^^^^^^^^^^^^^^^^^^^^
  File "/home/yarin.b/tembed/benchmark_src/tasks/run_row_similarity_benchmark.py", line 20, in load_benchmark_data
    assert dataset_folder.exists(), f"Could not find path {dataset_folder}"
           ^^^^^^^^^^^^^^^^^^^^^^^
AssertionError: Could not find path /home/yarin.b/tembed/cache/row_similarity_data_full/geological-settlements
2026-10-03 09:20:48,656 INFO __main__ - ================================================================================
2026-10-03 09:20:48,657 INFO __main__ - Starting [48/86] | Task: row_similarity_search | Approach: tabpfn_ctx | Env: benchmark_env | Dataset: MusicBrainz
2026-10-03 09:20:48,657 INFO __main__ - ================================================================================
2026-10-03 09:20:48,657 INFO benchmark_src.run_benchmark - ################################################################################
2026-10-03 09:20:48,657 INFO benchmark_src.run_benchmark - Task: row_similarity_search  |  Approach: tabpfn_ctx  |  Dataset: MusicBrainz
2026-10-03 09:20:48,658 INFO benchmark_src.tasks.run_row_similarity_benchmark - Started run_row_similarity_benchmark
2026-10-03 09:20:48,658 ERROR root - Traceback (most recent call last):
2026-10-03 09:20:48,658 ERROR root -   File "/home/yarin.b/tembed/benchmark_src/run_benchmark.py", line 43, in run_single
    run_row_similarity_benchmark.main(cfg)
2026-10-03 09:20:48,658 ERROR root -   File "/home/yarin.b/tembed/benchmark_src/tasks/run_row_similarity_benchmark.py", line 101, in main
    input_table, testcase_paths, dataset_information = load_benchmark_data(cfg)
                                                       ^^^^^^^^^^^^^^^^^^^^^^^^
2026-10-03 09:20:48,658 ERROR root -   File "/home/yarin.b/tembed/benchmark_src/tasks/run_row_similarity_benchmark.py", line 20, in load_benchmark_data
    assert dataset_folder.exists(), f"Could not find path {dataset_folder}"
           ^^^^^^^^^^^^^^^^^^^^^^^
2026-10-03 09:20:48,658 ERROR root - AssertionError: Could not find path /home/yarin.b/tembed/cache/row_similarity_data_full/MusicBrainz
2026-10-03 09:20:48,658 ERROR benchmark_src.run_benchmark - Error during benchmark run, please check traceback above.
2026-10-03 09:20:48,658 ERROR __main__ - Failed tabpfn_ctx/row_similarity_search/MusicBrainz
Traceback (most recent call last):
  File "/home/yarin.b/tembed/run_experiments.py", line 274, in _run_job
    run_single(cfg)
  File "/home/yarin.b/tembed/benchmark_src/run_benchmark.py", line 43, in run_single
    run_row_similarity_benchmark.main(cfg)
  File "/home/yarin.b/tembed/benchmark_src/tasks/run_row_similarity_benchmark.py", line 101, in main
    input_table, testcase_paths, dataset_information = load_benchmark_data(cfg)
                                                       ^^^^^^^^^^^^^^^^^^^^^^^^
  File "/home/yarin.b/tembed/benchmark_src/tasks/run_row_similarity_benchmark.py", line 20, in load_benchmark_data
    assert dataset_folder.exists(), f"Could not find path {dataset_folder}"
           ^^^^^^^^^^^^^^^^^^^^^^^
AssertionError: Could not find path /home/yarin.b/tembed/cache/row_similarity_data_full/MusicBrainz
2026-10-03 09:20:48,825 INFO __main__ - ================================================================================
2026-10-03 09:20:48,825 INFO __main__ - Starting [49/86] | Task: row_similarity_search | Approach: tabpfn_ctx | Env: benchmark_env | Dataset: Walmart-Amazon
2026-10-03 09:20:48,825 INFO __main__ - ================================================================================
2026-10-03 09:20:48,825 INFO benchmark_src.run_benchmark - ################################################################################
2026-10-03 09:20:48,825 INFO benchmark_src.run_benchmark - Task: row_similarity_search  |  Approach: tabpfn_ctx  |  Dataset: Walmart-Amazon
2026-10-03 09:20:48,826 INFO benchmark_src.tasks.run_row_similarity_benchmark - Started run_row_similarity_benchmark
2026-10-03 09:20:48,827 ERROR root - Traceback (most recent call last):
2026-10-03 09:20:48,827 ERROR root -   File "/home/yarin.b/tembed/benchmark_src/run_benchmark.py", line 43, in run_single
    run_row_similarity_benchmark.main(cfg)
2026-10-03 09:20:48,827 ERROR root -   File "/home/yarin.b/tembed/benchmark_src/tasks/run_row_similarity_benchmark.py", line 101, in main
    input_table, testcase_paths, dataset_information = load_benchmark_data(cfg)
                                                       ^^^^^^^^^^^^^^^^^^^^^^^^
2026-10-03 09:20:48,827 ERROR root -   File "/home/yarin.b/tembed/benchmark_src/tasks/run_row_similarity_benchmark.py", line 20, in load_benchmark_data
    assert dataset_folder.exists(), f"Could not find path {dataset_folder}"
           ^^^^^^^^^^^^^^^^^^^^^^^
2026-10-03 09:20:48,827 ERROR root - AssertionError: Could not find path /home/yarin.b/tembed/cache/row_similarity_data_full/Walmart-Amazon
2026-10-03 09:20:48,827 ERROR benchmark_src.run_benchmark - Error during benchmark run, please check traceback above.
2026-10-03 09:20:48,827 ERROR __main__ - Failed tabpfn_ctx/row_similarity_search/Walmart-Amazon
Traceback (most recent call last):
  File "/home/yarin.b/tembed/run_experiments.py", line 274, in _run_job
    run_single(cfg)
  File "/home/yarin.b/tembed/benchmark_src/run_benchmark.py", line 43, in run_single
    run_row_similarity_benchmark.main(cfg)
  File "/home/yarin.b/tembed/benchmark_src/tasks/run_row_similarity_benchmark.py", line 101, in main
    input_table, testcase_paths, dataset_information = load_benchmark_data(cfg)
                                                       ^^^^^^^^^^^^^^^^^^^^^^^^
  File "/home/yarin.b/tembed/benchmark_src/tasks/run_row_similarity_benchmark.py", line 20, in load_benchmark_data
    assert dataset_folder.exists(), f"Could not find path {dataset_folder}"
           ^^^^^^^^^^^^^^^^^^^^^^^
AssertionError: Could not find path /home/yarin.b/tembed/cache/row_similarity_data_full/Walmart-Amazon
2026-10-03 09:20:48,987 INFO __main__ - ================================================================================
2026-10-03 09:20:48,987 INFO __main__ - Starting [50/86] | Task: row_triplet_evaluation | Approach: tabpfn_ctx | Env: benchmark_env | Dataset: wikidata_books
2026-10-03 09:20:48,987 INFO __main__ - ================================================================================
2026-10-03 09:20:48,987 INFO benchmark_src.run_benchmark - ################################################################################
2026-10-03 09:20:48,987 INFO benchmark_src.run_benchmark - Task: row_triplet_evaluation  |  Approach: tabpfn_ctx  |  Dataset: wikidata_books
2026-10-03 09:20:48,988 INFO benchmark_src.tasks.run_row_triplet_evaluation_benchmark - Started run_row_triplet_evaluation_benchmark
2026-10-03 09:20:48,988 INFO benchmark_src.tasks.run_row_triplet_evaluation_benchmark - Wikidata books dataset found in cache
2026-10-03 09:20:49,019 INFO benchmark_src.utils.load_benchmark - Loaded dataset input table with 1203 rows and 281 attributes: Index(['QID', 'label', 'author___P50', 'description___None',
       'distribution format___P437', 'instance of___P31', 'version___None',
       'country___P17', 'language of work or name___P407', 'genre___P136',
       ...
       'Beirut Arab University's Libraries title ID___P9504',
       'related image___P6802', 'British Library system number___P5199',
       'Gran Enciclopèdia Catalana ID (former scheme)___P1296',
       'Gran Enciclopèdia Catalana ID___P12385', 'De Agostini ID___P6706',
       'PACTOLS thesaurus ID___P4212', 'replaces___P1365',
       'author of afterword___P2680', 'author of foreword___P2679'],
      dtype='object', length=281)
2026-10-03 09:20:49,021 INFO root - Found 903 testcases in /home/yarin.b/tembed/cache/datasets/more_similar_than/wikidata_books, limit is None
2026-10-03 09:20:49,022 INFO root - Successfully loaded module 'approach' from '/home/yarin.b/tembed/approaches/benchmark_approaches_src/tabpfn_ctx/approach.py'.
2026-10-03 09:20:49,023 INFO root - BaseEmbeddingApproach: Loaded component: RowEmbeddingComponent
2026-10-03 09:20:55,594 INFO approach - tabpfn_ctx target=kmeans layer=8 -> (1203, 192)
2026-10-03 09:20:55,621 ERROR root -   0%|          | 0/903 [00:00<?, ?it/s]
2026-10-03 09:20:57,282 ERROR root - 100%|##########| 903/903 [00:01<00:00, 543.66it/s]
2026-10-03 09:20:57,574 INFO benchmark_src.utils.resource_monitoring - Saved resource metrics: CSV + JSON for setup and task.
2026-10-03 09:20:57,580 INFO benchmark_src.tasks.run_row_triplet_evaluation_benchmark - {'accuracy': 0.5470653377630121, 'accuracy_easy': 0.5796545105566219, 'accuracy_medium': 0.5026178010471204}
2026-10-03 09:20:57,580 INFO root - Dataset: wikidata_books
2026-10-03 09:20:57,584 INFO root - Saved metrics to disk
2026-10-03 09:20:57,585 INFO __main__ - Finished tabpfn_ctx/row_triplet_evaluation/wikidata_books
2026-10-03 09:20:57,875 INFO __main__ - ================================================================================
2026-10-03 09:20:57,875 INFO __main__ - Starting [51/86] | Task: row_triplet_evaluation | Approach: tabpfn_ctx | Env: benchmark_env | Dataset: wikidata_books@no_genre
2026-10-03 09:20:57,875 INFO __main__ - ================================================================================
2026-10-03 09:20:57,875 INFO benchmark_src.run_benchmark - ################################################################################
2026-10-03 09:20:57,875 INFO benchmark_src.run_benchmark - Task: row_triplet_evaluation  |  Approach: tabpfn_ctx  |  Dataset: wikidata_books@no_genre
2026-10-03 09:20:57,877 INFO benchmark_src.tasks.run_row_triplet_evaluation_benchmark - Started run_row_triplet_evaluation_benchmark
2026-10-03 09:20:57,877 INFO benchmark_src.tasks.run_row_triplet_evaluation_benchmark - Running with sub-dataset @no_genre of base dataset wikidata_books
2026-10-03 09:20:57,877 INFO benchmark_src.tasks.run_row_triplet_evaluation_benchmark - Wikidata books dataset found in cache
2026-10-03 09:20:57,909 INFO benchmark_src.utils.load_benchmark - Loaded dataset input table with 1203 rows and 280 attributes: Index(['QID', 'label', 'author___P50', 'description___None',
       'distribution format___P437', 'instance of___P31', 'version___None',
       'country___P17', 'language of work or name___P407', 'continent___P30',
       ...
       'Beirut Arab University's Libraries title ID___P9504',
       'related image___P6802', 'British Library system number___P5199',
       'Gran Enciclopèdia Catalana ID (former scheme)___P1296',
       'Gran Enciclopèdia Catalana ID___P12385', 'De Agostini ID___P6706',
       'PACTOLS thesaurus ID___P4212', 'replaces___P1365',
       'author of afterword___P2680', 'author of foreword___P2679'],
      dtype='object', length=280)
2026-10-03 09:20:57,911 INFO root - Found 903 testcases in /home/yarin.b/tembed/cache/datasets/more_similar_than/wikidata_books, limit is None
2026-10-03 09:20:57,913 INFO root - Successfully loaded module 'approach' from '/home/yarin.b/tembed/approaches/benchmark_approaches_src/tabpfn_ctx/approach.py'.
2026-10-03 09:20:57,914 INFO root - BaseEmbeddingApproach: Loaded component: RowEmbeddingComponent
2026-10-03 09:21:03,787 INFO approach - tabpfn_ctx target=kmeans layer=8 -> (1203, 192)
2026-10-03 09:21:03,805 ERROR root -   0%|          | 0/903 [00:00<?, ?it/s]
2026-10-03 09:21:05,102 ERROR root - 100%|##########| 903/903 [00:01<00:00, 696.30it/s]
2026-10-03 09:21:05,449 INFO benchmark_src.utils.resource_monitoring - Saved resource metrics: CSV + JSON for setup and task.
2026-10-03 09:21:05,456 INFO benchmark_src.tasks.run_row_triplet_evaluation_benchmark - {'accuracy': 0.574750830564784, 'accuracy_easy': 0.5930902111324377, 'accuracy_medium': 0.5497382198952879}
2026-10-03 09:21:05,456 INFO root - Dataset: wikidata_books@no_genre
2026-10-03 09:21:05,463 INFO root - Saved metrics to disk
2026-10-03 09:21:05,464 INFO __main__ - Finished tabpfn_ctx/row_triplet_evaluation/wikidata_books@no_genre
2026-10-03 09:21:05,778 INFO __main__ - ================================================================================
2026-10-03 09:21:05,778 INFO __main__ - Starting [52/86] | Task: row_triplet_evaluation | Approach: tabpfn_ctx | Env: benchmark_env | Dataset: wikidata_books@only_five_cols
2026-10-03 09:21:05,778 INFO __main__ - ================================================================================
2026-10-03 09:21:05,778 INFO benchmark_src.run_benchmark - ################################################################################
2026-10-03 09:21:05,778 INFO benchmark_src.run_benchmark - Task: row_triplet_evaluation  |  Approach: tabpfn_ctx  |  Dataset: wikidata_books@only_five_cols
2026-10-03 09:21:05,779 INFO benchmark_src.tasks.run_row_triplet_evaluation_benchmark - Started run_row_triplet_evaluation_benchmark
2026-10-03 09:21:05,780 INFO benchmark_src.tasks.run_row_triplet_evaluation_benchmark - Running with sub-dataset @only_five_cols of base dataset wikidata_books
2026-10-03 09:21:05,780 INFO benchmark_src.tasks.run_row_triplet_evaluation_benchmark - Wikidata books dataset found in cache
2026-10-03 09:21:05,785 INFO benchmark_src.utils.load_benchmark - Loaded dataset input table with 1203 rows and 5 attributes: Index(['QID', 'label', 'author___P50', 'description___None', 'genre___P136'], dtype='object')
2026-10-03 09:21:05,787 INFO root - Found 903 testcases in /home/yarin.b/tembed/cache/datasets/more_similar_than/wikidata_books, limit is None
2026-10-03 09:21:05,788 INFO root - Successfully loaded module 'approach' from '/home/yarin.b/tembed/approaches/benchmark_approaches_src/tabpfn_ctx/approach.py'.
2026-10-03 09:21:05,788 INFO root - BaseEmbeddingApproach: Loaded component: RowEmbeddingComponent
2026-10-03 09:21:07,516 INFO approach - tabpfn_ctx target=kmeans layer=8 -> (1203, 192)
2026-10-03 09:21:07,518 ERROR root -   0%|          | 0/903 [00:00<?, ?it/s]
2026-10-03 09:21:08,696 ERROR root - 100%|##########| 903/903 [00:01<00:00, 766.43it/s]
2026-10-03 09:21:08,969 INFO benchmark_src.utils.resource_monitoring - Saved resource metrics: CSV + JSON for setup and task.
2026-10-03 09:21:08,976 INFO benchmark_src.tasks.run_row_triplet_evaluation_benchmark - {'accuracy': 0.5736434108527132, 'accuracy_easy': 0.6103646833013435, 'accuracy_medium': 0.5235602094240838}
2026-10-03 09:21:08,976 INFO root - Dataset: wikidata_books@only_five_cols
2026-10-03 09:21:08,979 INFO root - Saved metrics to disk
2026-10-03 09:21:08,980 INFO __main__ - Finished tabpfn_ctx/row_triplet_evaluation/wikidata_books@only_five_cols
2026-10-03 09:21:09,244 INFO __main__ - ================================================================================
2026-10-03 09:21:09,244 INFO __main__ - Starting [53/86] | Task: row_triplet_evaluation | Approach: tabpfn_ctx | Env: benchmark_env | Dataset: wikidata_books@no_col_names
2026-10-03 09:21:09,244 INFO __main__ - ================================================================================
2026-10-03 09:21:09,244 INFO benchmark_src.run_benchmark - ################################################################################
2026-10-03 09:21:09,244 INFO benchmark_src.run_benchmark - Task: row_triplet_evaluation  |  Approach: tabpfn_ctx  |  Dataset: wikidata_books@no_col_names
2026-10-03 09:21:09,246 INFO benchmark_src.tasks.run_row_triplet_evaluation_benchmark - Started run_row_triplet_evaluation_benchmark
2026-10-03 09:21:09,246 INFO benchmark_src.tasks.run_row_triplet_evaluation_benchmark - Running with sub-dataset @no_col_names of base dataset wikidata_books
2026-10-03 09:21:09,246 INFO benchmark_src.tasks.run_row_triplet_evaluation_benchmark - Wikidata books dataset found in cache
2026-10-03 09:21:09,275 INFO benchmark_src.utils.load_benchmark - Loaded dataset input table with 1203 rows and 281 attributes: Index(['col0', 'col1', 'col2', 'col3', 'col4', 'col5', 'col6', 'col7', 'col8',
       'col9',
       ...
       'col271', 'col272', 'col273', 'col274', 'col275', 'col276', 'col277',
       'col278', 'col279', 'col280'],
      dtype='object', length=281)
2026-10-03 09:21:09,276 INFO root - Found 903 testcases in /home/yarin.b/tembed/cache/datasets/more_similar_than/wikidata_books, limit is None
2026-10-03 09:21:09,277 INFO root - Successfully loaded module 'approach' from '/home/yarin.b/tembed/approaches/benchmark_approaches_src/tabpfn_ctx/approach.py'.
2026-10-03 09:21:09,278 INFO root - BaseEmbeddingApproach: Loaded component: RowEmbeddingComponent
2026-10-03 09:21:19,238 INFO approach - tabpfn_ctx target=kmeans layer=8 -> (1203, 192)
2026-10-03 09:21:19,254 ERROR root -   0%|          | 0/903 [00:00<?, ?it/s]
2026-10-03 09:21:20,532 ERROR root - 100%|##########| 903/903 [00:01<00:00, 706.16it/s]
2026-10-03 09:21:20,886 INFO benchmark_src.utils.resource_monitoring - Saved resource metrics: CSV + JSON for setup and task.
2026-10-03 09:21:20,892 INFO benchmark_src.tasks.run_row_triplet_evaluation_benchmark - {'accuracy': 0.5470653377630121, 'accuracy_easy': 0.5796545105566219, 'accuracy_medium': 0.5026178010471204}
2026-10-03 09:21:20,893 INFO root - Dataset: wikidata_books@no_col_names
2026-10-03 09:21:20,896 INFO root - Saved metrics to disk
2026-10-03 09:21:20,897 INFO __main__ - Finished tabpfn_ctx/row_triplet_evaluation/wikidata_books@no_col_names
2026-10-03 09:21:21,205 INFO __main__ - ================================================================================
2026-10-03 09:21:21,206 INFO __main__ - Starting [54/86] | Task: row_triplet_evaluation | Approach: tabpfn_ctx | Env: benchmark_env | Dataset: wikidata_books@no_pid_in_col_names
2026-10-03 09:21:21,206 INFO __main__ - ================================================================================
2026-10-03 09:21:21,206 INFO benchmark_src.run_benchmark - ################################################################################
2026-10-03 09:21:21,206 INFO benchmark_src.run_benchmark - Task: row_triplet_evaluation  |  Approach: tabpfn_ctx  |  Dataset: wikidata_books@no_pid_in_col_names
2026-10-03 09:21:21,207 INFO benchmark_src.tasks.run_row_triplet_evaluation_benchmark - Started run_row_triplet_evaluation_benchmark
2026-10-03 09:21:21,208 INFO benchmark_src.tasks.run_row_triplet_evaluation_benchmark - Running with sub-dataset @no_pid_in_col_names of base dataset wikidata_books
2026-10-03 09:21:21,208 INFO benchmark_src.tasks.run_row_triplet_evaluation_benchmark - Wikidata books dataset found in cache
2026-10-03 09:21:21,241 INFO benchmark_src.utils.load_benchmark - Loaded dataset input table with 1203 rows and 281 attributes: Index(['QID', 'label', 'author', 'description', 'distribution format',
       'instance of', 'version', 'country', 'language of work or name',
       'genre',
       ...
       'Beirut Arab University's Libraries title ID', 'related image',
       'British Library system number',
       'Gran Enciclopèdia Catalana ID (former scheme)',
       'Gran Enciclopèdia Catalana ID', 'De Agostini ID',
       'PACTOLS thesaurus ID', 'replaces', 'author of afterword',
       'author of foreword'],
      dtype='object', length=281)
2026-10-03 09:21:21,243 INFO root - Found 903 testcases in /home/yarin.b/tembed/cache/datasets/more_similar_than/wikidata_books, limit is None
2026-10-03 09:21:21,244 INFO root - Successfully loaded module 'approach' from '/home/yarin.b/tembed/approaches/benchmark_approaches_src/tabpfn_ctx/approach.py'.
2026-10-03 09:21:21,245 INFO root - BaseEmbeddingApproach: Loaded component: RowEmbeddingComponent
2026-10-03 09:21:35,729 INFO approach - tabpfn_ctx target=kmeans layer=8 -> (1203, 192)
2026-10-03 09:21:35,746 ERROR root -   0%|          | 0/903 [00:00<?, ?it/s]
2026-10-03 09:21:37,039 ERROR root - 100%|##########| 903/903 [00:01<00:00, 698.59it/s]
2026-10-03 09:21:37,346 INFO benchmark_src.utils.resource_monitoring - Saved resource metrics: CSV + JSON for setup and task.
2026-10-03 09:21:37,354 INFO benchmark_src.tasks.run_row_triplet_evaluation_benchmark - {'accuracy': 0.5470653377630121, 'accuracy_easy': 0.5796545105566219, 'accuracy_medium': 0.5026178010471204}
2026-10-03 09:21:37,354 INFO root - Dataset: wikidata_books@no_pid_in_col_names
2026-10-03 09:21:37,357 INFO root - Saved metrics to disk
2026-10-03 09:21:37,359 INFO __main__ - Finished tabpfn_ctx/row_triplet_evaluation/wikidata_books@no_pid_in_col_names
2026-10-03 09:21:37,665 INFO __main__ - ================================================================================
2026-10-03 09:21:37,665 INFO __main__ - Starting [55/86] | Task: row_triplet_evaluation | Approach: tabpfn_ctx | Env: benchmark_env | Dataset: astronomical_objects
2026-10-03 09:21:37,665 INFO __main__ - ================================================================================
2026-10-03 09:21:37,665 INFO benchmark_src.run_benchmark - ################################################################################
2026-10-03 09:21:37,665 INFO benchmark_src.run_benchmark - Task: row_triplet_evaluation  |  Approach: tabpfn_ctx  |  Dataset: astronomical_objects
2026-10-03 09:21:37,666 INFO benchmark_src.tasks.run_row_triplet_evaluation_benchmark - Started run_row_triplet_evaluation_benchmark
2026-10-03 09:21:37,666 INFO benchmark_src.tasks.run_row_triplet_evaluation_benchmark - Sub-dataset folder /home/yarin.b/tembed/cache/datasets/more_similar_than/astronomical_objects/original does not exist, have to create the variation
2026-10-03 09:21:37,667 ERROR root - Traceback (most recent call last):
2026-10-03 09:21:37,668 ERROR root -   File "/home/yarin.b/tembed/benchmark_src/run_benchmark.py", line 49, in run_single
    run_row_triplet_evaluation_benchmark.main(cfg)
2026-10-03 09:21:37,668 ERROR root -   File "/home/yarin.b/tembed/benchmark_src/tasks/run_row_triplet_evaluation_benchmark.py", line 129, in main
    input_table, testcase_paths, dataset_information = load_benchmark_data(cfg)
                                                       ^^^^^^^^^^^^^^^^^^^^^^^^
2026-10-03 09:21:37,668 ERROR root -   File "/home/yarin.b/tembed/benchmark_src/tasks/run_row_triplet_evaluation_benchmark.py", line 64, in load_benchmark_data
    if sub_dataset_name == "only-text":
       ^^^^^^^^^^^^^^^^
2026-10-03 09:21:37,668 ERROR root - UnboundLocalError: cannot access local variable 'sub_dataset_name' where it is not associated with a value
2026-10-03 09:21:37,668 ERROR benchmark_src.run_benchmark - Error during benchmark run, please check traceback above.
2026-10-03 09:21:37,668 ERROR __main__ - Failed tabpfn_ctx/row_triplet_evaluation/astronomical_objects
Traceback (most recent call last):
  File "/home/yarin.b/tembed/run_experiments.py", line 274, in _run_job
    run_single(cfg)
  File "/home/yarin.b/tembed/benchmark_src/run_benchmark.py", line 49, in run_single
    run_row_triplet_evaluation_benchmark.main(cfg)
  File "/home/yarin.b/tembed/benchmark_src/tasks/run_row_triplet_evaluation_benchmark.py", line 129, in main
    input_table, testcase_paths, dataset_information = load_benchmark_data(cfg)
                                                       ^^^^^^^^^^^^^^^^^^^^^^^^
  File "/home/yarin.b/tembed/benchmark_src/tasks/run_row_triplet_evaluation_benchmark.py", line 64, in load_benchmark_data
    if sub_dataset_name == "only-text":
       ^^^^^^^^^^^^^^^^
UnboundLocalError: cannot access local variable 'sub_dataset_name' where it is not associated with a value
2026-10-03 09:21:37,867 INFO __main__ - ================================================================================
2026-10-03 09:21:37,867 INFO __main__ - Starting [56/86] | Task: row_triplet_evaluation | Approach: tabpfn_ctx | Env: benchmark_env | Dataset: astronomical_objects@only-text
2026-10-03 09:21:37,867 INFO __main__ - ================================================================================
2026-10-03 09:21:37,867 INFO benchmark_src.run_benchmark - ################################################################################
2026-10-03 09:21:37,867 INFO benchmark_src.run_benchmark - Task: row_triplet_evaluation  |  Approach: tabpfn_ctx  |  Dataset: astronomical_objects@only-text
2026-10-03 09:21:37,868 INFO benchmark_src.tasks.run_row_triplet_evaluation_benchmark - Started run_row_triplet_evaluation_benchmark
2026-10-03 09:21:37,868 INFO benchmark_src.tasks.run_row_triplet_evaluation_benchmark - Running with sub-dataset @only-text of base dataset astronomical_objects
2026-10-03 09:21:37,868 INFO benchmark_src.tasks.run_row_triplet_evaluation_benchmark - Sub-dataset folder /home/yarin.b/tembed/cache/datasets/more_similar_than/astronomical_objects/@only-text does not exist, have to create the variation
2026-10-03 09:21:37,869 ERROR root - Traceback (most recent call last):
2026-10-03 09:21:37,869 ERROR root -   File "/home/yarin.b/tembed/benchmark_src/run_benchmark.py", line 49, in run_single
    run_row_triplet_evaluation_benchmark.main(cfg)
2026-10-03 09:21:37,869 ERROR root -   File "/home/yarin.b/tembed/benchmark_src/tasks/run_row_triplet_evaluation_benchmark.py", line 129, in main
    input_table, testcase_paths, dataset_information = load_benchmark_data(cfg)
                                                       ^^^^^^^^^^^^^^^^^^^^^^^^
2026-10-03 09:21:37,869 ERROR root -   File "/home/yarin.b/tembed/benchmark_src/tasks/run_row_triplet_evaluation_benchmark.py", line 65, in load_benchmark_data
    create_astronomical_dataset.remove_numerical_cols(cache_dir=base_dataset_folder)
2026-10-03 09:21:37,869 ERROR root -   File "/home/yarin.b/tembed/benchmark_src/dataset_creation/wikidata_hierarchies/create_astronomical_dataset.py", line 161, in remove_numerical_cols
    save_folder.mkdir(exist_ok=True)
2026-10-03 09:21:37,869 ERROR root -   File "/home/yarin.b/miniconda3/envs/thesis/lib/python3.11/pathlib.py", line 1116, in mkdir
    os.mkdir(self, mode)
2026-10-03 09:21:37,869 ERROR root - FileNotFoundError: [Errno 2] No such file or directory: '/home/yarin.b/tembed/cache/datasets/more_similar_than/astronomical_objects/@only-text'
2026-10-03 09:21:37,869 ERROR benchmark_src.run_benchmark - Error during benchmark run, please check traceback above.
2026-10-03 09:21:37,870 ERROR __main__ - Failed tabpfn_ctx/row_triplet_evaluation/astronomical_objects@only-text
Traceback (most recent call last):
  File "/home/yarin.b/tembed/run_experiments.py", line 274, in _run_job
    run_single(cfg)
  File "/home/yarin.b/tembed/benchmark_src/run_benchmark.py", line 49, in run_single
    run_row_triplet_evaluation_benchmark.main(cfg)
  File "/home/yarin.b/tembed/benchmark_src/tasks/run_row_triplet_evaluation_benchmark.py", line 129, in main
    input_table, testcase_paths, dataset_information = load_benchmark_data(cfg)
                                                       ^^^^^^^^^^^^^^^^^^^^^^^^
  File "/home/yarin.b/tembed/benchmark_src/tasks/run_row_triplet_evaluation_benchmark.py", line 65, in load_benchmark_data
    create_astronomical_dataset.remove_numerical_cols(cache_dir=base_dataset_folder)
  File "/home/yarin.b/tembed/benchmark_src/dataset_creation/wikidata_hierarchies/create_astronomical_dataset.py", line 161, in remove_numerical_cols
    save_folder.mkdir(exist_ok=True)
  File "/home/yarin.b/miniconda3/envs/thesis/lib/python3.11/pathlib.py", line 1116, in mkdir
    os.mkdir(self, mode)
FileNotFoundError: [Errno 2] No such file or directory: '/home/yarin.b/tembed/cache/datasets/more_similar_than/astronomical_objects/@only-text'
2026-10-03 09:21:38,063 INFO __main__ - ================================================================================
2026-10-03 09:21:38,064 INFO __main__ - Starting [57/86] | Task: row_similarity_search | Approach: tabpfn_ctx | Env: benchmark_env | Dataset: Amazon-Google
2026-10-03 09:21:38,064 INFO __main__ - ================================================================================
2026-10-03 09:21:38,064 INFO benchmark_src.run_benchmark - ################################################################################
2026-10-03 09:21:38,064 INFO benchmark_src.run_benchmark - Task: row_similarity_search  |  Approach: tabpfn_ctx  |  Dataset: Amazon-Google
2026-10-03 09:21:38,065 INFO benchmark_src.tasks.run_row_similarity_benchmark - Started run_row_similarity_benchmark
2026-10-03 09:21:38,066 ERROR root - Traceback (most recent call last):
2026-10-03 09:21:38,066 ERROR root -   File "/home/yarin.b/tembed/benchmark_src/run_benchmark.py", line 43, in run_single
    run_row_similarity_benchmark.main(cfg)
2026-10-03 09:21:38,066 ERROR root -   File "/home/yarin.b/tembed/benchmark_src/tasks/run_row_similarity_benchmark.py", line 101, in main
    input_table, testcase_paths, dataset_information = load_benchmark_data(cfg)
                                                       ^^^^^^^^^^^^^^^^^^^^^^^^
2026-10-03 09:21:38,066 ERROR root -   File "/home/yarin.b/tembed/benchmark_src/tasks/run_row_similarity_benchmark.py", line 20, in load_benchmark_data
    assert dataset_folder.exists(), f"Could not find path {dataset_folder}"
           ^^^^^^^^^^^^^^^^^^^^^^^
2026-10-03 09:21:38,066 ERROR root - AssertionError: Could not find path /home/yarin.b/tembed/cache/row_similarity_data_full/Amazon-Google
2026-10-03 09:21:38,066 ERROR benchmark_src.run_benchmark - Error during benchmark run, please check traceback above.
2026-10-03 09:21:38,066 ERROR __main__ - Failed tabpfn_ctx/row_similarity_search/Amazon-Google
Traceback (most recent call last):
  File "/home/yarin.b/tembed/run_experiments.py", line 274, in _run_job
    run_single(cfg)
  File "/home/yarin.b/tembed/benchmark_src/run_benchmark.py", line 43, in run_single
    run_row_similarity_benchmark.main(cfg)
  File "/home/yarin.b/tembed/benchmark_src/tasks/run_row_similarity_benchmark.py", line 101, in main
    input_table, testcase_paths, dataset_information = load_benchmark_data(cfg)
                                                       ^^^^^^^^^^^^^^^^^^^^^^^^
  File "/home/yarin.b/tembed/benchmark_src/tasks/run_row_similarity_benchmark.py", line 20, in load_benchmark_data
    assert dataset_folder.exists(), f"Could not find path {dataset_folder}"
           ^^^^^^^^^^^^^^^^^^^^^^^
AssertionError: Could not find path /home/yarin.b/tembed/cache/row_similarity_data_full/Amazon-Google
2026-10-03 09:21:38,262 INFO __main__ - ================================================================================
2026-10-03 09:21:38,262 INFO __main__ - Starting [58/86] | Task: row_similarity_search | Approach: tabpfn_ctx | Env: benchmark_env | Dataset: Beer
2026-10-03 09:21:38,262 INFO __main__ - ================================================================================
2026-10-03 09:21:38,262 INFO benchmark_src.run_benchmark - ################################################################################
2026-10-03 09:21:38,262 INFO benchmark_src.run_benchmark - Task: row_similarity_search  |  Approach: tabpfn_ctx  |  Dataset: Beer
2026-10-03 09:21:38,263 INFO benchmark_src.tasks.run_row_similarity_benchmark - Started run_row_similarity_benchmark
2026-10-03 09:21:38,263 ERROR root - Traceback (most recent call last):
2026-10-03 09:21:38,264 ERROR root -   File "/home/yarin.b/tembed/benchmark_src/run_benchmark.py", line 43, in run_single
    run_row_similarity_benchmark.main(cfg)
2026-10-03 09:21:38,264 ERROR root -   File "/home/yarin.b/tembed/benchmark_src/tasks/run_row_similarity_benchmark.py", line 101, in main
    input_table, testcase_paths, dataset_information = load_benchmark_data(cfg)
                                                       ^^^^^^^^^^^^^^^^^^^^^^^^
2026-10-03 09:21:38,264 ERROR root -   File "/home/yarin.b/tembed/benchmark_src/tasks/run_row_similarity_benchmark.py", line 20, in load_benchmark_data
    assert dataset_folder.exists(), f"Could not find path {dataset_folder}"
           ^^^^^^^^^^^^^^^^^^^^^^^
2026-10-03 09:21:38,264 ERROR root - AssertionError: Could not find path /home/yarin.b/tembed/cache/row_similarity_data_full/Beer
2026-10-03 09:21:38,264 ERROR benchmark_src.run_benchmark - Error during benchmark run, please check traceback above.
2026-10-03 09:21:38,264 ERROR __main__ - Failed tabpfn_ctx/row_similarity_search/Beer
Traceback (most recent call last):
  File "/home/yarin.b/tembed/run_experiments.py", line 274, in _run_job
    run_single(cfg)
  File "/home/yarin.b/tembed/benchmark_src/run_benchmark.py", line 43, in run_single
    run_row_similarity_benchmark.main(cfg)
  File "/home/yarin.b/tembed/benchmark_src/tasks/run_row_similarity_benchmark.py", line 101, in main
    input_table, testcase_paths, dataset_information = load_benchmark_data(cfg)
                                                       ^^^^^^^^^^^^^^^^^^^^^^^^
  File "/home/yarin.b/tembed/benchmark_src/tasks/run_row_similarity_benchmark.py", line 20, in load_benchmark_data
    assert dataset_folder.exists(), f"Could not find path {dataset_folder}"
           ^^^^^^^^^^^^^^^^^^^^^^^
AssertionError: Could not find path /home/yarin.b/tembed/cache/row_similarity_data_full/Beer
2026-10-03 09:21:38,438 INFO __main__ - ================================================================================
2026-10-03 09:21:38,438 INFO __main__ - Starting [59/86] | Task: row_similarity_search | Approach: tabpfn_ctx | Env: benchmark_env | Dataset: DBLP-ACM
2026-10-03 09:21:38,438 INFO __main__ - ================================================================================
2026-10-03 09:21:38,438 INFO benchmark_src.run_benchmark - ################################################################################
2026-10-03 09:21:38,438 INFO benchmark_src.run_benchmark - Task: row_similarity_search  |  Approach: tabpfn_ctx  |  Dataset: DBLP-ACM
2026-10-03 09:21:38,439 INFO benchmark_src.tasks.run_row_similarity_benchmark - Started run_row_similarity_benchmark
2026-10-03 09:21:38,440 ERROR root - Traceback (most recent call last):
2026-10-03 09:21:38,440 ERROR root -   File "/home/yarin.b/tembed/benchmark_src/run_benchmark.py", line 43, in run_single
    run_row_similarity_benchmark.main(cfg)
2026-10-03 09:21:38,440 ERROR root -   File "/home/yarin.b/tembed/benchmark_src/tasks/run_row_similarity_benchmark.py", line 101, in main
    input_table, testcase_paths, dataset_information = load_benchmark_data(cfg)
                                                       ^^^^^^^^^^^^^^^^^^^^^^^^
2026-10-03 09:21:38,440 ERROR root -   File "/home/yarin.b/tembed/benchmark_src/tasks/run_row_similarity_benchmark.py", line 20, in load_benchmark_data
    assert dataset_folder.exists(), f"Could not find path {dataset_folder}"
           ^^^^^^^^^^^^^^^^^^^^^^^
2026-10-03 09:21:38,440 ERROR root - AssertionError: Could not find path /home/yarin.b/tembed/cache/row_similarity_data_full/DBLP-ACM
2026-10-03 09:21:38,440 ERROR benchmark_src.run_benchmark - Error during benchmark run, please check traceback above.
2026-10-03 09:21:38,440 ERROR __main__ - Failed tabpfn_ctx/row_similarity_search/DBLP-ACM
Traceback (most recent call last):
  File "/home/yarin.b/tembed/run_experiments.py", line 274, in _run_job
    run_single(cfg)
  File "/home/yarin.b/tembed/benchmark_src/run_benchmark.py", line 43, in run_single
    run_row_similarity_benchmark.main(cfg)
  File "/home/yarin.b/tembed/benchmark_src/tasks/run_row_similarity_benchmark.py", line 101, in main
    input_table, testcase_paths, dataset_information = load_benchmark_data(cfg)
                                                       ^^^^^^^^^^^^^^^^^^^^^^^^
  File "/home/yarin.b/tembed/benchmark_src/tasks/run_row_similarity_benchmark.py", line 20, in load_benchmark_data
    assert dataset_folder.exists(), f"Could not find path {dataset_folder}"
           ^^^^^^^^^^^^^^^^^^^^^^^
AssertionError: Could not find path /home/yarin.b/tembed/cache/row_similarity_data_full/DBLP-ACM
2026-10-03 09:21:38,607 INFO __main__ - ================================================================================
2026-10-03 09:21:38,607 INFO __main__ - Starting [60/86] | Task: row_similarity_search | Approach: tabpfn_ctx | Env: benchmark_env | Dataset: Fodors-Zagats
2026-10-03 09:21:38,607 INFO __main__ - ================================================================================
2026-10-03 09:21:38,607 INFO benchmark_src.run_benchmark - ################################################################################
2026-10-03 09:21:38,608 INFO benchmark_src.run_benchmark - Task: row_similarity_search  |  Approach: tabpfn_ctx  |  Dataset: Fodors-Zagats
2026-10-03 09:21:38,609 INFO benchmark_src.tasks.run_row_similarity_benchmark - Started run_row_similarity_benchmark
2026-10-03 09:21:38,609 ERROR root - Traceback (most recent call last):
2026-10-03 09:21:38,609 ERROR root -   File "/home/yarin.b/tembed/benchmark_src/run_benchmark.py", line 43, in run_single
    run_row_similarity_benchmark.main(cfg)
2026-10-03 09:21:38,609 ERROR root -   File "/home/yarin.b/tembed/benchmark_src/tasks/run_row_similarity_benchmark.py", line 101, in main
    input_table, testcase_paths, dataset_information = load_benchmark_data(cfg)
                                                       ^^^^^^^^^^^^^^^^^^^^^^^^
2026-10-03 09:21:38,609 ERROR root -   File "/home/yarin.b/tembed/benchmark_src/tasks/run_row_similarity_benchmark.py", line 20, in load_benchmark_data
    assert dataset_folder.exists(), f"Could not find path {dataset_folder}"
           ^^^^^^^^^^^^^^^^^^^^^^^
2026-10-03 09:21:38,609 ERROR root - AssertionError: Could not find path /home/yarin.b/tembed/cache/row_similarity_data_full/Fodors-Zagats
2026-10-03 09:21:38,609 ERROR benchmark_src.run_benchmark - Error during benchmark run, please check traceback above.
2026-10-03 09:21:38,609 ERROR __main__ - Failed tabpfn_ctx/row_similarity_search/Fodors-Zagats
Traceback (most recent call last):
  File "/home/yarin.b/tembed/run_experiments.py", line 274, in _run_job
    run_single(cfg)
  File "/home/yarin.b/tembed/benchmark_src/run_benchmark.py", line 43, in run_single
    run_row_similarity_benchmark.main(cfg)
  File "/home/yarin.b/tembed/benchmark_src/tasks/run_row_similarity_benchmark.py", line 101, in main
    input_table, testcase_paths, dataset_information = load_benchmark_data(cfg)
                                                       ^^^^^^^^^^^^^^^^^^^^^^^^
  File "/home/yarin.b/tembed/benchmark_src/tasks/run_row_similarity_benchmark.py", line 20, in load_benchmark_data
    assert dataset_folder.exists(), f"Could not find path {dataset_folder}"
           ^^^^^^^^^^^^^^^^^^^^^^^
AssertionError: Could not find path /home/yarin.b/tembed/cache/row_similarity_data_full/Fodors-Zagats
2026-10-03 09:21:38,780 INFO __main__ - ================================================================================
2026-10-03 09:21:38,780 INFO __main__ - Starting [61/86] | Task: row_similarity_search | Approach: tabpfn_ctx | Env: benchmark_env | Dataset: geological-settlements
2026-10-03 09:21:38,780 INFO __main__ - ================================================================================
2026-10-03 09:21:38,780 INFO benchmark_src.run_benchmark - ################################################################################
2026-10-03 09:21:38,780 INFO benchmark_src.run_benchmark - Task: row_similarity_search  |  Approach: tabpfn_ctx  |  Dataset: geological-settlements
2026-10-03 09:21:38,781 INFO benchmark_src.tasks.run_row_similarity_benchmark - Started run_row_similarity_benchmark
2026-10-03 09:21:38,781 ERROR root - Traceback (most recent call last):
2026-10-03 09:21:38,782 ERROR root -   File "/home/yarin.b/tembed/benchmark_src/run_benchmark.py", line 43, in run_single
    run_row_similarity_benchmark.main(cfg)
2026-10-03 09:21:38,782 ERROR root -   File "/home/yarin.b/tembed/benchmark_src/tasks/run_row_similarity_benchmark.py", line 101, in main
    input_table, testcase_paths, dataset_information = load_benchmark_data(cfg)
                                                       ^^^^^^^^^^^^^^^^^^^^^^^^
2026-10-03 09:21:38,782 ERROR root -   File "/home/yarin.b/tembed/benchmark_src/tasks/run_row_similarity_benchmark.py", line 20, in load_benchmark_data
    assert dataset_folder.exists(), f"Could not find path {dataset_folder}"
           ^^^^^^^^^^^^^^^^^^^^^^^
2026-10-03 09:21:38,782 ERROR root - AssertionError: Could not find path /home/yarin.b/tembed/cache/row_similarity_data_full/geological-settlements
2026-10-03 09:21:38,782 ERROR benchmark_src.run_benchmark - Error during benchmark run, please check traceback above.
2026-10-03 09:21:38,782 ERROR __main__ - Failed tabpfn_ctx/row_similarity_search/geological-settlements
Traceback (most recent call last):
  File "/home/yarin.b/tembed/run_experiments.py", line 274, in _run_job
    run_single(cfg)
  File "/home/yarin.b/tembed/benchmark_src/run_benchmark.py", line 43, in run_single
    run_row_similarity_benchmark.main(cfg)
  File "/home/yarin.b/tembed/benchmark_src/tasks/run_row_similarity_benchmark.py", line 101, in main
    input_table, testcase_paths, dataset_information = load_benchmark_data(cfg)
                                                       ^^^^^^^^^^^^^^^^^^^^^^^^
  File "/home/yarin.b/tembed/benchmark_src/tasks/run_row_similarity_benchmark.py", line 20, in load_benchmark_data
    assert dataset_folder.exists(), f"Could not find path {dataset_folder}"
           ^^^^^^^^^^^^^^^^^^^^^^^
AssertionError: Could not find path /home/yarin.b/tembed/cache/row_similarity_data_full/geological-settlements
2026-10-03 09:21:38,954 INFO __main__ - ================================================================================
2026-10-03 09:21:38,954 INFO __main__ - Starting [62/86] | Task: row_similarity_search | Approach: tabpfn_ctx | Env: benchmark_env | Dataset: MusicBrainz
2026-10-03 09:21:38,954 INFO __main__ - ================================================================================
2026-10-03 09:21:38,954 INFO benchmark_src.run_benchmark - ################################################################################
2026-10-03 09:21:38,954 INFO benchmark_src.run_benchmark - Task: row_similarity_search  |  Approach: tabpfn_ctx  |  Dataset: MusicBrainz
2026-10-03 09:21:38,955 INFO benchmark_src.tasks.run_row_similarity_benchmark - Started run_row_similarity_benchmark
2026-10-03 09:21:38,955 ERROR root - Traceback (most recent call last):
2026-10-03 09:21:38,956 ERROR root -   File "/home/yarin.b/tembed/benchmark_src/run_benchmark.py", line 43, in run_single
    run_row_similarity_benchmark.main(cfg)
2026-10-03 09:21:38,956 ERROR root -   File "/home/yarin.b/tembed/benchmark_src/tasks/run_row_similarity_benchmark.py", line 101, in main
    input_table, testcase_paths, dataset_information = load_benchmark_data(cfg)
                                                       ^^^^^^^^^^^^^^^^^^^^^^^^
2026-10-03 09:21:38,956 ERROR root -   File "/home/yarin.b/tembed/benchmark_src/tasks/run_row_similarity_benchmark.py", line 20, in load_benchmark_data
    assert dataset_folder.exists(), f"Could not find path {dataset_folder}"
           ^^^^^^^^^^^^^^^^^^^^^^^
2026-10-03 09:21:38,956 ERROR root - AssertionError: Could not find path /home/yarin.b/tembed/cache/row_similarity_data_full/MusicBrainz
2026-10-03 09:21:38,956 ERROR benchmark_src.run_benchmark - Error during benchmark run, please check traceback above.
2026-10-03 09:21:38,956 ERROR __main__ - Failed tabpfn_ctx/row_similarity_search/MusicBrainz
Traceback (most recent call last):
  File "/home/yarin.b/tembed/run_experiments.py", line 274, in _run_job
    run_single(cfg)
  File "/home/yarin.b/tembed/benchmark_src/run_benchmark.py", line 43, in run_single
    run_row_similarity_benchmark.main(cfg)
  File "/home/yarin.b/tembed/benchmark_src/tasks/run_row_similarity_benchmark.py", line 101, in main
    input_table, testcase_paths, dataset_information = load_benchmark_data(cfg)
                                                       ^^^^^^^^^^^^^^^^^^^^^^^^
  File "/home/yarin.b/tembed/benchmark_src/tasks/run_row_similarity_benchmark.py", line 20, in load_benchmark_data
    assert dataset_folder.exists(), f"Could not find path {dataset_folder}"
           ^^^^^^^^^^^^^^^^^^^^^^^
AssertionError: Could not find path /home/yarin.b/tembed/cache/row_similarity_data_full/MusicBrainz
2026-10-03 09:21:39,123 INFO __main__ - ================================================================================
2026-10-03 09:21:39,123 INFO __main__ - Starting [63/86] | Task: row_similarity_search | Approach: tabpfn_ctx | Env: benchmark_env | Dataset: Walmart-Amazon
2026-10-03 09:21:39,123 INFO __main__ - ================================================================================
2026-10-03 09:21:39,123 INFO benchmark_src.run_benchmark - ################################################################################
2026-10-03 09:21:39,123 INFO benchmark_src.run_benchmark - Task: row_similarity_search  |  Approach: tabpfn_ctx  |  Dataset: Walmart-Amazon
2026-10-03 09:21:39,124 INFO benchmark_src.tasks.run_row_similarity_benchmark - Started run_row_similarity_benchmark
2026-10-03 09:21:39,124 ERROR root - Traceback (most recent call last):
2026-10-03 09:21:39,124 ERROR root -   File "/home/yarin.b/tembed/benchmark_src/run_benchmark.py", line 43, in run_single
    run_row_similarity_benchmark.main(cfg)
2026-10-03 09:21:39,124 ERROR root -   File "/home/yarin.b/tembed/benchmark_src/tasks/run_row_similarity_benchmark.py", line 101, in main
    input_table, testcase_paths, dataset_information = load_benchmark_data(cfg)
                                                       ^^^^^^^^^^^^^^^^^^^^^^^^
2026-10-03 09:21:39,124 ERROR root -   File "/home/yarin.b/tembed/benchmark_src/tasks/run_row_similarity_benchmark.py", line 20, in load_benchmark_data
    assert dataset_folder.exists(), f"Could not find path {dataset_folder}"
           ^^^^^^^^^^^^^^^^^^^^^^^
2026-10-03 09:21:39,124 ERROR root - AssertionError: Could not find path /home/yarin.b/tembed/cache/row_similarity_data_full/Walmart-Amazon
2026-10-03 09:21:39,125 ERROR benchmark_src.run_benchmark - Error during benchmark run, please check traceback above.
2026-10-03 09:21:39,125 ERROR __main__ - Failed tabpfn_ctx/row_similarity_search/Walmart-Amazon
Traceback (most recent call last):
  File "/home/yarin.b/tembed/run_experiments.py", line 274, in _run_job
    run_single(cfg)
  File "/home/yarin.b/tembed/benchmark_src/run_benchmark.py", line 43, in run_single
    run_row_similarity_benchmark.main(cfg)
  File "/home/yarin.b/tembed/benchmark_src/tasks/run_row_similarity_benchmark.py", line 101, in main
    input_table, testcase_paths, dataset_information = load_benchmark_data(cfg)
                                                       ^^^^^^^^^^^^^^^^^^^^^^^^
  File "/home/yarin.b/tembed/benchmark_src/tasks/run_row_similarity_benchmark.py", line 20, in load_benchmark_data
    assert dataset_folder.exists(), f"Could not find path {dataset_folder}"
           ^^^^^^^^^^^^^^^^^^^^^^^
AssertionError: Could not find path /home/yarin.b/tembed/cache/row_similarity_data_full/Walmart-Amazon
2026-10-03 09:21:39,295 INFO __main__ - ================================================================================
2026-10-03 09:21:39,295 INFO __main__ - Starting [64/86] | Task: row_triplet_evaluation | Approach: tabpfn_ctx | Env: benchmark_env | Dataset: wikidata_books
2026-10-03 09:21:39,295 INFO __main__ - ================================================================================
2026-10-03 09:21:39,295 INFO benchmark_src.run_benchmark - ################################################################################
2026-10-03 09:21:39,295 INFO benchmark_src.run_benchmark - Task: row_triplet_evaluation  |  Approach: tabpfn_ctx  |  Dataset: wikidata_books
2026-10-03 09:21:39,296 INFO benchmark_src.tasks.run_row_triplet_evaluation_benchmark - Started run_row_triplet_evaluation_benchmark
2026-10-03 09:21:39,296 INFO benchmark_src.tasks.run_row_triplet_evaluation_benchmark - Wikidata books dataset found in cache
2026-10-03 09:21:39,331 INFO benchmark_src.utils.load_benchmark - Loaded dataset input table with 1203 rows and 281 attributes: Index(['QID', 'label', 'author___P50', 'description___None',
       'distribution format___P437', 'instance of___P31', 'version___None',
       'country___P17', 'language of work or name___P407', 'genre___P136',
       ...
       'Beirut Arab University's Libraries title ID___P9504',
       'related image___P6802', 'British Library system number___P5199',
       'Gran Enciclopèdia Catalana ID (former scheme)___P1296',
       'Gran Enciclopèdia Catalana ID___P12385', 'De Agostini ID___P6706',
       'PACTOLS thesaurus ID___P4212', 'replaces___P1365',
       'author of afterword___P2680', 'author of foreword___P2679'],
      dtype='object', length=281)
2026-10-03 09:21:39,333 INFO root - Found 903 testcases in /home/yarin.b/tembed/cache/datasets/more_similar_than/wikidata_books, limit is None
2026-10-03 09:21:39,334 INFO root - Successfully loaded module 'approach' from '/home/yarin.b/tembed/approaches/benchmark_approaches_src/tabpfn_ctx/approach.py'.
2026-10-03 09:21:39,334 INFO root - BaseEmbeddingApproach: Loaded component: RowEmbeddingComponent
2026-10-03 09:21:52,921 INFO approach - tabpfn_ctx target=zeros layer=8 -> (1203, 192)
2026-10-03 09:21:52,938 ERROR root -   0%|          | 0/903 [00:00<?, ?it/s]
2026-10-03 09:21:54,279 ERROR root - 100%|##########| 903/903 [00:01<00:00, 673.52it/s]
2026-10-03 09:21:54,559 INFO benchmark_src.utils.resource_monitoring - Saved resource metrics: CSV + JSON for setup and task.
2026-10-03 09:21:54,566 INFO benchmark_src.tasks.run_row_triplet_evaluation_benchmark - {'accuracy': 0.584717607973422, 'accuracy_easy': 0.6007677543186181, 'accuracy_medium': 0.56282722513089}
2026-10-03 09:21:54,567 INFO root - Dataset: wikidata_books
2026-10-03 09:21:54,570 INFO root - Saved metrics to disk
2026-10-03 09:21:54,571 INFO __main__ - Finished tabpfn_ctx/row_triplet_evaluation/wikidata_books
2026-10-03 09:21:54,837 INFO __main__ - ================================================================================
2026-10-03 09:21:54,837 INFO __main__ - Starting [65/86] | Task: row_triplet_evaluation | Approach: tabpfn_ctx | Env: benchmark_env | Dataset: wikidata_books@no_genre
2026-10-03 09:21:54,837 INFO __main__ - ================================================================================
2026-10-03 09:21:54,837 INFO benchmark_src.run_benchmark - ################################################################################
2026-10-03 09:21:54,837 INFO benchmark_src.run_benchmark - Task: row_triplet_evaluation  |  Approach: tabpfn_ctx  |  Dataset: wikidata_books@no_genre
2026-10-03 09:21:54,839 INFO benchmark_src.tasks.run_row_triplet_evaluation_benchmark - Started run_row_triplet_evaluation_benchmark
2026-10-03 09:21:54,839 INFO benchmark_src.tasks.run_row_triplet_evaluation_benchmark - Running with sub-dataset @no_genre of base dataset wikidata_books
2026-10-03 09:21:54,839 INFO benchmark_src.tasks.run_row_triplet_evaluation_benchmark - Wikidata books dataset found in cache
2026-10-03 09:21:54,872 INFO benchmark_src.utils.load_benchmark - Loaded dataset input table with 1203 rows and 280 attributes: Index(['QID', 'label', 'author___P50', 'description___None',
       'distribution format___P437', 'instance of___P31', 'version___None',
       'country___P17', 'language of work or name___P407', 'continent___P30',
       ...
       'Beirut Arab University's Libraries title ID___P9504',
       'related image___P6802', 'British Library system number___P5199',
       'Gran Enciclopèdia Catalana ID (former scheme)___P1296',
       'Gran Enciclopèdia Catalana ID___P12385', 'De Agostini ID___P6706',
       'PACTOLS thesaurus ID___P4212', 'replaces___P1365',
       'author of afterword___P2680', 'author of foreword___P2679'],
      dtype='object', length=280)
2026-10-03 09:21:54,873 INFO root - Found 903 testcases in /home/yarin.b/tembed/cache/datasets/more_similar_than/wikidata_books, limit is None
2026-10-03 09:21:54,874 INFO root - Successfully loaded module 'approach' from '/home/yarin.b/tembed/approaches/benchmark_approaches_src/tabpfn_ctx/approach.py'.
2026-10-03 09:21:54,875 INFO root - BaseEmbeddingApproach: Loaded component: RowEmbeddingComponent
2026-10-03 09:22:00,809 INFO approach - tabpfn_ctx target=zeros layer=8 -> (1203, 192)
2026-10-03 09:22:00,825 ERROR root -   0%|          | 0/903 [00:00<?, ?it/s]
2026-10-03 09:22:02,122 ERROR root - 100%|##########| 903/903 [00:01<00:00, 696.39it/s]
2026-10-03 09:22:02,448 INFO benchmark_src.utils.resource_monitoring - Saved resource metrics: CSV + JSON for setup and task.
2026-10-03 09:22:02,455 INFO benchmark_src.tasks.run_row_triplet_evaluation_benchmark - {'accuracy': 0.5858250276854928, 'accuracy_easy': 0.5873320537428023, 'accuracy_medium': 0.5837696335078534}
2026-10-03 09:22:02,455 INFO root - Dataset: wikidata_books@no_genre
2026-10-03 09:22:02,458 INFO root - Saved metrics to disk
2026-10-03 09:22:02,460 INFO __main__ - Finished tabpfn_ctx/row_triplet_evaluation/wikidata_books@no_genre
2026-10-03 09:22:02,775 INFO __main__ - ================================================================================
2026-10-03 09:22:02,775 INFO __main__ - Starting [66/86] | Task: row_triplet_evaluation | Approach: tabpfn_ctx | Env: benchmark_env | Dataset: wikidata_books@only_five_cols
2026-10-03 09:22:02,775 INFO __main__ - ================================================================================
2026-10-03 09:22:02,775 INFO benchmark_src.run_benchmark - ################################################################################
2026-10-03 09:22:02,775 INFO benchmark_src.run_benchmark - Task: row_triplet_evaluation  |  Approach: tabpfn_ctx  |  Dataset: wikidata_books@only_five_cols
2026-10-03 09:22:02,776 INFO benchmark_src.tasks.run_row_triplet_evaluation_benchmark - Started run_row_triplet_evaluation_benchmark
2026-10-03 09:22:02,776 INFO benchmark_src.tasks.run_row_triplet_evaluation_benchmark - Running with sub-dataset @only_five_cols of base dataset wikidata_books
2026-10-03 09:22:02,776 INFO benchmark_src.tasks.run_row_triplet_evaluation_benchmark - Wikidata books dataset found in cache
2026-10-03 09:22:02,781 INFO benchmark_src.utils.load_benchmark - Loaded dataset input table with 1203 rows and 5 attributes: Index(['QID', 'label', 'author___P50', 'description___None', 'genre___P136'], dtype='object')
2026-10-03 09:22:02,783 INFO root - Found 903 testcases in /home/yarin.b/tembed/cache/datasets/more_similar_than/wikidata_books, limit is None
2026-10-03 09:22:02,784 INFO root - Successfully loaded module 'approach' from '/home/yarin.b/tembed/approaches/benchmark_approaches_src/tabpfn_ctx/approach.py'.
2026-10-03 09:22:02,785 INFO root - BaseEmbeddingApproach: Loaded component: RowEmbeddingComponent
2026-10-03 09:22:04,794 INFO approach - tabpfn_ctx target=zeros layer=8 -> (1203, 192)
2026-10-03 09:22:04,795 ERROR root -   0%|          | 0/903 [00:00<?, ?it/s]
2026-10-03 09:22:05,972 ERROR root - 100%|##########| 903/903 [00:01<00:00, 767.02it/s]
2026-10-03 09:22:06,261 INFO benchmark_src.utils.resource_monitoring - Saved resource metrics: CSV + JSON for setup and task.
2026-10-03 09:22:06,268 INFO benchmark_src.tasks.run_row_triplet_evaluation_benchmark - {'accuracy': 0.5559246954595792, 'accuracy_easy': 0.6065259117082533, 'accuracy_medium': 0.4869109947643979}
2026-10-03 09:22:06,268 INFO root - Dataset: wikidata_books@only_five_cols
2026-10-03 09:22:06,271 INFO root - Saved metrics to disk
2026-10-03 09:22:06,271 INFO __main__ - Finished tabpfn_ctx/row_triplet_evaluation/wikidata_books@only_five_cols
2026-10-03 09:22:06,546 INFO __main__ - ================================================================================
2026-10-03 09:22:06,547 INFO __main__ - Starting [67/86] | Task: row_triplet_evaluation | Approach: tabpfn_ctx | Env: benchmark_env | Dataset: wikidata_books@no_col_names
2026-10-03 09:22:06,547 INFO __main__ - ================================================================================
2026-10-03 09:22:06,547 INFO benchmark_src.run_benchmark - ################################################################################
2026-10-03 09:22:06,547 INFO benchmark_src.run_benchmark - Task: row_triplet_evaluation  |  Approach: tabpfn_ctx  |  Dataset: wikidata_books@no_col_names
2026-10-03 09:22:06,548 INFO benchmark_src.tasks.run_row_triplet_evaluation_benchmark - Started run_row_triplet_evaluation_benchmark
2026-10-03 09:22:06,548 INFO benchmark_src.tasks.run_row_triplet_evaluation_benchmark - Running with sub-dataset @no_col_names of base dataset wikidata_books
2026-10-03 09:22:06,548 INFO benchmark_src.tasks.run_row_triplet_evaluation_benchmark - Wikidata books dataset found in cache
2026-10-03 09:22:06,575 INFO benchmark_src.utils.load_benchmark - Loaded dataset input table with 1203 rows and 281 attributes: Index(['col0', 'col1', 'col2', 'col3', 'col4', 'col5', 'col6', 'col7', 'col8',
       'col9',
       ...
       'col271', 'col272', 'col273', 'col274', 'col275', 'col276', 'col277',
       'col278', 'col279', 'col280'],
      dtype='object', length=281)
2026-10-03 09:22:06,577 INFO root - Found 903 testcases in /home/yarin.b/tembed/cache/datasets/more_similar_than/wikidata_books, limit is None
2026-10-03 09:22:06,577 INFO root - Successfully loaded module 'approach' from '/home/yarin.b/tembed/approaches/benchmark_approaches_src/tabpfn_ctx/approach.py'.
2026-10-03 09:22:06,578 INFO root - BaseEmbeddingApproach: Loaded component: RowEmbeddingComponent
2026-10-03 09:22:17,090 INFO approach - tabpfn_ctx target=zeros layer=8 -> (1203, 192)
2026-10-03 09:22:17,106 ERROR root -   0%|          | 0/903 [00:00<?, ?it/s]
2026-10-03 09:22:18,405 ERROR root - 100%|##########| 903/903 [00:01<00:00, 695.67it/s]
2026-10-03 09:22:18,694 INFO benchmark_src.utils.resource_monitoring - Saved resource metrics: CSV + JSON for setup and task.
2026-10-03 09:22:18,701 INFO benchmark_src.tasks.run_row_triplet_evaluation_benchmark - {'accuracy': 0.584717607973422, 'accuracy_easy': 0.6007677543186181, 'accuracy_medium': 0.56282722513089}
2026-10-03 09:22:18,701 INFO root - Dataset: wikidata_books@no_col_names
2026-10-03 09:22:18,706 INFO root - Saved metrics to disk
2026-10-03 09:22:18,707 INFO __main__ - Finished tabpfn_ctx/row_triplet_evaluation/wikidata_books@no_col_names
2026-10-03 09:22:18,999 INFO __main__ - ================================================================================
2026-10-03 09:22:19,000 INFO __main__ - Starting [68/86] | Task: row_triplet_evaluation | Approach: tabpfn_ctx | Env: benchmark_env | Dataset: wikidata_books@no_pid_in_col_names
2026-10-03 09:22:19,000 INFO __main__ - ================================================================================
2026-10-03 09:22:19,000 INFO benchmark_src.run_benchmark - ################################################################################
2026-10-03 09:22:19,000 INFO benchmark_src.run_benchmark - Task: row_triplet_evaluation  |  Approach: tabpfn_ctx  |  Dataset: wikidata_books@no_pid_in_col_names
2026-10-03 09:22:19,001 INFO benchmark_src.tasks.run_row_triplet_evaluation_benchmark - Started run_row_triplet_evaluation_benchmark
2026-10-03 09:22:19,001 INFO benchmark_src.tasks.run_row_triplet_evaluation_benchmark - Running with sub-dataset @no_pid_in_col_names of base dataset wikidata_books
2026-10-03 09:22:19,001 INFO benchmark_src.tasks.run_row_triplet_evaluation_benchmark - Wikidata books dataset found in cache
2026-10-03 09:22:19,036 INFO benchmark_src.utils.load_benchmark - Loaded dataset input table with 1203 rows and 281 attributes: Index(['QID', 'label', 'author', 'description', 'distribution format',
       'instance of', 'version', 'country', 'language of work or name',
       'genre',
       ...
       'Beirut Arab University's Libraries title ID', 'related image',
       'British Library system number',
       'Gran Enciclopèdia Catalana ID (former scheme)',
       'Gran Enciclopèdia Catalana ID', 'De Agostini ID',
       'PACTOLS thesaurus ID', 'replaces', 'author of afterword',
       'author of foreword'],
      dtype='object', length=281)
2026-10-03 09:22:19,037 INFO root - Found 903 testcases in /home/yarin.b/tembed/cache/datasets/more_similar_than/wikidata_books, limit is None
2026-10-03 09:22:19,038 INFO root - Successfully loaded module 'approach' from '/home/yarin.b/tembed/approaches/benchmark_approaches_src/tabpfn_ctx/approach.py'.
2026-10-03 09:22:19,039 INFO root - BaseEmbeddingApproach: Loaded component: RowEmbeddingComponent
2026-10-03 09:22:34,380 INFO approach - tabpfn_ctx target=zeros layer=8 -> (1203, 192)
2026-10-03 09:22:34,396 ERROR root -   0%|          | 0/903 [00:00<?, ?it/s]
2026-10-03 09:22:35,683 ERROR root - 100%|##########| 903/903 [00:01<00:00, 701.55it/s]
2026-10-03 09:22:36,001 INFO benchmark_src.utils.resource_monitoring - Saved resource metrics: CSV + JSON for setup and task.
2026-10-03 09:22:36,007 INFO benchmark_src.tasks.run_row_triplet_evaluation_benchmark - {'accuracy': 0.584717607973422, 'accuracy_easy': 0.6007677543186181, 'accuracy_medium': 0.56282722513089}
2026-10-03 09:22:36,007 INFO root - Dataset: wikidata_books@no_pid_in_col_names
2026-10-03 09:22:36,010 INFO root - Saved metrics to disk
2026-10-03 09:22:36,011 INFO __main__ - Finished tabpfn_ctx/row_triplet_evaluation/wikidata_books@no_pid_in_col_names
2026-10-03 09:22:36,307 INFO __main__ - ================================================================================
2026-10-03 09:22:36,307 INFO __main__ - Starting [69/86] | Task: row_triplet_evaluation | Approach: tabpfn_ctx | Env: benchmark_env | Dataset: astronomical_objects
2026-10-03 09:22:36,307 INFO __main__ - ================================================================================
2026-10-03 09:22:36,307 INFO benchmark_src.run_benchmark - ################################################################################
2026-10-03 09:22:36,307 INFO benchmark_src.run_benchmark - Task: row_triplet_evaluation  |  Approach: tabpfn_ctx  |  Dataset: astronomical_objects
2026-10-03 09:22:36,309 INFO benchmark_src.tasks.run_row_triplet_evaluation_benchmark - Started run_row_triplet_evaluation_benchmark
2026-10-03 09:22:36,310 INFO benchmark_src.tasks.run_row_triplet_evaluation_benchmark - Sub-dataset folder /home/yarin.b/tembed/cache/datasets/more_similar_than/astronomical_objects/original does not exist, have to create the variation
2026-10-03 09:22:36,310 ERROR root - Traceback (most recent call last):
2026-10-03 09:22:36,310 ERROR root -   File "/home/yarin.b/tembed/benchmark_src/run_benchmark.py", line 49, in run_single
    run_row_triplet_evaluation_benchmark.main(cfg)
2026-10-03 09:22:36,310 ERROR root -   File "/home/yarin.b/tembed/benchmark_src/tasks/run_row_triplet_evaluation_benchmark.py", line 129, in main
    input_table, testcase_paths, dataset_information = load_benchmark_data(cfg)
                                                       ^^^^^^^^^^^^^^^^^^^^^^^^
2026-10-03 09:22:36,310 ERROR root -   File "/home/yarin.b/tembed/benchmark_src/tasks/run_row_triplet_evaluation_benchmark.py", line 64, in load_benchmark_data
    if sub_dataset_name == "only-text":
       ^^^^^^^^^^^^^^^^
2026-10-03 09:22:36,310 ERROR root - UnboundLocalError: cannot access local variable 'sub_dataset_name' where it is not associated with a value
2026-10-03 09:22:36,310 ERROR benchmark_src.run_benchmark - Error during benchmark run, please check traceback above.
2026-10-03 09:22:36,310 ERROR __main__ - Failed tabpfn_ctx/row_triplet_evaluation/astronomical_objects
Traceback (most recent call last):
  File "/home/yarin.b/tembed/run_experiments.py", line 274, in _run_job
    run_single(cfg)
  File "/home/yarin.b/tembed/benchmark_src/run_benchmark.py", line 49, in run_single
    run_row_triplet_evaluation_benchmark.main(cfg)
  File "/home/yarin.b/tembed/benchmark_src/tasks/run_row_triplet_evaluation_benchmark.py", line 129, in main
    input_table, testcase_paths, dataset_information = load_benchmark_data(cfg)
                                                       ^^^^^^^^^^^^^^^^^^^^^^^^
  File "/home/yarin.b/tembed/benchmark_src/tasks/run_row_triplet_evaluation_benchmark.py", line 64, in load_benchmark_data
    if sub_dataset_name == "only-text":
       ^^^^^^^^^^^^^^^^
UnboundLocalError: cannot access local variable 'sub_dataset_name' where it is not associated with a value
2026-10-03 09:22:36,496 INFO __main__ - ================================================================================
2026-10-03 09:22:36,496 INFO __main__ - Starting [70/86] | Task: row_triplet_evaluation | Approach: tabpfn_ctx | Env: benchmark_env | Dataset: astronomical_objects@only-text
2026-10-03 09:22:36,496 INFO __main__ - ================================================================================
2026-10-03 09:22:36,496 INFO benchmark_src.run_benchmark - ################################################################################
2026-10-03 09:22:36,497 INFO benchmark_src.run_benchmark - Task: row_triplet_evaluation  |  Approach: tabpfn_ctx  |  Dataset: astronomical_objects@only-text
2026-10-03 09:22:36,498 INFO benchmark_src.tasks.run_row_triplet_evaluation_benchmark - Started run_row_triplet_evaluation_benchmark
2026-10-03 09:22:36,498 INFO benchmark_src.tasks.run_row_triplet_evaluation_benchmark - Running with sub-dataset @only-text of base dataset astronomical_objects
2026-10-03 09:22:36,498 INFO benchmark_src.tasks.run_row_triplet_evaluation_benchmark - Sub-dataset folder /home/yarin.b/tembed/cache/datasets/more_similar_than/astronomical_objects/@only-text does not exist, have to create the variation
2026-10-03 09:22:36,499 ERROR root - Traceback (most recent call last):
2026-10-03 09:22:36,500 ERROR root -   File "/home/yarin.b/tembed/benchmark_src/run_benchmark.py", line 49, in run_single
    run_row_triplet_evaluation_benchmark.main(cfg)
2026-10-03 09:22:36,500 ERROR root -   File "/home/yarin.b/tembed/benchmark_src/tasks/run_row_triplet_evaluation_benchmark.py", line 129, in main
    input_table, testcase_paths, dataset_information = load_benchmark_data(cfg)
                                                       ^^^^^^^^^^^^^^^^^^^^^^^^
2026-10-03 09:22:36,500 ERROR root -   File "/home/yarin.b/tembed/benchmark_src/tasks/run_row_triplet_evaluation_benchmark.py", line 65, in load_benchmark_data
    create_astronomical_dataset.remove_numerical_cols(cache_dir=base_dataset_folder)
2026-10-03 09:22:36,500 ERROR root -   File "/home/yarin.b/tembed/benchmark_src/dataset_creation/wikidata_hierarchies/create_astronomical_dataset.py", line 161, in remove_numerical_cols
    save_folder.mkdir(exist_ok=True)
2026-10-03 09:22:36,500 ERROR root -   File "/home/yarin.b/miniconda3/envs/thesis/lib/python3.11/pathlib.py", line 1116, in mkdir
    os.mkdir(self, mode)
2026-10-03 09:22:36,500 ERROR root - FileNotFoundError: [Errno 2] No such file or directory: '/home/yarin.b/tembed/cache/datasets/more_similar_than/astronomical_objects/@only-text'
2026-10-03 09:22:36,500 ERROR benchmark_src.run_benchmark - Error during benchmark run, please check traceback above.
2026-10-03 09:22:36,500 ERROR __main__ - Failed tabpfn_ctx/row_triplet_evaluation/astronomical_objects@only-text
Traceback (most recent call last):
  File "/home/yarin.b/tembed/run_experiments.py", line 274, in _run_job
    run_single(cfg)
  File "/home/yarin.b/tembed/benchmark_src/run_benchmark.py", line 49, in run_single
    run_row_triplet_evaluation_benchmark.main(cfg)
  File "/home/yarin.b/tembed/benchmark_src/tasks/run_row_triplet_evaluation_benchmark.py", line 129, in main
    input_table, testcase_paths, dataset_information = load_benchmark_data(cfg)
                                                       ^^^^^^^^^^^^^^^^^^^^^^^^
  File "/home/yarin.b/tembed/benchmark_src/tasks/run_row_triplet_evaluation_benchmark.py", line 65, in load_benchmark_data
    create_astronomical_dataset.remove_numerical_cols(cache_dir=base_dataset_folder)
  File "/home/yarin.b/tembed/benchmark_src/dataset_creation/wikidata_hierarchies/create_astronomical_dataset.py", line 161, in remove_numerical_cols
    save_folder.mkdir(exist_ok=True)
  File "/home/yarin.b/miniconda3/envs/thesis/lib/python3.11/pathlib.py", line 1116, in mkdir
    os.mkdir(self, mode)
FileNotFoundError: [Errno 2] No such file or directory: '/home/yarin.b/tembed/cache/datasets/more_similar_than/astronomical_objects/@only-text'
2026-10-03 09:22:36,689 INFO __main__ - ================================================================================
2026-10-03 09:22:36,689 INFO __main__ - Starting [71/86] | Task: row_similarity_search | Approach: sentence_transformer | Env: benchmark_env | Dataset: Amazon-Google
2026-10-03 09:22:36,689 INFO __main__ - ================================================================================
2026-10-03 09:22:36,689 INFO benchmark_src.run_benchmark - ################################################################################
2026-10-03 09:22:36,689 INFO benchmark_src.run_benchmark - Task: row_similarity_search  |  Approach: sentence_transformer  |  Dataset: Amazon-Google
2026-10-03 09:22:36,691 INFO benchmark_src.tasks.run_row_similarity_benchmark - Started run_row_similarity_benchmark
2026-10-03 09:22:36,691 ERROR root - Traceback (most recent call last):
2026-10-03 09:22:36,691 ERROR root -   File "/home/yarin.b/tembed/benchmark_src/run_benchmark.py", line 43, in run_single
    run_row_similarity_benchmark.main(cfg)
2026-10-03 09:22:36,691 ERROR root -   File "/home/yarin.b/tembed/benchmark_src/tasks/run_row_similarity_benchmark.py", line 101, in main
    input_table, testcase_paths, dataset_information = load_benchmark_data(cfg)
                                                       ^^^^^^^^^^^^^^^^^^^^^^^^
2026-10-03 09:22:36,691 ERROR root -   File "/home/yarin.b/tembed/benchmark_src/tasks/run_row_similarity_benchmark.py", line 20, in load_benchmark_data
    assert dataset_folder.exists(), f"Could not find path {dataset_folder}"
           ^^^^^^^^^^^^^^^^^^^^^^^
2026-10-03 09:22:36,691 ERROR root - AssertionError: Could not find path /home/yarin.b/tembed/cache/row_similarity_data_full/Amazon-Google
2026-10-03 09:22:36,691 ERROR benchmark_src.run_benchmark - Error during benchmark run, please check traceback above.
2026-10-03 09:22:36,691 ERROR __main__ - Failed sentence_transformer/row_similarity_search/Amazon-Google
Traceback (most recent call last):
  File "/home/yarin.b/tembed/run_experiments.py", line 274, in _run_job
    run_single(cfg)
  File "/home/yarin.b/tembed/benchmark_src/run_benchmark.py", line 43, in run_single
    run_row_similarity_benchmark.main(cfg)
  File "/home/yarin.b/tembed/benchmark_src/tasks/run_row_similarity_benchmark.py", line 101, in main
    input_table, testcase_paths, dataset_information = load_benchmark_data(cfg)
                                                       ^^^^^^^^^^^^^^^^^^^^^^^^
  File "/home/yarin.b/tembed/benchmark_src/tasks/run_row_similarity_benchmark.py", line 20, in load_benchmark_data
    assert dataset_folder.exists(), f"Could not find path {dataset_folder}"
           ^^^^^^^^^^^^^^^^^^^^^^^
AssertionError: Could not find path /home/yarin.b/tembed/cache/row_similarity_data_full/Amazon-Google
2026-10-03 09:22:36,871 INFO __main__ - ================================================================================
2026-10-03 09:22:36,871 INFO __main__ - Starting [72/86] | Task: row_similarity_search | Approach: sentence_transformer | Env: benchmark_env | Dataset: Beer
2026-10-03 09:22:36,871 INFO __main__ - ================================================================================
2026-10-03 09:22:36,871 INFO benchmark_src.run_benchmark - ################################################################################
2026-10-03 09:22:36,871 INFO benchmark_src.run_benchmark - Task: row_similarity_search  |  Approach: sentence_transformer  |  Dataset: Beer
2026-10-03 09:22:36,872 INFO benchmark_src.tasks.run_row_similarity_benchmark - Started run_row_similarity_benchmark
2026-10-03 09:22:36,872 ERROR root - Traceback (most recent call last):
2026-10-03 09:22:36,872 ERROR root -   File "/home/yarin.b/tembed/benchmark_src/run_benchmark.py", line 43, in run_single
    run_row_similarity_benchmark.main(cfg)
2026-10-03 09:22:36,872 ERROR root -   File "/home/yarin.b/tembed/benchmark_src/tasks/run_row_similarity_benchmark.py", line 101, in main
    input_table, testcase_paths, dataset_information = load_benchmark_data(cfg)
                                                       ^^^^^^^^^^^^^^^^^^^^^^^^
2026-10-03 09:22:36,872 ERROR root -   File "/home/yarin.b/tembed/benchmark_src/tasks/run_row_similarity_benchmark.py", line 20, in load_benchmark_data
    assert dataset_folder.exists(), f"Could not find path {dataset_folder}"
           ^^^^^^^^^^^^^^^^^^^^^^^
2026-10-03 09:22:36,872 ERROR root - AssertionError: Could not find path /home/yarin.b/tembed/cache/row_similarity_data_full/Beer
2026-10-03 09:22:36,872 ERROR benchmark_src.run_benchmark - Error during benchmark run, please check traceback above.
2026-10-03 09:22:36,873 ERROR __main__ - Failed sentence_transformer/row_similarity_search/Beer
Traceback (most recent call last):
  File "/home/yarin.b/tembed/run_experiments.py", line 274, in _run_job
    run_single(cfg)
  File "/home/yarin.b/tembed/benchmark_src/run_benchmark.py", line 43, in run_single
    run_row_similarity_benchmark.main(cfg)
  File "/home/yarin.b/tembed/benchmark_src/tasks/run_row_similarity_benchmark.py", line 101, in main
    input_table, testcase_paths, dataset_information = load_benchmark_data(cfg)
                                                       ^^^^^^^^^^^^^^^^^^^^^^^^
  File "/home/yarin.b/tembed/benchmark_src/tasks/run_row_similarity_benchmark.py", line 20, in load_benchmark_data
    assert dataset_folder.exists(), f"Could not find path {dataset_folder}"
           ^^^^^^^^^^^^^^^^^^^^^^^
AssertionError: Could not find path /home/yarin.b/tembed/cache/row_similarity_data_full/Beer
2026-10-03 09:22:37,050 INFO __main__ - ================================================================================
2026-10-03 09:22:37,050 INFO __main__ - Starting [73/86] | Task: row_similarity_search | Approach: sentence_transformer | Env: benchmark_env | Dataset: DBLP-ACM
2026-10-03 09:22:37,050 INFO __main__ - ================================================================================
2026-10-03 09:22:37,050 INFO benchmark_src.run_benchmark - ################################################################################
2026-10-03 09:22:37,050 INFO benchmark_src.run_benchmark - Task: row_similarity_search  |  Approach: sentence_transformer  |  Dataset: DBLP-ACM
2026-10-03 09:22:37,051 INFO benchmark_src.tasks.run_row_similarity_benchmark - Started run_row_similarity_benchmark
2026-10-03 09:22:37,052 ERROR root - Traceback (most recent call last):
2026-10-03 09:22:37,052 ERROR root -   File "/home/yarin.b/tembed/benchmark_src/run_benchmark.py", line 43, in run_single
    run_row_similarity_benchmark.main(cfg)
2026-10-03 09:22:37,052 ERROR root -   File "/home/yarin.b/tembed/benchmark_src/tasks/run_row_similarity_benchmark.py", line 101, in main
    input_table, testcase_paths, dataset_information = load_benchmark_data(cfg)
                                                       ^^^^^^^^^^^^^^^^^^^^^^^^
2026-10-03 09:22:37,052 ERROR root -   File "/home/yarin.b/tembed/benchmark_src/tasks/run_row_similarity_benchmark.py", line 20, in load_benchmark_data
    assert dataset_folder.exists(), f"Could not find path {dataset_folder}"
           ^^^^^^^^^^^^^^^^^^^^^^^
2026-10-03 09:22:37,052 ERROR root - AssertionError: Could not find path /home/yarin.b/tembed/cache/row_similarity_data_full/DBLP-ACM
2026-10-03 09:22:37,052 ERROR benchmark_src.run_benchmark - Error during benchmark run, please check traceback above.
2026-10-03 09:22:37,052 ERROR __main__ - Failed sentence_transformer/row_similarity_search/DBLP-ACM
Traceback (most recent call last):
  File "/home/yarin.b/tembed/run_experiments.py", line 274, in _run_job
    run_single(cfg)
  File "/home/yarin.b/tembed/benchmark_src/run_benchmark.py", line 43, in run_single
    run_row_similarity_benchmark.main(cfg)
  File "/home/yarin.b/tembed/benchmark_src/tasks/run_row_similarity_benchmark.py", line 101, in main
    input_table, testcase_paths, dataset_information = load_benchmark_data(cfg)
                                                       ^^^^^^^^^^^^^^^^^^^^^^^^
  File "/home/yarin.b/tembed/benchmark_src/tasks/run_row_similarity_benchmark.py", line 20, in load_benchmark_data
    assert dataset_folder.exists(), f"Could not find path {dataset_folder}"
           ^^^^^^^^^^^^^^^^^^^^^^^
AssertionError: Could not find path /home/yarin.b/tembed/cache/row_similarity_data_full/DBLP-ACM
2026-10-03 09:22:37,228 INFO __main__ - ================================================================================
2026-10-03 09:22:37,228 INFO __main__ - Starting [74/86] | Task: row_similarity_search | Approach: sentence_transformer | Env: benchmark_env | Dataset: DBLP-GoogleScholar
2026-10-03 09:22:37,228 INFO __main__ - ================================================================================
2026-10-03 09:22:37,228 INFO benchmark_src.run_benchmark - ################################################################################
2026-10-03 09:22:37,228 INFO benchmark_src.run_benchmark - Task: row_similarity_search  |  Approach: sentence_transformer  |  Dataset: DBLP-GoogleScholar
2026-10-03 09:22:37,229 INFO benchmark_src.tasks.run_row_similarity_benchmark - Started run_row_similarity_benchmark
2026-10-03 09:22:37,229 ERROR root - Traceback (most recent call last):
2026-10-03 09:22:37,229 ERROR root -   File "/home/yarin.b/tembed/benchmark_src/run_benchmark.py", line 43, in run_single
    run_row_similarity_benchmark.main(cfg)
2026-10-03 09:22:37,229 ERROR root -   File "/home/yarin.b/tembed/benchmark_src/tasks/run_row_similarity_benchmark.py", line 101, in main
    input_table, testcase_paths, dataset_information = load_benchmark_data(cfg)
                                                       ^^^^^^^^^^^^^^^^^^^^^^^^
2026-10-03 09:22:37,229 ERROR root -   File "/home/yarin.b/tembed/benchmark_src/tasks/run_row_similarity_benchmark.py", line 20, in load_benchmark_data
    assert dataset_folder.exists(), f"Could not find path {dataset_folder}"
           ^^^^^^^^^^^^^^^^^^^^^^^
2026-10-03 09:22:37,229 ERROR root - AssertionError: Could not find path /home/yarin.b/tembed/cache/row_similarity_data_full/DBLP-GoogleScholar
2026-10-03 09:22:37,229 ERROR benchmark_src.run_benchmark - Error during benchmark run, please check traceback above.
2026-10-03 09:22:37,229 ERROR __main__ - Failed sentence_transformer/row_similarity_search/DBLP-GoogleScholar
Traceback (most recent call last):
  File "/home/yarin.b/tembed/run_experiments.py", line 274, in _run_job
    run_single(cfg)
  File "/home/yarin.b/tembed/benchmark_src/run_benchmark.py", line 43, in run_single
    run_row_similarity_benchmark.main(cfg)
  File "/home/yarin.b/tembed/benchmark_src/tasks/run_row_similarity_benchmark.py", line 101, in main
    input_table, testcase_paths, dataset_information = load_benchmark_data(cfg)
                                                       ^^^^^^^^^^^^^^^^^^^^^^^^
  File "/home/yarin.b/tembed/benchmark_src/tasks/run_row_similarity_benchmark.py", line 20, in load_benchmark_data
    assert dataset_folder.exists(), f"Could not find path {dataset_folder}"
           ^^^^^^^^^^^^^^^^^^^^^^^
AssertionError: Could not find path /home/yarin.b/tembed/cache/row_similarity_data_full/DBLP-GoogleScholar
2026-10-03 09:22:37,430 INFO __main__ - ================================================================================
2026-10-03 09:22:37,430 INFO __main__ - Starting [75/86] | Task: row_similarity_search | Approach: sentence_transformer | Env: benchmark_env | Dataset: Fodors-Zagats
2026-10-03 09:22:37,430 INFO __main__ - ================================================================================
2026-10-03 09:22:37,430 INFO benchmark_src.run_benchmark - ################################################################################
2026-10-03 09:22:37,430 INFO benchmark_src.run_benchmark - Task: row_similarity_search  |  Approach: sentence_transformer  |  Dataset: Fodors-Zagats
2026-10-03 09:22:37,431 INFO benchmark_src.tasks.run_row_similarity_benchmark - Started run_row_similarity_benchmark
2026-10-03 09:22:37,431 ERROR root - Traceback (most recent call last):
2026-10-03 09:22:37,431 ERROR root -   File "/home/yarin.b/tembed/benchmark_src/run_benchmark.py", line 43, in run_single
    run_row_similarity_benchmark.main(cfg)
2026-10-03 09:22:37,431 ERROR root -   File "/home/yarin.b/tembed/benchmark_src/tasks/run_row_similarity_benchmark.py", line 101, in main
    input_table, testcase_paths, dataset_information = load_benchmark_data(cfg)
                                                       ^^^^^^^^^^^^^^^^^^^^^^^^
2026-10-03 09:22:37,431 ERROR root -   File "/home/yarin.b/tembed/benchmark_src/tasks/run_row_similarity_benchmark.py", line 20, in load_benchmark_data
    assert dataset_folder.exists(), f"Could not find path {dataset_folder}"
           ^^^^^^^^^^^^^^^^^^^^^^^
2026-10-03 09:22:37,431 ERROR root - AssertionError: Could not find path /home/yarin.b/tembed/cache/row_similarity_data_full/Fodors-Zagats
2026-10-03 09:22:37,431 ERROR benchmark_src.run_benchmark - Error during benchmark run, please check traceback above.
2026-10-03 09:22:37,432 ERROR __main__ - Failed sentence_transformer/row_similarity_search/Fodors-Zagats
Traceback (most recent call last):
  File "/home/yarin.b/tembed/run_experiments.py", line 274, in _run_job
    run_single(cfg)
  File "/home/yarin.b/tembed/benchmark_src/run_benchmark.py", line 43, in run_single
    run_row_similarity_benchmark.main(cfg)
  File "/home/yarin.b/tembed/benchmark_src/tasks/run_row_similarity_benchmark.py", line 101, in main
    input_table, testcase_paths, dataset_information = load_benchmark_data(cfg)
                                                       ^^^^^^^^^^^^^^^^^^^^^^^^
  File "/home/yarin.b/tembed/benchmark_src/tasks/run_row_similarity_benchmark.py", line 20, in load_benchmark_data
    assert dataset_folder.exists(), f"Could not find path {dataset_folder}"
           ^^^^^^^^^^^^^^^^^^^^^^^
AssertionError: Could not find path /home/yarin.b/tembed/cache/row_similarity_data_full/Fodors-Zagats
2026-10-03 09:22:37,616 INFO __main__ - ================================================================================
2026-10-03 09:22:37,616 INFO __main__ - Starting [76/86] | Task: row_similarity_search | Approach: sentence_transformer | Env: benchmark_env | Dataset: geological-settlements
2026-10-03 09:22:37,616 INFO __main__ - ================================================================================
2026-10-03 09:22:37,616 INFO benchmark_src.run_benchmark - ################################################################################
2026-10-03 09:22:37,617 INFO benchmark_src.run_benchmark - Task: row_similarity_search  |  Approach: sentence_transformer  |  Dataset: geological-settlements
2026-10-03 09:22:37,618 INFO benchmark_src.tasks.run_row_similarity_benchmark - Started run_row_similarity_benchmark
2026-10-03 09:22:37,618 ERROR root - Traceback (most recent call last):
2026-10-03 09:22:37,618 ERROR root -   File "/home/yarin.b/tembed/benchmark_src/run_benchmark.py", line 43, in run_single
    run_row_similarity_benchmark.main(cfg)
2026-10-03 09:22:37,618 ERROR root -   File "/home/yarin.b/tembed/benchmark_src/tasks/run_row_similarity_benchmark.py", line 101, in main
    input_table, testcase_paths, dataset_information = load_benchmark_data(cfg)
                                                       ^^^^^^^^^^^^^^^^^^^^^^^^
2026-10-03 09:22:37,618 ERROR root -   File "/home/yarin.b/tembed/benchmark_src/tasks/run_row_similarity_benchmark.py", line 20, in load_benchmark_data
    assert dataset_folder.exists(), f"Could not find path {dataset_folder}"
           ^^^^^^^^^^^^^^^^^^^^^^^
2026-10-03 09:22:37,618 ERROR root - AssertionError: Could not find path /home/yarin.b/tembed/cache/row_similarity_data_full/geological-settlements
2026-10-03 09:22:37,618 ERROR benchmark_src.run_benchmark - Error during benchmark run, please check traceback above.
2026-10-03 09:22:37,618 ERROR __main__ - Failed sentence_transformer/row_similarity_search/geological-settlements
Traceback (most recent call last):
  File "/home/yarin.b/tembed/run_experiments.py", line 274, in _run_job
    run_single(cfg)
  File "/home/yarin.b/tembed/benchmark_src/run_benchmark.py", line 43, in run_single
    run_row_similarity_benchmark.main(cfg)
  File "/home/yarin.b/tembed/benchmark_src/tasks/run_row_similarity_benchmark.py", line 101, in main
    input_table, testcase_paths, dataset_information = load_benchmark_data(cfg)
                                                       ^^^^^^^^^^^^^^^^^^^^^^^^
  File "/home/yarin.b/tembed/benchmark_src/tasks/run_row_similarity_benchmark.py", line 20, in load_benchmark_data
    assert dataset_folder.exists(), f"Could not find path {dataset_folder}"
           ^^^^^^^^^^^^^^^^^^^^^^^
AssertionError: Could not find path /home/yarin.b/tembed/cache/row_similarity_data_full/geological-settlements
2026-10-03 09:22:37,808 INFO __main__ - ================================================================================
2026-10-03 09:22:37,808 INFO __main__ - Starting [77/86] | Task: row_similarity_search | Approach: sentence_transformer | Env: benchmark_env | Dataset: iTunes-Amazon
2026-10-03 09:22:37,808 INFO __main__ - ================================================================================
2026-10-03 09:22:37,808 INFO benchmark_src.run_benchmark - ################################################################################
2026-10-03 09:22:37,809 INFO benchmark_src.run_benchmark - Task: row_similarity_search  |  Approach: sentence_transformer  |  Dataset: iTunes-Amazon
2026-10-03 09:22:37,810 INFO benchmark_src.tasks.run_row_similarity_benchmark - Started run_row_similarity_benchmark
2026-10-03 09:22:37,810 ERROR root - Traceback (most recent call last):
2026-10-03 09:22:37,811 ERROR root -   File "/home/yarin.b/tembed/benchmark_src/run_benchmark.py", line 43, in run_single
    run_row_similarity_benchmark.main(cfg)
2026-10-03 09:22:37,811 ERROR root -   File "/home/yarin.b/tembed/benchmark_src/tasks/run_row_similarity_benchmark.py", line 101, in main
    input_table, testcase_paths, dataset_information = load_benchmark_data(cfg)
                                                       ^^^^^^^^^^^^^^^^^^^^^^^^
2026-10-03 09:22:37,811 ERROR root -   File "/home/yarin.b/tembed/benchmark_src/tasks/run_row_similarity_benchmark.py", line 20, in load_benchmark_data
    assert dataset_folder.exists(), f"Could not find path {dataset_folder}"
           ^^^^^^^^^^^^^^^^^^^^^^^
2026-10-03 09:22:37,811 ERROR root - AssertionError: Could not find path /home/yarin.b/tembed/cache/row_similarity_data_full/iTunes-Amazon
2026-10-03 09:22:37,811 ERROR benchmark_src.run_benchmark - Error during benchmark run, please check traceback above.
2026-10-03 09:22:37,811 ERROR __main__ - Failed sentence_transformer/row_similarity_search/iTunes-Amazon
Traceback (most recent call last):
  File "/home/yarin.b/tembed/run_experiments.py", line 274, in _run_job
    run_single(cfg)
  File "/home/yarin.b/tembed/benchmark_src/run_benchmark.py", line 43, in run_single
    run_row_similarity_benchmark.main(cfg)
  File "/home/yarin.b/tembed/benchmark_src/tasks/run_row_similarity_benchmark.py", line 101, in main
    input_table, testcase_paths, dataset_information = load_benchmark_data(cfg)
                                                       ^^^^^^^^^^^^^^^^^^^^^^^^
  File "/home/yarin.b/tembed/benchmark_src/tasks/run_row_similarity_benchmark.py", line 20, in load_benchmark_data
    assert dataset_folder.exists(), f"Could not find path {dataset_folder}"
           ^^^^^^^^^^^^^^^^^^^^^^^
AssertionError: Could not find path /home/yarin.b/tembed/cache/row_similarity_data_full/iTunes-Amazon
2026-10-03 09:22:37,992 INFO __main__ - ================================================================================
2026-10-03 09:22:37,992 INFO __main__ - Starting [78/86] | Task: row_similarity_search | Approach: sentence_transformer | Env: benchmark_env | Dataset: MusicBrainz
2026-10-03 09:22:37,992 INFO __main__ - ================================================================================
2026-10-03 09:22:37,992 INFO benchmark_src.run_benchmark - ################################################################################
2026-10-03 09:22:37,993 INFO benchmark_src.run_benchmark - Task: row_similarity_search  |  Approach: sentence_transformer  |  Dataset: MusicBrainz
2026-10-03 09:22:37,994 INFO benchmark_src.tasks.run_row_similarity_benchmark - Started run_row_similarity_benchmark
2026-10-03 09:22:37,994 ERROR root - Traceback (most recent call last):
2026-10-03 09:22:37,994 ERROR root -   File "/home/yarin.b/tembed/benchmark_src/run_benchmark.py", line 43, in run_single
    run_row_similarity_benchmark.main(cfg)
2026-10-03 09:22:37,994 ERROR root -   File "/home/yarin.b/tembed/benchmark_src/tasks/run_row_similarity_benchmark.py", line 101, in main
    input_table, testcase_paths, dataset_information = load_benchmark_data(cfg)
                                                       ^^^^^^^^^^^^^^^^^^^^^^^^
2026-10-03 09:22:37,994 ERROR root -   File "/home/yarin.b/tembed/benchmark_src/tasks/run_row_similarity_benchmark.py", line 20, in load_benchmark_data
    assert dataset_folder.exists(), f"Could not find path {dataset_folder}"
           ^^^^^^^^^^^^^^^^^^^^^^^
2026-10-03 09:22:37,994 ERROR root - AssertionError: Could not find path /home/yarin.b/tembed/cache/row_similarity_data_full/MusicBrainz
2026-10-03 09:22:37,994 ERROR benchmark_src.run_benchmark - Error during benchmark run, please check traceback above.
2026-10-03 09:22:37,994 ERROR __main__ - Failed sentence_transformer/row_similarity_search/MusicBrainz
Traceback (most recent call last):
  File "/home/yarin.b/tembed/run_experiments.py", line 274, in _run_job
    run_single(cfg)
  File "/home/yarin.b/tembed/benchmark_src/run_benchmark.py", line 43, in run_single
    run_row_similarity_benchmark.main(cfg)
  File "/home/yarin.b/tembed/benchmark_src/tasks/run_row_similarity_benchmark.py", line 101, in main
    input_table, testcase_paths, dataset_information = load_benchmark_data(cfg)
                                                       ^^^^^^^^^^^^^^^^^^^^^^^^
  File "/home/yarin.b/tembed/benchmark_src/tasks/run_row_similarity_benchmark.py", line 20, in load_benchmark_data
    assert dataset_folder.exists(), f"Could not find path {dataset_folder}"
           ^^^^^^^^^^^^^^^^^^^^^^^
AssertionError: Could not find path /home/yarin.b/tembed/cache/row_similarity_data_full/MusicBrainz
2026-10-03 09:22:38,169 INFO __main__ - ================================================================================
2026-10-03 09:22:38,169 INFO __main__ - Starting [79/86] | Task: row_similarity_search | Approach: sentence_transformer | Env: benchmark_env | Dataset: Walmart-Amazon
2026-10-03 09:22:38,169 INFO __main__ - ================================================================================
2026-10-03 09:22:38,169 INFO benchmark_src.run_benchmark - ################################################################################
2026-10-03 09:22:38,169 INFO benchmark_src.run_benchmark - Task: row_similarity_search  |  Approach: sentence_transformer  |  Dataset: Walmart-Amazon
2026-10-03 09:22:38,170 INFO benchmark_src.tasks.run_row_similarity_benchmark - Started run_row_similarity_benchmark
2026-10-03 09:22:38,171 ERROR root - Traceback (most recent call last):
2026-10-03 09:22:38,171 ERROR root -   File "/home/yarin.b/tembed/benchmark_src/run_benchmark.py", line 43, in run_single
    run_row_similarity_benchmark.main(cfg)
2026-10-03 09:22:38,171 ERROR root -   File "/home/yarin.b/tembed/benchmark_src/tasks/run_row_similarity_benchmark.py", line 101, in main
    input_table, testcase_paths, dataset_information = load_benchmark_data(cfg)
                                                       ^^^^^^^^^^^^^^^^^^^^^^^^
2026-10-03 09:22:38,171 ERROR root -   File "/home/yarin.b/tembed/benchmark_src/tasks/run_row_similarity_benchmark.py", line 20, in load_benchmark_data
    assert dataset_folder.exists(), f"Could not find path {dataset_folder}"
           ^^^^^^^^^^^^^^^^^^^^^^^
2026-10-03 09:22:38,171 ERROR root - AssertionError: Could not find path /home/yarin.b/tembed/cache/row_similarity_data_full/Walmart-Amazon
2026-10-03 09:22:38,171 ERROR benchmark_src.run_benchmark - Error during benchmark run, please check traceback above.
2026-10-03 09:22:38,171 ERROR __main__ - Failed sentence_transformer/row_similarity_search/Walmart-Amazon
Traceback (most recent call last):
  File "/home/yarin.b/tembed/run_experiments.py", line 274, in _run_job
    run_single(cfg)
  File "/home/yarin.b/tembed/benchmark_src/run_benchmark.py", line 43, in run_single
    run_row_similarity_benchmark.main(cfg)
  File "/home/yarin.b/tembed/benchmark_src/tasks/run_row_similarity_benchmark.py", line 101, in main
    input_table, testcase_paths, dataset_information = load_benchmark_data(cfg)
                                                       ^^^^^^^^^^^^^^^^^^^^^^^^
  File "/home/yarin.b/tembed/benchmark_src/tasks/run_row_similarity_benchmark.py", line 20, in load_benchmark_data
    assert dataset_folder.exists(), f"Could not find path {dataset_folder}"
           ^^^^^^^^^^^^^^^^^^^^^^^
AssertionError: Could not find path /home/yarin.b/tembed/cache/row_similarity_data_full/Walmart-Amazon
2026-10-03 09:22:38,349 INFO __main__ - ================================================================================
2026-10-03 09:22:38,350 INFO __main__ - Starting [80/86] | Task: row_triplet_evaluation | Approach: sentence_transformer | Env: benchmark_env | Dataset: wikidata_books
2026-10-03 09:22:38,350 INFO __main__ - ================================================================================
2026-10-03 09:22:38,350 INFO benchmark_src.run_benchmark - ################################################################################
2026-10-03 09:22:38,350 INFO benchmark_src.run_benchmark - Task: row_triplet_evaluation  |  Approach: sentence_transformer  |  Dataset: wikidata_books
2026-10-03 09:22:38,351 INFO benchmark_src.tasks.run_row_triplet_evaluation_benchmark - Started run_row_triplet_evaluation_benchmark
2026-10-03 09:22:38,351 INFO benchmark_src.tasks.run_row_triplet_evaluation_benchmark - Wikidata books dataset found in cache
2026-10-03 09:22:38,388 INFO benchmark_src.utils.load_benchmark - Loaded dataset input table with 1203 rows and 281 attributes: Index(['QID', 'label', 'author___P50', 'description___None',
       'distribution format___P437', 'instance of___P31', 'version___None',
       'country___P17', 'language of work or name___P407', 'genre___P136',
       ...
       'Beirut Arab University's Libraries title ID___P9504',
       'related image___P6802', 'British Library system number___P5199',
       'Gran Enciclopèdia Catalana ID (former scheme)___P1296',
       'Gran Enciclopèdia Catalana ID___P12385', 'De Agostini ID___P6706',
       'PACTOLS thesaurus ID___P4212', 'replaces___P1365',
       'author of afterword___P2680', 'author of foreword___P2679'],
      dtype='object', length=281)
2026-10-03 09:22:38,389 INFO root - Found 903 testcases in /home/yarin.b/tembed/cache/datasets/more_similar_than/wikidata_books, limit is None
2026-10-03 09:22:38,436 INFO root - Successfully loaded module 'approach' from '/home/yarin.b/tembed/approaches/benchmark_approaches_src/sentence_transformer/approach.py'.
2026-10-03 09:22:38,436 INFO approach - SentenceTransformerEmbedder: Initialized.
2026-10-03 09:22:38,443 INFO root - BaseEmbeddingApproach: Loaded component: RowEmbeddingComponent
2026-10-03 09:22:38,443 INFO sentence_transformers.SentenceTransformer - Use pytorch device_name: cuda
2026-10-03 09:22:38,443 INFO sentence_transformers.SentenceTransformer - Load pretrained SentenceTransformer: all-MiniLM-L6-v2
2026-10-03 09:22:38,769 ERROR root - modules.json:   0%|          | 0.00/349 [00:00<?, ?B/s]
2026-10-03 09:22:38,769 ERROR root - modules.json: 100%|##########| 349/349 [00:00<00:00, 3.56MB/s]
2026-10-03 09:22:39,048 ERROR root - config_sentence_transformers.json:   0%|          | 0.00/116 [00:00<?, ?B/s]
2026-10-03 09:22:39,048 ERROR root - config_sentence_transformers.json: 100%|##########| 116/116 [00:00<00:00, 1.23MB/s]
2026-10-03 09:22:39,337 ERROR root - README.md: 0.00B [00:00, ?B/s]
2026-10-03 09:22:39,338 ERROR root - README.md: 10.5kB [00:00, 47.0MB/s]
2026-10-03 09:22:39,723 ERROR root - sentence_bert_config.json:   0%|          | 0.00/53.0 [00:00<?, ?B/s]
2026-10-03 09:22:39,724 ERROR root - sentence_bert_config.json: 100%|##########| 53.0/53.0 [00:00<00:00, 606kB/s]
2026-10-03 09:22:40,024 ERROR root - config.json:   0%|          | 0.00/612 [00:00<?, ?B/s]
2026-10-03 09:22:40,024 ERROR root - config.json: 100%|##########| 612/612 [00:00<00:00, 7.42MB/s]
2026-10-03 09:22:40,320 ERROR root - model.safetensors:   0%|          | 0.00/90.9M [00:00<?, ?B/s]
2026-10-03 09:22:41,091 ERROR root - model.safetensors:   1%|          | 540k/90.9M [00:00<02:08, 701kB/s]
2026-10-03 09:22:41,715 ERROR root - model.safetensors:  26%|##6       | 23.9M/90.9M [00:01<00:03, 20.4MB/s]
2026-10-03 09:22:42,578 ERROR root - model.safetensors: 100%|##########| 90.9M/90.9M [00:02<00:00, 49.8MB/s]
2026-10-03 09:22:42,579 ERROR root - model.safetensors: 100%|##########| 90.9M/90.9M [00:02<00:00, 40.2MB/s]
2026-10-03 09:22:42,997 ERROR root - tokenizer_config.json:   0%|          | 0.00/350 [00:00<?, ?B/s]
2026-10-03 09:22:42,997 ERROR root - tokenizer_config.json: 100%|##########| 350/350 [00:00<00:00, 4.08MB/s]
2026-10-03 09:22:43,448 ERROR root - vocab.txt: 0.00B [00:00, ?B/s]
2026-10-03 09:22:43,455 ERROR root - vocab.txt: 232kB [00:00, 36.3MB/s]
2026-10-03 09:22:43,732 ERROR root - tokenizer.json: 0.00B [00:00, ?B/s]
2026-10-03 09:22:43,742 ERROR root - tokenizer.json: 466kB [00:00, 51.2MB/s]
2026-10-03 09:22:44,113 ERROR root - special_tokens_map.json:   0%|          | 0.00/112 [00:00<?, ?B/s]
2026-10-03 09:22:44,113 ERROR root - special_tokens_map.json: 100%|##########| 112/112 [00:00<00:00, 1.45MB/s]
2026-10-03 09:22:44,676 ERROR root - config.json:   0%|          | 0.00/190 [00:00<?, ?B/s]
2026-10-03 09:22:44,677 ERROR root - config.json: 100%|##########| 190/190 [00:00<00:00, 2.44MB/s]
2026-10-03 09:22:45,035 INFO approach - Loaded model on device: cuda:0
2026-10-03 09:22:45,717 ERROR root -   0%|          | 0/1203 [00:00<?, ?it/s]
2026-10-03 09:22:46,232 ERROR root - Batches:   0%|          | 0/38 [00:00<?, ?it/s]
2026-10-03 09:22:46,495 ERROR root - Batches:   3%|2         | 1/38 [00:00<00:09,  3.80it/s]
2026-10-03 09:22:46,673 ERROR root - Batches:   5%|5         | 2/38 [00:00<00:07,  4.69it/s]
2026-10-03 09:22:46,848 ERROR root - Batches:   8%|7         | 3/38 [00:00<00:06,  5.12it/s]
2026-10-03 09:22:47,022 ERROR root - Batches:  11%|#         | 4/38 [00:00<00:06,  5.35it/s]
2026-10-03 09:22:47,196 ERROR root - Batches:  13%|#3        | 5/38 [00:00<00:06,  5.48it/s]
2026-10-03 09:22:47,371 ERROR root - Batches:  16%|#5        | 6/38 [00:01<00:05,  5.56it/s]
2026-10-03 09:22:47,545 ERROR root - Batches:  18%|#8        | 7/38 [00:01<00:05,  5.62it/s]
2026-10-03 09:22:47,719 ERROR root - Batches:  21%|##1       | 8/38 [00:01<00:05,  5.66it/s]
2026-10-03 09:22:47,894 ERROR root - Batches:  24%|##3       | 9/38 [00:01<00:05,  5.68it/s]
2026-10-03 09:22:48,068 ERROR root - Batches:  26%|##6       | 10/38 [00:01<00:04,  5.70it/s]
2026-10-03 09:22:48,242 ERROR root - Batches:  29%|##8       | 11/38 [00:02<00:04,  5.71it/s]
2026-10-03 09:22:48,417 ERROR root - Batches:  32%|###1      | 12/38 [00:02<00:04,  5.72it/s]
2026-10-03 09:22:48,591 ERROR root - Batches:  34%|###4      | 13/38 [00:02<00:04,  5.73it/s]
2026-10-03 09:22:48,765 ERROR root - Batches:  37%|###6      | 14/38 [00:02<00:04,  5.73it/s]
2026-10-03 09:22:48,938 ERROR root - Batches:  39%|###9      | 15/38 [00:02<00:04,  5.74it/s]
2026-10-03 09:22:49,112 ERROR root - Batches:  42%|####2     | 16/38 [00:02<00:03,  5.74it/s]
2026-10-03 09:22:49,286 ERROR root - Batches:  45%|####4     | 17/38 [00:03<00:03,  5.75it/s]
2026-10-03 09:22:49,459 ERROR root - Batches:  47%|####7     | 18/38 [00:03<00:03,  5.75it/s]
2026-10-03 09:22:49,633 ERROR root - Batches:  50%|#####     | 19/38 [00:03<00:03,  5.76it/s]
2026-10-03 09:22:49,808 ERROR root - Batches:  53%|#####2    | 20/38 [00:03<00:03,  5.74it/s]
2026-10-03 09:22:49,981 ERROR root - Batches:  55%|#####5    | 21/38 [00:03<00:02,  5.75it/s]
2026-10-03 09:22:50,155 ERROR root - Batches:  58%|#####7    | 22/38 [00:03<00:02,  5.75it/s]
2026-10-03 09:22:50,329 ERROR root - Batches:  61%|######    | 23/38 [00:04<00:02,  5.75it/s]
2026-10-03 09:22:50,502 ERROR root - Batches:  63%|######3   | 24/38 [00:04<00:02,  5.76it/s]
2026-10-03 09:22:50,676 ERROR root - Batches:  66%|######5   | 25/38 [00:04<00:02,  5.76it/s]
2026-10-03 09:22:50,850 ERROR root - Batches:  68%|######8   | 26/38 [00:04<00:02,  5.75it/s]
2026-10-03 09:22:51,023 ERROR root - Batches:  71%|#######1  | 27/38 [00:04<00:01,  5.76it/s]
2026-10-03 09:22:51,198 ERROR root - Batches:  74%|#######3  | 28/38 [00:04<00:01,  5.75it/s]
2026-10-03 09:22:51,372 ERROR root - Batches:  76%|#######6  | 29/38 [00:05<00:01,  5.74it/s]
2026-10-03 09:22:51,545 ERROR root - Batches:  79%|#######8  | 30/38 [00:05<00:01,  5.75it/s]
2026-10-03 09:22:51,720 ERROR root - Batches:  82%|########1 | 31/38 [00:05<00:01,  5.75it/s]
2026-10-03 09:22:51,894 ERROR root - Batches:  84%|########4 | 32/38 [00:05<00:01,  5.75it/s]
2026-10-03 09:22:52,067 ERROR root - Batches:  87%|########6 | 33/38 [00:05<00:00,  5.75it/s]
2026-10-03 09:22:52,241 ERROR root - Batches:  89%|########9 | 34/38 [00:06<00:00,  5.75it/s]
2026-10-03 09:22:52,415 ERROR root - Batches:  92%|#########2| 35/38 [00:06<00:00,  5.75it/s]
2026-10-03 09:22:52,590 ERROR root - Batches:  95%|#########4| 36/38 [00:06<00:00,  5.74it/s]
2026-10-03 09:22:52,763 ERROR root - Batches:  97%|#########7| 37/38 [00:06<00:00,  5.75it/s]
2026-10-03 09:22:52,867 ERROR root - Batches: 100%|##########| 38/38 [00:06<00:00,  6.54it/s]
2026-10-03 09:22:52,867 ERROR root - Batches: 100%|##########| 38/38 [00:06<00:00,  5.73it/s]
2026-10-03 09:22:52,871 ERROR root -   0%|          | 0/903 [00:00<?, ?it/s]
2026-10-03 09:22:54,167 ERROR root - 100%|##########| 903/903 [00:01<00:00, 696.64it/s]
2026-10-03 09:22:54,493 INFO benchmark_src.utils.resource_monitoring - Saved resource metrics: CSV + JSON for setup and task.
2026-10-03 09:22:54,500 INFO benchmark_src.tasks.run_row_triplet_evaluation_benchmark - {'accuracy': 0.7652270210409745, 'accuracy_easy': 0.8272552783109405, 'accuracy_medium': 0.680628272251309}
2026-10-03 09:22:54,500 INFO root - Dataset: wikidata_books
2026-10-03 09:22:54,503 INFO root - Saved metrics to disk
2026-10-03 09:22:54,504 INFO __main__ - Finished sentence_transformer/row_triplet_evaluation/wikidata_books
2026-10-03 09:22:54,787 INFO __main__ - ================================================================================
2026-10-03 09:22:54,788 INFO __main__ - Starting [81/86] | Task: row_triplet_evaluation | Approach: sentence_transformer | Env: benchmark_env | Dataset: wikidata_books@no_genre
2026-10-03 09:22:54,788 INFO __main__ - ================================================================================
2026-10-03 09:22:54,788 INFO benchmark_src.run_benchmark - ################################################################################
2026-10-03 09:22:54,788 INFO benchmark_src.run_benchmark - Task: row_triplet_evaluation  |  Approach: sentence_transformer  |  Dataset: wikidata_books@no_genre
2026-10-03 09:22:54,789 INFO benchmark_src.tasks.run_row_triplet_evaluation_benchmark - Started run_row_triplet_evaluation_benchmark
2026-10-03 09:22:54,789 INFO benchmark_src.tasks.run_row_triplet_evaluation_benchmark - Running with sub-dataset @no_genre of base dataset wikidata_books
2026-10-03 09:22:54,789 INFO benchmark_src.tasks.run_row_triplet_evaluation_benchmark - Wikidata books dataset found in cache
2026-10-03 09:22:54,820 INFO benchmark_src.utils.load_benchmark - Loaded dataset input table with 1203 rows and 280 attributes: Index(['QID', 'label', 'author___P50', 'description___None',
       'distribution format___P437', 'instance of___P31', 'version___None',
       'country___P17', 'language of work or name___P407', 'continent___P30',
       ...
       'Beirut Arab University's Libraries title ID___P9504',
       'related image___P6802', 'British Library system number___P5199',
       'Gran Enciclopèdia Catalana ID (former scheme)___P1296',
       'Gran Enciclopèdia Catalana ID___P12385', 'De Agostini ID___P6706',
       'PACTOLS thesaurus ID___P4212', 'replaces___P1365',
       'author of afterword___P2680', 'author of foreword___P2679'],
      dtype='object', length=280)
2026-10-03 09:22:54,822 INFO root - Found 903 testcases in /home/yarin.b/tembed/cache/datasets/more_similar_than/wikidata_books, limit is None
2026-10-03 09:22:54,823 INFO root - Successfully loaded module 'approach' from '/home/yarin.b/tembed/approaches/benchmark_approaches_src/sentence_transformer/approach.py'.
2026-10-03 09:22:54,823 INFO approach - SentenceTransformerEmbedder: Initialized.
2026-10-03 09:22:54,825 INFO root - BaseEmbeddingApproach: Loaded component: RowEmbeddingComponent
2026-10-03 09:22:54,825 INFO sentence_transformers.SentenceTransformer - Use pytorch device_name: cuda
2026-10-03 09:22:54,825 INFO sentence_transformers.SentenceTransformer - Load pretrained SentenceTransformer: all-MiniLM-L6-v2
2026-10-03 09:22:55,912 INFO approach - Loaded model on device: cuda:0
2026-10-03 09:22:56,900 ERROR root -   0%|          | 0/1203 [00:00<?, ?it/s]
2026-10-03 09:22:57,437 ERROR root - Batches:   0%|          | 0/38 [00:00<?, ?it/s]
2026-10-03 09:22:57,625 ERROR root - Batches:   3%|2         | 1/38 [00:00<00:06,  5.31it/s]
2026-10-03 09:22:57,804 ERROR root - Batches:   5%|5         | 2/38 [00:00<00:06,  5.48it/s]
2026-10-03 09:22:57,983 ERROR root - Batches:   8%|7         | 3/38 [00:00<00:06,  5.53it/s]
2026-10-03 09:22:58,160 ERROR root - Batches:  11%|#         | 4/38 [00:00<00:06,  5.57it/s]
2026-10-03 09:22:58,338 ERROR root - Batches:  13%|#3        | 5/38 [00:00<00:05,  5.59it/s]
2026-10-03 09:22:58,515 ERROR root - Batches:  16%|#5        | 6/38 [00:01<00:05,  5.61it/s]
2026-10-03 09:22:58,692 ERROR root - Batches:  18%|#8        | 7/38 [00:01<00:05,  5.62it/s]
2026-10-03 09:22:58,870 ERROR root - Batches:  21%|##1       | 8/38 [00:01<00:05,  5.62it/s]
2026-10-03 09:22:59,047 ERROR root - Batches:  24%|##3       | 9/38 [00:01<00:05,  5.63it/s]
2026-10-03 09:22:59,224 ERROR root - Batches:  26%|##6       | 10/38 [00:01<00:04,  5.63it/s]
2026-10-03 09:22:59,402 ERROR root - Batches:  29%|##8       | 11/38 [00:01<00:04,  5.63it/s]
2026-10-03 09:22:59,579 ERROR root - Batches:  32%|###1      | 12/38 [00:02<00:04,  5.64it/s]
2026-10-03 09:22:59,756 ERROR root - Batches:  34%|###4      | 13/38 [00:02<00:04,  5.64it/s]
2026-10-03 09:22:59,934 ERROR root - Batches:  37%|###6      | 14/38 [00:02<00:04,  5.64it/s]
2026-10-03 09:23:00,111 ERROR root - Batches:  39%|###9      | 15/38 [00:02<00:04,  5.64it/s]
2026-10-03 09:23:00,288 ERROR root - Batches:  42%|####2     | 16/38 [00:02<00:03,  5.64it/s]
2026-10-03 09:23:00,466 ERROR root - Batches:  45%|####4     | 17/38 [00:03<00:03,  5.63it/s]
2026-10-03 09:23:00,644 ERROR root - Batches:  47%|####7     | 18/38 [00:03<00:03,  5.63it/s]
2026-10-03 09:23:00,821 ERROR root - Batches:  50%|#####     | 19/38 [00:03<00:03,  5.63it/s]
2026-10-03 09:23:00,999 ERROR root - Batches:  53%|#####2    | 20/38 [00:03<00:03,  5.63it/s]
2026-10-03 09:23:01,178 ERROR root - Batches:  55%|#####5    | 21/38 [00:03<00:03,  5.62it/s]
2026-10-03 09:23:01,356 ERROR root - Batches:  58%|#####7    | 22/38 [00:03<00:02,  5.62it/s]
2026-10-03 09:23:01,534 ERROR root - Batches:  61%|######    | 23/38 [00:04<00:02,  5.62it/s]
2026-10-03 09:23:01,711 ERROR root - Batches:  63%|######3   | 24/38 [00:04<00:02,  5.62it/s]
2026-10-03 09:23:01,889 ERROR root - Batches:  66%|######5   | 25/38 [00:04<00:02,  5.62it/s]
2026-10-03 09:23:02,067 ERROR root - Batches:  68%|######8   | 26/38 [00:04<00:02,  5.63it/s]
2026-10-03 09:23:02,244 ERROR root - Batches:  71%|#######1  | 27/38 [00:04<00:01,  5.63it/s]
2026-10-03 09:23:02,422 ERROR root - Batches:  74%|#######3  | 28/38 [00:04<00:01,  5.63it/s]
2026-10-03 09:23:02,600 ERROR root - Batches:  76%|#######6  | 29/38 [00:05<00:01,  5.63it/s]
2026-10-03 09:23:02,777 ERROR root - Batches:  79%|#######8  | 30/38 [00:05<00:01,  5.63it/s]
2026-10-03 09:23:02,955 ERROR root - Batches:  82%|########1 | 31/38 [00:05<00:01,  5.63it/s]
2026-10-03 09:23:03,132 ERROR root - Batches:  84%|########4 | 32/38 [00:05<00:01,  5.63it/s]
2026-10-03 09:23:03,310 ERROR root - Batches:  87%|########6 | 33/38 [00:05<00:00,  5.64it/s]
2026-10-03 09:23:03,487 ERROR root - Batches:  89%|########9 | 34/38 [00:06<00:00,  5.64it/s]
2026-10-03 09:23:03,665 ERROR root - Batches:  92%|#########2| 35/38 [00:06<00:00,  5.63it/s]
2026-10-03 09:23:03,843 ERROR root - Batches:  95%|#########4| 36/38 [00:06<00:00,  5.63it/s]
2026-10-03 09:23:04,021 ERROR root - Batches:  97%|#########7| 37/38 [00:06<00:00,  5.62it/s]
2026-10-03 09:23:04,129 ERROR root - Batches: 100%|##########| 38/38 [00:06<00:00,  6.38it/s]
2026-10-03 09:23:04,129 ERROR root - Batches: 100%|##########| 38/38 [00:06<00:00,  5.68it/s]
2026-10-03 09:23:04,136 ERROR root -   0%|          | 0/903 [00:00<?, ?it/s]
2026-10-03 09:23:05,419 ERROR root - 100%|##########| 903/903 [00:01<00:00, 703.49it/s]
2026-10-03 09:23:05,721 INFO benchmark_src.utils.resource_monitoring - Saved resource metrics: CSV + JSON for setup and task.
2026-10-03 09:23:05,728 INFO benchmark_src.tasks.run_row_triplet_evaluation_benchmark - {'accuracy': 0.6998892580287929, 'accuracy_easy': 0.7389635316698656, 'accuracy_medium': 0.6465968586387435}
2026-10-03 09:23:05,728 INFO root - Dataset: wikidata_books@no_genre
2026-10-03 09:23:05,731 INFO root - Saved metrics to disk
2026-10-03 09:23:05,733 INFO __main__ - Finished sentence_transformer/row_triplet_evaluation/wikidata_books@no_genre
2026-10-03 09:23:06,004 INFO __main__ - ================================================================================
2026-10-03 09:23:06,004 INFO __main__ - Starting [82/86] | Task: row_triplet_evaluation | Approach: sentence_transformer | Env: benchmark_env | Dataset: wikidata_books@only_five_cols
2026-10-03 09:23:06,004 INFO __main__ - ================================================================================
2026-10-03 09:23:06,004 INFO benchmark_src.run_benchmark - ################################################################################
2026-10-03 09:23:06,004 INFO benchmark_src.run_benchmark - Task: row_triplet_evaluation  |  Approach: sentence_transformer  |  Dataset: wikidata_books@only_five_cols
2026-10-03 09:23:06,006 INFO benchmark_src.tasks.run_row_triplet_evaluation_benchmark - Started run_row_triplet_evaluation_benchmark
2026-10-03 09:23:06,006 INFO benchmark_src.tasks.run_row_triplet_evaluation_benchmark - Running with sub-dataset @only_five_cols of base dataset wikidata_books
2026-10-03 09:23:06,006 INFO benchmark_src.tasks.run_row_triplet_evaluation_benchmark - Wikidata books dataset found in cache
2026-10-03 09:23:06,010 INFO benchmark_src.utils.load_benchmark - Loaded dataset input table with 1203 rows and 5 attributes: Index(['QID', 'label', 'author___P50', 'description___None', 'genre___P136'], dtype='object')
2026-10-03 09:23:06,012 INFO root - Found 903 testcases in /home/yarin.b/tembed/cache/datasets/more_similar_than/wikidata_books, limit is None
2026-10-03 09:23:06,013 INFO root - Successfully loaded module 'approach' from '/home/yarin.b/tembed/approaches/benchmark_approaches_src/sentence_transformer/approach.py'.
2026-10-03 09:23:06,013 INFO approach - SentenceTransformerEmbedder: Initialized.
2026-10-03 09:23:06,014 INFO root - BaseEmbeddingApproach: Loaded component: RowEmbeddingComponent
2026-10-03 09:23:06,014 INFO sentence_transformers.SentenceTransformer - Use pytorch device_name: cuda
2026-10-03 09:23:06,014 INFO sentence_transformers.SentenceTransformer - Load pretrained SentenceTransformer: all-MiniLM-L6-v2
2026-10-03 09:23:07,085 INFO approach - Loaded model on device: cuda:0
2026-10-03 09:23:08,087 ERROR root -   0%|          | 0/1203 [00:00<?, ?it/s]
2026-10-03 09:23:08,126 ERROR root - Batches:   0%|          | 0/38 [00:00<?, ?it/s]
2026-10-03 09:23:08,233 ERROR root - Batches:  34%|###4      | 13/38 [00:00<00:00, 121.53it/s]
2026-10-03 09:23:08,339 ERROR root - Batches:  74%|#######3  | 28/38 [00:00<00:00, 133.17it/s]
2026-10-03 09:23:08,408 ERROR root - Batches: 100%|##########| 38/38 [00:00<00:00, 134.57it/s]
2026-10-03 09:23:08,415 ERROR root -   0%|          | 0/903 [00:00<?, ?it/s]
2026-10-03 09:23:09,587 ERROR root - 100%|##########| 903/903 [00:01<00:00, 770.42it/s]
2026-10-03 09:23:09,875 INFO benchmark_src.utils.resource_monitoring - Saved resource metrics: CSV + JSON for setup and task.
2026-10-03 09:23:09,882 INFO benchmark_src.tasks.run_row_triplet_evaluation_benchmark - {'accuracy': 0.8338870431893688, 'accuracy_easy': 0.9289827255278311, 'accuracy_medium': 0.7041884816753927}
2026-10-03 09:23:09,882 INFO root - Dataset: wikidata_books@only_five_cols
2026-10-03 09:23:09,885 INFO root - Saved metrics to disk
2026-10-03 09:23:09,886 INFO __main__ - Finished sentence_transformer/row_triplet_evaluation/wikidata_books@only_five_cols
2026-10-03 09:23:10,142 INFO __main__ - ================================================================================
2026-10-03 09:23:10,142 INFO __main__ - Starting [83/86] | Task: row_triplet_evaluation | Approach: sentence_transformer | Env: benchmark_env | Dataset: wikidata_books@no_col_names
2026-10-03 09:23:10,142 INFO __main__ - ================================================================================
2026-10-03 09:23:10,142 INFO benchmark_src.run_benchmark - ################################################################################
2026-10-03 09:23:10,142 INFO benchmark_src.run_benchmark - Task: row_triplet_evaluation  |  Approach: sentence_transformer  |  Dataset: wikidata_books@no_col_names
2026-10-03 09:23:10,143 INFO benchmark_src.tasks.run_row_triplet_evaluation_benchmark - Started run_row_triplet_evaluation_benchmark
2026-10-03 09:23:10,144 INFO benchmark_src.tasks.run_row_triplet_evaluation_benchmark - Running with sub-dataset @no_col_names of base dataset wikidata_books
2026-10-03 09:23:10,144 INFO benchmark_src.tasks.run_row_triplet_evaluation_benchmark - Wikidata books dataset found in cache
2026-10-03 09:23:10,174 INFO benchmark_src.utils.load_benchmark - Loaded dataset input table with 1203 rows and 281 attributes: Index(['col0', 'col1', 'col2', 'col3', 'col4', 'col5', 'col6', 'col7', 'col8',
       'col9',
       ...
       'col271', 'col272', 'col273', 'col274', 'col275', 'col276', 'col277',
       'col278', 'col279', 'col280'],
      dtype='object', length=281)
2026-10-03 09:23:10,176 INFO root - Found 903 testcases in /home/yarin.b/tembed/cache/datasets/more_similar_than/wikidata_books, limit is None
2026-10-03 09:23:10,177 INFO root - Successfully loaded module 'approach' from '/home/yarin.b/tembed/approaches/benchmark_approaches_src/sentence_transformer/approach.py'.
2026-10-03 09:23:10,177 INFO approach - SentenceTransformerEmbedder: Initialized.
2026-10-03 09:23:10,178 INFO root - BaseEmbeddingApproach: Loaded component: RowEmbeddingComponent
2026-10-03 09:23:10,178 INFO sentence_transformers.SentenceTransformer - Use pytorch device_name: cuda
2026-10-03 09:23:10,178 INFO sentence_transformers.SentenceTransformer - Load pretrained SentenceTransformer: all-MiniLM-L6-v2
2026-10-03 09:23:11,190 INFO approach - Loaded model on device: cuda:0
2026-10-03 09:23:12,255 ERROR root -   0%|          | 0/1203 [00:00<?, ?it/s]
2026-10-03 09:23:12,604 ERROR root - Batches:   0%|          | 0/38 [00:00<?, ?it/s]
2026-10-03 09:23:12,771 ERROR root - Batches:   5%|5         | 2/38 [00:00<00:02, 12.04it/s]
2026-10-03 09:23:12,928 ERROR root - Batches:  11%|#         | 4/38 [00:00<00:02, 12.44it/s]
2026-10-03 09:23:13,083 ERROR root - Batches:  16%|#5        | 6/38 [00:00<00:02, 12.63it/s]
2026-10-03 09:23:13,238 ERROR root - Batches:  21%|##1       | 8/38 [00:00<00:02, 12.75it/s]
2026-10-03 09:23:13,392 ERROR root - Batches:  26%|##6       | 10/38 [00:00<00:02, 12.83it/s]
2026-10-03 09:23:13,546 ERROR root - Batches:  32%|###1      | 12/38 [00:00<00:02, 12.89it/s]
2026-10-03 09:23:13,699 ERROR root - Batches:  37%|###6      | 14/38 [00:01<00:01, 12.94it/s]
2026-10-03 09:23:13,852 ERROR root - Batches:  42%|####2     | 16/38 [00:01<00:01, 12.98it/s]
2026-10-03 09:23:14,005 ERROR root - Batches:  47%|####7     | 18/38 [00:01<00:01, 13.01it/s]
2026-10-03 09:23:14,157 ERROR root - Batches:  53%|#####2    | 20/38 [00:01<00:01, 13.07it/s]
2026-10-03 09:23:14,308 ERROR root - Batches:  58%|#####7    | 22/38 [00:01<00:01, 13.11it/s]
2026-10-03 09:23:14,459 ERROR root - Batches:  63%|######3   | 24/38 [00:01<00:01, 13.14it/s]
2026-10-03 09:23:14,611 ERROR root - Batches:  68%|######8   | 26/38 [00:02<00:00, 13.17it/s]
2026-10-03 09:23:14,762 ERROR root - Batches:  74%|#######3  | 28/38 [00:02<00:00, 13.18it/s]
2026-10-03 09:23:14,913 ERROR root - Batches:  79%|#######8  | 30/38 [00:02<00:00, 13.21it/s]
2026-10-03 09:23:15,063 ERROR root - Batches:  84%|########4 | 32/38 [00:02<00:00, 13.23it/s]
2026-10-03 09:23:15,213 ERROR root - Batches:  89%|########9 | 34/38 [00:02<00:00, 13.26it/s]
2026-10-03 09:23:15,363 ERROR root - Batches:  95%|#########4| 36/38 [00:02<00:00, 13.30it/s]
2026-10-03 09:23:15,483 ERROR root - Batches: 100%|##########| 38/38 [00:02<00:00, 14.16it/s]
2026-10-03 09:23:15,483 ERROR root - Batches: 100%|##########| 38/38 [00:02<00:00, 13.20it/s]
2026-10-03 09:23:15,486 ERROR root -   0%|          | 0/903 [00:00<?, ?it/s]
2026-10-03 09:23:16,795 ERROR root - 100%|##########| 903/903 [00:01<00:00, 690.20it/s]
2026-10-03 09:23:17,097 INFO benchmark_src.utils.resource_monitoring - Saved resource metrics: CSV + JSON for setup and task.
2026-10-03 09:23:17,103 INFO benchmark_src.tasks.run_row_triplet_evaluation_benchmark - {'accuracy': 0.8095238095238095, 'accuracy_easy': 0.8618042226487524, 'accuracy_medium': 0.7382198952879581}
2026-10-03 09:23:17,103 INFO root - Dataset: wikidata_books@no_col_names
2026-10-03 09:23:17,106 INFO root - Saved metrics to disk
2026-10-03 09:23:17,107 INFO __main__ - Finished sentence_transformer/row_triplet_evaluation/wikidata_books@no_col_names
2026-10-03 09:23:17,342 INFO __main__ - ================================================================================
2026-10-03 09:23:17,343 INFO __main__ - Starting [84/86] | Task: row_triplet_evaluation | Approach: sentence_transformer | Env: benchmark_env | Dataset: wikidata_books@no_pid_in_col_names
2026-10-03 09:23:17,343 INFO __main__ - ================================================================================
2026-10-03 09:23:17,343 INFO benchmark_src.run_benchmark - ################################################################################
2026-10-03 09:23:17,343 INFO benchmark_src.run_benchmark - Task: row_triplet_evaluation  |  Approach: sentence_transformer  |  Dataset: wikidata_books@no_pid_in_col_names
2026-10-03 09:23:17,344 INFO benchmark_src.tasks.run_row_triplet_evaluation_benchmark - Started run_row_triplet_evaluation_benchmark
2026-10-03 09:23:17,344 INFO benchmark_src.tasks.run_row_triplet_evaluation_benchmark - Running with sub-dataset @no_pid_in_col_names of base dataset wikidata_books
2026-10-03 09:23:17,345 INFO benchmark_src.tasks.run_row_triplet_evaluation_benchmark - Wikidata books dataset found in cache
2026-10-03 09:23:17,380 INFO benchmark_src.utils.load_benchmark - Loaded dataset input table with 1203 rows and 281 attributes: Index(['QID', 'label', 'author', 'description', 'distribution format',
       'instance of', 'version', 'country', 'language of work or name',
       'genre',
       ...
       'Beirut Arab University's Libraries title ID', 'related image',
       'British Library system number',
       'Gran Enciclopèdia Catalana ID (former scheme)',
       'Gran Enciclopèdia Catalana ID', 'De Agostini ID',
       'PACTOLS thesaurus ID', 'replaces', 'author of afterword',
       'author of foreword'],
      dtype='object', length=281)
2026-10-03 09:23:17,381 INFO root - Found 903 testcases in /home/yarin.b/tembed/cache/datasets/more_similar_than/wikidata_books, limit is None
2026-10-03 09:23:17,382 INFO root - Successfully loaded module 'approach' from '/home/yarin.b/tembed/approaches/benchmark_approaches_src/sentence_transformer/approach.py'.
2026-10-03 09:23:17,382 INFO approach - SentenceTransformerEmbedder: Initialized.
2026-10-03 09:23:17,383 INFO root - BaseEmbeddingApproach: Loaded component: RowEmbeddingComponent
2026-10-03 09:23:17,383 INFO sentence_transformers.SentenceTransformer - Use pytorch device_name: cuda
2026-10-03 09:23:17,383 INFO sentence_transformers.SentenceTransformer - Load pretrained SentenceTransformer: all-MiniLM-L6-v2
2026-10-03 09:23:18,391 INFO approach - Loaded model on device: cuda:0
2026-10-03 09:23:19,459 ERROR root -   0%|          | 0/1203 [00:00<?, ?it/s]
2026-10-03 09:23:19,923 ERROR root - Batches:   0%|          | 0/38 [00:00<?, ?it/s]
2026-10-03 09:23:20,054 ERROR root - Batches:   3%|2         | 1/38 [00:00<00:04,  7.69it/s]
2026-10-03 09:23:20,178 ERROR root - Batches:   5%|5         | 2/38 [00:00<00:04,  7.90it/s]
2026-10-03 09:23:20,300 ERROR root - Batches:   8%|7         | 3/38 [00:00<00:04,  8.01it/s]
2026-10-03 09:23:20,423 ERROR root - Batches:  11%|#         | 4/38 [00:00<00:04,  8.08it/s]
2026-10-03 09:23:20,548 ERROR root - Batches:  13%|#3        | 5/38 [00:00<00:04,  8.05it/s]
2026-10-03 09:23:20,670 ERROR root - Batches:  16%|#5        | 6/38 [00:00<00:03,  8.09it/s]
2026-10-03 09:23:20,792 ERROR root - Batches:  18%|#8        | 7/38 [00:00<00:03,  8.13it/s]
2026-10-03 09:23:20,914 ERROR root - Batches:  21%|##1       | 8/38 [00:00<00:03,  8.15it/s]
2026-10-03 09:23:21,036 ERROR root - Batches:  24%|##3       | 9/38 [00:01<00:03,  8.16it/s]
2026-10-03 09:23:21,160 ERROR root - Batches:  26%|##6       | 10/38 [00:01<00:03,  8.13it/s]
2026-10-03 09:23:21,283 ERROR root - Batches:  29%|##8       | 11/38 [00:01<00:03,  8.14it/s]
2026-10-03 09:23:21,405 ERROR root - Batches:  32%|###1      | 12/38 [00:01<00:03,  8.16it/s]
2026-10-03 09:23:21,526 ERROR root - Batches:  34%|###4      | 13/38 [00:01<00:03,  8.18it/s]
2026-10-03 09:23:21,648 ERROR root - Batches:  37%|###6      | 14/38 [00:01<00:02,  8.19it/s]
2026-10-03 09:23:21,770 ERROR root - Batches:  39%|###9      | 15/38 [00:01<00:02,  8.19it/s]
2026-10-03 09:23:21,892 ERROR root - Batches:  42%|####2     | 16/38 [00:01<00:02,  8.21it/s]
2026-10-03 09:23:22,013 ERROR root - Batches:  45%|####4     | 17/38 [00:02<00:02,  8.21it/s]
2026-10-03 09:23:22,135 ERROR root - Batches:  47%|####7     | 18/38 [00:02<00:02,  8.22it/s]
2026-10-03 09:23:22,256 ERROR root - Batches:  50%|#####     | 19/38 [00:02<00:02,  8.22it/s]
2026-10-03 09:23:22,375 ERROR root - Batches:  53%|#####2    | 20/38 [00:02<00:02,  8.29it/s]
2026-10-03 09:23:22,493 ERROR root - Batches:  55%|#####5    | 21/38 [00:02<00:02,  8.34it/s]
2026-10-03 09:23:22,611 ERROR root - Batches:  58%|#####7    | 22/38 [00:02<00:01,  8.38it/s]
2026-10-03 09:23:22,729 ERROR root - Batches:  61%|######    | 23/38 [00:02<00:01,  8.41it/s]
2026-10-03 09:23:22,847 ERROR root - Batches:  63%|######3   | 24/38 [00:02<00:01,  8.42it/s]
2026-10-03 09:23:22,965 ERROR root - Batches:  66%|######5   | 25/38 [00:03<00:01,  8.43it/s]
2026-10-03 09:23:23,085 ERROR root - Batches:  68%|######8   | 26/38 [00:03<00:01,  8.40it/s]
2026-10-03 09:23:23,203 ERROR root - Batches:  71%|#######1  | 27/38 [00:03<00:01,  8.42it/s]
2026-10-03 09:23:23,321 ERROR root - Batches:  74%|#######3  | 28/38 [00:03<00:01,  8.45it/s]
2026-10-03 09:23:23,439 ERROR root - Batches:  76%|#######6  | 29/38 [00:03<00:01,  8.45it/s]
2026-10-03 09:23:23,557 ERROR root - Batches:  79%|#######8  | 30/38 [00:03<00:00,  8.47it/s]
2026-10-03 09:23:23,674 ERROR root - Batches:  82%|########1 | 31/38 [00:03<00:00,  8.49it/s]
2026-10-03 09:23:23,791 ERROR root - Batches:  84%|########4 | 32/38 [00:03<00:00,  8.49it/s]
2026-10-03 09:23:23,909 ERROR root - Batches:  87%|########6 | 33/38 [00:03<00:00,  8.49it/s]
2026-10-03 09:23:24,026 ERROR root - Batches:  89%|########9 | 34/38 [00:04<00:00,  8.51it/s]
2026-10-03 09:23:24,143 ERROR root - Batches:  92%|#########2| 35/38 [00:04<00:00,  8.53it/s]
2026-10-03 09:23:24,260 ERROR root - Batches:  95%|#########4| 36/38 [00:04<00:00,  8.54it/s]
2026-10-03 09:23:24,377 ERROR root - Batches:  97%|#########7| 37/38 [00:04<00:00,  8.54it/s]
2026-10-03 09:23:24,448 ERROR root - Batches: 100%|##########| 38/38 [00:04<00:00,  8.40it/s]
2026-10-03 09:23:24,451 ERROR root -   0%|          | 0/903 [00:00<?, ?it/s]
2026-10-03 09:23:25,764 ERROR root - 100%|##########| 903/903 [00:01<00:00, 687.95it/s]
2026-10-03 09:23:26,091 INFO benchmark_src.utils.resource_monitoring - Saved resource metrics: CSV + JSON for setup and task.
2026-10-03 09:23:26,098 INFO benchmark_src.tasks.run_row_triplet_evaluation_benchmark - {'accuracy': 0.7308970099667774, 'accuracy_easy': 0.8042226487523992, 'accuracy_medium': 0.6308900523560209}
2026-10-03 09:23:26,098 INFO root - Dataset: wikidata_books@no_pid_in_col_names
2026-10-03 09:23:26,101 INFO root - Saved metrics to disk
2026-10-03 09:23:26,102 INFO __main__ - Finished sentence_transformer/row_triplet_evaluation/wikidata_books@no_pid_in_col_names
2026-10-03 09:23:26,420 INFO __main__ - ================================================================================
2026-10-03 09:23:26,421 INFO __main__ - Starting [85/86] | Task: row_triplet_evaluation | Approach: sentence_transformer | Env: benchmark_env | Dataset: astronomical_objects
2026-10-03 09:23:26,421 INFO __main__ - ================================================================================
2026-10-03 09:23:26,421 INFO benchmark_src.run_benchmark - ################################################################################
2026-10-03 09:23:26,421 INFO benchmark_src.run_benchmark - Task: row_triplet_evaluation  |  Approach: sentence_transformer  |  Dataset: astronomical_objects
2026-10-03 09:23:26,422 INFO benchmark_src.tasks.run_row_triplet_evaluation_benchmark - Started run_row_triplet_evaluation_benchmark
2026-10-03 09:23:26,422 INFO benchmark_src.tasks.run_row_triplet_evaluation_benchmark - Sub-dataset folder /home/yarin.b/tembed/cache/datasets/more_similar_than/astronomical_objects/original does not exist, have to create the variation
2026-10-03 09:23:26,422 ERROR root - Traceback (most recent call last):
2026-10-03 09:23:26,423 ERROR root -   File "/home/yarin.b/tembed/benchmark_src/run_benchmark.py", line 49, in run_single
    run_row_triplet_evaluation_benchmark.main(cfg)
2026-10-03 09:23:26,423 ERROR root -   File "/home/yarin.b/tembed/benchmark_src/tasks/run_row_triplet_evaluation_benchmark.py", line 129, in main
    input_table, testcase_paths, dataset_information = load_benchmark_data(cfg)
                                                       ^^^^^^^^^^^^^^^^^^^^^^^^
2026-10-03 09:23:26,423 ERROR root -   File "/home/yarin.b/tembed/benchmark_src/tasks/run_row_triplet_evaluation_benchmark.py", line 64, in load_benchmark_data
    if sub_dataset_name == "only-text":
       ^^^^^^^^^^^^^^^^
2026-10-03 09:23:26,423 ERROR root - UnboundLocalError: cannot access local variable 'sub_dataset_name' where it is not associated with a value
2026-10-03 09:23:26,423 ERROR benchmark_src.run_benchmark - Error during benchmark run, please check traceback above.
2026-10-03 09:23:26,423 ERROR __main__ - Failed sentence_transformer/row_triplet_evaluation/astronomical_objects
Traceback (most recent call last):
  File "/home/yarin.b/tembed/run_experiments.py", line 274, in _run_job
    run_single(cfg)
  File "/home/yarin.b/tembed/benchmark_src/run_benchmark.py", line 49, in run_single
    run_row_triplet_evaluation_benchmark.main(cfg)
  File "/home/yarin.b/tembed/benchmark_src/tasks/run_row_triplet_evaluation_benchmark.py", line 129, in main
    input_table, testcase_paths, dataset_information = load_benchmark_data(cfg)
                                                       ^^^^^^^^^^^^^^^^^^^^^^^^
  File "/home/yarin.b/tembed/benchmark_src/tasks/run_row_triplet_evaluation_benchmark.py", line 64, in load_benchmark_data
    if sub_dataset_name == "only-text":
       ^^^^^^^^^^^^^^^^
UnboundLocalError: cannot access local variable 'sub_dataset_name' where it is not associated with a value
2026-10-03 09:23:26,605 INFO __main__ - ================================================================================
2026-10-03 09:23:26,605 INFO __main__ - Starting [86/86] | Task: row_triplet_evaluation | Approach: sentence_transformer | Env: benchmark_env | Dataset: astronomical_objects@only-text
2026-10-03 09:23:26,605 INFO __main__ - ================================================================================
2026-10-03 09:23:26,605 INFO benchmark_src.run_benchmark - ################################################################################
2026-10-03 09:23:26,605 INFO benchmark_src.run_benchmark - Task: row_triplet_evaluation  |  Approach: sentence_transformer  |  Dataset: astronomical_objects@only-text
2026-10-03 09:23:26,606 INFO benchmark_src.tasks.run_row_triplet_evaluation_benchmark - Started run_row_triplet_evaluation_benchmark
2026-10-03 09:23:26,606 INFO benchmark_src.tasks.run_row_triplet_evaluation_benchmark - Running with sub-dataset @only-text of base dataset astronomical_objects
2026-10-03 09:23:26,606 INFO benchmark_src.tasks.run_row_triplet_evaluation_benchmark - Sub-dataset folder /home/yarin.b/tembed/cache/datasets/more_similar_than/astronomical_objects/@only-text does not exist, have to create the variation
2026-10-03 09:23:26,607 ERROR root - Traceback (most recent call last):
2026-10-03 09:23:26,607 ERROR root -   File "/home/yarin.b/tembed/benchmark_src/run_benchmark.py", line 49, in run_single
    run_row_triplet_evaluation_benchmark.main(cfg)
2026-10-03 09:23:26,607 ERROR root -   File "/home/yarin.b/tembed/benchmark_src/tasks/run_row_triplet_evaluation_benchmark.py", line 129, in main
    input_table, testcase_paths, dataset_information = load_benchmark_data(cfg)
                                                       ^^^^^^^^^^^^^^^^^^^^^^^^
2026-10-03 09:23:26,607 ERROR root -   File "/home/yarin.b/tembed/benchmark_src/tasks/run_row_triplet_evaluation_benchmark.py", line 65, in load_benchmark_data
    create_astronomical_dataset.remove_numerical_cols(cache_dir=base_dataset_folder)
2026-10-03 09:23:26,607 ERROR root -   File "/home/yarin.b/tembed/benchmark_src/dataset_creation/wikidata_hierarchies/create_astronomical_dataset.py", line 161, in remove_numerical_cols
    save_folder.mkdir(exist_ok=True)
2026-10-03 09:23:26,607 ERROR root -   File "/home/yarin.b/miniconda3/envs/thesis/lib/python3.11/pathlib.py", line 1116, in mkdir
    os.mkdir(self, mode)
2026-10-03 09:23:26,607 ERROR root - FileNotFoundError: [Errno 2] No such file or directory: '/home/yarin.b/tembed/cache/datasets/more_similar_than/astronomical_objects/@only-text'
2026-10-03 09:23:26,607 ERROR benchmark_src.run_benchmark - Error during benchmark run, please check traceback above.
2026-10-03 09:23:26,608 ERROR __main__ - Failed sentence_transformer/row_triplet_evaluation/astronomical_objects@only-text
Traceback (most recent call last):
  File "/home/yarin.b/tembed/run_experiments.py", line 274, in _run_job
    run_single(cfg)
  File "/home/yarin.b/tembed/benchmark_src/run_benchmark.py", line 49, in run_single
    run_row_triplet_evaluation_benchmark.main(cfg)
  File "/home/yarin.b/tembed/benchmark_src/tasks/run_row_triplet_evaluation_benchmark.py", line 129, in main
    input_table, testcase_paths, dataset_information = load_benchmark_data(cfg)
                                                       ^^^^^^^^^^^^^^^^^^^^^^^^
  File "/home/yarin.b/tembed/benchmark_src/tasks/run_row_triplet_evaluation_benchmark.py", line 65, in load_benchmark_data
    create_astronomical_dataset.remove_numerical_cols(cache_dir=base_dataset_folder)
  File "/home/yarin.b/tembed/benchmark_src/dataset_creation/wikidata_hierarchies/create_astronomical_dataset.py", line 161, in remove_numerical_cols
    save_folder.mkdir(exist_ok=True)
  File "/home/yarin.b/miniconda3/envs/thesis/lib/python3.11/pathlib.py", line 1116, in mkdir
    os.mkdir(self, mode)
FileNotFoundError: [Errno 2] No such file or directory: '/home/yarin.b/tembed/cache/datasets/more_similar_than/astronomical_objects/@only-text'
2026-10-03 09:23:26,770 ERROR __main__ - 56/86 jobs failed
