split,study,model,task,target,layer,depth,linear_val,linear_test,knn_val,knn_test,effective_rank,intrinsic_dim,anisotropy,kmeans_silhouette
time,J18,kumo-relational,rel-avito/user-clicks,random,pre_gnn,0.0,0.4998015315554848,0.47499618238095886,0.5062849819112829,0.48287105827259463,,,,
time,J18,kumo-relational,rel-avito/user-clicks,random,gnn,0.07142857142857142,0.5821134546156627,0.6319910899345257,0.552251345464523,0.5705906786039467,,,,
time,J18,kumo-relational,rel-avito/user-clicks,random,icl_00,0.14285714285714285,0.5763035403739885,0.6275742905805755,0.5652646663560654,0.5884687744499197,,,,
time,J18,kumo-relational,rel-avito/user-clicks,random,icl_01,0.21428571428571427,0.5722113945427757,0.622708241824862,0.5657855259070064,0.5904231094349809,,,,
time,J18,kumo-relational,rel-avito/user-clicks,random,icl_02,0.2857142857142857,0.5772159038788865,0.6218119449439282,0.5686251769307376,0.6009364891173551,,,,
time,J18,kumo-relational,rel-avito/user-clicks,random,icl_03,0.35714285714285715,0.5770165484245634,0.6142626390356838,0.5702447829224593,0.599733853330222,,,,
time,J18,kumo-relational,rel-avito/user-clicks,random,icl_04,0.42857142857142855,0.5720208352690475,0.6087738751321154,0.5716763428349085,0.610768731212167,,,,
time,J18,kumo-relational,rel-avito/user-clicks,random,icl_05,0.5,0.5720988921321417,0.6034902903792568,0.5734458165254215,0.6162524621498084,,,,
time,J18,kumo-relational,rel-avito/user-clicks,random,icl_06,0.5714285714285714,0.5704910390203746,0.5978558564277838,0.5744455504963966,0.6164771011488889,,,,
time,J18,kumo-relational,rel-avito/user-clicks,random,icl_07,0.6428571428571429,0.5561142362191385,0.5882591628576266,0.5764535928664898,0.6081583090835884,,,,
time,J18,kumo-relational,rel-avito/user-clicks,random,icl_08,0.7142857142857143,0.5603823795797334,0.5891494544951249,0.569934883870828,0.6155639895863361,,,,
time,J18,kumo-relational,rel-avito/user-clicks,random,icl_09,0.7857142857142857,0.5570864728860689,0.5888802194144374,0.5808975489627566,0.6134547050224424,,,,
time,J18,kumo-relational,rel-avito/user-clicks,random,icl_10,0.8571428571428571,0.5559308469413573,0.5877514910161559,0.5754948461403875,0.610928756651522,,,,
time,J18,kumo-relational,rel-avito/user-clicks,random,icl_11,0.9285714285714286,0.5494883468716901,0.5823455994719962,0.5732083196493591,0.6106762075686656,,,,
time,J18,kumo-relational,rel-avito/user-clicks,random,final,1.0,0.5485581692531503,0.5810368281562416,0.5713459686402118,0.6082123848709045,,,,
time,J18,kumo-relational,rel-avito/user-clicks,label,pre_gnn,0.0,0.505067523991213,0.4810761910971408,0.500976043417356,0.4808630192533824,,,,
time,J18,kumo-relational,rel-avito/user-clicks,label,gnn,0.07142857142857142,0.5853710720526197,0.6350866213470963,0.5630181292238761,0.6033226011054222,,,,
time,J18,kumo-relational,rel-avito/user-clicks,label,icl_00,0.14285714285714285,0.5810055424068672,0.6332424253862801,0.5629321631899947,0.6115525727606733,,,,
time,J18,kumo-relational,rel-avito/user-clicks,label,icl_01,0.21428571428571427,0.5801993244089798,0.6315009047900109,0.568751132323458,0.6108906519521045,,,,
time,J18,kumo-relational,rel-avito/user-clicks,label,icl_02,0.2857142857142857,0.5783549723071842,0.6291655514071715,0.5658547496307637,0.6166706129694957,,,,
time,J18,kumo-relational,rel-avito/user-clicks,label,icl_03,0.35714285714285715,0.5811951037945614,0.6301279917550867,0.5599377659135288,0.6101946013433444,,,,
time,J18,kumo-relational,rel-avito/user-clicks,label,icl_04,0.42857142857142855,0.5812962229126608,0.6301670830302115,0.5546990120706512,0.6024950356654267,,,,
time,J18,kumo-relational,rel-avito/user-clicks,label,icl_05,0.5,0.5788092691637915,0.6244845213420632,0.5519813248955048,0.6051579178848732,,,,
time,J18,kumo-relational,rel-avito/user-clicks,label,icl_06,0.5714285714285714,0.5749108610581184,0.6205477411133836,0.5482754348768857,0.6090059062999007,,,,
time,J18,kumo-relational,rel-avito/user-clicks,label,icl_07,0.6428571428571429,0.5638200600076919,0.6065955874615092,0.5546068739268567,0.6092505484789004,,,,
time,J18,kumo-relational,rel-avito/user-clicks,label,icl_08,0.7142857142857143,0.566067447190947,0.6084053104653664,0.5608465813791953,0.6114980394310003,,,,
time,J18,kumo-relational,rel-avito/user-clicks,label,icl_09,0.7857142857142857,0.5603110492076822,0.6130879705251213,0.569919139446738,0.6061504416427601,,,,
time,J18,kumo-relational,rel-avito/user-clicks,label,icl_10,0.8571428571428571,0.5576263661891375,0.611439702780485,0.5756969365416182,0.6096161391203291,,,,
time,J18,kumo-relational,rel-avito/user-clicks,label,icl_11,0.9285714285714286,0.5554477222659937,0.608355609926839,0.5757415457432067,0.6082913967166761,,,,
time,J18,kumo-relational,rel-avito/user-clicks,label,final,1.0,0.5544288067079229,0.6071707753970323,0.5754845716101127,0.6081672597559469,,,,
time,J18,kumo-relational,rel-avito/user-visits,random,pre_gnn,0.0,0.5155582461920509,0.5110441006759717,0.5091548180525449,0.5147807435009953,,,,
time,J18,kumo-relational,rel-avito/user-visits,random,gnn,0.07142857142857142,0.6853900277454912,0.6551720737173032,0.6720886368548707,0.6489555311192199,,,,
time,J18,kumo-relational,rel-avito/user-visits,random,icl_00,0.14285714285714285,0.6836719175105629,0.6535010731289352,0.673239014112232,0.6480136489929605,,,,
time,J18,kumo-relational,rel-avito/user-visits,random,icl_01,0.21428571428571427,0.682084472159283,0.6524588539867677,0.6723555972657029,0.6467603842346179,,,,
time,J18,kumo-relational,rel-avito/user-visits,random,icl_02,0.2857142857142857,0.6797903103075946,0.6495970562616344,0.6694734434375967,0.6430152325509351,,,,
time,J18,kumo-relational,rel-avito/user-visits,random,icl_03,0.35714285714285715,0.6780938738060737,0.6482691920517096,0.6690889468798016,0.6447213837980649,,,,
time,J18,kumo-relational,rel-avito/user-visits,random,icl_04,0.42857142857142855,0.6766883350240827,0.6477854078264308,0.6684624882707896,0.6444084910922347,,,,
time,J18,kumo-relational,rel-avito/user-visits,random,icl_05,0.5,0.6728197999684176,0.6456686340707192,0.6651849019867654,0.6443320228867138,,,,
time,J18,kumo-relational,rel-avito/user-visits,random,icl_06,0.5714285714285714,0.6729366570427934,0.6450674197592324,0.6666215366343108,0.6437216878503591,,,,
time,J18,kumo-relational,rel-avito/user-visits,random,icl_07,0.6428571428571429,0.6703688855278569,0.6456073540121285,0.6654203987010586,0.6419708763982153,,,,
time,J18,kumo-relational,rel-avito/user-visits,random,icl_08,0.7142857142857143,0.6720315098734749,0.6471950594148612,0.6674484065406121,0.642668235085725,,,,
time,J18,kumo-relational,rel-avito/user-visits,random,icl_09,0.7857142857142857,0.6707034985451861,0.6454684211991495,0.6643263986157785,0.6415725665667936,,,,
time,J18,kumo-relational,rel-avito/user-visits,random,icl_10,0.8571428571428571,0.6712933579712186,0.6454133140567948,0.663027063956952,0.6430659903192035,,,,
time,J18,kumo-relational,rel-avito/user-visits,random,icl_11,0.9285714285714286,0.6680976989653679,0.6435448012477104,0.6636853682408334,0.6402390086855945,,,,
time,J18,kumo-relational,rel-avito/user-visits,random,final,1.0,0.6682330890624353,0.6433705278864565,0.6639311076333162,0.6404287444786309,,,,
time,J18,kumo-relational,rel-avito/user-visits,label,pre_gnn,0.0,0.5182974410932117,0.5136469614440736,0.5068903514791998,0.5056531735679729,,,,
time,J18,kumo-relational,rel-avito/user-visits,label,gnn,0.07142857142857142,0.6819185096484472,0.6503404315078232,0.6690710080456238,0.6473888793394892,,,,
time,J18,kumo-relational,rel-avito/user-visits,label,icl_00,0.14285714285714285,0.6831176528059747,0.6482691980799482,0.6697390598506001,0.6455726313583011,,,,
time,J18,kumo-relational,rel-avito/user-visits,label,icl_01,0.21428571428571427,0.6823752425527029,0.6473802227889864,0.6671986351546428,0.6452791857499097,,,,
time,J18,kumo-relational,rel-avito/user-visits,label,icl_02,0.2857142857142857,0.6787502681983035,0.6460319861470114,0.6645382834103217,0.6435620148827805,,,,
time,J18,kumo-relational,rel-avito/user-visits,label,icl_03,0.35714285714285715,0.6724494649035339,0.6417407272941966,0.6651509483574068,0.6437445378884376,,,,
time,J18,kumo-relational,rel-avito/user-visits,label,icl_04,0.42857142857142855,0.6723306413481244,0.6433556260808557,0.6642874509734349,0.6442410205981414,,,,
time,J18,kumo-relational,rel-avito/user-visits,label,icl_05,0.5,0.6662678954371952,0.6395918893378412,0.6662296127200934,0.6464791126539008,,,,
time,J18,kumo-relational,rel-avito/user-visits,label,icl_06,0.5714285714285714,0.6659636850654876,0.6395136699290327,0.6640863747509042,0.6460816015640819,,,,
time,J18,kumo-relational,rel-avito/user-visits,label,icl_07,0.6428571428571429,0.6641072279382685,0.6389725089295996,0.6670878755862059,0.6448532515155082,,,,
time,J18,kumo-relational,rel-avito/user-visits,label,icl_08,0.7142857142857143,0.6668138132078996,0.6411940685412406,0.6658078944961139,0.6441194008861679,,,,
time,J18,kumo-relational,rel-avito/user-visits,label,icl_09,0.7857142857142857,0.6672842973320455,0.6402320641548291,0.6685434818241554,0.6447969025560201,,,,
time,J18,kumo-relational,rel-avito/user-visits,label,icl_10,0.8571428571428571,0.6662365873614575,0.6393417686796333,0.6643935560651807,0.6452074346410243,,,,
time,J18,kumo-relational,rel-avito/user-visits,label,icl_11,0.9285714285714286,0.6648843416302139,0.639529011796045,0.6659380217806308,0.6456766938256092,,,,
time,J18,kumo-relational,rel-avito/user-visits,label,final,1.0,0.6651448649988134,0.6395820090549206,0.6653211550719126,0.6460420171358948,,,,
time,J18,kumo-relational,rel-event/user-ignore,random,pre_gnn,0.0,0.764641631385124,0.6329683488192693,0.730132524989353,0.6227188467871001,,,,
time,J18,kumo-relational,rel-event/user-ignore,random,gnn,0.07142857142857142,0.8256281784703259,0.8583215317835884,0.8156036275271188,0.8392709520684375,,,,
time,J18,kumo-relational,rel-event/user-ignore,random,icl_00,0.14285714285714285,0.8256407044617582,0.8574487927878138,0.8192211338527444,0.8361138935903193,,,,
time,J18,kumo-relational,rel-event/user-ignore,random,icl_01,0.21428571428571427,0.8252599143222187,0.8582156056785603,0.816936393015507,0.8408299080054806,,,,
time,J18,kumo-relational,rel-event/user-ignore,random,icl_02,0.2857142857142857,0.8274594784177168,0.8498059940358997,0.820386051055941,0.8328440007829321,,,,
time,J18,kumo-relational,rel-event/user-ignore,random,icl_03,0.35714285714285715,0.8256156524788937,0.8506096507892648,0.817611543953704,0.8231989683718466,,,,
time,J18,kumo-relational,rel-event/user-ignore,random,icl_04,0.42857142857142855,0.8231755893478969,0.8458061322003846,0.8126261993636796,0.826919047125603,,,,
time,J18,kumo-relational,rel-event/user-ignore,random,icl_05,0.5,0.822251171180199,0.8393722726906382,0.8135944585013904,0.8247302914119259,,,,
time,J18,kumo-relational,rel-event/user-ignore,random,icl_06,0.5714285714285714,0.8229200591226795,0.8347138268108183,0.8090587970037828,0.827735368956743,,,,
time,J18,kumo-relational,rel-event/user-ignore,random,icl_07,0.6428571428571429,0.8218929278252374,0.8311514858438971,0.8088571285417241,0.833555547879751,,,,
time,J18,kumo-relational,rel-event/user-ignore,random,icl_08,0.7142857142857143,0.8218503394543678,0.8318791521306115,0.8085965879199339,0.8372560533314911,,,,
time,J18,kumo-relational,rel-event/user-ignore,random,icl_09,0.7857142857142857,0.8220557657138563,0.8365836528387046,0.8071335521206504,0.8361277100388012,,,,
time,J18,kumo-relational,rel-event/user-ignore,random,icl_10,0.8571428571428571,0.8219154746098154,0.8387367160604701,0.8048225067014054,0.8321589352123704,,,,
time,J18,kumo-relational,rel-event/user-ignore,random,icl_11,0.9285714285714286,0.8202069293784604,0.8389877148745581,0.8023135506175314,0.8315176217286679,,,,
time,J18,kumo-relational,rel-event/user-ignore,random,final,1.0,0.8205927299145728,0.8389762011674899,0.8021594809229149,0.8323362463012216,,,,
time,J18,kumo-relational,rel-event/user-ignore,label,pre_gnn,0.0,0.7623092917804444,0.6277664559658273,0.7454255079289527,0.6003431084706342,,,,
time,J18,kumo-relational,rel-event/user-ignore,label,gnn,0.07142857142857142,0.8347621314227021,0.8766812890746434,0.7964664178169703,0.776425684777728,,,,
time,J18,kumo-relational,rel-event/user-ignore,label,icl_00,0.14285714285714285,0.8344189192574591,0.8752328647254557,0.7939775033193878,0.776452166303985,,,,
time,J18,kumo-relational,rel-event/user-ignore,label,icl_01,0.21428571428571427,0.8342360397825488,0.8761539612909168,0.797192925320039,0.7748782425477532,,,,
time,J18,kumo-relational,rel-event/user-ignore,label,icl_02,0.2857142857142857,0.8317358518926774,0.8762967312585633,0.7952814590274819,0.7868248650017846,,,,
time,J18,kumo-relational,rel-event/user-ignore,label,icl_03,0.35714285714285715,0.8215998196257235,0.875032526222468,0.7951812510960243,0.7828261545369762,,,,
time,J18,kumo-relational,rel-event/user-ignore,label,icl_04,0.42857142857142855,0.8166946413808653,0.8732617180753686,0.8007590750807927,0.791421136863436,,,,
time,J18,kumo-relational,rel-event/user-ignore,label,icl_05,0.5,0.8098754916451637,0.8714540660656512,0.8055903499762006,0.7928246577550575,,,,
time,J18,kumo-relational,rel-event/user-ignore,label,icl_06,0.5714285714285714,0.8104491820527595,0.8673390671594534,0.808986146253476,0.79313207373378,,,,
time,J18,kumo-relational,rel-event/user-ignore,label,icl_07,0.6428571428571429,0.8073101685998446,0.85641255915167,0.8138950822957637,0.7995797496920083,,,,
time,J18,kumo-relational,rel-event/user-ignore,label,icl_08,0.7142857142857143,0.8149760753563645,0.8627105569180108,0.8172432798055966,0.7988889272679125,,,,
time,J18,kumo-relational,rel-event/user-ignore,label,icl_09,0.7857142857142857,0.8100934438960843,0.8649419133478405,0.8049001678482852,0.800835895133156,,,,
time,J18,kumo-relational,rel-event/user-ignore,label,icl_10,0.8571428571428571,0.8108625397700229,0.8643201731661543,0.8074354285141669,0.8038306103416117,,,,
time,J18,kumo-relational,rel-event/user-ignore,label,icl_11,0.9285714285714286,0.8131973845729891,0.8628924734896894,0.8049928601848836,0.8098568846211415,,,,
time,J18,kumo-relational,rel-event/user-ignore,label,final,1.0,0.8124458250870557,0.860965078926462,0.8078512914297167,0.8080607463184921,,,,
time,J18,kumo-relational,rel-event/user-repeat,random,pre_gnn,0.0,0.702118171683389,0.6729946524064172,0.5982998885172799,0.6210561497326204,,,,
time,J18,kumo-relational,rel-event/user-repeat,random,gnn,0.07142857142857142,0.6645484949832776,0.7153074866310161,0.6398272017837235,0.663903743315508,,,,
time,J18,kumo-relational,rel-event/user-repeat,random,icl_00,0.14285714285714285,0.6701783723522854,0.7149732620320857,0.6236343366778149,0.6318516042780747,,,,
time,J18,kumo-relational,rel-event/user-repeat,random,icl_01,0.21428571428571427,0.6664994425863991,0.7098930481283423,0.6290691192865105,0.6354946524064171,,,,
time,J18,kumo-relational,rel-event/user-repeat,random,icl_02,0.2857142857142857,0.6660535117056857,0.718649732620321,0.6248327759197325,0.6288435828877005,,,,
time,J18,kumo-relational,rel-event/user-repeat,random,icl_03,0.35714285714285715,0.6685061315496098,0.7306149732620321,0.6207915273132665,0.6463235294117646,,,,
time,J18,kumo-relational,rel-event/user-repeat,random,icl_04,0.42857142857142855,0.6819955406911928,0.7321524064171123,0.6234671125975474,0.659057486631016,,,,
time,J18,kumo-relational,rel-event/user-repeat,random,icl_05,0.5,0.6819955406911928,0.731951871657754,0.6175585284280937,0.654177807486631,,,,
time,J18,kumo-relational,rel-event/user-repeat,random,icl_06,0.5714285714285714,0.6773132664437013,0.7330213903743317,0.6300445930880713,0.6573863636363636,,,,
time,J18,kumo-relational,rel-event/user-repeat,random,icl_07,0.6428571428571429,0.6719063545150501,0.7358288770053476,0.64520624303233,0.6561497326203208,,,,
time,J18,kumo-relational,rel-event/user-repeat,random,icl_08,0.7142857142857143,0.6745819397993311,0.7221256684491978,0.6429487179487179,0.6636697860962567,,,,
time,J18,kumo-relational,rel-event/user-repeat,random,icl_09,0.7857142857142857,0.6866778149386845,0.7218582887700535,0.6500836120401338,0.6667780748663101,,,,
time,J18,kumo-relational,rel-event/user-repeat,random,icl_10,0.8571428571428571,0.6809921962095875,0.7176470588235294,0.6486622073578595,0.6558823529411764,,,,
time,J18,kumo-relational,rel-event/user-repeat,random,icl_11,0.9285714285714286,0.6821627647714604,0.7165106951871657,0.6553790412486065,0.6498663101604278,,,,
time,J18,kumo-relational,rel-event/user-repeat,random,final,1.0,0.6824972129319956,0.7172459893048129,0.6493311036789298,0.6553810160427808,,,,
time,J18,kumo-relational,rel-event/user-repeat,label,pre_gnn,0.0,0.696376811594203,0.6711229946524064,0.6029821627647713,0.6909425133689839,,,,
time,J18,kumo-relational,rel-event/user-repeat,label,gnn,0.07142857142857142,0.7046265328874025,0.7901069518716577,0.6662764771460423,0.685427807486631,,,,
time,J18,kumo-relational,rel-event/user-repeat,label,icl_00,0.14285714285714285,0.7062987736900781,0.7911764705882354,0.6643534002229654,0.6558823529411765,,,,
time,J18,kumo-relational,rel-event/user-repeat,label,icl_01,0.21428571428571427,0.7064102564102565,0.7879010695187166,0.6639074693422519,0.6647727272727273,,,,
time,J18,kumo-relational,rel-event/user-repeat,label,icl_02,0.2857142857142857,0.7109810479375697,0.7862299465240642,0.6698160535117056,0.6752339572192513,,,,
time,J18,kumo-relational,rel-event/user-repeat,label,icl_03,0.35714285714285715,0.7091415830546266,0.7859625668449198,0.6683389074693423,0.6855614973262033,,,,
time,J18,kumo-relational,rel-event/user-repeat,label,icl_04,0.42857142857142855,0.704459308807135,0.7871657754010696,0.685200668896321,0.6967580213903743,,,,
time,J18,kumo-relational,rel-event/user-repeat,label,icl_05,0.5,0.7006131549609811,0.790975935828877,0.673076923076923,0.7020387700534759,,,,
time,J18,kumo-relational,rel-event/user-repeat,label,icl_06,0.5714285714285714,0.6899665551839465,0.7845588235294118,0.6819119286510591,0.7136029411764706,,,,
time,J18,kumo-relational,rel-event/user-repeat,label,icl_07,0.6428571428571429,0.6863991081382386,0.7808155080213904,0.6814659977703456,0.7006684491978609,,,,
time,J18,kumo-relational,rel-event/user-repeat,label,icl_08,0.7142857142857143,0.6847268673355629,0.7764705882352941,0.6759476031215161,0.7151069518716578,,,,
time,J18,kumo-relational,rel-event/user-repeat,label,icl_09,0.7857142857142857,0.6801003344481605,0.7663770053475936,0.6705406911928652,0.6991310160427808,,,,
time,J18,kumo-relational,rel-event/user-repeat,label,icl_10,0.8571428571428571,0.6812151616499443,0.7692513368983958,0.6747491638795986,0.6829545454545455,,,,
time,J18,kumo-relational,rel-event/user-repeat,label,icl_11,0.9285714285714286,0.6854515050167224,0.7675802139037433,0.6804347826086957,0.6857620320855615,,,,
time,J18,kumo-relational,rel-event/user-repeat,label,final,1.0,0.6851170568561873,0.7661096256684492,0.6827201783723522,0.6893716577540107,,,,
random,J18,kumo-relational,rel-f1/driver-dnf,random,pre_gnn,0.0,0.47316099773242626,0.6475821012052897,0.41775963718820863,0.6103693944273654,,,,
random,J18,kumo-relational,rel-f1/driver-dnf,random,gnn,0.07142857142857142,0.757732426303855,0.7538574147269799,0.6270113378684806,0.6781144781144781,,,,
random,J18,kumo-relational,rel-f1/driver-dnf,random,icl_00,0.14285714285714285,0.7639727891156463,0.7492216854535696,0.6141859410430839,0.6717025325720979,,,,
random,J18,kumo-relational,rel-f1/driver-dnf,random,icl_01,0.21428571428571427,0.7629024943310658,0.7451910408432146,0.6260589569160997,0.6750500170790026,,,,
random,J18,kumo-relational,rel-f1/driver-dnf,random,icl_02,0.2857142857142857,0.739936507936508,0.7311081832820964,0.6349024943310657,0.6931342409603278,,,,
random,J18,kumo-relational,rel-f1/driver-dnf,random,icl_03,0.35714285714285715,0.7120725623582767,0.735168106182599,0.6458231292517008,0.7097252720441127,,,,
random,J18,kumo-relational,rel-f1/driver-dnf,random,icl_04,0.42857142857142855,0.7039818594104309,0.7268237934904602,0.6466757369614512,0.7178060801249206,,,,
random,J18,kumo-relational,rel-f1/driver-dnf,random,icl_05,0.5,0.7228480725623583,0.7391401942126581,0.65524716553288,0.7234519104084322,,,,
random,J18,kumo-relational,rel-f1/driver-dnf,random,icl_06,0.5714285714285714,0.7317006802721088,0.7438344800663642,0.6460680272108842,0.731644951934807,,,,
random,J18,kumo-relational,rel-f1/driver-dnf,random,icl_07,0.6428571428571429,0.7352925170068028,0.7406626653003465,0.6248979591836734,0.7491826477333723,,,,
random,J18,kumo-relational,rel-f1/driver-dnf,random,icl_08,0.7142857142857143,0.7333696145124716,0.7330503098619041,0.6431292517006802,0.7615576050358659,,,,
random,J18,kumo-relational,rel-f1/driver-dnf,random,icl_09,0.7857142857142857,0.7162993197278912,0.726784755770263,0.6286530612244898,0.7611428292587712,,,,
random,J18,kumo-relational,rel-f1/driver-dnf,random,icl_10,0.8571428571428571,0.700625850340136,0.7408285756111844,0.6135419501133786,0.7508222319816523,,,,
random,J18,kumo-relational,rel-f1/driver-dnf,random,icl_11,0.9285714285714286,0.6993922902494332,0.7450544088225248,0.6154467120181405,0.7405016347045331,,,,
random,J18,kumo-relational,rel-f1/driver-dnf,random,final,1.0,0.6982857142857144,0.7416093300151271,0.613750566893424,0.7368369687210267,,,,
random,J18,kumo-relational,rel-f1/driver-dnf,label,pre_gnn,0.0,0.5492426303854876,0.6196701312643341,0.4140226757369615,0.6159176304103839,,,,
random,J18,kumo-relational,rel-f1/driver-dnf,label,gnn,0.07142857142857142,0.7465034013605443,0.8116722783389451,0.6797641723356009,0.7798370175181769,,,,
random,J18,kumo-relational,rel-f1/driver-dnf,label,icl_00,0.14285714285714285,0.7432380952380953,0.8042160737812912,0.6709931972789115,0.7621724491289709,,,,
random,J18,kumo-relational,rel-f1/driver-dnf,label,icl_01,0.21428571428571427,0.7341859410430839,0.787947103889133,0.6801632653061224,0.7601424876787195,,,,
random,J18,kumo-relational,rel-f1/driver-dnf,label,icl_02,0.2857142857142857,0.7293242630385486,0.7986727175132973,0.681750566893424,0.774103352364222,,,,
random,J18,kumo-relational,rel-f1/driver-dnf,label,icl_03,0.35714285714285715,0.7211609977324263,0.7957644073586103,0.6977505668934241,0.7661640560191285,,,,
random,J18,kumo-relational,rel-f1/driver-dnf,label,icl_04,0.42857142857142855,0.7276009070294784,0.7934807007270775,0.7101768707482994,0.7742351046698873,,,,
random,J18,kumo-relational,rel-f1/driver-dnf,label,icl_05,0.5,0.7216326530612245,0.7885717074122871,0.7036916099773243,0.7855950812472552,,,,
random,J18,kumo-relational,rel-f1/driver-dnf,label,icl_06,0.5714285714285714,0.7122358276643991,0.7924071634216562,0.7060498866213153,0.7859513004440541,,,,
random,J18,kumo-relational,rel-f1/driver-dnf,label,icl_07,0.6428571428571429,0.7039455782312924,0.7854486897965158,0.7065759637188208,0.787590884692334,,,,
random,J18,kumo-relational,rel-f1/driver-dnf,label,icl_08,0.7142857142857143,0.7080272108843537,0.7844727467915873,0.7219319727891157,0.777079978529254,,,,
random,J18,kumo-relational,rel-f1/driver-dnf,label,icl_09,0.7857142857142857,0.7334421768707482,0.7937734836285559,0.7290340136054422,0.774566925291563,,,,
random,J18,kumo-relational,rel-f1/driver-dnf,label,icl_10,0.8571428571428571,0.726077097505669,0.7934026252866831,0.7367074829931973,0.7722393012248085,,,,
random,J18,kumo-relational,rel-f1/driver-dnf,label,icl_11,0.9285714285714286,0.7116371882086168,0.7848533645635095,0.7329977324263038,0.7712584785048553,,,,
random,J18,kumo-relational,rel-f1/driver-dnf,label,final,1.0,0.7140498866213153,0.7870980334748452,0.7361360544217687,0.7708193041526374,,,,
time,J18,kumo-relational,rel-f1/driver-dnf,random,pre_gnn,0.0,0.5007528344671203,0.6205679988288684,0.5500680272108843,0.5477919289513493,,,,
time,J18,kumo-relational,rel-f1/driver-dnf,random,gnn,0.07142857142857142,0.7411700680272109,0.7729663787634803,0.6293786848072561,0.7478260869565218,,,,
time,J18,kumo-relational,rel-f1/driver-dnf,random,icl_00,0.14285714285714285,0.7276190476190476,0.7694725028058362,0.6476281179138321,0.7520080027326405,,,,
time,J18,kumo-relational,rel-f1/driver-dnf,random,icl_01,0.21428571428571427,0.7243718820861678,0.7766164056019129,0.6375328798185941,0.7493778363343582,,,,
time,J18,kumo-relational,rel-f1/driver-dnf,random,icl_02,0.2857142857142857,0.7138321995464851,0.7813790074659639,0.6464761904761904,0.7349777972966378,,,,
time,J18,kumo-relational,rel-f1/driver-dnf,random,icl_03,0.35714285714285715,0.7153015873015871,0.790347923681257,0.6539319727891156,0.7305128580490899,,,,
time,J18,kumo-relational,rel-f1/driver-dnf,random,icl_04,0.42857142857142855,0.7098049886621316,0.7875957644073587,0.650984126984127,0.7205826379739423,,,,
time,J18,kumo-relational,rel-f1/driver-dnf,random,icl_05,0.5,0.7101859410430839,0.7903088859610599,0.6479365079365079,0.7339335382813643,,,,
time,J18,kumo-relational,rel-f1/driver-dnf,random,icl_06,0.5714285714285714,0.7090612244897958,0.7932855121260919,0.6534603174603175,0.7290294246815985,,,,
time,J18,kumo-relational,rel-f1/driver-dnf,random,icl_07,0.6428571428571429,0.7057052154195012,0.7913141072561363,0.6484988662131519,0.7272629678426779,,,,
time,J18,kumo-relational,rel-f1/driver-dnf,random,icl_08,0.7142857142857143,0.6992834467120181,0.7946420729029425,0.6569795918367346,0.7192846337773875,,,,
time,J18,kumo-relational,rel-f1/driver-dnf,random,icl_09,0.7857142857142857,0.6914467120181406,0.7901722539403699,0.6559092970521542,0.7219343190357683,,,,
time,J18,kumo-relational,rel-f1/driver-dnf,random,icl_10,0.8571428571428571,0.6993197278911565,0.7838676621285317,0.6459410430839002,0.7230078563411897,,,,
time,J18,kumo-relational,rel-f1/driver-dnf,random,icl_11,0.9285714285714286,0.6927165532879818,0.7842385204704044,0.6576507936507936,0.711169667691407,,,,
time,J18,kumo-relational,rel-f1/driver-dnf,random,final,1.0,0.6938231292517008,0.7837017518176939,0.6575510204081633,0.71242375445274,,,,
time,J18,kumo-relational,rel-f1/driver-dnf,label,pre_gnn,0.0,0.5377233560090703,0.6412970282535501,0.4834920634920636,0.5414434197042892,,,,
time,J18,kumo-relational,rel-f1/driver-dnf,label,gnn,0.07142857142857142,0.7439637188208617,0.7506855999609622,0.6685442176870748,0.7550627043380665,,,,
time,J18,kumo-relational,rel-f1/driver-dnf,label,icl_00,0.14285714285714285,0.7448707482993198,0.777650905187137,0.6666757369614512,0.7490264968525839,,,,
time,J18,kumo-relational,rel-f1/driver-dnf,label,icl_01,0.21428571428571427,0.741061224489796,0.7776704240472356,0.6663673469387755,0.734416630068804,,,,
time,J18,kumo-relational,rel-f1/driver-dnf,label,icl_02,0.2857142857142857,0.7355283446712018,0.6723759332454985,0.6810612244897959,0.7221783047870005,,,,
time,J18,kumo-relational,rel-f1/driver-dnf,label,icl_03,0.35714285714285715,0.7174058956916101,0.6806519299272922,0.6838820861678003,0.7258478504855316,,,,
time,J18,kumo-relational,rel-f1/driver-dnf,label,icl_04,0.42857142857142855,0.7077732426303855,0.6917288830332309,0.6893061224489796,0.7272483286976041,,,,
time,J18,kumo-relational,rel-f1/driver-dnf,label,icl_05,0.5,0.7069387755102041,0.7279363685160787,0.6885260770975057,0.7475869809203143,,,,
time,J18,kumo-relational,rel-f1/driver-dnf,label,icl_06,0.5714285714285714,0.7077732426303854,0.728082759966818,0.6820226757369613,0.749978041282389,,,,
time,J18,kumo-relational,rel-f1/driver-dnf,label,icl_07,0.6428571428571429,0.6811609977324264,0.7172790709022593,0.6794648526077096,0.7486068413604645,,,,
time,J18,kumo-relational,rel-f1/driver-dnf,label,icl_08,0.7142857142857143,0.6991927437641723,0.7520226418777143,0.6862675736961451,0.7562484750890548,,,,
time,J18,kumo-relational,rel-f1/driver-dnf,label,icl_09,0.7857142857142857,0.6804172335600907,0.759713072756551,0.6872562358276645,0.7655150539208511,,,,
time,J18,kumo-relational,rel-f1/driver-dnf,label,icl_10,0.8571428571428571,0.678312925170068,0.7801298004196554,0.6882902494331065,0.7754745522861465,,,,
time,J18,kumo-relational,rel-f1/driver-dnf,label,icl_11,0.9285714285714286,0.6616780045351475,0.7787537207827063,0.6882721088435374,0.7677499634021374,,,,
time,J18,kumo-relational,rel-f1/driver-dnf,label,final,1.0,0.6659047619047619,0.7811252622846825,0.6868027210884353,0.7700678280388426,,,,
random,J18,kumo-relational,rel-f1/driver-top3,random,pre_gnn,0.0,0.5550966655318844,0.5537533967391305,0.4349411406353586,0.6058476170568562,,,,
random,J18,kumo-relational,rel-f1/driver-top3,random,gnn,0.07142857142857142,0.7417355001702174,0.866651860367893,0.6612226980344376,0.7735550794314382,,,,
random,J18,kumo-relational,rel-f1/driver-top3,random,icl_00,0.14285714285714285,0.7403379262152623,0.8611648202341138,0.6768199817240329,0.7482755016722408,,,,
random,J18,kumo-relational,rel-f1/driver-top3,random,icl_01,0.21428571428571427,0.7446739889985845,0.867997491638796,0.6733618820662592,0.7446436036789298,,,,
random,J18,kumo-relational,rel-f1/driver-top3,random,icl_02,0.2857142857142857,0.7403916790596835,0.8704405309364549,0.6796868000931715,0.7974563649665551,,,,
random,J18,kumo-relational,rel-f1/driver-top3,random,icl_03,0.35714285714285715,0.6972998154485675,0.872439381270903,0.672743724355414,0.827720004180602,,,,
random,J18,kumo-relational,rel-f1/driver-top3,random,icl_04,0.42857142857142855,0.6870688573937038,0.8547110158862877,0.6626202719893928,0.8308554556856188,,,,
random,J18,kumo-relational,rel-f1/driver-top3,random,icl_05,0.5,0.670710075074806,0.858042433110368,0.6571285230510113,0.8362379807692307,,,,
random,J18,kumo-relational,rel-f1/driver-top3,random,icl_06,0.5714285714285714,0.6717492967336188,0.8554556856187291,0.6745892386805469,0.8547110158862876,,,,
random,J18,kumo-relational,rel-f1/driver-top3,random,icl_07,0.6428571428571429,0.6820877604773252,0.8447559573578596,0.6740158750067191,0.8403859218227425,,,,
random,J18,kumo-relational,rel-f1/driver-top3,random,icl_08,0.7142857142857143,0.6974252387522173,0.8583559782608696,0.6738635752808585,0.8436585493311037,,,,
random,J18,kumo-relational,rel-f1/driver-top3,random,icl_09,0.7857142857142857,0.6762287004353981,0.8544889214046824,0.672698930318396,0.8379428825250836,,,,
random,J18,kumo-relational,rel-f1/driver-top3,random,icl_10,0.8571428571428571,0.6987690598627511,0.8606553093645486,0.6600132590349573,0.8466568248327759,,,,
random,J18,kumo-relational,rel-f1/driver-top3,random,icl_11,0.9285714285714286,0.6970131336116536,0.8594795150501672,0.6530433068749889,0.836819345735786,,,,
random,J18,kumo-relational,rel-f1/driver-top3,random,final,1.0,0.6943792442350075,0.8583037207357859,0.651135080898031,0.8391121446488294,,,,
random,J18,kumo-relational,rel-f1/driver-top3,label,pre_gnn,0.0,0.5165200408521619,0.65632185409699,0.4158947160953934,0.5620427466555183,,,,
random,J18,kumo-relational,rel-f1/driver-top3,label,gnn,0.07142857142857142,0.8060597373277669,0.8582775919732442,0.6654243787067066,0.843155570652174,,,,
random,J18,kumo-relational,rel-f1/driver-top3,label,icl_00,0.14285714285714285,0.8038200354768773,0.8597669314381272,0.6696350181863792,0.847394962374582,,,,
random,J18,kumo-relational,rel-f1/driver-top3,label,icl_01,0.21428571428571427,0.7959183673469388,0.8592312918060201,0.6692318718532189,0.8451936141304348,,,,
random,J18,kumo-relational,rel-f1/driver-top3,label,icl_02,0.2857142857142857,0.7940011825625772,0.8605116011705685,0.6927397824801561,0.8475778637123745,,,,
random,J18,kumo-relational,rel-f1/driver-top3,label,icl_03,0.35714285714285715,0.762071992976295,0.8411371237458194,0.6965920696636864,0.865031877090301,,,,
random,J18,kumo-relational,rel-f1/driver-top3,label,icl_04,0.42857142857142855,0.7426672161401875,0.8173468854515049,0.6995305584920536,0.8647248641304348,,,,
random,J18,kumo-relational,rel-f1/driver-top3,label,icl_05,0.5,0.7174929673361883,0.795268081103679,0.706482593037215,0.8633008465719063,,,,
random,J18,kumo-relational,rel-f1/driver-top3,label,icl_06,0.5714285714285714,0.719141387898443,0.7852346362876255,0.7060256938596335,0.8614783653846154,,,,
random,J18,kumo-relational,rel-f1/driver-top3,label,icl_07,0.6428571428571429,0.6803139166114207,0.764148724916388,0.6898819229184211,0.8517976588628763,,,,
random,J18,kumo-relational,rel-f1/driver-top3,label,icl_08,0.7142857142857143,0.6774112630126677,0.7619016513377926,0.7183350952321227,0.8639867265886287,,,,
random,J18,kumo-relational,rel-f1/driver-top3,label,icl_09,0.7857142857142857,0.6880901614377094,0.7532791596989967,0.7046639551342926,0.8528232127926422,,,,
random,J18,kumo-relational,rel-f1/driver-top3,label,icl_10,0.8571428571428571,0.6683628675350737,0.7598766722408027,0.712547705649424,0.8631179452341137,,,,
random,J18,kumo-relational,rel-f1/driver-top3,label,icl_11,0.9285714285714286,0.666714446972819,0.7642140468227424,0.7151278421816488,0.8536070756688963,,,,
random,J18,kumo-relational,rel-f1/driver-top3,label,final,1.0,0.6671982225726112,0.7708376881270903,0.7132554514343051,0.8588524247491639,,,,
time,J18,kumo-relational,rel-f1/driver-top3,random,pre_gnn,0.0,0.5651126122090627,0.6058410848662207,0.4127232982745337,0.609564433528428,,,,
time,J18,kumo-relational,rel-f1/driver-top3,random,gnn,0.07142857142857142,0.7027646879647382,0.8493023620401339,0.6271075594416871,0.7998210179765887,,,,
time,J18,kumo-relational,rel-f1/driver-top3,random,icl_00,0.14285714285714285,0.6772320868645966,0.855063754180602,0.6826342477289423,0.8304896530100334,,,,
time,J18,kumo-relational,rel-f1/driver-top3,random,icl_01,0.21428571428571427,0.6427048431312823,0.8508047658862876,0.6751178083173568,0.8387267454013378,,,,
time,J18,kumo-relational,rel-f1/driver-top3,random,icl_02,0.2857142857142857,0.5323144183046353,0.7896112040133779,0.6634355234631165,0.8259889736622074,,,,
time,J18,kumo-relational,rel-f1/driver-top3,random,icl_03,0.35714285714285715,0.5084302377667486,0.7689302884615384,0.6665083944025372,0.8351732336956522,,,,
time,J18,kumo-relational,rel-f1/driver-top3,random,icl_04,0.42857142857142855,0.5039329164501621,0.7405413879598662,0.6278153052265683,0.8218279682274248,,,,
time,J18,kumo-relational,rel-f1/driver-top3,random,icl_05,0.5,0.535181236673774,0.6930392976588629,0.6370339180448299,0.8236373850334447,,,,
time,J18,kumo-relational,rel-f1/driver-top3,random,icl_06,0.5714285714285714,0.5422586945225851,0.7260137959866221,0.6255935209904857,0.8181634092809364,,,,
time,J18,kumo-relational,rel-f1/driver-top3,random,icl_07,0.6428571428571429,0.5367579867768002,0.7889057274247492,0.6134632957660676,0.8050990280100334,,,,
time,J18,kumo-relational,rel-f1/driver-top3,random,icl_08,0.7142857142857143,0.5295013527799179,0.7353809573578596,0.6233269427173854,0.7994290865384616,,,,
time,J18,kumo-relational,rel-f1/driver-top3,random,icl_09,0.7857142857142857,0.5673075200229346,0.7538801212374582,0.6365053484080199,0.8247217286789298,,,,
time,J18,kumo-relational,rel-f1/driver-top3,random,icl_10,0.8571428571428571,0.5887549049470535,0.7713733277591972,0.6343104405941481,0.7934717286789298,,,,
time,J18,kumo-relational,rel-f1/driver-top3,random,icl_11,0.9285714285714286,0.5957606923366362,0.7911005434782609,0.6301893891885112,0.7832488503344481,,,,
time,J18,kumo-relational,rel-f1/driver-top3,random,final,1.0,0.5951156582035798,0.7907347408026757,0.633360807009371,0.7901533758361203,,,,
time,J18,kumo-relational,rel-f1/driver-top3,label,pre_gnn,0.0,0.5390783178943219,0.6508870714882942,0.33479959147838234,0.38236831103678925,,,,
time,J18,kumo-relational,rel-f1/driver-top3,label,gnn,0.07142857142857142,0.8156277436347672,0.8747517767558529,0.6677805450538424,0.8530191785117057,,,,
time,J18,kumo-relational,rel-f1/driver-top3,label,icl_00,0.14285714285714285,0.8057372202612387,0.863947533444816,0.68121875615918,0.8478391513377926,,,,
time,J18,kumo-relational,rel-f1/driver-top3,label,icl_01,0.21428571428571427,0.7943236996291054,0.8594664506688964,0.6903477809034061,0.8470879494147157,,,,
time,J18,kumo-relational,rel-f1/driver-top3,label,icl_02,0.2857142857142857,0.7559800039418753,0.8374529682274247,0.7188995000985468,0.856004389632107,,,,
time,J18,kumo-relational,rel-f1/driver-top3,label,icl_03,0.35714285714285715,0.7340130081883499,0.8022313963210703,0.7330096217591514,0.8669066158026757,,,,
time,J18,kumo-relational,rel-f1/driver-top3,label,icl_04,0.42857142857142855,0.719302646431707,0.7813937081939799,0.7552095465051692,0.878298756270903,,,,
time,J18,kumo-relational,rel-f1/driver-top3,label,icl_05,0.5,0.7045026966010284,0.7647627508361203,0.7520022934546953,0.863411893812709,,,,
time,J18,kumo-relational,rel-f1/driver-top3,label,icl_06,0.5714285714285714,0.7115443192202253,0.7689564172240801,0.7569565139488631,0.8616547345317727,,,,
time,J18,kumo-relational,rel-f1/driver-top3,label,icl_07,0.6428571428571429,0.7053627421117701,0.7775789088628762,0.7571984017487592,0.8644178511705686,,,,
time,J18,kumo-relational,rel-f1/driver-top3,label,icl_08,0.7142857142857143,0.7232086864596585,0.780570652173913,0.783555213130028,0.8793961642976589,,,,
time,J18,kumo-relational,rel-f1/driver-top3,label,icl_09,0.7857142857142857,0.7204314561645554,0.7934913252508361,0.789136550142445,0.8772078804347826,,,,
time,J18,kumo-relational,rel-f1/driver-top3,label,icl_10,0.8571428571428571,0.6995753525290713,0.8039558946488295,0.7988658149827095,0.8799840614548494,,,,
time,J18,kumo-relational,rel-f1/driver-top3,label,icl_11,0.9285714285714286,0.6811918797369695,0.7853522157190636,0.7947447635770726,0.8732167119565217,,,,
time,J18,kumo-relational,rel-f1/driver-top3,label,final,1.0,0.6824819480030818,0.7847773829431438,0.7907043414380678,0.8740593645484949,,,,
time,J18,kumo-relational,rel-hm/user-churn,random,pre_gnn,0.0,0.5528341830191582,0.5496829918219583,0.536408519993277,0.5331251552426002,,,,
time,J18,kumo-relational,rel-hm/user-churn,random,gnn,0.07142857142857142,0.6921484574752162,0.6820946386856849,0.6806599203291226,0.6642746046093702,,,,
time,J18,kumo-relational,rel-hm/user-churn,random,icl_00,0.14285714285714285,0.6888102885721537,0.680769812115434,0.6798039672501024,0.663967568862068,,,,
time,J18,kumo-relational,rel-hm/user-churn,random,icl_01,0.21428571428571427,0.6899436124877554,0.6797747710331179,0.678334804398647,0.6646480637657316,,,,
time,J18,kumo-relational,rel-hm/user-churn,random,icl_02,0.2857142857142857,0.6870168809331035,0.6780007156385147,0.6788538993656306,0.6646379901860876,,,,
time,J18,kumo-relational,rel-hm/user-churn,random,icl_03,0.35714285714285715,0.6869945405911702,0.6768386762125094,0.676357439535253,0.6640821813368167,,,,
time,J18,kumo-relational,rel-hm/user-churn,random,icl_04,0.42857142857142855,0.6863931777226872,0.6768996960417832,0.6778405365634838,0.6636396974418944,,,,
time,J18,kumo-relational,rel-hm/user-churn,random,icl_05,0.5,0.6846993558268397,0.6711135155173824,0.6787735312085363,0.6636549104624765,,,,
time,J18,kumo-relational,rel-hm/user-churn,random,icl_06,0.5714285714285714,0.6810165749193395,0.6674340964249553,0.6791177436959103,0.6642518874166525,,,,
time,J18,kumo-relational,rel-hm/user-churn,random,icl_07,0.6428571428571429,0.6774664173701932,0.661471940591583,0.6805067585323269,0.6639953679109512,,,,
time,J18,kumo-relational,rel-hm/user-churn,random,icl_08,0.7142857142857143,0.6745659724076556,0.6654665336618659,0.6815699305128939,0.6629999825718434,,,,
time,J18,kumo-relational,rel-hm/user-churn,random,icl_09,0.7857142857142857,0.6723152237249083,0.6616922586789997,0.684517192352578,0.6631903409295684,,,,
time,J18,kumo-relational,rel-hm/user-churn,random,icl_10,0.8571428571428571,0.6769686191087316,0.6634028243583296,0.6828076425298731,0.663454509195258,,,,
time,J18,kumo-relational,rel-hm/user-churn,random,icl_11,0.9285714285714286,0.6709012431487105,0.6553109094874611,0.6838273894516309,0.6637365919584614,,,,
time,J18,kumo-relational,rel-hm/user-churn,random,final,1.0,0.6700272465745447,0.6545514927754382,0.6845893744865696,0.6637296129344131,,,,
time,J18,kumo-relational,rel-hm/user-churn,label,pre_gnn,0.0,0.553967979832509,0.5501750349246011,0.5339603609605689,0.5370023949281516,,,,
time,J18,kumo-relational,rel-hm/user-churn,label,gnn,0.07142857142857142,0.6874250895313663,0.6790886296921502,0.6766336852013287,0.6646093862022334,,,,
time,J18,kumo-relational,rel-hm/user-churn,label,icl_00,0.14285714285714285,0.6887440828872997,0.6798758122792201,0.6760595628738675,0.6645880823401257,,,,
time,J18,kumo-relational,rel-hm/user-churn,label,icl_01,0.21428571428571427,0.6890354694347514,0.6801048331783289,0.6761580723670206,0.6645334325133394,,,,
time,J18,kumo-relational,rel-hm/user-churn,label,icl_02,0.2857142857142857,0.686655375064255,0.6768854988916971,0.6787536450428518,0.6659582049671738,,,,
time,J18,kumo-relational,rel-hm/user-churn,label,icl_03,0.35714285714285715,0.6875987082325089,0.6765536128114121,0.679841187564309,0.6682672078753976,,,,
time,J18,kumo-relational,rel-hm/user-churn,label,icl_04,0.42857142857142855,0.6871468299731529,0.6757568761594928,0.6802051557628159,0.667324468788549,,,,
time,J18,kumo-relational,rel-hm/user-churn,label,icl_05,0.5,0.6841878272238395,0.672227360244405,0.6808363519565305,0.6676297156523776,,,,
time,J18,kumo-relational,rel-hm/user-churn,label,icl_06,0.5714285714285714,0.684377459221171,0.6722837945732145,0.6815509656824791,0.6682800123502812,,,,
time,J18,kumo-relational,rel-hm/user-churn,label,icl_07,0.6428571428571429,0.6827894848869951,0.6688718242007402,0.6812540755836385,0.6686041470194621,,,,
time,J18,kumo-relational,rel-hm/user-churn,label,icl_08,0.7142857142857143,0.6833715894023222,0.6685351911322595,0.6792544437589965,0.6691439936201881,,,,
time,J18,kumo-relational,rel-hm/user-churn,label,icl_09,0.7857142857142857,0.6812015105528193,0.6674183720265574,0.6787337344169388,0.6680795841684408,,,,
time,J18,kumo-relational,rel-hm/user-churn,label,icl_10,0.8571428571428571,0.6819402094503266,0.6680315860087901,0.6799071975673359,0.6667039803473487,,,,
time,J18,kumo-relational,rel-hm/user-churn,label,icl_11,0.9285714285714286,0.6811941072570253,0.6672867770513174,0.6787044229099131,0.6661047669758702,,,,
time,J18,kumo-relational,rel-hm/user-churn,label,final,1.0,0.6809721388377565,0.6670954216007396,0.6787770616348345,0.666021093171944,,,,
time,J18,kumo-relational,rel-trial/study-outcome,random,pre_gnn,0.0,0.6350680623126443,0.7079958349981234,0.5813799203892083,0.6355078517549914,,,,
time,J18,kumo-relational,rel-trial/study-outcome,random,gnn,0.07142857142857142,0.6084149768360294,0.6400058116305256,0.5528102788164708,0.5629502500211883,,,,
time,J18,kumo-relational,rel-trial/study-outcome,random,icl_00,0.14285714285714285,0.6162867060699878,0.6389887762885474,0.5564021461854279,0.5666551644812514,,,,
time,J18,kumo-relational,rel-trial/study-outcome,random,icl_01,0.21428571428571427,0.6149196520713549,0.6443039967067427,0.5440182452566353,0.5639037206542927,,,,
time,J18,kumo-relational,rel-trial/study-outcome,random,icl_02,0.2857142857142857,0.6148347696335312,0.6401026721392853,0.5369618341754565,0.5744917850181007,,,,
time,J18,kumo-relational,rel-trial/study-outcome,random,icl_03,0.35714285714285715,0.6076867748694375,0.6472037581877399,0.5512913299291009,0.5895959706028356,,,,
time,J18,kumo-relational,rel-trial/study-outcome,random,icl_04,0.42857142857142855,0.6067173280795572,0.6509873718111705,0.5628264064796573,0.5749881951254949,,,,
time,J18,kumo-relational,rel-trial/study-outcome,random,icl_05,0.5,0.5996765532369248,0.637856719092417,0.5720629559638848,0.5889179470415169,,,,
time,J18,kumo-relational,rel-trial/study-outcome,random,icl_06,0.5714285714285714,0.6035588078931733,0.6399331662489557,0.5751164899771711,0.5920205102127298,,,,
time,J18,kumo-relational,rel-trial/study-outcome,random,icl_07,0.6428571428571429,0.592577700936834,0.6388858619979902,0.5855771335647496,0.5831940963519912,,,,
time,J18,kumo-relational,rel-trial/study-outcome,random,icl_08,0.7142857142857143,0.5953966913719235,0.6336311793977698,0.587647818297973,0.5892751201675687,,,,
time,J18,kumo-relational,rel-trial/study-outcome,random,icl_09,0.7857142857142857,0.591474229245127,0.6264211252769606,0.5824230808750932,0.5861029385056846,,,,
time,J18,kumo-relational,rel-trial/study-outcome,random,icl_10,0.8571428571428571,0.5939224174518292,0.6291392733040331,0.5716765174969509,0.5857851149613164,,,,
time,J18,kumo-relational,rel-trial/study-outcome,random,icl_11,0.9285714285714286,0.5894281157439052,0.6266511689852652,0.5780248303468117,0.5822254912643928,,,,
time,J18,kumo-relational,rel-trial/study-outcome,random,final,1.0,0.5898301904493856,0.6277166345816232,0.5789764071497818,0.5822618139551777,,,,
time,J18,kumo-relational,rel-trial/study-outcome,label,pre_gnn,0.0,0.6363859738472741,0.7087343963774169,0.6059221136620517,0.6750208855472013,,,,
time,J18,kumo-relational,rel-trial/study-outcome,label,gnn,0.07142857142857142,0.6318067897015265,0.6899010812054291,0.6061812284722501,0.6578432796968265,,,,
time,J18,kumo-relational,rel-trial/study-outcome,label,icl_00,0.14285714285714285,0.631346637538588,0.6876551281585607,0.602426297472737,0.6626439286622353,,,,
time,J18,kumo-relational,rel-trial/study-outcome,label,icl_01,0.21428571428571427,0.6279200675485506,0.688266560120107,0.6004181576936996,0.6574618914435849,,,,
time,J18,kumo-relational,rel-trial/study-outcome,label,icl_02,0.2857142857142857,0.6328164439619548,0.6913660964004212,0.5905874311447068,0.6491651834901264,,,,
time,J18,kumo-relational,rel-trial/study-outcome,label,icl_03,0.35714285714285715,0.628107702411108,0.6971474580170232,0.6080732133363711,0.6510085600474619,,,,
time,J18,kumo-relational,rel-trial/study-outcome,label,icl_04,0.42857142857142855,0.6266870384517443,0.6876853970675482,0.6134074044290763,0.6614452798663325,,,,
time,J18,kumo-relational,rel-trial/study-outcome,label,icl_05,0.5,0.6261554063411648,0.685058055767438,0.6035253016677166,0.6563752376109355,,,,
time,J18,kumo-relational,rel-trial/study-outcome,label,icl_06,0.5714285714285714,0.615160896894643,0.6778480016466288,0.5991851285968934,0.6570169384814694,,,,
time,J18,kumo-relational,rel-trial/study-outcome,label,icl_07,0.6428571428571429,0.6129003435504984,0.6694271911663217,0.6125340088188386,0.6663730582494883,,,,
time,J18,kumo-relational,rel-trial/study-outcome,label,icl_08,0.7142857142857143,0.6230549636122392,0.6679440146259367,0.6121989465642715,0.6513929751916021,,,,
time,J18,kumo-relational,rel-trial/study-outcome,label,icl_09,0.7857142857142857,0.6301895558861503,0.6693484920029542,0.6209530064019227,0.6597986512174153,,,,
time,J18,kumo-relational,rel-trial/study-outcome,label,icl_10,0.8571428571428571,0.6224339815671085,0.6711525189786058,0.6144617336567801,0.6505212306127637,,,,
time,J18,kumo-relational,rel-trial/study-outcome,label,icl_11,0.9285714285714286,0.621629832156148,0.666672720448464,0.6183127158359358,0.651595776881818,,,,
time,J18,kumo-relational,rel-trial/study-outcome,label,final,1.0,0.6210892650521134,0.6666424515394768,0.6178190574475404,0.6556548375770344,,,,
time,J19,tabpfn,rel-avito/user-clicks,zeros,block_00,0.0,0.601932136505783,0.6173217100416821,0.5764968345946243,0.5718377102979059,,,,
time,J19,tabpfn,rel-avito/user-clicks,zeros,block_01,0.09090909090909091,0.6003268335472136,0.609779496039971,0.553980497167519,0.5667389154644741,,,,
time,J19,tabpfn,rel-avito/user-clicks,zeros,block_02,0.18181818181818182,0.590612634759889,0.6222513857814137,0.5445826282529329,0.579018966274553,,,,
time,J19,tabpfn,rel-avito/user-clicks,zeros,block_03,0.2727272727272727,0.5938637104995129,0.6115032582735097,0.5862394916132854,0.600619841209925,,,,
time,J19,tabpfn,rel-avito/user-clicks,zeros,block_04,0.36363636363636365,0.6013943498510083,0.6207982026592362,0.5805757491962028,0.5982192594448181,,,,
time,J19,tabpfn,rel-avito/user-clicks,zeros,block_05,0.45454545454545453,0.5945219456944507,0.6085134191454024,0.5612520187788845,0.5735694652244931,,,,
time,J19,tabpfn,rel-avito/user-clicks,zeros,block_06,0.5454545454545454,0.6030972608471875,0.6202319510978729,0.5586897800725708,0.5898300201547408,,,,
time,J19,tabpfn,rel-avito/user-clicks,zeros,block_07,0.6363636363636364,0.5967379179470099,0.6125014870126602,0.56788600209083,0.5698790000640559,,,,
time,J19,tabpfn,rel-avito/user-clicks,zeros,block_08,0.7272727272727273,0.5984800791271883,0.6030716105262195,0.5737916394742721,0.5693419168279503,,,,
time,J19,tabpfn,rel-avito/user-clicks,zeros,block_09,0.8181818181818182,0.5924766119536842,0.59752329462525,0.5642851488169617,0.5708929425235292,,,,
time,J19,tabpfn,rel-avito/user-clicks,zeros,block_10,0.9090909090909091,0.5936007120914737,0.605220887151753,0.5608040788259006,0.5634420082220362,,,,
time,J19,tabpfn,rel-avito/user-clicks,zeros,block_11,1.0,0.5919389361751353,0.6016363144505603,0.5548010921160424,0.5770054939398515,,,,
time,J19,tabpfn,rel-avito/user-clicks,random,block_00,0.0,0.5941252305578723,0.623566105147809,0.5589590984254911,0.5667917759049044,,,,
time,J19,tabpfn,rel-avito/user-clicks,random,block_01,0.09090909090909091,0.5998811480774913,0.6060861283452066,0.5545638909099161,0.5742867772546543,,,,
time,J19,tabpfn,rel-avito/user-clicks,random,block_02,0.18181818181818182,0.5920649285265976,0.61867682181928,0.5519458075444471,0.5785744352783458,,,,
time,J19,tabpfn,rel-avito/user-clicks,random,block_03,0.2727272727272727,0.5982672706907788,0.6049015797793731,0.582863864913137,0.6004638621607895,,,,
time,J19,tabpfn,rel-avito/user-clicks,random,block_04,0.36363636363636365,0.6094751939945888,0.6154742254951753,0.5777961561282141,0.5945760784273354,,,,
time,J19,tabpfn,rel-avito/user-clicks,random,block_05,0.45454545454545453,0.6077053507166559,0.6267155693657089,0.5725878562887406,0.5906818353396566,,,,
time,J19,tabpfn,rel-avito/user-clicks,random,block_06,0.5454545454545454,0.601812094511782,0.6078264621909873,0.570719370128422,0.5937310119921851,,,,
time,J19,tabpfn,rel-avito/user-clicks,random,block_07,0.6363636363636364,0.5991882086238198,0.5974259524888016,0.5670037599606582,0.5939538065236389,,,,
time,J19,tabpfn,rel-avito/user-clicks,random,block_08,0.7272727272727273,0.5905707605052083,0.6061231034869303,0.551866826712803,0.5743335323642587,,,,
time,J19,tabpfn,rel-avito/user-clicks,random,block_09,0.8181818181818182,0.5955293670837608,0.6064085384266948,0.5795552813709682,0.6007127652029887,,,,
time,J19,tabpfn,rel-avito/user-clicks,random,block_10,0.9090909090909091,0.5829699365026637,0.5935525704729615,0.5824162945475729,0.6101978613326379,,,,
time,J19,tabpfn,rel-avito/user-clicks,random,block_11,1.0,0.591766523643727,0.596512955311838,0.5842789412266562,0.5877129573707787,,,,
time,J19,tabpfn,rel-avito/user-clicks,kmeans,block_00,0.0,0.5,0.5,0.5,0.5,,,,
time,J19,tabpfn,rel-avito/user-clicks,kmeans,block_01,0.09090909090909091,0.6035903643828899,0.6188772253716388,0.561097974742248,0.5782968500496434,,,,
time,J19,tabpfn,rel-avito/user-clicks,kmeans,block_02,0.18181818181818182,0.5924277894555083,0.6185368424544402,0.5636915544617739,0.5729414168485397,,,,
time,J19,tabpfn,rel-avito/user-clicks,kmeans,block_03,0.2727272727272727,0.603461747960746,0.6091467292584611,0.5675431728000808,0.5909555171601262,,,,
time,J19,tabpfn,rel-avito/user-clicks,kmeans,block_04,0.36363636363636365,0.6044557902854538,0.6231489837984252,0.581150235881779,0.5885366765953358,,,,
time,J19,tabpfn,rel-avito/user-clicks,kmeans,block_05,0.45454545454545453,0.5921561057431002,0.6226695366011008,0.5634051242113096,0.5719677095200839,,,,
time,J19,tabpfn,rel-avito/user-clicks,kmeans,block_06,0.5454545454545454,0.6024595007953151,0.6215699622298785,0.5587463269478237,0.5773039116439955,,,,
time,J19,tabpfn,rel-avito/user-clicks,kmeans,block_07,0.6363636363636364,0.5968551510766192,0.6149502823036344,0.5700282786118503,0.5963917351836346,,,,
time,J19,tabpfn,rel-avito/user-clicks,kmeans,block_08,0.7272727272727273,0.6082389610335852,0.6176535569342831,0.5725729619157165,0.5841341468436441,,,,
time,J19,tabpfn,rel-avito/user-clicks,kmeans,block_09,0.8181818181818182,0.6120840007158168,0.6268078785362305,0.576555229406977,0.5847998280784594,,,,
time,J19,tabpfn,rel-avito/user-clicks,kmeans,block_10,0.9090909090909091,0.6067376599749907,0.6165270447567933,0.5817738407354671,0.5823705069340543,,,,
time,J19,tabpfn,rel-avito/user-clicks,kmeans,block_11,1.0,0.6075347861223472,0.6080204029575538,0.5813295966566826,0.5979089170429953,,,,
time,J19,tabpfn,rel-avito/user-clicks,label,block_00,0.0,0.5941536148717247,0.6209042095040699,0.5645307026987791,0.571730502404385,,,,
time,J19,tabpfn,rel-avito/user-clicks,label,block_01,0.09090909090909091,0.5994341320930571,0.6062506863135354,0.5578685198666913,0.5796751106108649,,,,
time,J19,tabpfn,rel-avito/user-clicks,label,block_02,0.18181818181818182,0.588770943687517,0.6153812729057142,0.5639121242340024,0.5778401798827776,,,,
time,J19,tabpfn,rel-avito/user-clicks,label,block_03,0.2727272727272727,0.5992199561831939,0.6008187434514249,0.5737791843782198,0.5861074698365201,,,,
time,J19,tabpfn,rel-avito/user-clicks,label,block_04,0.36363636363636365,0.608024341618818,0.6152396778444265,0.5863712125697568,0.610525218590861,,,,
time,J19,tabpfn,rel-avito/user-clicks,label,block_05,0.45454545454545453,0.6147207112872516,0.6122481658270764,0.591885715586662,0.6071206745089426,,,,
time,J19,tabpfn,rel-avito/user-clicks,label,block_06,0.5454545454545454,0.6207012640407183,0.624066499206164,0.5983876083547158,0.6080186156827219,,,,
time,J19,tabpfn,rel-avito/user-clicks,label,block_07,0.6363636363636364,0.6252506634278981,0.6191986488774198,0.5891755679948826,0.6044551185263476,,,,
time,J19,tabpfn,rel-avito/user-clicks,label,block_08,0.7272727272727273,0.6288790140058109,0.6338667848269803,0.6034718007385688,0.6147797762846645,,,,
time,J19,tabpfn,rel-avito/user-clicks,label,block_09,0.8181818181818182,0.6284893579889537,0.633591973448817,0.6045597552266868,0.6175030969898289,,,,
time,J19,tabpfn,rel-avito/user-clicks,label,block_10,0.9090909090909091,0.6272113616494953,0.6411566642188151,0.606743351621258,0.6206883210025668,,,,
time,J19,tabpfn,rel-avito/user-clicks,label,block_11,1.0,0.6186819862130587,0.6273091733811007,0.6045936833518386,0.6215825303464968,,,,
time,J19,tabpfn,rel-avito/user-visits,zeros,block_00,0.0,0.6493611242657846,0.6351452164679563,0.6107521693751903,0.5860068500803244,,,,
time,J19,tabpfn,rel-avito/user-visits,zeros,block_01,0.09090909090909091,0.642524108279369,0.6216684954935723,0.6037229758466047,0.5960537806405266,,,,
time,J19,tabpfn,rel-avito/user-visits,zeros,block_02,0.18181818181818182,0.6548406458557516,0.6378446857864468,0.6168773899641391,0.6066726915695531,,,,
time,J19,tabpfn,rel-avito/user-visits,zeros,block_03,0.2727272727272727,0.6498335324289275,0.6359732944934732,0.6178944426368853,0.6068284280973834,,,,
time,J19,tabpfn,rel-avito/user-visits,zeros,block_04,0.36363636363636365,0.6496550636646112,0.6360576506490864,0.6172020573975352,0.6002848415035636,,,,
time,J19,tabpfn,rel-avito/user-visits,zeros,block_05,0.45454545454545453,0.6423847003361607,0.628392377658919,0.6000525460709015,0.5907998000409173,,,,
time,J19,tabpfn,rel-avito/user-visits,zeros,block_06,0.5454545454545454,0.6435868285836026,0.6236254998298891,0.607089138661218,0.6062034474555643,,,,
time,J19,tabpfn,rel-avito/user-visits,zeros,block_07,0.6363636363636364,0.6331704492848927,0.6167287820381737,0.6109911463364925,0.6071469994038916,,,,
time,J19,tabpfn,rel-avito/user-visits,zeros,block_08,0.7272727272727273,0.6492343499021669,0.6328602849989611,0.6025733908405954,0.6050731286216677,,,,
time,J19,tabpfn,rel-avito/user-visits,zeros,block_09,0.8181818181818182,0.6528963054178759,0.6373628486822072,0.6158946728990817,0.6053233668305267,,,,
time,J19,tabpfn,rel-avito/user-visits,zeros,block_10,0.9090909090909091,0.6453885779255175,0.6375637608294442,0.6100064344957103,0.6026303296425283,,,,
time,J19,tabpfn,rel-avito/user-visits,zeros,block_11,1.0,0.6442935167893199,0.6289341173692492,0.6181838690324764,0.6105701346427567,,,,
time,J19,tabpfn,rel-avito/user-visits,random,block_00,0.0,0.6502661299616473,0.6341567812697902,0.6111451967823616,0.6038628602745097,,,,
time,J19,tabpfn,rel-avito/user-visits,random,block_01,0.09090909090909091,0.6455862446377669,0.627038806025861,0.6099982148879365,0.5977512060124107,,,,
time,J19,tabpfn,rel-avito/user-visits,random,block_02,0.18181818181818182,0.65750643018077,0.6405479137116492,0.6162963726290854,0.6078897055156056,,,,
time,J19,tabpfn,rel-avito/user-visits,random,block_03,0.2727272727272727,0.649049444095618,0.638578277201531,0.62478691621792,0.6123533448627816,,,,
time,J19,tabpfn,rel-avito/user-visits,random,block_04,0.36363636363636365,0.6477116852462341,0.6372922941786663,0.6196403241111597,0.6084778506059989,,,,
time,J19,tabpfn,rel-avito/user-visits,random,block_05,0.45454545454545453,0.6476676445594869,0.6378089714873844,0.6155991489975516,0.6122019305819641,,,,
time,J19,tabpfn,rel-avito/user-visits,random,block_06,0.5454545454545454,0.6478671079846232,0.6353900654315859,0.6090146631294907,0.6066185821006721,,,,
time,J19,tabpfn,rel-avito/user-visits,random,block_07,0.6363636363636364,0.6420832486968385,0.6352731477456516,0.6070636168498168,0.6051681427029698,,,,
time,J19,tabpfn,rel-avito/user-visits,random,block_08,0.7272727272727273,0.6500468178106819,0.6363030300977048,0.6102821096714112,0.6006013390960239,,,,
time,J19,tabpfn,rel-avito/user-visits,random,block_09,0.8181818181818182,0.6518027014582717,0.6292855033920959,0.6230995198702156,0.6004763013728143,,,,
time,J19,tabpfn,rel-avito/user-visits,random,block_10,0.9090909090909091,0.650244951385335,0.6274816554975263,0.6167059665779147,0.6021111084171583,,,,
time,J19,tabpfn,rel-avito/user-visits,random,block_11,1.0,0.6479155767905326,0.6263487143798772,0.6066265770505892,0.5911425144426647,,,,
time,J19,tabpfn,rel-avito/user-visits,kmeans,block_00,0.0,0.5,0.5,0.5,0.5,,,,
time,J19,tabpfn,rel-avito/user-visits,kmeans,block_01,0.09090909090909091,0.6451599426738239,0.6278041240602323,0.6133214263614111,0.6027942615606151,,,,
time,J19,tabpfn,rel-avito/user-visits,kmeans,block_02,0.18181818181818182,0.6554211255916738,0.6376968613216631,0.6152339777137996,0.6086769603099209,,,,
time,J19,tabpfn,rel-avito/user-visits,kmeans,block_03,0.2727272727272727,0.6507327094184171,0.6364980164864849,0.6178484779111411,0.6101648712382118,,,,
time,J19,tabpfn,rel-avito/user-visits,kmeans,block_04,0.36363636363636365,0.6534661746446235,0.6388756592496707,0.619729551419645,0.6055531361555191,,,,
time,J19,tabpfn,rel-avito/user-visits,kmeans,block_05,0.45454545454545453,0.6392399434796567,0.6302027511216775,0.6187677016892977,0.6082724233081167,,,,
time,J19,tabpfn,rel-avito/user-visits,kmeans,block_06,0.5454545454545454,0.638244720161119,0.6299854753210004,0.6283811625377497,0.6070563226401987,,,,
time,J19,tabpfn,rel-avito/user-visits,kmeans,block_07,0.6363636363636364,0.634027934046999,0.6216392434661943,0.6264489039329876,0.612729479818838,,,,
time,J19,tabpfn,rel-avito/user-visits,kmeans,block_08,0.7272727272727273,0.6470048131250244,0.6339389207299777,0.6145879108838331,0.6051374740395415,,,,
time,J19,tabpfn,rel-avito/user-visits,kmeans,block_09,0.8181818181818182,0.6484134926177312,0.6320942767312803,0.6189079018838576,0.6151298490412128,,,,
time,J19,tabpfn,rel-avito/user-visits,kmeans,block_10,0.9090909090909091,0.6437428455105054,0.6283094471817134,0.6227664772082443,0.6091999280855259,,,,
time,J19,tabpfn,rel-avito/user-visits,kmeans,block_11,1.0,0.6414742337649094,0.6174120497181623,0.6169551013333335,0.6092652862474696,,,,
time,J19,tabpfn,rel-avito/user-visits,label,block_00,0.0,0.6499731525823192,0.6338116194032071,0.6123759734045748,0.6047561789113192,,,,
time,J19,tabpfn,rel-avito/user-visits,label,block_01,0.09090909090909091,0.6456807347588028,0.6271737210178719,0.6097272790730002,0.5981325523806605,,,,
time,J19,tabpfn,rel-avito/user-visits,label,block_02,0.18181818181818182,0.6571249611549259,0.6398140299269972,0.6206228855554159,0.6104225091098439,,,,
time,J19,tabpfn,rel-avito/user-visits,label,block_03,0.2727272727272727,0.648488714054106,0.6355591153241693,0.6243396054458114,0.6126274518820276,,,,
time,J19,tabpfn,rel-avito/user-visits,label,block_04,0.36363636363636365,0.6574174999665414,0.6440231419736133,0.6387039429981943,0.6128026023519847,,,,
time,J19,tabpfn,rel-avito/user-visits,label,block_05,0.45454545454545453,0.678552474159944,0.6542959657014448,0.6584832195080351,0.6311143925894429,,,,
time,J19,tabpfn,rel-avito/user-visits,label,block_06,0.5454545454545454,0.6780971984322817,0.6538467082122417,0.6640908311647574,0.6367414186728715,,,,
time,J19,tabpfn,rel-avito/user-visits,label,block_07,0.6363636363636364,0.6857322661820804,0.6540762122947394,0.6701409717907871,0.6394526400423404,,,,
time,J19,tabpfn,rel-avito/user-visits,label,block_08,0.7272727272727273,0.6911814700104992,0.6559135651389572,0.6738234409575671,0.6448115813167962,,,,
time,J19,tabpfn,rel-avito/user-visits,label,block_09,0.8181818181818182,0.6833433737044816,0.6550564008626217,0.6717018625744394,0.646955536399957,,,,
time,J19,tabpfn,rel-avito/user-visits,label,block_10,0.9090909090909091,0.6840757251950558,0.6560214374530047,0.6691032356988232,0.6441650256093436,,,,
time,J19,tabpfn,rel-avito/user-visits,label,block_11,1.0,0.6877557751657439,0.6556722698219304,0.6655383592683887,0.6439823398412468,,,,
time,J19,tabpfn,rel-event/user-ignore,zeros,block_00,0.0,0.7639176290803417,0.8188318192808538,0.7958150662624947,0.7975268557217368,,,,
time,J19,tabpfn,rel-event/user-ignore,zeros,block_01,0.09090909090909091,0.7444196708169453,0.6780583284400077,0.743279805596613,0.7255995762955799,,,,
time,J19,tabpfn,rel-event/user-ignore,zeros,block_02,0.18181818181818182,0.7847683944184182,0.7416255051638976,0.7574654908936042,0.7257342866682785,,,,
time,J19,tabpfn,rel-event/user-ignore,zeros,block_03,0.2727272727272727,0.7747450960743542,0.74334795574131,0.7869291279404764,0.7510828641497703,,,,
time,J19,tabpfn,rel-event/user-ignore,zeros,block_04,0.36363636363636365,0.7752661773179347,0.7558610525831003,0.7794310694691485,0.7474583491646805,,,,
time,J19,tabpfn,rel-event/user-ignore,zeros,block_05,0.45454545454545453,0.781491595059749,0.7808020448343753,0.7781446501490593,0.7277560936294658,,,,
time,J19,tabpfn,rel-event/user-ignore,zeros,block_06,0.5454545454545454,0.7898364105518952,0.7579335198553878,0.7820464964801964,0.7187800075990467,,,,
time,J19,tabpfn,rel-event/user-ignore,zeros,block_07,0.6363636363636364,0.7735626424831525,0.7720216918241165,0.7716135982162988,0.7382565944757233,,,,
time,J19,tabpfn,rel-event/user-ignore,zeros,block_08,0.7272727272727273,0.7500363253751534,0.7183056428678342,0.7619272490417616,0.7002371823656062,,,,
time,J19,tabpfn,rel-event/user-ignore,zeros,block_09,0.8181818181818182,0.7719067064158128,0.7541178773329649,0.7620449933612246,0.7052514017938355,,,,
time,J19,tabpfn,rel-event/user-ignore,zeros,block_10,0.9090909090909091,0.7721847834256081,0.7556008428033574,0.7673998546984994,0.7165970087389038,,,,
time,J19,tabpfn,rel-event/user-ignore,zeros,block_11,1.0,0.799396247212967,0.7820547361634025,0.7724227772628203,0.7234211829182642,,,,
time,J19,tabpfn,rel-event/user-ignore,random,block_00,0.0,0.6714382343362477,0.7832982165267751,0.7741551218778966,0.7903284860626577,,,,
time,J19,tabpfn,rel-event/user-ignore,random,block_01,0.09090909090909091,0.7523661597815468,0.7031858427457889,0.7691359571110054,0.746546463564874,,,,
time,J19,tabpfn,rel-event/user-ignore,random,block_02,0.18181818181818182,0.7854798707317685,0.7393665158371041,0.7544868101310218,0.7212969039641695,,,,
time,J19,tabpfn,rel-event/user-ignore,random,block_03,0.2727272727272727,0.7763434125811057,0.742452189331399,0.7943420096700655,0.7610088310133214,,,,
time,J19,tabpfn,rel-event/user-ignore,random,block_04,0.36363636363636365,0.793218428238595,0.7903192750970028,0.7878084525390185,0.7555973886912368,,,,
time,J19,tabpfn,rel-event/user-ignore,random,block_05,0.45454545454545453,0.7936944159130195,0.7837495538438513,0.7728010622040734,0.7460110761861998,,,,
time,J19,tabpfn,rel-event/user-ignore,random,block_06,0.5454545454545454,0.8029836911591552,0.8169919288913451,0.7778340055615401,0.7433042036544506,,,,
time,J19,tabpfn,rel-event/user-ignore,random,block_07,0.6363636363636364,0.7928551744870606,0.7957744695059468,0.7767705488889447,0.7620542756151198,,,,
time,J19,tabpfn,rel-event/user-ignore,random,block_08,0.7272727272727273,0.7765889220131773,0.7837219209468872,0.7769722173510034,0.7658572530597676,,,,
time,J19,tabpfn,rel-event/user-ignore,random,block_09,0.8181818181818182,0.7887892376681614,0.7711213199313782,0.7963599468897963,0.7695934510034195,,,,
time,J19,tabpfn,rel-event/user-ignore,random,block_10,0.9090909090909091,0.7928977628579301,0.7941878806719399,0.795935315780244,0.7752190482769736,,,,
time,J19,tabpfn,rel-event/user-ignore,random,block_11,1.0,0.786013477966781,0.7965159522411429,0.7904238795500663,0.765496874028531,,,,
time,J19,tabpfn,rel-event/user-ignore,kmeans,block_00,0.0,0.5,0.4994128009395185,0.5011173184357542,0.501174398120963,,,,
time,J19,tabpfn,rel-event/user-ignore,kmeans,block_01,0.09090909090909091,0.7623368489615953,0.6876745765834225,0.7700127765112609,0.7447042704339516,,,,
time,J19,tabpfn,rel-event/user-ignore,kmeans,block_02,0.18181818181818182,0.7778289951649672,0.7462793455608902,0.7533319137209711,0.7266162366297075,,,,
time,J19,tabpfn,rel-event/user-ignore,kmeans,block_03,0.2727272727272727,0.7647643861011598,0.7216998837115586,0.7713029536287797,0.7369048852659092,,,,
time,J19,tabpfn,rel-event/user-ignore,kmeans,block_04,0.36363636363636365,0.766693388781722,0.7492613956915708,0.7485319538041435,0.7089300312021461,,,,
time,J19,tabpfn,rel-event/user-ignore,kmeans,block_05,0.45454545454545453,0.7913194879374702,0.7969120237642913,0.7796390009269234,0.7457289903630272,,,,
time,J19,tabpfn,rel-event/user-ignore,kmeans,block_06,0.5454545454545454,0.7924919207355263,0.785237124797071,0.7933486985494902,0.7495331191783818,,,,
time,J19,tabpfn,rel-event/user-ignore,kmeans,block_07,0.6363636363636364,0.7897938221810256,0.7785407527661681,0.7801362827867826,0.7516919392536815,,,,
time,J19,tabpfn,rel-event/user-ignore,kmeans,block_08,0.7272727272727273,0.770373525064509,0.7559071074113732,0.781153393291079,0.7330857886313656,,,,
time,J19,tabpfn,rel-event/user-ignore,kmeans,block_09,0.8181818181818182,0.8050930681163415,0.7872105741885715,0.7896234686975474,0.7514812384143322,,,,
time,J19,tabpfn,rel-event/user-ignore,kmeans,block_10,0.9090909090909091,0.7912493423854499,0.795263260912116,0.783729989728687,0.7445937388460964,,,,
time,J19,tabpfn,rel-event/user-ignore,kmeans,block_11,1.0,0.78256883032292,0.777612747976466,0.7786719943883558,0.7318664870528364,,,,
time,J19,tabpfn,rel-event/user-ignore,label,block_00,0.0,0.6629982213092166,0.7764130196999528,0.7770461207004535,0.7860108459120583,,,,
time,J19,tabpfn,rel-event/user-ignore,label,block_01,0.09090909090909091,0.7520229476163038,0.7009061287462724,0.770763083398051,0.7463323086134043,,,,
time,J19,tabpfn,rel-event/user-ignore,label,block_02,0.18181818181818182,0.7801463035799283,0.7398616052410395,0.75912768995666,0.7198945344432548,,,,
time,J19,tabpfn,rel-event/user-ignore,label,block_03,0.2727272727272727,0.7800010020793146,0.7447042704339516,0.7804995365383169,0.7480766352342464,,,,
time,J19,tabpfn,rel-event/user-ignore,label,block_04,0.36363636363636365,0.81949545306511,0.8741851173822436,0.8089598416714683,0.8236123104555974,,,,
time,J19,tabpfn,rel-event/user-ignore,label,block_05,0.45454545454545453,0.8055189518250369,0.8833684501398915,0.8057156098905227,0.8527224160362912,,,,
time,J19,tabpfn,rel-event/user-ignore,label,block_06,0.5454545454545454,0.8209184056918105,0.881878576445258,0.8142708620387304,0.8529711121089658,,,,
time,J19,tabpfn,rel-event/user-ignore,label,block_07,0.6363636363636364,0.8218077510834984,0.8877367506015911,0.818795250144049,0.8573728023211633,,,,
time,J19,tabpfn,rel-event/user-ignore,label,block_08,0.7272727272727273,0.8257734799709397,0.8865116921695277,0.8092692336598442,0.854661324306587,,,,
time,J19,tabpfn,rel-event/user-ignore,label,block_09,0.8181818181818182,0.8280507052133176,0.8934383383417959,0.8186950422125912,0.8409634670074724,,,,
time,J19,tabpfn,rel-event/user-ignore,label,block_10,0.9090909090909091,0.8187313675877447,0.8955499522181155,0.81900944459754,0.8330949995970203,,,,
time,J19,tabpfn,rel-event/user-ignore,label,block_11,1.0,0.8182002655510183,0.9007771752271079,0.8178019390234736,0.847899324145395,,,,
time,J19,tabpfn,rel-event/user-repeat,zeros,block_00,0.0,0.5393534002229655,0.6627673796791445,0.6233835005574137,0.652072192513369,,,,
time,J19,tabpfn,rel-event/user-repeat,zeros,block_01,0.09090909090909091,0.5870680044593087,0.6586229946524065,0.6151616499442586,0.6003342245989305,,,,
time,J19,tabpfn,rel-event/user-repeat,zeros,block_02,0.18181818181818182,0.6453177257525085,0.6739973262032085,0.6244425863991081,0.6221590909090909,,,,
time,J19,tabpfn,rel-event/user-repeat,zeros,block_03,0.2727272727272727,0.634169453734671,0.643048128342246,0.6188963210702341,0.6230280748663102,,,,
time,J19,tabpfn,rel-event/user-repeat,zeros,block_04,0.36363636363636365,0.6346153846153847,0.6487967914438504,0.6484949832775919,0.6503676470588236,,,,
time,J19,tabpfn,rel-event/user-repeat,zeros,block_05,0.45454545454545453,0.600613154960981,0.6661764705882353,0.6510033444816054,0.6544117647058824,,,,
time,J19,tabpfn,rel-event/user-repeat,zeros,block_06,0.5454545454545454,0.6317168338907468,0.6763368983957221,0.625195094760312,0.6392379679144385,,,,
time,J19,tabpfn,rel-event/user-repeat,zeros,block_07,0.6363636363636364,0.6117614269788183,0.6841577540106952,0.5451226309921963,0.6158756684491979,,,,
time,J19,tabpfn,rel-event/user-repeat,zeros,block_08,0.7272727272727273,0.6213489409141583,0.6641042780748665,0.5900222965440357,0.6129010695187167,,,,
time,J19,tabpfn,rel-event/user-repeat,zeros,block_09,0.8181818181818182,0.6289855072463768,0.679946524064171,0.5749163879598662,0.6121323529411765,,,,
time,J19,tabpfn,rel-event/user-repeat,zeros,block_10,0.9090909090909091,0.6272017837235229,0.6887032085561497,0.5496934225195095,0.6174465240641711,,,,
time,J19,tabpfn,rel-event/user-repeat,zeros,block_11,1.0,0.6182831661092532,0.6731283422459893,0.5823857302118172,0.6369318181818182,,,,
time,J19,tabpfn,rel-event/user-repeat,random,block_00,0.0,0.5974358974358975,0.7024732620320855,0.5879598662207358,0.5900735294117647,,,,
time,J19,tabpfn,rel-event/user-repeat,random,block_01,0.09090909090909091,0.5873467112597547,0.6324866310160427,0.6450947603121515,0.6285093582887701,,,,
time,J19,tabpfn,rel-event/user-repeat,random,block_02,0.18181818181818182,0.6417502787068005,0.6711229946524063,0.6298773690078037,0.6530080213903743,,,,
time,J19,tabpfn,rel-event/user-repeat,random,block_03,0.2727272727272727,0.6546265328874026,0.6306149732620321,0.6319119286510592,0.6158088235294119,,,,
time,J19,tabpfn,rel-event/user-repeat,random,block_04,0.36363636363636365,0.670958751393534,0.6677807486631016,0.6357580824972129,0.6051470588235294,,,,
time,J19,tabpfn,rel-event/user-repeat,random,block_05,0.45454545454545453,0.6468784838350056,0.6477272727272727,0.6137123745819397,0.6567513368983957,,,,
time,J19,tabpfn,rel-event/user-repeat,random,block_06,0.5454545454545454,0.6201226309921961,0.6284090909090909,0.5710144927536231,0.6399064171122995,,,,
time,J19,tabpfn,rel-event/user-repeat,random,block_07,0.6363636363636364,0.6198439241917503,0.634024064171123,0.524108138238573,0.6105949197860964,,,,
time,J19,tabpfn,rel-event/user-repeat,random,block_08,0.7272727272727273,0.6321070234113713,0.6647727272727273,0.5440356744704571,0.6454879679144385,,,,
time,J19,tabpfn,rel-event/user-repeat,random,block_09,0.8181818181818182,0.5734671125975473,0.5676470588235294,0.5309085841694537,0.5761029411764705,,,,
time,J19,tabpfn,rel-event/user-repeat,random,block_10,0.9090909090909091,0.5600334448160535,0.5705213903743315,0.5485228539576366,0.5561497326203209,,,,
time,J19,tabpfn,rel-event/user-repeat,random,block_11,1.0,0.5665551839464883,0.6127005347593584,0.5124303232998886,0.565942513368984,,,,
time,J19,tabpfn,rel-event/user-repeat,kmeans,block_00,0.0,0.5355629877369008,0.5374331550802138,0.5204849498327759,0.5208221925133689,,,,
time,J19,tabpfn,rel-event/user-repeat,kmeans,block_01,0.09090909090909091,0.6035117056856186,0.6140374331550803,0.6558807134894091,0.6029745989304812,,,,
time,J19,tabpfn,rel-event/user-repeat,kmeans,block_02,0.18181818181818182,0.6520066889632108,0.6872994652406419,0.6481884057971014,0.6438836898395722,,,,
time,J19,tabpfn,rel-event/user-repeat,kmeans,block_03,0.2727272727272727,0.670066889632107,0.6754679144385027,0.5967948717948718,0.6340574866310161,,,,
time,J19,tabpfn,rel-event/user-repeat,kmeans,block_04,0.36363636363636365,0.6377926421404683,0.6433823529411764,0.6270066889632108,0.6367647058823529,,,,
time,J19,tabpfn,rel-event/user-repeat,kmeans,block_05,0.45454545454545453,0.6622073578595318,0.6616310160427806,0.6116499442586398,0.678475935828877,,,,
time,J19,tabpfn,rel-event/user-repeat,kmeans,block_06,0.5454545454545454,0.6457636566332219,0.656216577540107,0.6076365663322184,0.6624665775401071,,,,
time,J19,tabpfn,rel-event/user-repeat,kmeans,block_07,0.6363636363636364,0.6374581939799331,0.6391042780748664,0.6238851727982163,0.6371657754010696,,,,
time,J19,tabpfn,rel-event/user-repeat,kmeans,block_08,0.7272727272727273,0.5741360089186176,0.663168449197861,0.6196767001114828,0.6328208556149733,,,,
time,J19,tabpfn,rel-event/user-repeat,kmeans,block_09,0.8181818181818182,0.6298216276477147,0.7032085561497325,0.5957357859531773,0.6549465240641711,,,,
time,J19,tabpfn,rel-event/user-repeat,kmeans,block_10,0.9090909090909091,0.6433667781493869,0.7101604278074866,0.6025362318840579,0.6641711229946524,,,,
time,J19,tabpfn,rel-event/user-repeat,kmeans,block_11,1.0,0.6172240802675586,0.7018716577540106,0.6013656633221851,0.6873663101604278,,,,
time,J19,tabpfn,rel-event/user-repeat,label,block_00,0.0,0.5974358974358974,0.7018716577540107,0.5874024526198438,0.5908756684491979,,,,
time,J19,tabpfn,rel-event/user-repeat,label,block_01,0.09090909090909091,0.587123745819398,0.6325534759358289,0.6443422519509475,0.6277740641711229,,,,
time,J19,tabpfn,rel-event/user-repeat,label,block_02,0.18181818181818182,0.6417502787068006,0.6699197860962567,0.6371794871794872,0.6517713903743316,,,,
time,J19,tabpfn,rel-event/user-repeat,label,block_03,0.2727272727272727,0.655964325529543,0.6350935828877005,0.618422519509476,0.6159090909090909,,,,
time,J19,tabpfn,rel-event/user-repeat,label,block_04,0.36363636363636365,0.7028428093645485,0.6810160427807487,0.6943701226309922,0.7143716577540107,,,,
time,J19,tabpfn,rel-event/user-repeat,label,block_05,0.45454545454545453,0.7015607580824972,0.711096256684492,0.7182552954292085,0.7439839572192514,,,,
time,J19,tabpfn,rel-event/user-repeat,label,block_06,0.5454545454545454,0.6990523968784839,0.7293449197860963,0.6992196209587513,0.7422459893048129,,,,
time,J19,tabpfn,rel-event/user-repeat,label,block_07,0.6363636363636364,0.6998885172798216,0.7473930481283423,0.7068561872909699,0.7523395721925135,,,,
time,J19,tabpfn,rel-event/user-repeat,label,block_08,0.7272727272727273,0.703010033444816,0.7330882352941177,0.7133779264214046,0.740307486631016,,,,
time,J19,tabpfn,rel-event/user-repeat,label,block_09,0.8181818181818182,0.6913600891861763,0.7400401069518716,0.6852285395763656,0.6945855614973261,,,,
time,J19,tabpfn,rel-event/user-repeat,label,block_10,0.9090909090909091,0.6947603121516165,0.7143048128342246,0.7024247491638795,0.7099264705882353,,,,
time,J19,tabpfn,rel-event/user-repeat,label,block_11,1.0,0.701226309921962,0.7199866310160428,0.7153288740245262,0.705614973262032,,,,
random,J19,tabpfn,rel-f1/driver-dnf,zeros,block_00,0.0,0.5822766439909297,0.48936710096130387,0.5935238095238096,0.47412287122432056,,,,
random,J19,tabpfn,rel-f1/driver-dnf,zeros,block_01,0.09090909090909091,0.6658321995464853,0.6426389498853268,0.6414058956916101,0.6729566193334309,,,,
random,J19,tabpfn,rel-f1/driver-dnf,zeros,block_02,0.18181818181818182,0.7027120181405896,0.7740496754989508,0.663374149659864,0.7405748304299029,,,,
random,J19,tabpfn,rel-f1/driver-dnf,zeros,block_03,0.2727272727272727,0.5918730158730159,0.6963841311667399,0.5328253968253969,0.6828087639681845,,,,
random,J19,tabpfn,rel-f1/driver-dnf,zeros,block_04,0.36363636363636365,0.6244897959183674,0.6450983262577465,0.5640362811791384,0.5609671595178841,,,,
random,J19,tabpfn,rel-f1/driver-dnf,zeros,block_05,0.45454545454545453,0.6567074829931974,0.715727321524423,0.6493333333333334,0.7190796857463524,,,,
random,J19,tabpfn,rel-f1/driver-dnf,zeros,block_06,0.5454545454545454,0.6644353741496599,0.6636510027814375,0.6618321995464853,0.7395305714146293,,,,
random,J19,tabpfn,rel-f1/driver-dnf,zeros,block_07,0.6363636363636364,0.6379682539682539,0.6492070463084957,0.6900952380952381,0.7294929976089397,,,,
random,J19,tabpfn,rel-f1/driver-dnf,zeros,block_08,0.7272727272727273,0.7106757369614513,0.756424144829942,0.6778049886621315,0.7405797101449275,,,,
random,J19,tabpfn,rel-f1/driver-dnf,zeros,block_09,0.8181818181818182,0.7338956916099773,0.7670131264334162,0.6888888888888889,0.7546430488459474,,,,
random,J19,tabpfn,rel-f1/driver-dnf,zeros,block_10,0.9090909090909091,0.7473197278911564,0.7683111306299711,0.6532154195011338,0.7431074025276924,,,,
random,J19,tabpfn,rel-f1/driver-dnf,zeros,block_11,1.0,0.7048526077097506,0.7817791440979847,0.6828934240362812,0.7366076221148685,,,,
random,J19,tabpfn,rel-f1/driver-dnf,random,block_00,0.0,0.4867120181405896,0.7016054262431074,0.4545668934240362,0.6376957985653637,,,,
random,J19,tabpfn,rel-f1/driver-dnf,random,block_01,0.09090909090909091,0.6746848072562358,0.7483726150392818,0.6976326530612245,0.7347972478407261,,,,
random,J19,tabpfn,rel-f1/driver-dnf,random,block_02,0.18181818181818182,0.7121814058956915,0.7806177719221197,0.6676281179138321,0.7383155223734934,,,,
random,J19,tabpfn,rel-f1/driver-dnf,random,block_03,0.2727272727272727,0.6773514739229025,0.7468599033816425,0.603827664399093,0.7289415898111551,,,,
random,J19,tabpfn,rel-f1/driver-dnf,random,block_04,0.36363636363636365,0.6689886621315193,0.7393061045234959,0.5631111111111111,0.5530717806080125,,,,
random,J19,tabpfn,rel-f1/driver-dnf,random,block_05,0.45454545454545453,0.6994648526077097,0.7651783535841507,0.6071201814058957,0.6712926365100279,,,,
random,J19,tabpfn,rel-f1/driver-dnf,random,block_06,0.5454545454545454,0.6698956916099772,0.7610891523935002,0.5345850340136055,0.4258771287756795,,,,
random,J19,tabpfn,rel-f1/driver-dnf,random,block_07,0.6363636363636364,0.6455147392290249,0.7337920265456498,0.42904308390022683,0.36789635485287664,,,,
random,J19,tabpfn,rel-f1/driver-dnf,random,block_08,0.7272727272727273,0.62140589569161,0.7496998975259843,0.44676643990929704,0.43546576879910215,,,,
random,J19,tabpfn,rel-f1/driver-dnf,random,block_09,0.8181818181818182,0.7080272108843537,0.7155126140633388,0.47990022675736965,0.5630312789733078,,,,
random,J19,tabpfn,rel-f1/driver-dnf,random,block_10,0.9090909090909091,0.6712380952380954,0.7279363685160787,0.4584036281179138,0.5175376957985655,,,,
random,J19,tabpfn,rel-f1/driver-dnf,random,block_11,1.0,0.6586122448979592,0.7370809544722589,0.5137052154195012,0.5620650953984289,,,,
random,J19,tabpfn,rel-f1/driver-dnf,kmeans,block_00,0.0,0.5,0.5,0.5,0.5,,,,
random,J19,tabpfn,rel-f1/driver-dnf,kmeans,block_01,0.09090909090909091,0.6833015873015873,0.7774069194359049,0.7219682539682539,0.7863270385009515,,,,
random,J19,tabpfn,rel-f1/driver-dnf,kmeans,block_02,0.18181818181818182,0.6865124716553287,0.7731518079344167,0.6697142857142857,0.742975650222027,,,,
random,J19,tabpfn,rel-f1/driver-dnf,kmeans,block_03,0.2727272727272727,0.6218956916099774,0.6294539598887425,0.586031746031746,0.6578539013321621,,,,
random,J19,tabpfn,rel-f1/driver-dnf,kmeans,block_04,0.36363636363636365,0.5233197278911565,0.46285072951739614,0.6647619047619047,0.7668276972624799,,,,
random,J19,tabpfn,rel-f1/driver-dnf,kmeans,block_05,0.45454545454545453,0.7162086167800453,0.7775923486068415,0.7224580498866213,0.7836578343824722,,,,
random,J19,tabpfn,rel-f1/driver-dnf,kmeans,block_06,0.5454545454545454,0.7173333333333333,0.7905626311423414,0.7143764172335602,0.7900990582150003,,,,
random,J19,tabpfn,rel-f1/driver-dnf,kmeans,block_07,0.6363636363636364,0.722702947845805,0.7894305372566242,0.7156462585034014,0.760845166642268,,,,
random,J19,tabpfn,rel-f1/driver-dnf,kmeans,block_08,0.7272727272727273,0.7045079365079365,0.7864051139413457,0.7123809523809523,0.7681696188942566,,,,
random,J19,tabpfn,rel-f1/driver-dnf,kmeans,block_09,0.8181818181818182,0.692390022675737,0.7419313912067536,0.7357551020408163,0.773244522519885,,,,
random,J19,tabpfn,rel-f1/driver-dnf,kmeans,block_10,0.9090909090909091,0.6844625850340137,0.760259600839311,0.7266938775510203,0.6934758210120529,,,,
random,J19,tabpfn,rel-f1/driver-dnf,kmeans,block_11,1.0,0.7140136054421768,0.7976870150783195,0.5864761904761906,0.7482115844434685,,,,
random,J19,tabpfn,rel-f1/driver-dnf,label,block_00,0.0,0.48796371882086165,0.7063875469672571,0.43228117913832204,0.6406480261552725,,,,
random,J19,tabpfn,rel-f1/driver-dnf,label,block_01,0.09090909090909091,0.6736145124716553,0.748616600790514,0.7045804988662132,0.7380715366222613,,,,
random,J19,tabpfn,rel-f1/driver-dnf,label,block_02,0.18181818181818182,0.7031836734693877,0.742839018201337,0.666530612244898,0.7337969062606744,,,,
random,J19,tabpfn,rel-f1/driver-dnf,label,block_03,0.2727272727272727,0.6515918367346939,0.7286000097594301,0.5393469387755101,0.6826282145122724,,,,
random,J19,tabpfn,rel-f1/driver-dnf,label,block_04,0.36363636363636365,0.7271111111111113,0.7789684282437905,0.7325442176870748,0.7940077099497389,,,,
random,J19,tabpfn,rel-f1/driver-dnf,label,block_05,0.45454545454545453,0.7336417233560091,0.784219001610306,0.7310566893424036,0.7692382764846533,,,,
random,J19,tabpfn,rel-f1/driver-dnf,label,block_06,0.5454545454545454,0.7389750566893424,0.7795442346166983,0.7204444444444444,0.8001171131605914,,,,
random,J19,tabpfn,rel-f1/driver-dnf,label,block_07,0.6363636363636364,0.7201632653061225,0.7728785438930366,0.7252244897959185,0.7796125506270433,,,,
random,J19,tabpfn,rel-f1/driver-dnf,label,block_08,0.7272727272727273,0.7279818594104308,0.5968281852339823,0.6886439909297052,0.7438247206363148,,,,
random,J19,tabpfn,rel-f1/driver-dnf,label,block_09,0.8181818181818182,0.7305215419501134,0.8146196262138292,0.7348208616780043,0.7861562484750891,,,,
random,J19,tabpfn,rel-f1/driver-dnf,label,block_10,0.9090909090909091,0.7025850340136054,0.7050895427707021,0.746984126984127,0.8127750939345142,,,,
random,J19,tabpfn,rel-f1/driver-dnf,label,block_11,1.0,0.703219954648526,0.7441760601180891,0.7417142857142857,0.8128726882350071,,,,
time,J19,tabpfn,rel-f1/driver-dnf,zeros,block_00,0.0,0.7431292517006802,0.8048894744546919,0.6975600907029478,0.7613184989996584,,,,
time,J19,tabpfn,rel-f1/driver-dnf,zeros,block_01,0.09090909090909091,0.730267573696145,0.7723612941004245,0.7228843537414966,0.7670277655784902,,,,
time,J19,tabpfn,rel-f1/driver-dnf,zeros,block_02,0.18181818181818182,0.7441995464852607,0.7897330795881519,0.7155283446712017,0.7684282437905626,,,,
time,J19,tabpfn,rel-f1/driver-dnf,zeros,block_03,0.2727272727272727,0.7372879818594105,0.7318791782559899,0.7093514739229025,0.7634753330405504,,,,
time,J19,tabpfn,rel-f1/driver-dnf,zeros,block_04,0.36363636363636365,0.7423854875283447,0.7801102815595569,0.7242448979591837,0.7649343678329186,,,,
time,J19,tabpfn,rel-f1/driver-dnf,zeros,block_05,0.45454545454545453,0.7280544217687075,0.7864343922314937,0.7110839002267573,0.7575513590006342,,,,
time,J19,tabpfn,rel-f1/driver-dnf,zeros,block_06,0.5454545454545454,0.711092970521542,0.7505489679402723,0.7231927437641723,0.7637876348021275,,,,
time,J19,tabpfn,rel-f1/driver-dnf,zeros,block_07,0.6363636363636364,0.6869115646258503,0.7277509393451421,0.7166439909297053,0.7705070023910603,,,,
time,J19,tabpfn,rel-f1/driver-dnf,zeros,block_08,0.7272727272727273,0.7207074829931973,0.7698140828575611,0.7109841269841269,0.7769775045137364,,,,
time,J19,tabpfn,rel-f1/driver-dnf,zeros,block_09,0.8181818181818182,0.7471564625850341,0.7519836041575172,0.7250884353741496,0.773010296198702,,,,
time,J19,tabpfn,rel-f1/driver-dnf,zeros,block_10,0.9090909090909091,0.7305396825396825,0.7617820719269995,0.7349569160997733,0.7742351046698874,,,,
time,J19,tabpfn,rel-f1/driver-dnf,zeros,block_11,1.0,0.7045986394557824,0.7255257892939053,0.7240816326530612,0.7935685355975213,,,,
time,J19,tabpfn,rel-f1/driver-dnf,random,block_00,0.0,0.7644625850340137,0.8006734006734006,0.7451791383219954,0.7346508563899868,,,,
time,J19,tabpfn,rel-f1/driver-dnf,random,block_01,0.09090909090909091,0.7257505668934241,0.7679109939979506,0.7224489795918366,0.74034060410872,,,,
time,J19,tabpfn,rel-f1/driver-dnf,random,block_02,0.18181818181818182,0.738575963718821,0.7835846386571025,0.7153197278911565,0.7712048016395843,,,,
time,J19,tabpfn,rel-f1/driver-dnf,random,block_03,0.2727272727272727,0.749750566893424,0.7286195286195286,0.6988117913832199,0.7630410384033572,,,,
time,J19,tabpfn,rel-f1/driver-dnf,random,block_04,0.36363636363636365,0.7514920634920634,0.7706729127018983,0.7130521541950112,0.7765432098765432,,,,
time,J19,tabpfn,rel-f1/driver-dnf,random,block_05,0.45454545454545453,0.7391746031746034,0.7694627433757868,0.7191927437641723,0.7703118137900747,,,,
time,J19,tabpfn,rel-f1/driver-dnf,random,block_06,0.5454545454545454,0.7483537414965986,0.7825501390718781,0.7163174603174602,0.7641877714341482,,,,
time,J19,tabpfn,rel-f1/driver-dnf,random,block_07,0.6363636363636364,0.7413877551020409,0.7001707900258625,0.7093514739229025,0.7257404967549894,,,,
time,J19,tabpfn,rel-f1/driver-dnf,random,block_08,0.7272727272727273,0.731156462585034,0.727194651832333,0.6857777777777777,0.7368028107158542,,,,
time,J19,tabpfn,rel-f1/driver-dnf,random,block_09,0.8181818181818182,0.7214693877551019,0.7958815205192016,0.6536689342403628,0.7669496901380959,,,,
time,J19,tabpfn,rel-f1/driver-dnf,random,block_10,0.9090909090909091,0.7125260770975057,0.795959595959596,0.6523537414965987,0.7817645049529107,,,,
time,J19,tabpfn,rel-f1/driver-dnf,random,block_11,1.0,0.7023854875283446,0.7831649831649832,0.6761360544217687,0.7731127702142194,,,,
time,J19,tabpfn,rel-f1/driver-dnf,kmeans,block_00,0.0,0.5,0.5,0.5,0.5,,,,
time,J19,tabpfn,rel-f1/driver-dnf,kmeans,block_01,0.09090909090909091,0.7178775510204082,0.7712975162250525,0.7126258503401359,0.74832869760406,,,,
time,J19,tabpfn,rel-f1/driver-dnf,kmeans,block_02,0.18181818181818182,0.7376507936507937,0.7862977602108037,0.7196916099773243,0.7736202605767823,,,,
time,J19,tabpfn,rel-f1/driver-dnf,kmeans,block_03,0.2727272727272727,0.7471564625850339,0.7597033133265018,0.7170702947845805,0.7595130044405406,,,,
time,J19,tabpfn,rel-f1/driver-dnf,kmeans,block_04,0.36363636363636365,0.7089705215419502,0.7365441858195481,0.6742766439909297,0.7336797931000829,,,,
time,J19,tabpfn,rel-f1/driver-dnf,kmeans,block_05,0.45454545454545453,0.7352018140589569,0.757351290684624,0.6931065759637187,0.7802078758600498,,,,
time,J19,tabpfn,rel-f1/driver-dnf,kmeans,block_06,0.5454545454545454,0.739265306122449,0.768477040940809,0.7005442176870749,0.7725857609915581,,,,
time,J19,tabpfn,rel-f1/driver-dnf,kmeans,block_07,0.6363636363636364,0.7203265306122449,0.7546674474210706,0.7015691609977324,0.7622358854242912,,,,
time,J19,tabpfn,rel-f1/driver-dnf,kmeans,block_08,0.7272727272727273,0.7109115646258504,0.7835456009369053,0.713687074829932,0.7507197579661348,,,,
time,J19,tabpfn,rel-f1/driver-dnf,kmeans,block_09,0.8181818181818182,0.7278911564625852,0.7459327575269604,0.7111473922902496,0.7547650417215634,,,,
time,J19,tabpfn,rel-f1/driver-dnf,kmeans,block_10,0.9090909090909091,0.7477188208616781,0.7440199092373005,0.705922902494331,0.735973259161665,,,,
time,J19,tabpfn,rel-f1/driver-dnf,kmeans,block_11,1.0,0.6984489795918367,0.7142731664470796,0.6819501133786849,0.7270189820914458,,,,
time,J19,tabpfn,rel-f1/driver-dnf,label,block_00,0.0,0.7646077097505668,0.7983896940418678,0.739482993197279,0.7336309959498366,,,,
time,J19,tabpfn,rel-f1/driver-dnf,label,block_01,0.09090909090909091,0.7260408163265306,0.7681257014590348,0.7239274376417233,0.7409212901966525,,,,
time,J19,tabpfn,rel-f1/driver-dnf,label,block_02,0.18181818181818182,0.74118820861678,0.7858488264285365,0.7125260770975056,0.7678914751378519,,,,
time,J19,tabpfn,rel-f1/driver-dnf,label,block_03,0.2727272727272727,0.7460498866213151,0.733733469965354,0.7219319727891156,0.7631483921338995,,,,
time,J19,tabpfn,rel-f1/driver-dnf,label,block_04,0.36363636363636365,0.7587120181405896,0.79849704777241,0.7390929705215419,0.7907626994583516,,,,
time,J19,tabpfn,rel-f1/driver-dnf,label,block_05,0.45454545454545453,0.7520544217687075,0.8117503537793394,0.7470022675736961,0.7881276533450445,,,,
time,J19,tabpfn,rel-f1/driver-dnf,label,block_06,0.5454545454545454,0.7361814058956915,0.796711072073391,0.7407891156462585,0.8022739472014835,,,,
time,J19,tabpfn,rel-f1/driver-dnf,label,block_07,0.6363636363636364,0.7440362811791383,0.7973747133167423,0.7463764172335601,0.80552871712292,,,,
time,J19,tabpfn,rel-f1/driver-dnf,label,block_08,0.7272727272727273,0.769560090702948,0.8237349338798614,0.7373242630385488,0.8037915385741472,,,,
time,J19,tabpfn,rel-f1/driver-dnf,label,block_09,0.8181818181818182,0.7465034013605442,0.8145903479236813,0.7401904761904763,0.7846874542526718,,,,
time,J19,tabpfn,rel-f1/driver-dnf,label,block_10,0.9090909090909091,0.7481541950113378,0.8102961987019958,0.7500589569160998,0.7917337627482555,,,,
time,J19,tabpfn,rel-f1/driver-dnf,label,block_11,1.0,0.7641179138321996,0.7747913921826965,0.7510113378684807,0.7811203825696579,,,,
random,J19,tabpfn,rel-f1/driver-top3,zeros,block_00,0.0,0.7590797513035065,0.7751358695652174,0.6879289029044453,0.6340209552675585,,,,
random,J19,tabpfn,rel-f1/driver-top3,zeros,block_01,0.09090909090909091,0.6882872552005878,0.7166205058528429,0.629159126337102,0.7493598453177257,,,,
random,J19,tabpfn,rel-f1/driver-top3,zeros,block_02,0.18181818181818182,0.6947555141459569,0.7721310618729097,0.7135062980416047,0.793432535535117,,,,
random,J19,tabpfn,rel-f1/driver-top3,zeros,block_03,0.2727272727272727,0.6923366361469961,0.7551212374581941,0.6274032000860045,0.3831913670568562,,,,
random,J19,tabpfn,rel-f1/driver-top3,zeros,block_04,0.36363636363636365,0.5016573793696584,0.5047554347826086,0.6976044149002885,0.421744356187291,,,,
random,J19,tabpfn,rel-f1/driver-top3,zeros,block_05,0.45454545454545453,0.5626668577878913,0.6467652591973244,0.6527476662306714,0.7433436977424749,,,,
random,J19,tabpfn,rel-f1/driver-top3,zeros,block_06,0.5454545454545454,0.4663238429700238,0.6156067098662207,0.7230474279263945,0.832638743729097,,,,
random,J19,tabpfn,rel-f1/driver-top3,zeros,block_07,0.6363636363636364,0.573668273279461,0.6898254598662208,0.6523445198975112,0.7904865175585284,,,,
random,J19,tabpfn,rel-f1/driver-top3,zeros,block_08,0.7272727272727273,0.7764419200516026,0.8141591764214048,0.6735231405995235,0.7551930915551839,,,,
random,J19,tabpfn,rel-f1/driver-top3,zeros,block_09,0.8181818181818182,0.7582376234075721,0.8612170777591973,0.6852054254537636,0.8123628239966556,,,,
random,J19,tabpfn,rel-f1/driver-top3,zeros,block_10,0.9090909090909091,0.7951658275250398,0.8226510242474917,0.724660013259035,0.838210702341137,,,,
random,J19,tabpfn,rel-f1/driver-top3,zeros,block_11,1.0,0.7903280715271184,0.6045150501672241,0.6979986024260451,0.6581835284280936,,,,
random,J19,tabpfn,rel-f1/driver-top3,random,block_00,0.0,0.7011341850172905,0.6411214464882944,0.6021304044005662,0.5000326609531773,,,,
random,J19,tabpfn,rel-f1/driver-top3,random,block_01,0.09090909090909091,0.6464317070111628,0.7964046822742475,0.4575531705219401,0.6615410744147158,,,,
random,J19,tabpfn,rel-f1/driver-top3,random,block_02,0.18181818181818182,0.6951855369013277,0.7699754389632106,0.6796957589005752,0.7898398306856188,,,,
random,J19,tabpfn,rel-f1/driver-top3,random,block_03,0.2727272727272727,0.6882335023561664,0.7875339673913043,0.6518697031051226,0.5083024142976589,,,,
random,J19,tabpfn,rel-f1/driver-top3,random,block_04,0.36363636363636365,0.666696529358012,0.5271739130434783,0.6308881761659888,0.5819267349498328,,,,
random,J19,tabpfn,rel-f1/driver-top3,random,block_05,0.45454545454545453,0.5821074698536131,0.3216711956521739,0.6159538442242568,0.6132485890468228,,,,
random,J19,tabpfn,rel-f1/driver-top3,random,block_06,0.5454545454545454,0.6344448227052015,0.646817516722408,0.5648707244091666,0.643793112458194,,,,
random,J19,tabpfn,rel-f1/driver-top3,random,block_07,0.6363636363636364,0.6069771192058913,0.5527409071906355,0.563302933113544,0.6399456521739131,,,,
random,J19,tabpfn,rel-f1/driver-top3,random,block_08,0.7272727272727273,0.7484725233376932,0.5148411371237458,0.5627295694397162,0.6823395693979933,,,,
random,J19,tabpfn,rel-f1/driver-top3,random,block_09,0.8181818181818182,0.6827865474548027,0.7707070443143813,0.610757735930193,0.7582436245819397,,,,
random,J19,tabpfn,rel-f1/driver-top3,random,block_10,0.9090909090909091,0.6678611743204744,0.6837766513377925,0.5732651269463008,0.6199898097826086,,,,
random,J19,tabpfn,rel-f1/driver-top3,random,block_11,1.0,0.6794897063302934,0.5838733277591973,0.6239898944652487,0.5339869878762542,,,,
random,J19,tabpfn,rel-f1/driver-top3,kmeans,block_00,0.0,0.5,0.5,0.5,0.5,,,,
random,J19,tabpfn,rel-f1/driver-top3,kmeans,block_01,0.09090909090909091,0.6571106054362044,0.7991220735785953,0.6037071545035925,0.7689956103678929,,,,
random,J19,tabpfn,rel-f1/driver-top3,kmeans,block_02,0.18181818181818182,0.6824102775438533,0.7975282190635451,0.6035369371629248,0.6479671822742477,,,,
random,J19,tabpfn,rel-f1/driver-top3,kmeans,block_03,0.2727272727272727,0.6463779541667413,0.7878736413043478,0.6765780939241368,0.5178263482441472,,,,
random,J19,tabpfn,rel-f1/driver-top3,kmeans,block_04,0.36363636363636365,0.7749010051781906,0.8184573578595318,0.7868968482915555,0.8578268708193979,,,,
random,J19,tabpfn,rel-f1/driver-top3,kmeans,block_05,0.45454545454545453,0.8147497805092186,0.8606422449832777,0.7985791331457955,0.8474080267558528,,,,
random,J19,tabpfn,rel-f1/driver-top3,kmeans,block_06,0.5454545454545454,0.789826378312519,0.8675271739130435,0.7914031284155454,0.8408431751672241,,,,
random,J19,tabpfn,rel-f1/driver-top3,kmeans,block_07,0.6363636363636364,0.8001648420562254,0.8573108277591973,0.7677429180627474,0.8123301630434782,,,,
random,J19,tabpfn,rel-f1/driver-top3,kmeans,block_08,0.7272727272727273,0.7582017881779577,0.8420516304347826,0.7609700596656572,0.8373680497491639,,,,
random,J19,tabpfn,rel-f1/driver-top3,kmeans,block_09,0.8181818181818182,0.8165236243751232,0.8780570652173912,0.8050384332837612,0.8416205058528428,,,,
random,J19,tabpfn,rel-f1/driver-top3,kmeans,block_10,0.9090909090909091,0.8210388633065167,0.8765285326086957,0.8080306749565498,0.8493219586120402,,,,
random,J19,tabpfn,rel-f1/driver-top3,kmeans,block_11,1.0,0.752880256580244,0.8424827550167225,0.7730106968160398,0.8696893290133779,,,,
random,J19,tabpfn,rel-f1/driver-top3,label,block_00,0.0,0.7084983247030157,0.6433554556856187,0.579491498091774,0.34480168269230776,,,,
random,J19,tabpfn,rel-f1/driver-top3,label,block_01,0.09090909090909091,0.6410743401838347,0.7972930602006689,0.4529125082868969,0.6595552884615384,,,,
random,J19,tabpfn,rel-f1/driver-top3,label,block_02,0.18181818181818182,0.6944867499238501,0.7818901546822744,0.6872390747343713,0.8062552257525083,,,,
random,J19,tabpfn,rel-f1/driver-top3,label,block_03,0.2727272727272727,0.6922470480729606,0.7700146321070234,0.6854652308684669,0.4992879912207358,,,,
random,J19,tabpfn,rel-f1/driver-top3,label,block_04,0.36363636363636365,0.7788428804357564,0.8756270903010033,0.8442152980595224,0.8913304765886287,,,,
random,J19,tabpfn,rel-f1/driver-top3,label,block_05,0.45454545454545453,0.8189245847592769,0.8913827341137124,0.8480048735912276,0.8865619774247491,,,,
random,J19,tabpfn,rel-f1/driver-top3,label,block_06,0.5454545454545454,0.8378635036103994,0.8948447951505016,0.8361075773593019,0.8895406563545152,,,,
random,J19,tabpfn,rel-f1/driver-top3,label,block_07,0.6363636363636364,0.8144093458278835,0.8888221153846154,0.8433731701635878,0.8907164506688963,,,,
random,J19,tabpfn,rel-f1/driver-top3,label,block_08,0.7272727272727273,0.842862518141585,0.9025919732441472,0.8391983659135297,0.88714987458194,,,,
random,J19,tabpfn,rel-f1/driver-top3,label,block_09,0.8181818181818182,0.8177241045672,0.9009589255852841,0.8427191772231281,0.9029055183946489,,,,
random,J19,tabpfn,rel-f1/driver-top3,label,block_10,0.9090909090909091,0.8331870061457419,0.8977842809364549,0.8391983659135297,0.8963145380434783,,,,
random,J19,tabpfn,rel-f1/driver-top3,label,block_11,1.0,0.8564261525505725,0.8728051839464882,0.8557811184175163,0.8943091555183946,,,,
time,J19,tabpfn,rel-f1/driver-top3,zeros,block_00,0.0,0.8213792979878518,0.6626776755852843,0.7468151439680351,0.6055144753344481,,,,
time,J19,tabpfn,rel-f1/driver-top3,zeros,block_01,0.09090909090909091,0.7715683288240669,0.5059704222408027,0.7764598376664098,0.7414820234113713,,,,
time,J19,tabpfn,rel-f1/driver-top3,zeros,block_02,0.18181818181818182,0.8159681783161026,0.8287520903010033,0.7712547705649424,0.7952615489130435,,,,
time,J19,tabpfn,rel-f1/driver-top3,zeros,block_03,0.2727272727272727,0.8433821289709913,0.5529630016722408,0.7513930945512534,0.6538657504180602,,,,
time,J19,tabpfn,rel-f1/driver-top3,zeros,block_04,0.36363636363636365,0.8504416692049953,0.8385634406354515,0.7402125029116124,0.6853378448996655,,,,
time,J19,tabpfn,rel-f1/driver-top3,zeros,block_05,0.45454545454545453,0.8415724498754725,0.7877952550167224,0.7635681138126893,0.7484714673913043,,,,
time,J19,tabpfn,rel-f1/driver-top3,zeros,block_06,0.5454545454545454,0.7794162441095842,0.8092208403010033,0.6872390747343714,0.7762071488294314,,,,
time,J19,tabpfn,rel-f1/driver-top3,zeros,block_07,0.6363636363636364,0.8227052014835785,0.8231344063545151,0.7348461772768808,0.757335650083612,,,,
time,J19,tabpfn,rel-f1/driver-top3,zeros,block_08,0.7272727272727273,0.8393685832541972,0.8890311454849498,0.7836716776262744,0.8429073474080269,,,,
time,J19,tabpfn,rel-f1/driver-top3,zeros,block_09,0.8181818181818182,0.8606367920302449,0.8682979724080266,0.8161921485011915,0.837616272993311,,,,
time,J19,tabpfn,rel-f1/driver-top3,zeros,block_10,0.9090909090909091,0.8671408862052283,0.8398829431438128,0.8222214258837863,0.8141069188963211,,,,
time,J19,tabpfn,rel-f1/driver-top3,zeros,block_11,1.0,0.8582895844905125,0.877038043478261,0.8046979986024261,0.8142114339464883,,,,
time,J19,tabpfn,rel-f1/driver-top3,random,block_00,0.0,0.8699539517299457,0.8987118520066889,0.7516887351955708,0.7910940112876255,,,,
time,J19,tabpfn,rel-f1/driver-top3,random,block_01,0.09090909090909091,0.7664976438336528,0.6967757107023412,0.8008277938040889,0.7102450877926421,,,,
time,J19,tabpfn,rel-f1/driver-top3,random,block_02,0.18181818181818182,0.8229739657056853,0.8390729515050167,0.7824711974341975,0.8020354306020067,,,,
time,J19,tabpfn,rel-f1/driver-top3,random,block_03,0.2727272727272727,0.8388310548099837,0.5150501672240803,0.7641056422569027,0.6480063754180603,,,,
time,J19,tabpfn,rel-f1/driver-top3,random,block_04,0.36363636363636365,0.8106287291035816,0.8286475752508362,0.6691243661643762,0.6853117161371238,,,,
time,J19,tabpfn,rel-f1/driver-top3,random,block_05,0.45454545454545453,0.7804017129239755,0.8030544523411373,0.6320080270914337,0.5976954431438126,,,,
time,J19,tabpfn,rel-f1/driver-top3,random,block_06,0.5454545454545454,0.7415921592517604,0.5090013586956522,0.6458583433373348,0.55483120819398,,,,
time,J19,tabpfn,rel-f1/driver-top3,random,block_07,0.6363636363636364,0.7750801813262619,0.5649561036789298,0.589211804124635,0.4292629076086956,,,,
time,J19,tabpfn,rel-f1/driver-top3,random,block_08,0.7272727272727273,0.7133898335453585,0.5076949205685618,0.569430757377578,0.3964517140468227,,,,
time,J19,tabpfn,rel-f1/driver-top3,random,block_09,0.8181818181818182,0.5806740606690437,0.7462113294314381,0.6448280804859258,0.5336734427257525,,,,
time,J19,tabpfn,rel-f1/driver-top3,random,block_10,0.9090909090909091,0.6055257924065149,0.6328386287625417,0.652917883571339,0.4904564694816054,,,,
time,J19,tabpfn,rel-f1/driver-top3,random,block_11,1.0,0.6945942556126927,0.6186376463210702,0.6344985755496229,0.46711042015050164,,,,
time,J19,tabpfn,rel-f1/driver-top3,kmeans,block_00,0.0,0.5,0.5,0.5,0.5,,,,
time,J19,tabpfn,rel-f1/driver-top3,kmeans,block_01,0.09090909090909091,0.7690061099066492,0.7414167015050167,0.7966709071688377,0.6989248014214047,,,,
time,J19,tabpfn,rel-f1/driver-top3,kmeans,block_02,0.18181818181818182,0.8086936267044131,0.8092339046822742,0.7366021035279783,0.7202524038461539,,,,
time,J19,tabpfn,rel-f1/driver-top3,kmeans,block_03,0.2727272727272727,0.8303918582358316,0.44548233695652173,0.7616240526061171,0.7042028114548494,,,,
time,J19,tabpfn,rel-f1/driver-top3,kmeans,block_04,0.36363636363636365,0.8342978982637831,0.7888665342809364,0.7925946498002187,0.8276350857023411,,,,
time,J19,tabpfn,rel-f1/driver-top3,kmeans,block_05,0.45454545454545453,0.8399598645428321,0.8658679974916388,0.7939115944885418,0.8153284385451505,,,,
time,J19,tabpfn,rel-f1/driver-top3,kmeans,block_06,0.5454545454545454,0.8327749010051781,0.8584213001672241,0.7936607478812421,0.8281184678093645,,,,
time,J19,tabpfn,rel-f1/driver-top3,kmeans,block_07,0.6363636363636364,0.8465177115622369,0.8769596571906355,0.8020372328035692,0.8614130434782609,,,,
time,J19,tabpfn,rel-f1/driver-top3,kmeans,block_08,0.7272727272727273,0.8633065166365054,0.8801865593645484,0.7054612889932093,0.7914075564381271,,,,
time,J19,tabpfn,rel-f1/driver-top3,kmeans,block_09,0.8181818181818182,0.818494562003906,0.8733016304347825,0.7948701868807223,0.8712505225752508,,,,
time,J19,tabpfn,rel-f1/driver-top3,kmeans,block_10,0.9090909090909091,0.8271308523409363,0.875535639632107,0.8046263281431976,0.8762215196488294,,,,
time,J19,tabpfn,rel-f1/driver-top3,kmeans,block_11,1.0,0.7990360323233772,0.8737588837792643,0.7849259106627726,0.8328608382107024,,,,
time,J19,tabpfn,rel-f1/driver-top3,label,block_00,0.0,0.8686638834638333,0.8990384615384617,0.7553976814606439,0.7857376149665553,,,,
time,J19,tabpfn,rel-f1/driver-top3,label,block_01,0.09090909090909091,0.7661392915375105,0.6943849289297659,0.8032197953808389,0.6949271007525083,,,,
time,J19,tabpfn,rel-f1/driver-top3,label,block_02,0.18181818181818182,0.8233323180018276,0.8393211747491639,0.759330597910806,0.8140154682274248,,,,
time,J19,tabpfn,rel-f1/driver-top3,label,block_03,0.2727272727272727,0.819569618892333,0.46034960284280935,0.7581032412965186,0.6402396007525084,,,,
time,J19,tabpfn,rel-f1/driver-top3,label,block_04,0.36363636363636365,0.8540789450108403,0.8621577132107023,0.8408019924387666,0.8783771425585283,,,,
time,J19,tabpfn,rel-f1/driver-top3,label,block_05,0.45454545454545453,0.8588987833939546,0.855194397993311,0.8282686208811882,0.8867252821906355,,,,
time,J19,tabpfn,rel-f1/driver-top3,label,block_06,0.5454545454545454,0.8361971654333376,0.8872282608695652,0.835722348640949,0.8844128867056855,,,,
time,J19,tabpfn,rel-f1/driver-top3,label,block_07,0.6363636363636364,0.8339037107380265,0.8901938754180603,0.841930802171615,0.8820351693143813,,,,
time,J19,tabpfn,rel-f1/driver-top3,label,block_08,0.7272727272727273,0.8511046209528588,0.8881688963210701,0.8221497554245579,0.8607859531772575,,,,
time,J19,tabpfn,rel-f1/driver-top3,label,block_09,0.8181818181818182,0.8165415419899305,0.8934860994983278,0.8197487950404042,0.8869473766722409,,,,
time,J19,tabpfn,rel-f1/driver-top3,label,block_10,0.9090909090909091,0.8266470767411442,0.9017819816053512,0.8158517138198562,0.8812709030100334,,,,
time,J19,tabpfn,rel-f1/driver-top3,label,block_11,1.0,0.8100374478149469,0.9038592182274248,0.8020282739961656,0.8810292119565218,,,,
time,J19,tabpfn,rel-hm/user-churn,zeros,block_00,0.0,0.6902910374184583,0.6786522923457616,0.6481657788391921,0.6433102028572077,,,,
time,J19,tabpfn,rel-hm/user-churn,zeros,block_01,0.09090909090909091,0.6752503940583563,0.6658667753706934,0.6221083382978084,0.6192864955268762,,,,
time,J19,tabpfn,rel-hm/user-churn,zeros,block_02,0.18181818181818182,0.6773537454047995,0.6684399859776573,0.5992940794392227,0.5999159826903879,,,,
time,J19,tabpfn,rel-hm/user-churn,zeros,block_03,0.2727272727272727,0.6749977851263188,0.668201638849103,0.6345167104860786,0.6293241003361382,,,,
time,J19,tabpfn,rel-hm/user-churn,zeros,block_04,0.36363636363636365,0.6671556239144653,0.6598112821322937,0.6333336833863797,0.6328014963988974,,,,
time,J19,tabpfn,rel-hm/user-churn,zeros,block_05,0.45454545454545453,0.6757382940807274,0.6660547746305138,0.6399995277545238,0.6394324505419976,,,,
time,J19,tabpfn,rel-hm/user-churn,zeros,block_06,0.5454545454545454,0.6778111842894106,0.6696904217848483,0.6394496618202203,0.6364181261821418,,,,
time,J19,tabpfn,rel-hm/user-churn,zeros,block_07,0.6363636363636364,0.6793138413469472,0.6679661797220697,0.6454816927502117,0.6375526857791979,,,,
time,J19,tabpfn,rel-hm/user-churn,zeros,block_08,0.7272727272727273,0.6792919575959437,0.6680316548601484,0.6485689404769963,0.6385964936526923,,,,
time,J19,tabpfn,rel-hm/user-churn,zeros,block_09,0.8181818181818182,0.6812108788202943,0.6713160749617235,0.6339655318528513,0.6292522163884424,,,,
time,J19,tabpfn,rel-hm/user-churn,zeros,block_10,0.9090909090909091,0.6797108634674243,0.6711236829852423,0.6369443881542113,0.629843584460601,,,,
time,J19,tabpfn,rel-hm/user-churn,zeros,block_11,1.0,0.675455419692757,0.6659458567890195,0.628273367642989,0.6189549230332323,,,,
time,J19,tabpfn,rel-hm/user-churn,random,block_00,0.0,0.6894478444252506,0.6789104085770545,0.6319747627842974,0.6302455812531441,,,,
time,J19,tabpfn,rel-hm/user-churn,random,block_01,0.09090909090909091,0.6763986550200976,0.6654205409545066,0.6184800547791707,0.6175024742111167,,,,
time,J19,tabpfn,rel-hm/user-churn,random,block_02,0.18181818181818182,0.6781197419171949,0.6697552171722438,0.6040793643745481,0.6040992866931678,,,,
time,J19,tabpfn,rel-hm/user-churn,random,block_03,0.2727272727272727,0.6726966483730792,0.6658226003391938,0.6323312787665535,0.6256525321763241,,,,
time,J19,tabpfn,rel-hm/user-churn,random,block_04,0.36363636363636365,0.6669493752686447,0.6600388358715485,0.632223009642271,0.6291586148445677,,,,
time,J19,tabpfn,rel-hm/user-churn,random,block_05,0.45454545454545453,0.6742250865113435,0.6663374470117129,0.63520568989267,0.630572475609951,,,,
time,J19,tabpfn,rel-hm/user-churn,random,block_06,0.5454545454545454,0.6782573877757789,0.6677005899887916,0.6472240437391935,0.640324422392748,,,,
time,J19,tabpfn,rel-hm/user-churn,random,block_07,0.6363636363636364,0.6758131913000708,0.6643311171783595,0.6368942039189558,0.6287859612490986,,,,
time,J19,tabpfn,rel-hm/user-churn,random,block_08,0.7272727272727273,0.6811044279063223,0.6681696392414406,0.6482633180766192,0.639643244608794,,,,
time,J19,tabpfn,rel-hm/user-churn,random,block_09,0.8181818181818182,0.6800980362692679,0.672558958400828,0.6545016465728879,0.6471043790122362,,,,
time,J19,tabpfn,rel-hm/user-churn,random,block_10,0.9090909090909091,0.6706439623130499,0.6661255413084403,0.6505423753970281,0.6474426338431661,,,,
time,J19,tabpfn,rel-hm/user-churn,random,block_11,1.0,0.6711419888699764,0.6665855484999771,0.6325192963888108,0.6321746880289248,,,,
time,J19,tabpfn,rel-hm/user-churn,kmeans,block_00,0.0,0.5,0.5,0.5,0.5,,,,
time,J19,tabpfn,rel-hm/user-churn,kmeans,block_01,0.09090909090909091,0.6727185321240827,0.6609325690652295,0.6297825392746881,0.6225268563924181,,,,
time,J19,tabpfn,rel-hm/user-churn,kmeans,block_02,0.18181818181818182,0.672078032890169,0.66553715137049,0.5876034111190883,0.5906351694786324,,,,
time,J19,tabpfn,rel-hm/user-churn,kmeans,block_03,0.2727272727272727,0.6730302858883774,0.6662730897693249,0.629145684614805,0.6200527911155169,,,,
time,J19,tabpfn,rel-hm/user-churn,kmeans,block_04,0.36363636363636365,0.6685072472150766,0.6626645037024969,0.6338113427264632,0.6276044925956962,,,,
time,J19,tabpfn,rel-hm/user-churn,kmeans,block_05,0.45454545454545453,0.6764466296813881,0.6675413480635782,0.6403663333395245,0.6373121654514063,,,,
time,J19,tabpfn,rel-hm/user-churn,kmeans,block_06,0.5454545454545454,0.6713745404147304,0.662610968641794,0.6338841608263931,0.6310541090131369,,,,
time,J19,tabpfn,rel-hm/user-churn,kmeans,block_07,0.6363636363636364,0.6730139790694477,0.6649378240813093,0.6300497754233051,0.6279377043775897,,,,
time,J19,tabpfn,rel-hm/user-churn,kmeans,block_08,0.7272727272727273,0.6806468911807977,0.6735908174340464,0.632839652000091,0.624964921171817,,,,
time,J19,tabpfn,rel-hm/user-churn,kmeans,block_09,0.8181818181818182,0.6800933072917784,0.6709233831172969,0.631567736430407,0.627742423773666,,,,
time,J19,tabpfn,rel-hm/user-churn,kmeans,block_10,0.9090909090909091,0.6712615830800055,0.6643206893271809,0.6304196874573119,0.6252801427197023,,,,
time,J19,tabpfn,rel-hm/user-churn,kmeans,block_11,1.0,0.6658625257869921,0.6583973468822591,0.6244814696566218,0.6222994597594443,,,,
time,J19,tabpfn,rel-hm/user-churn,label,block_00,0.0,0.6894213621513091,0.6788899309312467,0.6318018778900065,0.6298396999921485,,,,
time,J19,tabpfn,rel-hm/user-churn,label,block_01,0.09090909090909091,0.6763729717802834,0.6653647976429661,0.6188278955337563,0.6173891605233542,,,,
time,J19,tabpfn,rel-hm/user-churn,label,block_02,0.18181818181818182,0.6795585088581657,0.670264001169702,0.604365597967218,0.6042855784393018,,,,
time,J19,tabpfn,rel-hm/user-churn,label,block_03,0.2727272727272727,0.6743321081639779,0.6672467894342468,0.6304730678290776,0.6274087162619926,,,,
time,J19,tabpfn,rel-hm/user-churn,label,block_04,0.36363636363636365,0.679987427116469,0.672826364558123,0.6686898509734495,0.6634011431333436,,,,
time,J19,tabpfn,rel-hm/user-churn,label,block_05,0.45454545454545453,0.6833372717018851,0.6752268321144277,0.674547260332934,0.6662306253811189,,,,
time,J19,tabpfn,rel-hm/user-churn,label,block_06,0.5454545454545454,0.6834408689225444,0.6757488430837411,0.6730471715993789,0.6663532721834626,,,,
time,J19,tabpfn,rel-hm/user-churn,label,block_07,0.6363636363636364,0.6829797610036742,0.6766213412666722,0.671197962025952,0.6653516758259128,,,,
time,J19,tabpfn,rel-hm/user-churn,label,block_08,0.7272727272727273,0.6861702064340545,0.6762307237258954,0.6710734920770629,0.6618679003718443,,,,
time,J19,tabpfn,rel-hm/user-churn,label,block_09,0.8181818181818182,0.6846122692603467,0.6774105743723772,0.6714879624937947,0.666577894106696,,,,
time,J19,tabpfn,rel-hm/user-churn,label,block_10,0.9090909090909091,0.6839683455944576,0.6753234218072537,0.6746390758769167,0.6660618932350428,,,,
time,J19,tabpfn,rel-hm/user-churn,label,block_11,1.0,0.6860995489876327,0.6775111787253149,0.6755520212880954,0.6675066213162048,,,,
time,J19,tabpfn,rel-trial/study-outcome,zeros,block_00,0.0,0.5680868838763576,0.5748489581441526,0.5420324429612355,0.5665280350635041,,,,
time,J19,tabpfn,rel-trial/study-outcome,zeros,block_01,0.09090909090909091,0.6052832616300108,0.6236908696862931,0.5427226712056432,0.5361289697674138,,,,
time,J19,tabpfn,rel-trial/study-outcome,zeros,block_02,0.18181818181818182,0.5674480318443167,0.6146404658990472,0.5538556730507196,0.558464397709249,,,,
time,J19,tabpfn,rel-trial/study-outcome,zeros,block_03,0.2727272727272727,0.6020532614959859,0.6191686946835688,0.5192035346834107,0.5275023307059922,,,,
time,J19,tabpfn,rel-trial/study-outcome,zeros,block_04,0.36363636363636365,0.5717815036700485,0.6389827225067499,0.5443019312988353,0.541952707856598,,,,
time,J19,tabpfn,rel-trial/study-outcome,zeros,block_05,0.45454545454545453,0.5867029427400945,0.6394185947961692,0.5553902581766359,0.571800879009117,,,,
time,J19,tabpfn,rel-trial/study-outcome,zeros,block_06,0.5454545454545454,0.6001545753867735,0.6484387296744276,0.5565250023454359,0.5537575823617014,,,,
time,J19,tabpfn,rel-trial/study-outcome,zeros,block_07,0.6363636363636364,0.6227288363511274,0.6446006320148197,0.5681918700494551,0.5610887121184605,,,,
time,J19,tabpfn,rel-trial/study-outcome,zeros,block_08,0.7272727272727273,0.6118951567867976,0.6445703631058323,0.5591541241696041,0.528937076991997,,,,
time,J19,tabpfn,rel-trial/study-outcome,zeros,block_09,0.8181818181818182,0.6013161245359389,0.6179518845422736,0.5372544552111116,0.5675299359509886,,,,
time,J19,tabpfn,rel-trial/study-outcome,zeros,block_10,0.9090909090909091,0.5999490705373058,0.6200222779170148,0.5383735631413651,0.5507518796992481,,,,
time,J19,tabpfn,rel-trial/study-outcome,zeros,block_11,1.0,0.5837320574162679,0.6197982879905077,0.5359432449215731,0.5563395202983304,,,,
time,J19,tabpfn,rel-trial/study-outcome,random,block_00,0.0,0.5450569382457927,0.5637039458549756,0.5347258520633132,0.5399337716271355,,,,
time,J19,tabpfn,rel-trial/study-outcome,random,block_01,0.09090909090909091,0.6013339945228491,0.6208698073686634,0.5573380867498515,0.5814052038308332,,,,
time,J19,tabpfn,rel-trial/study-outcome,random,block_02,0.18181818181818182,0.5746943115364168,0.6062983545821075,0.5611488614584591,0.5600383809765961,,,,
time,J19,tabpfn,rel-trial/study-outcome,random,block_03,0.2727272727272727,0.58502763146726,0.620197837589142,0.520092566532195,0.5320426670541087,,,,
time,J19,tabpfn,rel-trial/study-outcome,random,block_04,0.36363636363636365,0.5899954878283052,0.6300776094826439,0.5265950080191567,0.5786053297494945,,,,
time,J19,tabpfn,rel-trial/study-outcome,random,block_05,0.45454545454545453,0.5841028596446554,0.6258883924787815,0.5425506725816324,0.557220345549865,,,,
time,J19,tabpfn,rel-trial/study-outcome,random,block_06,0.5454545454545454,0.5772005772005773,0.596509389415568,0.5356997663499211,0.5452671533907232,,,,
time,J19,tabpfn,rel-trial/study-outcome,random,block_07,0.6363636363636364,0.5801982675047691,0.6334435121620476,0.5303432377735784,0.56125821800879,,,,
time,J19,tabpfn,rel-trial/study-outcome,random,block_08,0.7272727272727273,0.577182707213667,0.6212572494037024,0.5334727192312333,0.5793257297833957,,,,
time,J19,tabpfn,rel-trial/study-outcome,random,block_09,0.8181818181818182,0.5861400381524221,0.6227646410712773,0.5468997806459107,0.5737108471662248,,,,
time,J19,tabpfn,rel-trial/study-outcome,random,block_10,0.9090909090909091,0.5659603554340397,0.6079873597036068,0.5499421459173781,0.5834695434237768,,,,
time,J19,tabpfn,rel-trial/study-outcome,random,block_11,1.0,0.5859255983094993,0.6309311927160897,0.5534089233779637,0.5927863136101122,,,,
time,J19,tabpfn,rel-trial/study-outcome,kmeans,block_00,0.0,0.5,0.5,0.5,0.5,,,,
time,J19,tabpfn,rel-trial/study-outcome,kmeans,block_01,0.09090909090909091,0.5957898310839487,0.6212330342765126,0.5470204030575547,0.5933583959899749,,,,
time,J19,tabpfn,rel-trial/study-outcome,kmeans,block_02,0.18181818181818182,0.5731932326359571,0.62401172012156,0.5430577334602104,0.5420586490380541,,,,
time,J19,tabpfn,rel-trial/study-outcome,kmeans,block_03,0.2727272727272727,0.5751768011829932,0.6306527187534052,0.5176064046033086,0.5194023706609519,,,,
time,J19,tabpfn,rel-trial/study-outcome,kmeans,block_04,0.36363636363636365,0.5745111441705869,0.6313307423147241,0.5543895389096627,0.5427760221810566,,,,
time,J19,tabpfn,rel-trial/study-outcome,kmeans,block_05,0.45454545454545453,0.5980637869182761,0.6295448766844648,0.5616760260723109,0.5567330161151673,,,,
time,J19,tabpfn,rel-trial/study-outcome,kmeans,block_06,0.5454545454545454,0.5897587105017446,0.6190476190476191,0.5451418206836164,0.5752515346336856,,,,
time,J19,tabpfn,rel-trial/study-outcome,kmeans,block_07,0.6363636363636364,0.5678635090399796,0.6068674100710714,0.5327422835162774,0.5685227561657767,,,,
time,J19,tabpfn,rel-trial/study-outcome,kmeans,block_08,0.7272727272727273,0.5743815867654878,0.5830518324797501,0.5520172981473291,0.5654383543399562,,,,
time,J19,tabpfn,rel-trial/study-outcome,kmeans,block_09,0.8181818181818182,0.6036302878408142,0.580684803796932,0.5728045604206595,0.5758387514680421,,,,
time,J19,tabpfn,rel-trial/study-outcome,kmeans,block_10,0.9090909090909091,0.598278226761199,0.5875376847916893,0.5489190891667671,0.5767831414284503,,,,
time,J19,tabpfn,rel-trial/study-outcome,kmeans,block_11,1.0,0.5675284467854127,0.5725121983703219,0.5326574010784537,0.5769768624459699,,,,
time,J19,tabpfn,rel-trial/study-outcome,label,block_00,0.0,0.5444136187170243,0.5639279357814826,0.53018464163975,0.5389379245214487,,,,
time,J19,tabpfn,rel-trial/study-outcome,label,block_01,0.09090909090909091,0.60160651182323,0.6203189132250917,0.5576329415338703,0.5812780744130858,,,,
time,J19,tabpfn,rel-trial/study-outcome,label,block_02,0.18181818181818182,0.5706735644816141,0.6036528519366049,0.5611309914715487,0.5587519523446297,,,,
time,J19,tabpfn,rel-trial/study-outcome,label,block_03,0.2727272727272727,0.584451324389405,0.6181395517779957,0.5069826973851742,0.5292730618817576,,,,
time,J19,tabpfn,rel-trial/study-outcome,label,block_04,0.36363636363636365,0.6188287117079687,0.6733318804257019,0.605535675195118,0.6421549041686342,,,,
time,J19,tabpfn,rel-trial/study-outcome,label,block_05,0.45454545454545453,0.6309043553625597,0.6674354969549479,0.6030048382989559,0.6517562020994514,,,,
time,J19,tabpfn,rel-trial/study-outcome,label,block_06,0.5454545454545454,0.6200796107916852,0.6599409150896565,0.6113478884376717,0.6519105735352875,,,,
time,J19,tabpfn,rel-trial/study-outcome,label,block_07,0.6363636363636364,0.6081067195618279,0.6671146465196808,0.6080196033756404,0.6647234027096727,,,,
time,J19,tabpfn,rel-trial/study-outcome,label,block_08,0.7272727272727273,0.614615862293881,0.6661702565592726,0.6054172865318376,0.6445279866332497,,,,
time,J19,tabpfn,rel-trial/study-outcome,label,block_09,0.8181818181818182,0.6308641478920117,0.693690748610657,0.6204682830069826,0.6616238664293584,,,,
time,J19,tabpfn,rel-trial/study-outcome,label,block_10,0.9090909090909091,0.6201242857589606,0.6989514849926749,0.6242567202319524,0.6731563207535748,,,,
time,J19,tabpfn,rel-trial/study-outcome,label,block_11,1.0,0.6292335115864528,0.7021599893453441,0.6355237469788553,0.6921470342522974,,,,
random,J21,tabpfn,rel-f1/driver-dnf,random,block_00,0.0,0.4903401360544217,0.7003464597667497,0.46428117913832195,0.6229297809007954,3.3304419107853467,2.7229720001791944,0.9999969447485411,0.36339550316448394
random,J21,tabpfn,rel-f1/driver-dnf,random,block_01,0.09090909090909091,0.6680816326530612,0.7455326208949398,0.6999365079365079,0.7058507783145465,21.591452323659247,4.3058302431944755,0.9999932556303672,0.21460422667900686
random,J21,tabpfn,rel-f1/driver-dnf,random,block_02,0.18181818181818182,0.7133968253968253,0.7845313033718831,0.6607619047619047,0.7450983262577465,13.356879028840892,4.4884003381848485,0.9996808551842469,0.2343737838716798
random,J21,tabpfn,rel-f1/driver-dnf,random,block_03,0.2727272727272727,0.6752471655328798,0.7534865563851072,0.6066394557823129,0.7109500805152978,24.45616150094606,4.261885759507362,0.9997592340613503,0.24239044952639344
random,J21,tabpfn,rel-f1/driver-dnf,random,block_04,0.36363636363636365,0.6671746031746032,0.7489679402722881,0.5627845804988661,0.6505587273703217,34.12209948590984,4.83974811185192,0.9996733156628841,0.24180761170336135
random,J21,tabpfn,rel-f1/driver-dnf,random,block_05,0.45454545454545453,0.681142857142857,0.7412775093934514,0.6112290249433106,0.7264285365734642,25.94478558248999,4.485462869410918,0.9975646088925635,0.23896614883863987
random,J21,tabpfn,rel-f1/driver-dnf,random,block_06,0.5454545454545454,0.6621315192743764,0.744273654418582,0.6562267573696146,0.7219538378958669,28.196256830596646,4.80335485961313,0.9951189359469932,0.27517886598785435
random,J21,tabpfn,rel-f1/driver-dnf,random,block_07,0.6363636363636364,0.6595192743764172,0.7414824574244865,0.4800453514739229,0.4556189918508759,27.822780302433237,4.868090965314208,0.9964528812324196,0.2790179008697881
random,J21,tabpfn,rel-f1/driver-dnf,random,block_08,0.7272727272727273,0.6268299319727892,0.5676962865368662,0.6507120181405897,0.7169765285707315,26.819526351029854,4.415042742260481,0.9996388487979666,0.2673099769103149
random,J21,tabpfn,rel-f1/driver-dnf,random,block_09,0.8181818181818182,0.6822675736961451,0.6838725418435563,0.5512743764172335,0.596437808032011,39.82673423750131,4.346069296679598,0.974984673566275,0.18297907341355307
random,J21,tabpfn,rel-f1/driver-dnf,random,block_10,0.9090909090909091,0.6744489795918367,0.5421558580978871,0.4666575963718821,0.4676914068218416,46.08327140819826,4.570724916803557,0.9894926057367917,0.17281218596126263
random,J21,tabpfn,rel-f1/driver-dnf,random,block_11,1.0,0.6466213151927438,0.6430293270872981,0.5085442176870748,0.4859415410140048,41.84717554492561,4.671292776519935,0.9947361836326047,0.19718466278944433
random,J21,tabpfn,rel-f1/driver-dnf,kmeans,block_00,0.0,0.5,0.5,0.5,0.5,1.0,,0.9999999999998557,
random,J21,tabpfn,rel-f1/driver-dnf,kmeans,block_01,0.09090909090909091,0.6740680272108843,0.7757868540477237,0.7322721088435374,0.7843507539159713,19.63391984703049,4.533567369937612,0.9999927565328659,0.2384611613242276
random,J21,tabpfn,rel-f1/driver-dnf,kmeans,block_02,0.18181818181818182,0.6886349206349206,0.7762260283999415,0.6588571428571428,0.7591811838188649,13.65942156371652,4.532939964891843,0.9997274631777666,0.22244525409608384
random,J21,tabpfn,rel-f1/driver-dnf,kmeans,block_03,0.2727272727272727,0.620390022675737,0.6197335675596545,0.5833197278911565,0.6512077294685991,25.890682261009832,4.1972285325771255,0.9998172530169467,0.25811300272485743
random,J21,tabpfn,rel-f1/driver-dnf,kmeans,block_04,0.36363636363636365,0.5243718820861678,0.4593080564095057,0.6516371882086167,0.7615917630410385,25.194108128972537,3.9575439698622517,0.9985887747140971,0.2345332750191579
random,J21,tabpfn,rel-f1/driver-dnf,kmeans,block_05,0.45454545454545453,0.7174603174603175,0.774566925291563,0.7172879818594105,0.7857853901332162,19.833292158143568,4.070401587880276,0.9885851985681053,0.33265120901712103
random,J21,tabpfn,rel-f1/driver-dnf,kmeans,block_06,0.5454545454545454,0.7160453514739229,0.789186551505392,0.716,0.7907334211682038,21.946096500999285,3.9467431845837178,0.9856957579543335,0.32964364465465434
random,J21,tabpfn,rel-f1/driver-dnf,kmeans,block_07,0.6363636363636364,0.721015873015873,0.789459815546772,0.7225759637188208,0.7603474357097546,19.67968625392776,4.010011001900721,0.9913716164782886,0.3456693546065551
random,J21,tabpfn,rel-f1/driver-dnf,kmeans,block_08,0.7272727272727273,0.7077913832199547,0.7867564534231202,0.7134784580498866,0.7715561411213585,13.303360352106942,3.6646229021951227,0.9958176377140722,0.35932643571375095
random,J21,tabpfn,rel-f1/driver-dnf,kmeans,block_09,0.8181818181818182,0.6910113378684808,0.7397745571658614,0.7320997732426304,0.7749036256282633,16.73022220033958,3.197810530421943,0.9030122973257608,0.39086166308453724
random,J21,tabpfn,rel-f1/driver-dnf,kmeans,block_10,0.9090909090909091,0.6800907029478458,0.7535646318255014,0.7203537414965987,0.6731810862245645,21.008865396099537,3.317137648941406,0.9452514906309036,0.4171733379901161
random,J21,tabpfn,rel-f1/driver-dnf,kmeans,block_11,1.0,0.7147755102040817,0.7969257795344752,0.6383854875283446,0.7493680769043087,18.15740961034116,3.114174645577448,0.9519830416408159,0.40843342887157447
random,J21,tabpfn,rel-f1/driver-dnf,label,block_00,0.0,0.4890884353741497,0.7069438344800666,0.4276643990929705,0.6482847801688382,3.263140898545596,2.710981230980401,0.9999966997438177,0.3256827974553582
random,J21,tabpfn,rel-f1/driver-dnf,label,block_01,0.09090909090909091,0.6659047619047618,0.7455131020348411,0.7020589569160998,0.7029571073049334,21.56413561649512,4.302945900006639,0.9999932251823728,0.2243077843033263
random,J21,tabpfn,rel-f1/driver-dnf,label,block_02,0.18181818181818182,0.7070113378684808,0.7510076611525887,0.6561451247165533,0.7297321036451472,12.727500863713708,4.394826301047476,0.9996203776412969,0.27641467161524735
random,J21,tabpfn,rel-f1/driver-dnf,label,block_03,0.2727272727272727,0.653750566893424,0.7405260332796564,0.5416598639455783,0.6738837651881131,23.88086680608005,4.145889954119356,0.9996754822123869,0.2445486833257432
random,J21,tabpfn,rel-f1/driver-dnf,label,block_04,0.36363636363636365,0.7265306122448979,0.7761284340994485,0.728907029478458,0.7920021470746108,18.688870678157524,4.356042247865953,0.9974264471658247,0.2863650947828737
random,J21,tabpfn,rel-f1/driver-dnf,label,block_05,0.45454545454545453,0.7383945578231292,0.7810276679841898,0.732671201814059,0.7689552530132241,18.312332014929414,4.315610271245373,0.9905703349981227,0.3185118732931475
random,J21,tabpfn,rel-f1/driver-dnf,label,block_06,0.5454545454545454,0.7385941043083899,0.7761967501097936,0.7182222222222222,0.7986385595081248,20.61950899195649,4.4302016245855755,0.9875056720044649,0.2869532588728175
random,J21,tabpfn,rel-f1/driver-dnf,label,block_07,0.6363636363636364,0.7073378684807257,0.7683208900600206,0.7093877551020409,0.7812130971551261,17.71722595323594,4.133672669222327,0.981340684478486,0.29373840261522843
random,J21,tabpfn,rel-f1/driver-dnf,label,block_08,0.7272727272727273,0.7130521541950112,0.6407748987459132,0.6978140589569162,0.748587322500366,10.16420479006725,3.6375149728560894,0.9726732920582065,0.34370887282619383
random,J21,tabpfn,rel-f1/driver-dnf,label,block_09,0.8181818181818182,0.7410068027210883,0.8081198458010053,0.7353197278911564,0.8011125750256186,14.337852700480713,3.1020299541831386,0.8832573362121866,0.3863083210821192
random,J21,tabpfn,rel-f1/driver-dnf,label,block_10,0.9090909090909091,0.7084081632653061,0.6730981310691455,0.7298503401360545,0.8062265163714439,16.844570751177084,2.8937046426908775,0.9424722804390553,0.3629360420265125
random,J21,tabpfn,rel-f1/driver-dnf,label,block_11,1.0,0.6688253968253968,0.7471234079929732,0.7328798185941042,0.813502171473186,16.688390525587497,2.660427106772062,0.9821697220559155,0.34990362514370155
random,J21,tabpfn-2.5,rel-f1/driver-dnf,random,block_00,0.0,0.7391201814058956,0.8150490411359976,0.6551927437641724,0.7511150148831308,5.576797851956132,3.2600632438036956,0.9999254771644421,0.3641732095948674
random,J21,tabpfn-2.5,rel-f1/driver-dnf,random,block_01,0.043478260869565216,0.7173696145124717,0.7974235104669887,0.6724081632653063,0.6995022690674865,16.634596990441647,3.7389982328497897,0.9999199260902052,0.31805740267556437
random,J21,tabpfn-2.5,rel-f1/driver-dnf,random,block_02,0.08695652173913043,0.7097142857142856,0.7835846386571025,0.521124716553288,0.4123212804372225,16.669132627475722,3.720986197328329,0.9998003550599761,0.3215147182372577
random,J21,tabpfn-2.5,rel-f1/driver-dnf,random,block_03,0.13043478260869565,0.6891791383219954,0.7557507441565412,0.46896145124716554,0.5584931440003904,21.012228703411765,4.263725697515145,0.9992405210981566,0.35619292084559445
random,J21,tabpfn-2.5,rel-f1/driver-dnf,random,block_04,0.17391304347826086,0.7417142857142858,0.770116625189089,0.7307029478458048,0.8043039086517347,14.774823273780914,3.6186401475900194,0.9878101140518722,0.44306068784068336
random,J21,tabpfn-2.5,rel-f1/driver-dnf,random,block_05,0.21739130434782608,0.7336598639455783,0.8102864392719464,0.6672108843537415,0.6741228712243205,17.66781062276296,3.62542452984346,0.9909706415715883,0.4296198819995301
random,J21,tabpfn-2.5,rel-f1/driver-dnf,random,block_06,0.2608695652173913,0.7344580498866212,0.791206753525594,0.6852698412698413,0.743810081491241,21.70980368106206,2.917022982740791,0.9797684883294312,0.23241591251199087
random,J21,tabpfn-2.5,rel-f1/driver-dnf,random,block_07,0.30434782608695654,0.7297596371882085,0.7853901332162201,0.687374149659864,0.7562484750890547,25.525313713831174,3.174353915389387,0.9888840800329836,0.2371833118314008
random,J21,tabpfn-2.5,rel-f1/driver-dnf,random,block_08,0.34782608695652173,0.7415691609977324,0.8003415800517248,0.6682630385487529,0.7175181769384668,27.590745964861586,3.2282881562117316,0.9961782914504378,0.24994284910036024
random,J21,tabpfn-2.5,rel-f1/driver-dnf,random,block_09,0.391304347826087,0.7449251700680272,0.7921826965305225,0.5972244897959182,0.6437856829161176,36.33926870352772,3.585965844436143,0.9968489988199442,0.24751999383099227
random,J21,tabpfn-2.5,rel-f1/driver-dnf,random,block_10,0.43478260869565216,0.7260226757369614,0.7795930317669448,0.539936507936508,0.439467135119309,40.93857733628294,3.7197096205715527,0.9982517386012458,0.21355328944328533
random,J21,tabpfn-2.5,rel-f1/driver-dnf,random,block_11,0.4782608695652174,0.6997913832199546,0.7510466988727859,0.6609705215419502,0.751890889572049,52.202680268037746,4.268288092056156,0.9987823259262002,0.1992828076659456
random,J21,tabpfn-2.5,rel-f1/driver-dnf,random,block_12,0.5217391304347826,0.6969070294784582,0.55317425462353,0.6898231292517006,0.7501585907383009,41.61603954122191,4.1794401602981335,0.9974267987906914,0.22110054446630834
random,J21,tabpfn-2.5,rel-f1/driver-dnf,random,block_13,0.5652173913043478,0.6898684807256236,0.5662616503196214,0.6690340136054421,0.7223100570926658,38.83002507073687,4.120362077206619,0.9973329815929807,0.23830713747659163
random,J21,tabpfn-2.5,rel-f1/driver-dnf,random,block_14,0.6086956521739131,0.6662312925170069,0.6595520421607378,0.6400181405895691,0.7497145366710584,40.365460092284025,4.164662747466809,0.9966345210865976,0.2194287302960099
random,J21,tabpfn-2.5,rel-f1/driver-dnf,random,block_15,0.6521739130434783,0.6534240362811792,0.6859513004440541,0.6284444444444444,0.6499536427072659,43.320137673299065,4.16714977846442,0.9972944905092809,0.23900383498647018
random,J21,tabpfn-2.5,rel-f1/driver-dnf,random,block_16,0.6956521739130435,0.6717641723356009,0.6797931000829552,0.6751111111111111,0.7529253891572733,38.179636820060836,4.192485755738795,0.9965009442722713,0.25249935531911755
random,J21,tabpfn-2.5,rel-f1/driver-dnf,random,block_17,0.7391304347826086,0.6559274376417233,0.7142048504367345,0.6513650793650794,0.6688869370028792,41.03610676065256,4.117679478172346,0.9968649658917332,0.2690617876383771
random,J21,tabpfn-2.5,rel-f1/driver-dnf,random,block_18,0.782608695652174,0.6913922902494332,0.7232225638022739,0.6662766439909297,0.6911384375152491,40.197748353609605,4.094580337879,0.9991647854985283,0.23878458325050153
random,J21,tabpfn-2.5,rel-f1/driver-dnf,random,block_19,0.8260869565217391,0.6837732426303855,0.7564631825501391,0.6568979591836734,0.7738105694627433,23.245732846077516,3.6829691704684944,0.9835745491330249,0.35258739199983136
random,J21,tabpfn-2.5,rel-f1/driver-dnf,random,block_20,0.8695652173913043,0.6877460317460318,0.7835553603669545,0.6950839002267575,0.7793880837359097,26.988501928032253,3.647384763673978,0.9656047167142896,0.3142848234889161
random,J21,tabpfn-2.5,rel-f1/driver-dnf,random,block_21,0.9130434782608695,0.6491428571428571,0.768955253013224,0.6915918367346938,0.7705314009661834,32.97170193512889,3.6232224315123522,0.9746420201409123,0.30043666014082726
random,J21,tabpfn-2.5,rel-f1/driver-dnf,random,block_22,0.9565217391304348,0.6292244897959184,0.7339579368564876,0.6664580498866213,0.7749036256282632,30.169935067977303,3.5342657726353455,0.9885277409675237,0.3241002689864613
random,J21,tabpfn-2.5,rel-f1/driver-dnf,random,block_23,1.0,0.6434467120181406,0.7395110525545308,0.6464761904761905,0.5644463963304542,29.554356585683124,3.4359724551610293,0.9920129123450778,0.33050783415813023
random,J21,tabpfn-2.5,rel-f1/driver-dnf,kmeans,block_00,0.0,0.6160362811791383,0.734211682037769,0.5749024943310659,0.5692431561996779,4.231274503218711,3.69821950741069,0.9999756685322044,0.3951002682508777
random,J21,tabpfn-2.5,rel-f1/driver-dnf,kmeans,block_01,0.043478260869565216,0.6942222222222221,0.7531254574732835,0.6106938775510203,0.6835065632167081,17.923251121684125,3.705389319860938,0.9999508052792787,0.33295154095758805
random,J21,tabpfn-2.5,rel-f1/driver-dnf,kmeans,block_02,0.08695652173913043,0.6273015873015872,0.6705704386863807,0.5811882086167801,0.59918020787586,17.366566179214647,3.8307321534377174,0.999874268502834,0.31654692653365185
random,J21,tabpfn-2.5,rel-f1/driver-dnf,kmeans,block_03,0.13043478260869565,0.6721814058956916,0.7525594105304251,0.6497324263038547,0.5970575318401405,21.13548703423739,4.3608430878758355,0.9993486624451828,0.2851594609040148
random,J21,tabpfn-2.5,rel-f1/driver-dnf,kmeans,block_04,0.17391304347826086,0.7443990929705214,0.7474649880446982,0.7303854875283446,0.800697799248524,8.494229970962113,3.0584275923779356,0.9154024056365404,0.5424378158860936
random,J21,tabpfn-2.5,rel-f1/driver-dnf,kmeans,block_05,0.21739130434782608,0.7410975056689342,0.803249890206412,0.6708480725623581,0.7937100473332358,11.57051318248049,3.205089440702639,0.9451257102807006,0.5117009462033405
random,J21,tabpfn-2.5,rel-f1/driver-dnf,kmeans,block_06,0.2608695652173913,0.7252063492063493,0.7762065095398429,0.7100226757369614,0.7986678377982727,17.47844549419852,2.764121661448353,0.9358343554733234,0.32721719245831427
random,J21,tabpfn-2.5,rel-f1/driver-dnf,kmeans,block_07,0.30434782608695654,0.724734693877551,0.7940857853901332,0.6930068027210885,0.791670326452935,19.103558102330457,2.8731396238804185,0.9593543749830229,0.3243926960768866
random,J21,tabpfn-2.5,rel-f1/driver-dnf,kmeans,block_08,0.34782608695652173,0.7282902494331065,0.7901332162201727,0.6797732426303856,0.7630215195432586,21.041215114827764,2.9672779194018286,0.9848010288619646,0.3443374681253298
random,J21,tabpfn-2.5,rel-f1/driver-dnf,kmeans,block_09,0.391304347826087,0.7218503401360543,0.7867759722832187,0.6257868480725624,0.7228175474552286,26.81341570299511,3.6426366629378744,0.9890893190819853,0.33232178039875365
random,J21,tabpfn-2.5,rel-f1/driver-dnf,kmeans,block_10,0.43478260869565216,0.72843537414966,0.7980285951300445,0.6817324263038551,0.7871907480603131,30.4400563224966,3.588366301289032,0.9913741009187288,0.26849893781486217
random,J21,tabpfn-2.5,rel-f1/driver-dnf,kmeans,block_11,0.4782608695652174,0.7415873015873017,0.804381984092129,0.6957913832199546,0.8111647879763823,40.99883936367757,4.237429413564938,0.995583733770897,0.29184293978291215
random,J21,tabpfn-2.5,rel-f1/driver-dnf,kmeans,block_12,0.5217391304347826,0.7236643990929705,0.7741863075196409,0.718331065759637,0.809925340360123,31.625030841916633,4.094354768697486,0.9906980773520656,0.3146085120494028
random,J21,tabpfn-2.5,rel-f1/driver-dnf,kmeans,block_13,0.5652173913043478,0.7327891156462586,0.810266920411848,0.7107301587301588,0.7806324110671936,27.285006484332445,3.9044963999239366,0.986677880864501,0.3406688797298987
random,J21,tabpfn-2.5,rel-f1/driver-dnf,kmeans,block_14,0.6086956521739131,0.6926439909297053,0.7796515883472406,0.7159274376417233,0.7951739618406284,26.58826223252082,3.9335986999755406,0.9810067329844713,0.3532782823789123
random,J21,tabpfn-2.5,rel-f1/driver-dnf,kmeans,block_15,0.6521739130434783,0.6637460317460318,0.7609817986629581,0.7132426303854875,0.7896354852876593,27.286802659925016,3.9025182300867196,0.9879711818619553,0.3782822947848898
random,J21,tabpfn-2.5,rel-f1/driver-dnf,kmeans,block_16,0.6956521739130435,0.6695873015873015,0.7504904113599766,0.7172879818594106,0.7932367149758455,24.46473243092521,3.7717855872010415,0.9802527424997873,0.3715153430974001
random,J21,tabpfn-2.5,rel-f1/driver-dnf,kmeans,block_17,0.7391304347826086,0.6856961451247165,0.7731420485043674,0.6502131519274377,0.7223393353828137,21.116009994096018,3.5018733661807766,0.9710606816886452,0.36854594774255806
random,J21,tabpfn-2.5,rel-f1/driver-dnf,kmeans,block_18,0.782608695652174,0.6872380952380952,0.7690821256038647,0.6698956916099774,0.7839750158590739,20.92719050872381,3.5563915032347073,0.9931179147740137,0.3724918630089828
random,J21,tabpfn-2.5,rel-f1/driver-dnf,kmeans,block_19,0.8260869565217391,0.7190022675736961,0.7824427853413362,0.6884897959183672,0.7750890547991997,17.026681597659028,3.1418394394499103,0.9187276411342121,0.3350163065551806
random,J21,tabpfn-2.5,rel-f1/driver-dnf,kmeans,block_20,0.8695652173913043,0.6509024943310658,0.7322207583077148,0.7005079365079365,0.782237837310301,23.679146730298452,3.160954607916293,0.9154387283966133,0.3814230946694974
random,J21,tabpfn-2.5,rel-f1/driver-dnf,kmeans,block_21,0.9130434782608695,0.7070294784580498,0.7648074952422779,0.7146666666666666,0.7757478163275265,25.382307007709155,3.074507952657725,0.9192837292712958,0.35616476614235487
random,J21,tabpfn-2.5,rel-f1/driver-dnf,kmeans,block_22,0.9565217391304348,0.6080362811791383,0.6993412384716733,0.678702947845805,0.7457912457912458,25.505866676302766,3.1155290684143115,0.9512560861689714,0.34688104189338353
random,J21,tabpfn-2.5,rel-f1/driver-dnf,kmeans,block_23,1.0,0.7263854875283446,0.7694139462255405,0.6819047619047618,0.7656760845166642,24.42547183319139,3.1940913861531772,0.9655967731463887,0.3580073934050867
random,J21,tabpfn-2.5,rel-f1/driver-dnf,label,block_00,0.0,0.7391020408163265,0.8153223051773776,0.6540680272108844,0.7516761821109648,5.576922201190663,3.2609125784425355,0.9999253613972746,0.36429516506302395
random,J21,tabpfn-2.5,rel-f1/driver-dnf,label,block_01,0.043478260869565216,0.7173333333333334,0.7976870150783194,0.6736598639455783,0.6987263943785683,16.629527404889934,3.7383120867325363,0.9999197670558838,0.3181853738930679
random,J21,tabpfn-2.5,rel-f1/driver-dnf,label,block_02,0.08695652173913043,0.7096054421768707,0.7834187283462647,0.5078639455782313,0.41434636217244913,16.680205733959202,3.72111157241345,0.9998003652663193,0.3215793615623151
random,J21,tabpfn-2.5,rel-f1/driver-dnf,label,block_03,0.13043478260869565,0.6899229024943311,0.7588444834821645,0.459891156462585,0.5586102571609818,21.039267725432776,4.264581049456048,0.9992420153217448,0.3165013952083566
random,J21,tabpfn-2.5,rel-f1/driver-dnf,label,block_04,0.17391304347826086,0.7352562358276644,0.7418923534865564,0.7260861678004534,0.7952861952861953,13.670407153861243,3.5895136531419896,0.9861527696133477,0.39810510530306975
random,J21,tabpfn-2.5,rel-f1/driver-dnf,label,block_05,0.21739130434782608,0.736344671201814,0.8062753135216902,0.6362358276643991,0.5062753135216903,16.286601719361204,3.5793553803250058,0.9889355520793331,0.4526892221040299
random,J21,tabpfn-2.5,rel-f1/driver-dnf,label,block_06,0.2608695652173913,0.7353832199546486,0.8082076806714488,0.6631836734693877,0.7493973551944566,21.162223202965738,2.987946313327233,0.9789714826509983,0.24204634655735355
random,J21,tabpfn-2.5,rel-f1/driver-dnf,label,block_07,0.30434782608695654,0.7413333333333333,0.8011613721758648,0.6251156462585034,0.7172302737520129,24.848628335392203,3.163242112579908,0.9878060597419905,0.23656267395229374
random,J21,tabpfn-2.5,rel-f1/driver-dnf,label,block_08,0.34782608695652173,0.7369614512471656,0.7857609915580931,0.5937777777777778,0.681144781144781,26.553416553927825,3.176822604465991,0.9955875003098649,0.2286619340476532
random,J21,tabpfn-2.5,rel-f1/driver-dnf,label,block_09,0.391304347826087,0.7386303854875285,0.7598301859171425,0.5667573696145125,0.6497730932513541,35.62861074602067,3.6089439391172893,0.9963400516796727,0.22863644245189044
random,J21,tabpfn-2.5,rel-f1/driver-dnf,label,block_10,0.43478260869565216,0.732281179138322,0.7826379739423217,0.7075646258503401,0.7863807153662227,35.89453816901905,3.7679562614909567,0.9960554125550645,0.23871573286322093
random,J21,tabpfn-2.5,rel-f1/driver-dnf,label,block_11,0.4782608695652174,0.7054875283446711,0.7492802420338651,0.7240816326530612,0.8005611672278339,46.59473580520548,4.23867074384964,0.997610532223118,0.23666549618106286
random,J21,tabpfn-2.5,rel-f1/driver-dnf,label,block_12,0.5217391304347826,0.7215782312925171,0.7776801834772848,0.7453514739229025,0.8024252183672475,31.920526018152955,4.250651075333215,0.9926246294394511,0.2793072524860732
random,J21,tabpfn-2.5,rel-f1/driver-dnf,label,block_13,0.5652173913043478,0.7434739229024943,0.8036012296881863,0.7500498866213152,0.8127946127946128,28.82299031988621,4.240724877320065,0.9912114364436506,0.28864080309839824
random,J21,tabpfn-2.5,rel-f1/driver-dnf,label,block_14,0.6086956521739131,0.7541768707482992,0.8070365490655346,0.760625850340136,0.8028546332894158,27.493651730069626,4.292669583261646,0.986343388145148,0.3144674316740707
random,J21,tabpfn-2.5,rel-f1/driver-dnf,label,block_15,0.6521739130434783,0.7529795918367347,0.7923876445615576,0.7545215419501135,0.8079392963450934,28.74167910750021,4.170204522310563,0.9889555314758166,0.32497898002652303
random,J21,tabpfn-2.5,rel-f1/driver-dnf,label,block_16,0.6956521739130435,0.7386848072562358,0.7887961743034206,0.7467936507936508,0.8113062997120969,27.72764548410468,4.041641081498697,0.9877735571536667,0.32737521364989186
random,J21,tabpfn-2.5,rel-f1/driver-dnf,label,block_17,0.7391304347826086,0.7523628117913832,0.7988971844044307,0.7375691609977324,0.7725955204216074,25.881944654053278,3.9512492141153333,0.9842176846399278,0.32229455324713513
random,J21,tabpfn-2.5,rel-f1/driver-dnf,label,block_18,0.782608695652174,0.7363265306122451,0.7842677987605524,0.7055056689342404,0.7567510857365931,23.6371245288028,3.8806160183791296,0.9954579423130239,0.3180858108944882
random,J21,tabpfn-2.5,rel-f1/driver-dnf,label,block_19,0.8260869565217391,0.7379954648526077,0.7740789537890986,0.7068934240362812,0.7542673107890498,17.150915458510564,3.2602876749509218,0.9477916865672241,0.35487241550935095
random,J21,tabpfn-2.5,rel-f1/driver-dnf,label,block_20,0.8695652173913043,0.7193469387755101,0.7597716293368467,0.7033650793650794,0.7693309910701215,21.539992640992107,3.2170990218398754,0.9251137875415696,0.37487189672171406
random,J21,tabpfn-2.5,rel-f1/driver-dnf,label,block_21,0.9130434782608695,0.6577777777777778,0.6781144781144781,0.7050884353741498,0.7785146147464987,22.97440082854161,3.3373495445627963,0.9235649898395083,0.34797853285301233
random,J21,tabpfn-2.5,rel-f1/driver-dnf,label,block_22,0.9565217391304348,0.7110748299319728,0.7756404625969843,0.7061768707482994,0.7672424730395745,20.16641019475635,3.1993217233641547,0.9597207750706471,0.3722647312700904
random,J21,tabpfn-2.5,rel-f1/driver-dnf,label,block_23,1.0,0.69621768707483,0.7235543844239496,0.7208435374149659,0.7374322939540331,19.077711259297114,3.1988470593978,0.9717415839019046,0.3775659296639792
random,J21,tabiclv2,rel-f1/driver-dnf,random,row_emb,0.0,0.7183129251700681,0.8085492607231739,0.7228571428571429,0.7745327672863903,27.90696224850718,4.230980278352084,0.5852059302248387,0.2517492674996843
random,J21,tabiclv2,rel-f1/driver-dnf,random,icl_00,0.07692307692307693,0.6945668934240363,0.759234860684136,0.7299138321995464,0.7819011369736006,40.250165328003945,4.266117916972829,0.6276970805226023,0.24310788676089026
random,J21,tabiclv2,rel-f1/driver-dnf,random,icl_01,0.15384615384615385,0.6587029478458049,0.6794417606011809,0.7157278911564626,0.7701507831942614,46.96899887213907,4.132851409536112,0.7118234153043925,0.2180287054345392
random,J21,tabiclv2,rel-f1/driver-dnf,random,icl_02,0.23076923076923078,0.5658412698412698,0.531781583955497,0.7120544217687075,0.7659054311228225,51.169674844776196,4.175397343465067,0.6464005089254979,0.26152126272571236
random,J21,tabiclv2,rel-f1/driver-dnf,random,icl_03,0.3076923076923077,0.5137414965986394,0.5011174547406432,0.6957460317460318,0.7504367344947054,56.23240577892632,4.216692605296294,0.6154632701008087,0.22046666292772008
random,J21,tabiclv2,rel-f1/driver-dnf,random,icl_04,0.38461538461538464,0.5235918367346939,0.6097887083394329,0.6977233560090703,0.754799199726736,59.36267007748862,4.237880639880517,0.6985576344545142,0.24222081918837687
random,J21,tabiclv2,rel-f1/driver-dnf,random,icl_05,0.46153846153846156,0.5478458049886621,0.6811886985800029,0.67718820861678,0.7093544137022398,64.64858692486102,4.286543000830681,0.6619995198185311,0.25006579759248504
random,J21,tabiclv2,rel-f1/driver-dnf,random,icl_06,0.5384615384615384,0.5578412698412698,0.7212901966525155,0.674421768707483,0.7224125311081833,66.76145406153121,4.28752356321234,0.6523476394309191,0.22766374051917312
random,J21,tabiclv2,rel-f1/driver-dnf,random,icl_07,0.6153846153846154,0.5103310657596372,0.5652369101644464,0.6666485260770976,0.699248523886205,73.5683619255155,4.3115436294295195,0.6652340639630804,0.23080842763602483
random,J21,tabiclv2,rel-f1/driver-dnf,random,icl_08,0.6923076923076923,0.5206893424036281,0.7278387742155856,0.6836825396825397,0.7454447860244962,71.00660168589408,4.328782913359947,0.7067290647636443,0.2467109179140305
random,J21,tabiclv2,rel-f1/driver-dnf,random,icl_09,0.7692307692307693,0.5084263038548753,0.6478114478114478,0.6904217687074831,0.7402234909481287,71.68121651202212,4.30256934908221,0.7368917055984001,0.2317885211564459
random,J21,tabiclv2,rel-f1/driver-dnf,random,icl_10,0.8461538461538461,0.5481360544217687,0.7301517591372664,0.690140589569161,0.7544478602449618,70.958388881186,4.265206448086741,0.812941530821984,0.26164315982032277
random,J21,tabiclv2,rel-f1/driver-dnf,random,icl_11,0.9230769230769231,0.5654058956916099,0.7472990777338604,0.6671927437641724,0.7420680232274436,77.29464334689,4.329727085038417,0.9371853550466547,0.2625210366098775
random,J21,tabiclv2,rel-f1/driver-dnf,random,final,1.0,0.5650249433106576,0.7638510710974479,0.6666485260770976,0.7388962084614259,74.70946810049709,4.345359286461759,0.9582197610794291,0.2249353258411125
random,J21,tabiclv2,rel-f1/driver-dnf,kmeans,row_emb,0.0,0.7376145124716553,0.8142292490118578,0.7059047619047619,0.7889523251842093,29.051983702914498,3.7742811214313505,0.6957913396422697,0.28112799312614817
random,J21,tabiclv2,rel-f1/driver-dnf,kmeans,icl_00,0.07692307692307693,0.7183129251700681,0.8104230712926366,0.7197641723356009,0.7840189332942957,37.3927366221972,3.757089559978343,0.681347338076148,0.2501509719298812
random,J21,tabiclv2,rel-f1/driver-dnf,kmeans,icl_01,0.15384615384615385,0.6833922902494332,0.7636461230664128,0.7202630385487528,0.77528912311521,42.15592461079779,3.828562383722075,0.7357995766931407,0.26424180375262224
random,J21,tabiclv2,rel-f1/driver-dnf,kmeans,icl_02,0.23076923076923078,0.7002086167800453,0.7809105548235985,0.7215963718820861,0.7689503732981994,45.750428894212234,3.8461218748109327,0.6520681218403653,0.24927872908975449
random,J21,tabiclv2,rel-f1/driver-dnf,kmeans,icl_03,0.3076923076923077,0.6549478458049887,0.7337822671156005,0.7232290249433106,0.7586200165910311,50.57240969690216,3.9239880324866263,0.5944987930363416,0.23124579325210523
random,J21,tabiclv2,rel-f1/driver-dnf,kmeans,icl_04,0.38461538461538464,0.6138049886621315,0.7342214414678183,0.7190113378684807,0.7729175816132338,53.74116343915884,3.9697305370704528,0.6589518904955904,0.23465272693539638
random,J21,tabiclv2,rel-f1/driver-dnf,kmeans,icl_05,0.46153846153846156,0.5811700680272109,0.7206948714195092,0.7209160997732427,0.7777924169228517,60.910089416468026,3.995883692812425,0.6361768116453158,0.23784504514497878
random,J21,tabiclv2,rel-f1/driver-dnf,kmeans,icl_06,0.5384615384615384,0.5863945578231292,0.6684624017957351,0.7147120181405895,0.7718050065876152,64.1360862341794,3.9539944235669884,0.6271168147537735,0.21708049080235936
random,J21,tabiclv2,rel-f1/driver-dnf,kmeans,icl_07,0.6153846153846154,0.5571700680272109,0.5691406821841605,0.7130340136054423,0.7761137949543747,70.02342191492464,3.953458253821824,0.655727736369343,0.2277647758480411
random,J21,tabiclv2,rel-f1/driver-dnf,kmeans,icl_08,0.6923076923076923,0.5803718820861677,0.5848631239935588,0.725124716553288,0.7716146977016543,66.22479277497142,3.9029348747697714,0.7182394517919215,0.23701129006416988
random,J21,tabiclv2,rel-f1/driver-dnf,kmeans,icl_09,0.7692307692307693,0.5877551020408163,0.7305616551993365,0.7078367346938776,0.7598057873420193,64.21425075420397,3.7910757799134376,0.72016035721336,0.2939541416532633
random,J21,tabiclv2,rel-f1/driver-dnf,kmeans,icl_10,0.8461538461538461,0.5927619047619048,0.7651783535841507,0.7189478458049886,0.7513541209193384,58.857550879725416,3.544941030699358,0.7713605884048609,0.2607062664429861
random,J21,tabiclv2,rel-f1/driver-dnf,kmeans,icl_11,0.9230769230769231,0.6205351473922902,0.7763529009905821,0.6034104308390024,0.7568291611769872,56.78888155183113,3.479518479260473,0.7806170503954734,0.33549565147255
random,J21,tabiclv2,rel-f1/driver-dnf,kmeans,final,1.0,0.5952108843537415,0.7490850534328795,0.6393650793650794,0.7542087542087542,51.67951911102325,3.4656423248849904,0.8098386510128663,0.3450132570342619
random,J21,tabiclv2,rel-f1/driver-dnf,label,row_emb,0.0,0.7417687074829933,0.8245352071439028,0.7338412698412697,0.7806568096423168,27.87087712199879,4.038041526028818,0.6146584664730175,0.26617183602542027
random,J21,tabiclv2,rel-f1/driver-dnf,label,icl_00,0.07692307692307693,0.7483174603174602,0.8309178743961353,0.7255510204081632,0.7878397501585909,38.16307974426636,4.1319915036039845,0.6476605755190983,0.25119758258970204
random,J21,tabiclv2,rel-f1/driver-dnf,label,icl_01,0.15384615384615385,0.7155192743764173,0.803767139999024,0.7141678004535148,0.7826233347972478,45.96347753988578,4.07454163905254,0.7288030437788797,0.26858090493725084
random,J21,tabiclv2,rel-f1/driver-dnf,label,icl_02,0.23076923076923078,0.6772244897959183,0.7925437954423462,0.7175419501133787,0.776040599229005,50.76423228385791,4.034275173676099,0.6627540426929912,0.2153638570796491
random,J21,tabiclv2,rel-f1/driver-dnf,label,icl_03,0.3076923076923077,0.6245986394557823,0.7978919631093544,0.7191746031746031,0.7702288586346557,55.43370320697412,4.123082589127029,0.6025554547936307,0.23963605529785362
random,J21,tabiclv2,rel-f1/driver-dnf,label,icl_04,0.38461538461538464,0.5735691609977325,0.7669936075733177,0.7216507936507937,0.7695115405260334,57.80251446213089,4.118105512403699,0.6830724623887189,0.26400286821135377
random,J21,tabiclv2,rel-f1/driver-dnf,label,icl_05,0.46153846153846156,0.5506213151927437,0.700258624896306,0.683954648526077,0.7684136046454887,64.66243014994295,4.160109436383862,0.6451861628422959,0.2153877578557162
random,J21,tabiclv2,rel-f1/driver-dnf,label,icl_06,0.5384615384615384,0.556281179138322,0.6945688771775729,0.6820952380952381,0.762143170838823,66.77649057036403,4.1160333514581025,0.6362302976043978,0.2548530914316832
random,J21,tabiclv2,rel-f1/driver-dnf,label,icl_07,0.6153846153846154,0.5431655328798186,0.5389254867515737,0.6625578231292517,0.7201141853315766,73.49149912766076,4.104230751823277,0.6511509871694215,0.24302613902110873
random,J21,tabiclv2,rel-f1/driver-dnf,label,icl_08,0.6923076923076923,0.5969886621315192,0.5955789781876739,0.6648072562358276,0.7421851363880348,68.20031233017089,4.102537104548771,0.6758754368325947,0.24323019662608392
random,J21,tabiclv2,rel-f1/driver-dnf,label,icl_09,0.7692307692307693,0.5325714285714285,0.42274923144488363,0.6906394557823129,0.7337529888254526,68.43251175062436,4.03306385536382,0.703648689918585,0.266581202070987
random,J21,tabiclv2,rel-f1/driver-dnf,label,icl_10,0.8461538461538461,0.5345850340136055,0.4641780120040989,0.7061950113378684,0.7627531352169034,64.86634636422713,3.9595951917622743,0.7812356970249683,0.2951160295059647
random,J21,tabiclv2,rel-f1/driver-dnf,label,icl_11,0.9230769230769231,0.5030204081632653,0.4025862489630606,0.6574693877551021,0.7524422973698336,71.8990645555703,4.00767763714546,0.9237686235824386,0.25479178799763
random,J21,tabiclv2,rel-f1/driver-dnf,label,final,1.0,0.4954557823129251,0.400204948031035,0.6568798185941043,0.7540428438979163,67.82739374763473,3.9792868339613747,0.9447321304420118,0.24437861529890453
random,J21,kumo-s,rel-f1/driver-dnf,random,row_emb,0.0,0.734657596371882,0.8144732347630899,0.7064399092970521,0.7972771190162494,25.269178606041407,4.548982095292887,0.8540593205100317,0.34559146978137206
random,J21,kumo-s,rel-f1/driver-dnf,random,icl_00,0.07692307692307693,0.7364172335600907,0.8220953496315815,0.7113469387755103,0.7901234567901233,39.26423612203584,4.733466173035533,0.9670186867878935,0.23744285438608614
random,J21,kumo-s,rel-f1/driver-dnf,random,icl_01,0.15384615384615385,0.7380861678004536,0.7990142975650222,0.7155555555555556,0.7630215195432586,44.82130420183088,5.007973690210003,0.9376001507919275,0.22121025208546738
random,J21,kumo-s,rel-f1/driver-dnf,random,icl_02,0.23076923076923078,0.7228843537414966,0.7805396964817255,0.7105668934240363,0.7491533694432245,49.57694734008724,5.149950511018796,0.9075584572529811,0.20954588470218877
random,J21,kumo-s,rel-f1/driver-dnf,random,icl_03,0.3076923076923077,0.705469387755102,0.7792319328551212,0.7036825396825397,0.7527399599863368,58.07410032717519,5.416277635214758,0.8796812409637328,0.250257261928381
random,J21,kumo-s,rel-f1/driver-dnf,random,icl_04,0.38461538461538464,0.6789478458049887,0.7411994339530572,0.7026213151927437,0.7441175035377935,67.0472039115029,5.612316929964508,0.8720702283275306,0.21441350264382808
random,J21,kumo-s,rel-f1/driver-dnf,random,icl_05,0.46153846153846156,0.6341768707482993,0.6989801395598498,0.6895328798185941,0.738115454057483,71.90724954816565,5.62900393704964,0.8803490744874483,0.2372142294435261
random,J21,kumo-s,rel-f1/driver-dnf,random,icl_06,0.5384615384615384,0.6515374149659864,0.7091494656712048,0.6824761904761906,0.7381203337725079,74.04305759324684,5.765606495902242,0.8647741273395317,0.23665597890642287
random,J21,kumo-s,rel-f1/driver-dnf,random,icl_07,0.6153846153846154,0.6380408163265305,0.6824574244864099,0.7047619047619048,0.7440979846776951,74.13392061030453,5.2725357059628495,0.837654531306855,0.23866907457309064
random,J21,kumo-s,rel-f1/driver-dnf,random,icl_08,0.6923076923076923,0.6827936507936508,0.7170058068608793,0.7161995464852606,0.7405113941345826,73.14200972490643,5.32069879435008,0.8436827893809633,0.2090934624033204
random,J21,kumo-s,rel-f1/driver-dnf,random,icl_09,0.7692307692307693,0.6768798185941044,0.7287756795003172,0.6917551020408162,0.7272092909774069,70.5399612188129,5.2256191266250065,0.8674251693529932,0.22790883110798166
random,J21,kumo-s,rel-f1/driver-dnf,random,icl_10,0.8461538461538461,0.6655782312925169,0.7107695310593861,0.6869387755102041,0.6813009320255696,67.02602825031315,5.224909400240858,0.9085995583876249,0.23260582434074395
random,J21,kumo-s,rel-f1/driver-dnf,random,icl_11,0.9230769230769231,0.6612607709750568,0.7044649392475479,0.6804716553287983,0.6913189869711608,72.77308912869928,5.341370208518136,0.9918732257339636,0.19432196508618652
random,J21,kumo-s,rel-f1/driver-dnf,random,final,1.0,0.6606258503401361,0.7032938076416337,0.6706666666666665,0.6889181671790369,75.66356802834244,5.382175142657668,0.9685160004484104,0.19575698317100038
random,J21,kumo-s,rel-f1/driver-dnf,kmeans,row_emb,0.0,0.7322811791383219,0.8217049724296102,0.7101315192743763,0.7958571219440784,27.82139492835566,3.4653321860919686,0.8351319335015257,0.32159839353928615
random,J21,kumo-s,rel-f1/driver-dnf,kmeans,icl_00,0.07692307692307693,0.7160634920634921,0.832518420924218,0.7247528344671202,0.7821207241497096,36.90866455872642,3.562813098236961,0.9470298629212699,0.30610129317779067
random,J21,kumo-s,rel-f1/driver-dnf,kmeans,icl_01,0.15384615384615385,0.6813968253968254,0.8058068608793245,0.7021678004535148,0.7768506319230957,42.57088424955805,3.5393900454003053,0.9160634136634305,0.2768609132675617
random,J21,kumo-s,rel-f1/driver-dnf,kmeans,icl_02,0.23076923076923078,0.6874557823129251,0.8075733177182454,0.708671201814059,0.7774313180110282,47.419470835281906,3.4879592506907735,0.8896496075555543,0.2705375533910861
random,J21,kumo-s,rel-f1/driver-dnf,kmeans,icl_03,0.3076923076923077,0.6494693877551021,0.8180256673010295,0.6989750566893425,0.7613819352949788,54.857130780432634,3.5360474704130977,0.870400295511207,0.24940773208309877
random,J21,kumo-s,rel-f1/driver-dnf,kmeans,icl_04,0.38461538461538464,0.6670657596371882,0.7915092958571219,0.7007256235827665,0.7598838627824135,59.22528139936123,3.5263262940742695,0.8403931508589539,0.26916436099452695
random,J21,kumo-s,rel-f1/driver-dnf,kmeans,icl_05,0.46153846153846156,0.6337052154195011,0.7896354852876594,0.6901950113378684,0.7602156834040892,60.733141811120625,3.455021427301036,0.8460388706989009,0.266998277394419
random,J21,kumo-s,rel-f1/driver-dnf,kmeans,icl_06,0.5384615384615384,0.6373333333333333,0.7911774752354461,0.7048435374149659,0.7689796515883472,62.096351465527455,3.442549578138767,0.8216578355703018,0.28613971412388856
random,J21,kumo-s,rel-f1/driver-dnf,kmeans,icl_07,0.6153846153846154,0.589532879818594,0.7149465671204802,0.6988934240362811,0.7645391109159225,64.73599350242029,3.4316683889345163,0.8031540397317177,0.30037136590884406
random,J21,kumo-s,rel-f1/driver-dnf,kmeans,icl_08,0.6923076923076923,0.6150385487528344,0.7873908163763235,0.7004081632653062,0.753979407602596,61.140811914218794,3.4030918252786044,0.8138189206302432,0.3247814240666701
random,J21,kumo-s,rel-f1/driver-dnf,kmeans,icl_09,0.7692307692307693,0.6355374149659864,0.8088518030547016,0.7172698412698413,0.757282974674279,56.59930704809807,3.3751959693738236,0.8131831920175024,0.30178428989125017
random,J21,kumo-s,rel-f1/driver-dnf,kmeans,icl_10,0.8461538461538461,0.6817959183673469,0.7830966671546382,0.7245714285714288,0.7588200849070414,48.165771881069325,3.3037547121652118,0.7954670880372864,0.3227082195444061
random,J21,kumo-s,rel-f1/driver-dnf,kmeans,icl_11,0.9230769230769231,0.7334965986394558,0.8007709949738936,0.6391020408163266,0.7696628116917972,46.433242888756475,3.278339442807471,0.9328830508616777,0.3600555432795157
random,J21,kumo-s,rel-f1/driver-dnf,kmeans,final,1.0,0.7362176870748298,0.800585565802957,0.6751292517006803,0.7464402478895233,45.10758387239522,3.275166696022961,0.8327279555572578,0.36911728902687535
random,J21,kumo-s,rel-f1/driver-dnf,label,row_emb,0.0,0.7039092970521541,0.8100424535207145,0.744063492063492,0.7982237837310301,28.444206114746297,3.4807758830611664,0.8130433267988134,0.3080377063497037
random,J21,kumo-s,rel-f1/driver-dnf,label,icl_00,0.07692307692307693,0.6939319727891156,0.7523642219294393,0.7415056689342403,0.798989898989899,40.13296866158325,3.4843595976498687,0.9474630260057051,0.2760170163000985
random,J21,kumo-s,rel-f1/driver-dnf,label,icl_01,0.15384615384615385,0.6321088435374149,0.7106719367588933,0.7318004535147393,0.7797101449275362,45.39029200120934,3.4460303531412073,0.9127671692521826,0.23394011391230696
random,J21,kumo-s,rel-f1/driver-dnf,label,icl_02,0.23076923076923078,0.5894603174603175,0.720860781730347,0.7287437641723357,0.7805836139169473,50.505047501452616,3.4386733171550894,0.8885806233715933,0.2582786415581439
random,J21,kumo-s,rel-f1/driver-dnf,label,icl_03,0.3076923076923077,0.5576054421768708,0.6272092909774069,0.7131519274376417,0.7753379202654564,60.990663904749844,3.3731596028188746,0.8627286701265406,0.21738112866053586
random,J21,kumo-s,rel-f1/driver-dnf,label,icl_04,0.38461538461538464,0.5027482993197279,0.6913775435514566,0.7049614512471656,0.7782071926999463,67.87710439552781,3.3591076727730873,0.8407513926520993,0.24257620467650937
random,J21,kumo-s,rel-f1/driver-dnf,label,icl_05,0.46153846153846156,0.5082630385487529,0.6091055482359831,0.7040090702947848,0.7715219831161861,72.20532811081969,3.3105255165399066,0.8486485249007847,0.26048092914818183
random,J21,kumo-s,rel-f1/driver-dnf,label,icl_06,0.5384615384615384,0.4746666666666666,0.5647684575220808,0.7018775510204082,0.7736056214317082,74.66283955448283,3.3048644215189467,0.8326603926718728,0.2327371340661776
random,J21,kumo-s,rel-f1/driver-dnf,label,icl_07,0.6153846153846154,0.4798730158730159,0.5733860342555994,0.6964807256235828,0.778280388425316,78.98050941024327,3.404194635375836,0.8129960382760754,0.2656241468843333
random,J21,kumo-s,rel-f1/driver-dnf,label,icl_08,0.6923076923076923,0.4386213151927437,0.5207046308495584,0.6943854875283445,0.7857121944078466,78.67717221777887,3.3727038182940863,0.8191915243578208,0.2411080253108559
random,J21,kumo-s,rel-f1/driver-dnf,label,icl_09,0.7692307692307693,0.46822675736961455,0.5456692529156297,0.6941224489795919,0.7835699995120287,75.45843287465803,3.3570335818769266,0.8437502033169368,0.256243064992538
random,J21,kumo-s,rel-f1/driver-dnf,label,icl_10,0.8461538461538461,0.4464943310657597,0.4568486800370858,0.7005623582766441,0.7837847069731128,69.91228460992193,3.327875583293291,0.8837015903708902,0.3132084964214522
random,J21,kumo-s,rel-f1/driver-dnf,label,icl_11,0.9230769230769231,0.43223582766439905,0.4256282633094227,0.6790929705215419,0.789381740106378,77.03548020156352,3.3422362035404123,0.987161836650099,0.2948908720436552
random,J21,kumo-s,rel-f1/driver-dnf,label,final,1.0,0.4378049886621316,0.43030303030303024,0.6799909297052155,0.7879422241741082,76.89668821492761,3.3420072686071127,0.9503309343722136,0.25562345517636265
random,J21,kumo-m,rel-f1/driver-dnf,random,row_emb,0.0,0.7173151927437642,0.7541501976284585,0.7051972789115646,0.779358805445762,46.84596634596677,3.53558253361863,0.8816051010764953,0.2748419803110092
random,J21,kumo-m,rel-f1/driver-dnf,random,icl_00,0.04,0.7424036281179139,0.7804421021812327,0.7119092970521542,0.7737471331674229,45.63604950750804,3.521348051920932,0.9018039496806803,0.29441776090406035
random,J21,kumo-m,rel-f1/driver-dnf,random,icl_01,0.08,0.7356916099773243,0.7446542721905042,0.6996643990929706,0.7504367344947055,48.05661039964333,3.544039495766436,0.9166328050499645,0.2877343743286146
random,J21,kumo-m,rel-f1/driver-dnf,random,icl_02,0.12,0.6874195011337867,0.7629141658127165,0.7172517006802721,0.7541989947787049,48.62281901729589,3.5638856062938618,0.8842953012285865,0.29089000713437074
random,J21,kumo-m,rel-f1/driver-dnf,random,icl_03,0.16,0.6581043083900227,0.7476504172156346,0.7126349206349206,0.7524227785097349,50.707736941713506,3.573370453404103,0.8769321883385843,0.27031837691885124
random,J21,kumo-m,rel-f1/driver-dnf,random,icl_04,0.2,0.667718820861678,0.7524520567998829,0.7190113378684805,0.7552188552188553,53.03937180246093,3.6225939937308778,0.854366171659183,0.25572023785430664
random,J21,kumo-m,rel-f1/driver-dnf,random,icl_05,0.24,0.640562358276644,0.7384277558190602,0.7200634920634921,0.7486849168008589,55.19258150712817,3.6406908401866214,0.855939866966639,0.28724886906038805
random,J21,kumo-m,rel-f1/driver-dnf,random,icl_06,0.28,0.6569251700680272,0.7464695261796711,0.6977142857142857,0.7393353828136437,57.35046598183676,3.606561877434761,0.8602713143696964,0.29114211215705316
random,J21,kumo-m,rel-f1/driver-dnf,random,icl_07,0.32,0.6796734693877551,0.7586980920314255,0.7001179138321996,0.7365246669594493,58.26332530033225,3.5986558079513924,0.8618070551856793,0.2920898152854714
random,J21,kumo-m,rel-f1/driver-dnf,random,icl_08,0.36,0.6489070294784581,0.7442346166983848,0.6993378684807255,0.7409847264919729,59.07307213339907,3.6014375731896506,0.8575923654494277,0.31020330000698015
random,J21,kumo-m,rel-f1/driver-dnf,random,icl_09,0.4,0.6353922902494331,0.7156102083638316,0.6998458049886622,0.7344995852242229,61.343485787261805,3.5942163940461995,0.8637394023899388,0.308085152687599
random,J21,kumo-m,rel-f1/driver-dnf,random,icl_10,0.44,0.6243990929705215,0.7005514077977846,0.6958911564625851,0.7421558580978872,61.99342160104236,3.579385941350433,0.8593417057935457,0.3041337527852162
random,J21,kumo-m,rel-f1/driver-dnf,random,icl_11,0.48,0.5503310657596372,0.6943932074366858,0.6865850340136055,0.7386278241350706,64.94176449188265,3.581960723365946,0.8635544098357965,0.2552713833784533
random,J21,kumo-m,rel-f1/driver-dnf,random,icl_12,0.52,0.5808072562358276,0.7137461572244181,0.691201814058957,0.7456204557653835,64.59934570555838,3.574501175058734,0.8679651463622774,0.27653106582003517
random,J21,kumo-m,rel-f1/driver-dnf,random,icl_13,0.56,0.54421768707483,0.6946957497682135,0.7007709750566893,0.7495388669301712,64.44780442372544,3.5440212687857615,0.8612683963712138,0.24331485051992258
random,J21,kumo-m,rel-f1/driver-dnf,random,icl_14,0.6,0.5386485260770975,0.6873664178012004,0.6997551020408164,0.7519787244424926,64.19452004870145,3.5300536311611928,0.8685900119117654,0.25290550739819534
random,J21,kumo-m,rel-f1/driver-dnf,random,icl_15,0.64,0.5413877551020407,0.7050895427707022,0.6917097505668934,0.752574049675499,64.47286854578029,3.5071582605313547,0.872997320972308,0.2734401734205324
random,J21,kumo-m,rel-f1/driver-dnf,random,icl_16,0.68,0.5651519274376418,0.7010491387302982,0.6939047619047618,0.7434977797296638,60.78923564903345,3.442354731502944,0.8970835297856723,0.26038277255810827
random,J21,kumo-m,rel-f1/driver-dnf,random,icl_17,0.72,0.5580589569160997,0.7055384765529693,0.6985759637188209,0.7353144976333382,61.92732550406951,3.409389364976321,0.9104099248131698,0.2661775810871845
random,J21,kumo-m,rel-f1/driver-dnf,random,icl_18,0.76,0.6085442176870748,0.6990191772800469,0.6986938775510205,0.7447665056360708,60.30182455899173,3.3489141766966517,0.9295635164439232,0.2673630000402669
random,J21,kumo-m,rel-f1/driver-dnf,random,icl_19,0.8,0.6090340136054422,0.6989606206997511,0.7021043083900227,0.7452886351437076,58.886136680090345,3.2819882833292264,0.9386310624561838,0.24073371667988408
random,J21,kumo-m,rel-f1/driver-dnf,random,icl_20,0.84,0.6030294784580499,0.6983848143268434,0.7021224489795919,0.7465378421900162,57.631337777482116,3.2376022665537065,0.9603227643995388,0.23549127889693733
random,J21,kumo-m,rel-f1/driver-dnf,random,icl_21,0.88,0.5998185941043084,0.7027765578490215,0.699718820861678,0.7556092324208266,57.17788281474975,3.1969919769128023,0.9753447362416333,0.24665565394536568
random,J21,kumo-m,rel-f1/driver-dnf,random,icl_22,0.92,0.6008163265306122,0.7073830088322841,0.6965351473922903,0.7558336993119601,56.41884993897546,3.1571890207601934,0.9842939750843845,0.2386356463286332
random,J21,kumo-m,rel-f1/driver-dnf,random,icl_23,0.96,0.5845260770975056,0.7046210901283366,0.6857596371882086,0.7644366369004051,61.72017197080759,3.179643951230707,0.9963262828747573,0.24082401698414083
random,J21,kumo-m,rel-f1/driver-dnf,random,final,1.0,0.5850884353741497,0.706387546967257,0.6831655328798186,0.7611379495437466,62.559458125792744,3.2015224877171264,0.9908525229829299,0.27628614357397807
random,J21,kumo-m,rel-f1/driver-dnf,kmeans,row_emb,0.0,0.7277097505668934,0.7883374810911044,0.7039818594104309,0.7880154198994779,40.211190749989505,3.3308523548838087,0.8444462518372479,0.32995945646120467
random,J21,kumo-m,rel-f1/driver-dnf,kmeans,icl_00,0.04,0.7142675736961451,0.7858781047186845,0.706548752834467,0.7881471722051433,38.477196642339514,3.382450293869909,0.8790593718882851,0.33484980870796227
random,J21,kumo-m,rel-f1/driver-dnf,kmeans,icl_01,0.08,0.710875283446712,0.796545161762553,0.712888888888889,0.77999804811399,40.08757649185762,3.3681693297866957,0.8948776763788571,0.3342896938518881
random,J21,kumo-m,rel-f1/driver-dnf,kmeans,icl_02,0.12,0.7039818594104308,0.6950470892499877,0.7091337868480725,0.7687747035573124,41.62225966053755,3.3723746245022745,0.8758546831759898,0.29963172676047334
random,J21,kumo-m,rel-f1/driver-dnf,kmeans,icl_03,0.16,0.6632380952380953,0.6669008929878495,0.710312925170068,0.7739081637632362,44.88410002793518,3.3917561733145494,0.8657939250040445,0.30780033481913593
random,J21,kumo-m,rel-f1/driver-dnf,kmeans,icl_04,0.2,0.6365351473922902,0.6672034353193773,0.7086530612244898,0.7633533401649344,48.19539886589728,3.423826047770751,0.851758282021215,0.30719229331171605
random,J21,kumo-m,rel-f1/driver-dnf,kmeans,icl_05,0.24,0.6089977324263038,0.6338652222710193,0.7144761904761905,0.7728297467427903,49.45779654676209,3.437605681229007,0.8467126049384983,0.3429756846439115
random,J21,kumo-m,rel-f1/driver-dnf,kmeans,icl_06,0.28,0.5755102040816327,0.6227394720148343,0.7122721088435374,0.7647879763821792,50.26386400975799,3.4522712228530055,0.8476482310991044,0.3233079174313746
random,J21,kumo-m,rel-f1/driver-dnf,kmeans,icl_07,0.32,0.6011791383219954,0.6715171034011613,0.7091519274376419,0.7655052944908017,50.67180747525539,3.450380442421731,0.847357452956684,0.3273463686448647
random,J21,kumo-m,rel-f1/driver-dnf,kmeans,icl_08,0.36,0.6451519274376417,0.7217293710047333,0.715374149659864,0.770633874981701,51.30911605684487,3.443011492569779,0.8447300134326547,0.317511426576207
random,J21,kumo-m,rel-f1/driver-dnf,kmeans,icl_09,0.4,0.6185396825396825,0.71535646318255,0.7061315192743765,0.77030693407505,52.50684877239497,3.4504122622400213,0.8444372422018124,0.31966192963290085
random,J21,kumo-m,rel-f1/driver-dnf,kmeans,icl_10,0.44,0.6130975056689342,0.6924315619967794,0.7119818594104309,0.7727955887376177,53.12109359055665,3.445277694906824,0.8393381654942738,0.32352551880720803
random,J21,kumo-m,rel-f1/driver-dnf,kmeans,icl_11,0.48,0.6416507936507937,0.762689698921583,0.7068480725623584,0.7750597765090519,54.79236606162114,3.4339100658000135,0.8361995460101469,0.3522512114785743
random,J21,kumo-m,rel-f1/driver-dnf,kmeans,icl_12,0.52,0.6262675736961452,0.7504904113599765,0.7042539682539682,0.7745230078563412,54.50239804337088,3.434526393114256,0.8425647380294602,0.31473063164637194
random,J21,kumo-m,rel-f1/driver-dnf,kmeans,icl_13,0.56,0.6153469387755102,0.7167618211096473,0.7034829931972788,0.7726687161469771,54.91447835452828,3.437876682005677,0.8426350160522068,0.3126298903816214
random,J21,kumo-m,rel-f1/driver-dnf,kmeans,icl_14,0.6,0.5576961451247165,0.6457717269311471,0.7100589569160998,0.7674913385058313,54.78628631171758,3.412583728352737,0.8456358569680679,0.3600110111830577
random,J21,kumo-m,rel-f1/driver-dnf,kmeans,icl_15,0.64,0.6078004535147392,0.6693407505001708,0.6943219954648525,0.76061582003611,54.90129107306388,3.420809922960054,0.8597964008461056,0.29627301417372076
random,J21,kumo-m,rel-f1/driver-dnf,kmeans,icl_16,0.68,0.6767709750566893,0.7293222075830772,0.7174603174603175,0.7847850485531646,50.40398851253358,3.356083698620485,0.8488803348944213,0.3676875268270413
random,J21,kumo-m,rel-f1/driver-dnf,kmeans,icl_17,0.72,0.6515374149659865,0.6979749182647734,0.7121995464852607,0.7944908017371786,50.11270605403725,3.3160567493858966,0.8479115441445708,0.3529459385437209
random,J21,kumo-m,rel-f1/driver-dnf,kmeans,icl_18,0.76,0.6681360544217686,0.7843068364807495,0.7107845804988662,0.7963499731615673,48.51882281546818,3.2451814419474294,0.8412560404074938,0.33343816780518515
random,J21,kumo-m,rel-f1/driver-dnf,kmeans,icl_19,0.8,0.6982312925170067,0.7772019714048699,0.6947392290249432,0.7683989655004149,47.959794509117536,3.199524315497934,0.835229902586659,0.3219165063664473
random,J21,kumo-m,rel-f1/driver-dnf,kmeans,icl_20,0.84,0.6909024943310658,0.7730151759137268,0.6294512471655328,0.7492997608939638,46.504939321585624,3.1803619785552395,0.8380669010987778,0.38462340573578513
random,J21,kumo-m,rel-f1/driver-dnf,kmeans,icl_21,0.88,0.6947301587301586,0.7712975162250525,0.5912380952380953,0.7461425852730201,43.57044442626373,3.083990666646735,0.8717581185383209,0.37644173112279444
random,J21,kumo-m,rel-f1/driver-dnf,kmeans,icl_22,0.92,0.6892517006802721,0.7692870736348998,0.586249433106576,0.7152491094520079,42.171718644519416,3.057693221948298,0.8975807736806873,0.37839005709848705
random,J21,kumo-m,rel-f1/driver-dnf,kmeans,icl_23,0.96,0.6896689342403628,0.747084370272776,0.6842902494331066,0.7663543649050895,39.38218261878701,2.9921772303354026,0.9476940551830632,0.3825089333624053
random,J21,kumo-m,rel-f1/driver-dnf,kmeans,final,1.0,0.6998820861678003,0.7753379202654564,0.6323537414965986,0.7382081686429511,38.464248917149696,2.9581045536095445,0.888912037080911,0.3919561498768504
random,J21,kumo-m,rel-f1/driver-dnf,label,row_emb,0.0,0.7276190476190476,0.6955057824623041,0.7231020408163266,0.7904552774117992,54.37506248522428,4.071135931921595,0.8382073934092397,0.3351634506034437
random,J21,kumo-m,rel-f1/driver-dnf,label,icl_00,0.04,0.7359637188208616,0.7036939442736545,0.7132154195011338,0.7863026399258283,49.32960538389763,4.054733009505977,0.862175777254728,0.2931791744534616
random,J21,kumo-m,rel-f1/driver-dnf,label,icl_01,0.08,0.729451247165533,0.655140779778461,0.7116281179138322,0.7684868003708583,52.19445778826114,4.061447449136096,0.8793237274097747,0.3219756387313364
random,J21,kumo-m,rel-f1/driver-dnf,label,icl_02,0.12,0.6840272108843537,0.5846288976723759,0.7019501133786847,0.7620455765383302,54.13882880563511,4.065195715263143,0.8513887660476821,0.24961848074456122
random,J21,kumo-m,rel-f1/driver-dnf,label,icl_03,0.16,0.5925804988662131,0.5146830625091495,0.6994648526077096,0.7511394134582541,57.35708276299524,4.093397377634957,0.8457143161588666,0.28963137200001865
random,J21,kumo-m,rel-f1/driver-dnf,label,icl_04,0.2,0.5746757369614512,0.46721319474942663,0.6905215419501133,0.7435563363099595,60.48089522575082,4.174695667102581,0.8270415519315554,0.2965167917429273
random,J21,kumo-m,rel-f1/driver-dnf,label,icl_05,0.24,0.5968616780045352,0.48173522666276286,0.691764172335601,0.7477284926560288,62.85623948519818,4.166474523481932,0.8215204002069383,0.28570809329044955
random,J21,kumo-m,rel-f1/driver-dnf,label,icl_06,0.28,0.5977868480725623,0.48776655443322114,0.6792834467120181,0.7400478212072416,64.86650917374115,4.195603375183548,0.8222786373751455,0.2888243021922997
random,J21,kumo-m,rel-f1/driver-dnf,label,icl_07,0.32,0.5919274376417234,0.5529205094422485,0.6850612244897959,0.744205338408237,65.92135924829637,4.200435895929124,0.8213874302753309,0.29407040806851403
random,J21,kumo-m,rel-f1/driver-dnf,label,icl_08,0.36,0.591437641723356,0.6070658273556824,0.680734693877551,0.7481481481481482,67.02897157658651,4.207309287278066,0.8153377740880481,0.28602486005424227
random,J21,kumo-m,rel-f1/driver-dnf,label,icl_09,0.4,0.5068662131519274,0.5489581808422388,0.6679546485260771,0.7608500463572926,69.51532104538616,4.218366059481531,0.8162328600169656,0.2974777396447792
random,J21,kumo-m,rel-f1/driver-dnf,label,icl_10,0.44,0.5305759637188209,0.5139218269653052,0.6717006802721088,0.7566925291562973,70.83382136099745,4.227568678866991,0.8114108787179946,0.2970356404486555
random,J21,kumo-m,rel-f1/driver-dnf,label,icl_11,0.48,0.5059229024943311,0.5402039720880301,0.6727528344671201,0.7639242668228176,74.57344766901086,4.208130901851665,0.8069410426744082,0.3004551765895979
random,J21,kumo-m,rel-f1/driver-dnf,label,icl_12,0.52,0.518548752834467,0.5594300492851217,0.6726077097505668,0.7670814424437613,74.31985719390698,4.152680900696667,0.8091180249773159,0.25060703229094394
random,J21,kumo-m,rel-f1/driver-dnf,label,icl_13,0.56,0.5135419501133787,0.5388864490313765,0.6796371882086167,0.7591079880934953,75.05776144135419,4.145832784231411,0.8043863703313874,0.26543610163328896
random,J21,kumo-m,rel-f1/driver-dnf,label,icl_14,0.6,0.5261859410430839,0.626184550822232,0.681968253968254,0.7586102571609818,75.40401623723687,4.1321046279623905,0.8097071184533111,0.26672547321691237
random,J21,kumo-m,rel-f1/driver-dnf,label,icl_15,0.64,0.4196643990929705,0.5086224564485434,0.6851065759637189,0.7602010442590154,76.02199277741074,4.0924253149565955,0.8175009231537116,0.309767447853687
random,J21,kumo-m,rel-f1/driver-dnf,label,icl_16,0.68,0.4465306122448979,0.5955399404674767,0.7106666666666666,0.7592836578343826,71.86206551027091,4.02360599704843,0.8390678389712674,0.32376713291684384
random,J21,kumo-m,rel-f1/driver-dnf,label,icl_17,0.72,0.41563718820861684,0.5000731957253697,0.6884444444444444,0.7422680915434537,73.52344855557955,3.98117389966539,0.851726947566152,0.32370412263806786
random,J21,kumo-m,rel-f1/driver-dnf,label,icl_18,0.76,0.40765532879818595,0.5094812862928805,0.7035192743764173,0.7605572634558141,70.41278409241754,3.8966882964935383,0.8707546394691349,0.3342596310369746
random,J21,kumo-m,rel-f1/driver-dnf,label,icl_19,0.8,0.3901859410430839,0.5084175084175084,0.696281179138322,0.7487971502464258,68.44394267260957,3.8276443977984673,0.8790601812239046,0.34193061241688183
random,J21,kumo-m,rel-f1/driver-dnf,label,icl_20,0.84,0.4171972789115647,0.48797150246425613,0.7061043083900226,0.7505831259454446,66.70690558196954,3.7803162487969497,0.911370061352523,0.34141155536354006
random,J21,kumo-m,rel-f1/driver-dnf,label,icl_21,0.88,0.41652607709750566,0.489201190650466,0.7169342403628117,0.7692773142048506,64.65811403612688,3.727535915878416,0.9403925745193027,0.31326333865285944
random,J21,kumo-m,rel-f1/driver-dnf,label,icl_22,0.92,0.4366802721088435,0.475303762260284,0.7217777777777779,0.7771970916898453,64.16884751547407,3.7008399517698307,0.9593861598810514,0.32924743328675454
random,J21,kumo-m,rel-f1/driver-dnf,label,icl_23,0.96,0.4497233560090703,0.4911042795100766,0.6735419501133787,0.7603669545698531,66.28263936686328,3.681123231179794,0.9885336485411111,0.3079296376849779
random,J21,kumo-m,rel-f1/driver-dnf,label,final,1.0,0.4617324263038549,0.5053725662421314,0.6824217687074828,0.7485629239252428,64.16986185627603,3.6614990458395393,0.9693074054089811,0.34464881918115886
random,J21,kumo-l,rel-f1/driver-dnf,random,row_emb,0.0,0.6704761904761906,0.7373346996535401,0.7091972789115646,0.7579075781974333,48.481206597340844,3.841102753042194,0.9552184478306175,0.23576028734071366
random,J21,kumo-l,rel-f1/driver-dnf,random,icl_00,0.04,0.6284625850340135,0.6925974723076171,0.7207891156462585,0.7777484994876299,45.13767645124255,3.7399104917382977,0.9417676924848868,0.2829685030098702
random,J21,kumo-l,rel-f1/driver-dnf,random,icl_01,0.08,0.6003628117913833,0.6552871712292002,0.7124897959183674,0.7526862831210658,51.217414457562306,3.8845856791389366,0.9593623363452682,0.24050351028675163
random,J21,kumo-l,rel-f1/driver-dnf,random,icl_02,0.12,0.56518820861678,0.6758112526228468,0.7116553287981859,0.7523642219294393,55.18794946121237,3.8762085455204516,0.9552902268555269,0.23831387024965706
random,J21,kumo-l,rel-f1/driver-dnf,random,icl_03,0.16,0.6169614512471655,0.721134045771727,0.7093242630385488,0.7571951398038353,57.5212166162317,3.878356611041775,0.9563665954091367,0.25149900474277165
random,J21,kumo-l,rel-f1/driver-dnf,random,icl_04,0.2,0.624907029478458,0.7080368906455863,0.7120453514739229,0.7572000195188601,61.426192598079666,3.9848776797385757,0.9522563561827482,0.21421549652027597
random,J21,kumo-l,rel-f1/driver-dnf,random,icl_05,0.24,0.564952380952381,0.6987654320987654,0.7047709750566893,0.7563070316693506,64.71761545832794,3.9851838226139615,0.9530100385838637,0.23343779086782543
random,J21,kumo-l,rel-f1/driver-dnf,random,icl_06,0.28,0.5616870748299321,0.7090811496608599,0.7062222222222222,0.7492656028887912,68.78728737194764,4.044682433585825,0.9521396112236672,0.24344735361866587
random,J21,kumo-l,rel-f1/driver-dnf,random,icl_07,0.32,0.5520907029478458,0.7081930415263749,0.7060498866213153,0.7475040257648953,71.0143535707045,4.066663728366553,0.9535994950322979,0.2342937464649431
random,J21,kumo-l,rel-f1/driver-dnf,random,icl_08,0.36,0.5723537414965987,0.7202361782071927,0.7034195011337868,0.7479675986922363,73.31184294086098,4.071679141762297,0.9536954176634675,0.2518486958338914
random,J21,kumo-l,rel-f1/driver-dnf,random,icl_09,0.4,0.5959727891156462,0.7266774020397209,0.7019229024943311,0.7458790806616894,74.91879496307997,4.1034544247687785,0.9537139415241296,0.28693412543067615
random,J21,kumo-l,rel-f1/driver-dnf,random,icl_10,0.44,0.6154195011337869,0.7014785536524667,0.7086439909297052,0.7432928316986288,77.76093809450903,4.101946153855964,0.9520669512114093,0.28016684334991343
random,J21,kumo-l,rel-f1/driver-dnf,random,icl_11,0.48,0.6520272108843537,0.7282974674279021,0.7173696145124717,0.7507783145464304,76.25261100818926,4.0644355279446645,0.9466278083365236,0.2833048847934221
random,J21,kumo-l,rel-f1/driver-dnf,random,icl_12,0.52,0.6565260770975057,0.7268921095008052,0.719609977324263,0.7451520031230177,78.06655577687249,4.049658053988627,0.9446004265345163,0.22873329584543645
random,J21,kumo-l,rel-f1/driver-dnf,random,icl_13,0.56,0.6815600907029478,0.7430342068023227,0.7166530612244897,0.7463816913092276,77.80948720632924,4.012994958728739,0.9425316684902033,0.29565797693000784
random,J21,kumo-l,rel-f1/driver-dnf,random,icl_14,0.6,0.6905215419501135,0.7522763870589958,0.7242630385487528,0.7502757038988923,76.02791954341586,3.9840437784069618,0.9334532358844586,0.23061391502702314
random,J21,kumo-l,rel-f1/driver-dnf,random,icl_15,0.64,0.6659591836734695,0.748723954521056,0.7131337868480726,0.744546918459962,76.00053520663582,3.9470425870829198,0.9339223997286994,0.228612380362356
random,J21,kumo-l,rel-f1/driver-dnf,random,icl_16,0.68,0.6784761904761905,0.7403015663885228,0.7168979591836735,0.7376274825550189,76.7432677190653,3.9068481342841275,0.9266136622168569,0.27134423708602623
random,J21,kumo-l,rel-f1/driver-dnf,random,icl_17,0.72,0.6637823129251701,0.7135314497633338,0.7231292517006802,0.7420729029424682,76.8271717006446,3.8633706474085727,0.9133504619003432,0.2496659500187882
random,J21,kumo-l,rel-f1/driver-dnf,random,icl_18,0.76,0.6388571428571429,0.6838042258332113,0.7136054421768707,0.7438686380715366,77.83330163386395,3.8068491334659926,0.9232790152055385,0.24195730650280836
random,J21,kumo-l,rel-f1/driver-dnf,random,icl_19,0.8,0.6177052154195012,0.683794466403162,0.7191201814058957,0.7406382667252233,75.90156070766523,3.799664572080286,0.9386714445509232,0.2551823473667909
random,J21,kumo-l,rel-f1/driver-dnf,random,icl_20,0.84,0.6106485260770975,0.6378665885912262,0.7100136054421768,0.7435660957400088,72.05267203013197,3.7663009782579833,0.9591348192504077,0.25584520604605193
random,J21,kumo-l,rel-f1/driver-dnf,random,icl_21,0.88,0.6136780045351473,0.6466793539257307,0.7074467120181406,0.7485678036402674,69.74738701145662,3.734897805512742,0.9852287330869322,0.3101568478292335
random,J21,kumo-l,rel-f1/driver-dnf,random,icl_22,0.92,0.6065124716553287,0.639740399160689,0.7060226757369614,0.7498755672668715,65.32380589662021,3.658893735361929,0.9909788133795805,0.26240830522057024
random,J21,kumo-l,rel-f1/driver-dnf,random,icl_23,0.96,0.6044263038548752,0.6420045869321231,0.7038730158730159,0.7503001024740155,68.22124790142134,3.6913116342892565,0.9973002140612001,0.2859739996274778
random,J21,kumo-l,rel-f1/driver-dnf,random,final,1.0,0.5991473922902494,0.63604157517201,0.7034467120181406,0.7525594105304251,73.53567675359949,3.754192233897983,0.9963322747182243,0.3029665599811951
random,J21,kumo-l,rel-f1/driver-dnf,kmeans,row_emb,0.0,0.6908299319727891,0.7804518616112819,0.7145941043083902,0.794432245156883,45.76116306882209,3.421738370175807,0.9328020148688442,0.2950813051510966
random,J21,kumo-l,rel-f1/driver-dnf,kmeans,icl_00,0.04,0.6975600907029478,0.7632264675742937,0.7175963718820861,0.7957790465036843,42.10310037642625,3.446436258899017,0.9124628064950728,0.2638638269671624
random,J21,kumo-l,rel-f1/driver-dnf,kmeans,icl_01,0.08,0.685532879818594,0.758688332601376,0.7147845804988663,0.7996145025130532,46.229577243566105,3.3941366954898586,0.9350442055135777,0.2547326054928728
random,J21,kumo-l,rel-f1/driver-dnf,kmeans,icl_02,0.12,0.6400181405895691,0.7715415019762846,0.7159909297052154,0.7910066852095837,49.496904944351655,3.430063440754026,0.928376792532431,0.24902107880896426
random,J21,kumo-l,rel-f1/driver-dnf,kmeans,icl_03,0.16,0.6138956916099774,0.7563265505294491,0.7042902494331066,0.7892939052359342,52.93704101930241,3.4279429185349906,0.9310117865268455,0.26575826360199206
random,J21,kumo-l,rel-f1/driver-dnf,kmeans,icl_04,0.2,0.6159818594104308,0.7548431171619576,0.7092426303854876,0.78880593373347,55.823071681188075,3.4477731543204424,0.925958755323078,0.23391438614418675
random,J21,kumo-l,rel-f1/driver-dnf,kmeans,icl_05,0.24,0.5701043083900227,0.7418533157663594,0.7069931972789115,0.7797052652125116,57.66147991110665,3.4487299760880057,0.9260794606837878,0.26513685817305116
random,J21,kumo-l,rel-f1/driver-dnf,kmeans,icl_06,0.28,0.561578231292517,0.7243058605377446,0.7017777777777776,0.786922363733958,60.420671037604095,3.4678436303125855,0.9221288482423299,0.23806746478772572
random,J21,kumo-l,rel-f1/driver-dnf,kmeans,icl_07,0.32,0.5721904761904761,0.724559605719026,0.7018503401360544,0.787098033474845,62.071744657797055,3.4616403526110178,0.9226439471939736,0.26578426777909603
random,J21,kumo-l,rel-f1/driver-dnf,kmeans,icl_08,0.36,0.6007981859410432,0.7678133996974577,0.7147392290249434,0.7844727467915874,63.173364686536374,3.4530410914097383,0.9196524313808992,0.2922111054165059
random,J21,kumo-l,rel-f1/driver-dnf,kmeans,icl_09,0.4,0.5987482993197278,0.763236227004343,0.7114376417233559,0.78757624554726,64.25768890529444,3.4366192666402755,0.9197743649137414,0.28450579601530124
random,J21,kumo-l,rel-f1/driver-dnf,kmeans,icl_10,0.44,0.5877913832199546,0.7610891523935002,0.7092879818594103,0.7772995657053627,66.44666416889817,3.4393152204057436,0.9179685838741337,0.2826325263694102
random,J21,kumo-l,rel-f1/driver-dnf,kmeans,icl_11,0.48,0.582312925170068,0.7681842580393304,0.7116643990929704,0.7833650514809936,66.0069402755798,3.434907716516078,0.9095997798474849,0.2786231131237394
random,J21,kumo-l,rel-f1/driver-dnf,kmeans,icl_12,0.52,0.585124716553288,0.7213194749426634,0.7153197278911565,0.7813643683208901,66.88890348232438,3.4257595670284786,0.9047819927222789,0.28319725317649097
random,J21,kumo-l,rel-f1/driver-dnf,kmeans,icl_13,0.56,0.5999274376417234,0.7347679695505781,0.7062403628117914,0.7728199873127408,67.01625228227499,3.4111835625409244,0.9031803719894614,0.283485797165735
random,J21,kumo-l,rel-f1/driver-dnf,kmeans,icl_14,0.6,0.6080362811791383,0.7285609720392329,0.7166439909297052,0.7728395061728396,65.41635513743863,3.390513906161421,0.8839704483792753,0.2618163488790015
random,J21,kumo-l,rel-f1/driver-dnf,kmeans,icl_15,0.64,0.5999637188208616,0.7226272385692675,0.7108480725623582,0.7713511930903235,64.710492846018,3.3912043799773066,0.880309463064824,0.28324204279765647
random,J21,kumo-l,rel-f1/driver-dnf,kmeans,icl_16,0.68,0.609596371882086,0.7155028546332893,0.7171700680272108,0.7636070853462158,64.50267483473158,3.344356939713272,0.8521953705788087,0.3146652161057138
random,J21,kumo-l,rel-f1/driver-dnf,kmeans,icl_17,0.72,0.6345396825396825,0.726784755770263,0.7099138321995465,0.7641487337139511,65.93244945418553,3.3299866890677685,0.8422936597391728,0.31938523798584345
random,J21,kumo-l,rel-f1/driver-dnf,kmeans,icl_18,0.76,0.6622222222222222,0.7417849997560144,0.7116825396825395,0.7542917093641732,66.51427663049695,3.310724833925441,0.8574436190324909,0.2851873970099473
random,J21,kumo-l,rel-f1/driver-dnf,kmeans,icl_19,0.8,0.6835192743764171,0.7409944859220222,0.7084081632653061,0.7632947835846385,61.166725768240866,3.2609496412757175,0.8657150673552119,0.32190945490921485
random,J21,kumo-l,rel-f1/driver-dnf,kmeans,icl_20,0.84,0.7080453514739229,0.7448006636412433,0.7214965986394557,0.7636997999316839,53.54250391012479,3.1832921035834403,0.8720656965905436,0.36033254635514816
random,J21,kumo-l,rel-f1/driver-dnf,kmeans,icl_21,0.88,0.7103673469387756,0.7520128824476652,0.710204081632653,0.7643439223149368,44.981970618882215,3.0332268090221306,0.8970892593486777,0.4042038787073378
random,J21,kumo-l,rel-f1/driver-dnf,kmeans,icl_22,0.92,0.7038730158730159,0.7432879519836043,0.6421768707482993,0.7517249792612113,40.77577688373638,2.9660726506967654,0.9159268487800765,0.4056255725667095
random,J21,kumo-l,rel-f1/driver-dnf,kmeans,icl_23,0.96,0.7175147392290249,0.754784560581662,0.6719092970521542,0.7675254965110038,39.316900125869665,2.8471703965718493,0.9224134439771072,0.3698575519067636
random,J21,kumo-l,rel-f1/driver-dnf,kmeans,final,1.0,0.723482993197279,0.7528424340018544,0.6739319727891158,0.7674523007856342,34.36727740625838,2.8302298484162334,0.8817791944084592,0.3760071678298351
random,J21,kumo-l,rel-f1/driver-dnf,label,row_emb,0.0,0.6663945578231293,0.7427902210510906,0.7395102040816326,0.8124530327428879,51.39865906615502,3.921542373710341,0.9338666289820353,0.2627882054048731
random,J21,kumo-l,rel-f1/driver-dnf,label,icl_00,0.04,0.6745578231292517,0.7349533987215147,0.7346213151927438,0.8120968135460889,50.28476701187253,3.8409734328093914,0.9221295742826979,0.27413096737233594
random,J21,kumo-l,rel-f1/driver-dnf,label,icl_01,0.08,0.6555827664399093,0.7322988337481091,0.7294784580498866,0.8030059044551798,57.65135842227679,3.8810771174212126,0.9444582463422714,0.2863277249779159
random,J21,kumo-l,rel-f1/driver-dnf,label,icl_02,0.12,0.6533151927437642,0.7646025472112428,0.7253968253968253,0.7846581759625239,62.472166969127365,3.8792133702102882,0.9393939432249949,0.28238064761466525
random,J21,kumo-l,rel-f1/driver-dnf,label,icl_03,0.16,0.6042086167800453,0.7105645830283511,0.7169523809523809,0.7785634118967453,66.2193704528721,3.872793799433516,0.9429189961926477,0.2410037374570544
random,J21,kumo-l,rel-f1/driver-dnf,label,icl_04,0.2,0.5712834467120181,0.7200605084663056,0.7150204081632653,0.7624652320304494,69.4092679474787,3.914722770936014,0.9350391679909869,0.2318412068857459
random,J21,kumo-l,rel-f1/driver-dnf,label,icl_05,0.24,0.534421768707483,0.6736739374420533,0.7183310657596371,0.7654906553457278,72.92861449270467,3.9146578481141328,0.9354555180429818,0.27993703872243236
random,J21,kumo-l,rel-f1/driver-dnf,label,icl_06,0.28,0.5191473922902494,0.549407114624506,0.718267573696145,0.763738837651881,77.00941830139439,3.933741816848138,0.9334899364003288,0.2727042736620365
random,J21,kumo-l,rel-f1/driver-dnf,label,icl_07,0.32,0.5001904761904762,0.45486751573708095,0.7060680272108844,0.7588200849070414,79.84614307841656,3.940987126769767,0.9352598546963741,0.27498474672300366
random,J21,kumo-l,rel-f1/driver-dnf,label,icl_08,0.36,0.5075374149659864,0.5142438881569317,0.7058231292517007,0.7663738837651881,82.5786028191081,3.952769702063048,0.9349022258525538,0.27779975662379863
random,J21,kumo-l,rel-f1/driver-dnf,label,icl_09,0.4,0.5133242630385487,0.5361830869077245,0.7145215419501134,0.7682574537647001,85.10456938837203,3.984854461888687,0.9357481995744426,0.28006518047396245
random,J21,kumo-l,rel-f1/driver-dnf,label,icl_10,0.44,0.5442539682539682,0.5193968672229542,0.7144671201814059,0.7687405455521398,89.30896469494361,3.9563745860007433,0.9332691597864171,0.27918083190604864
random,J21,kumo-l,rel-f1/driver-dnf,label,icl_11,0.48,0.5283083900226757,0.5570487483530963,0.7065034013605441,0.7726979944371247,88.5357057447778,3.946846152596804,0.9280536235292317,0.23085188155961703
random,J21,kumo-l,rel-f1/driver-dnf,label,icl_12,0.52,0.5762539682539682,0.621460986678378,0.7041360544217687,0.7771629336846727,90.60642926791968,3.9552998920007156,0.9249404714217476,0.2620643765579241
random,J21,kumo-l,rel-f1/driver-dnf,label,icl_13,0.56,0.5750748299319728,0.5950812472551603,0.6965079365079365,0.7696335334016493,91.4454547957223,3.968081427797031,0.9245325849041715,0.28322983585643974
random,J21,kumo-l,rel-f1/driver-dnf,label,icl_14,0.6,0.5817142857142857,0.5418630751964085,0.7003537414965987,0.7663250866149417,90.24874394345142,3.9501359152052764,0.9149112347794619,0.24088991261704173
random,J21,kumo-l,rel-f1/driver-dnf,label,icl_15,0.64,0.6012698412698412,0.6292002147074611,0.6871383219954651,0.7674669399307081,91.4980107666451,3.9595326877452695,0.9174889627188776,0.2576841374960806
random,J21,kumo-l,rel-f1/driver-dnf,label,icl_16,0.68,0.6113015873015873,0.6077099497389352,0.6751383219954649,0.770824183867662,93.81589808099238,3.947614480477085,0.91108559112046,0.2697354054436825
random,J21,kumo-l,rel-f1/driver-dnf,label,icl_17,0.72,0.5698866213151927,0.6357780705606793,0.6724353741496598,0.7702483774947543,96.14687658797521,3.9685820377978005,0.903425559960397,0.2603365872775909
random,J21,kumo-l,rel-f1/driver-dnf,label,icl_18,0.76,0.5420952380952381,0.610403552432538,0.6725170068027212,0.7728199873127408,98.23006363143453,3.8919508819165176,0.9118656993746668,0.2612563468546746
random,J21,kumo-l,rel-f1/driver-dnf,label,icl_19,0.8,0.5371609977324263,0.6075050017079002,0.7003628117913833,0.7765920070267895,93.3459428154971,3.873648178934832,0.9156775755036767,0.27371678471954486
random,J21,kumo-l,rel-f1/driver-dnf,label,icl_20,0.84,0.545578231292517,0.6378080320109306,0.7088253968253967,0.7814912409115309,83.55870780404558,3.8014782590598655,0.9232165859801504,0.24099728820466196
random,J21,kumo-l,rel-f1/driver-dnf,label,icl_21,0.88,0.5705034013605442,0.643810081491241,0.7097959183673469,0.779646708632216,78.59989534027324,3.740461321023861,0.9658066359791856,0.2605318977133818
random,J21,kumo-l,rel-f1/driver-dnf,label,icl_22,0.92,0.5614331065759637,0.6561069633533402,0.7045986394557823,0.7820524081393647,73.72469109515876,3.692045757558098,0.9787113303759639,0.2948417621174476
random,J21,kumo-l,rel-f1/driver-dnf,label,icl_23,0.96,0.5498775510204081,0.669379788220368,0.7062857142857143,0.7898062753135218,73.94303072291932,3.6363157733538065,0.9914724198091721,0.2781366597232704
random,J21,kumo-l,rel-f1/driver-dnf,label,final,1.0,0.5506757369614512,0.6733909139706241,0.7058503401360545,0.7883130825159811,68.99646965706842,3.611097168193921,0.9853074945596235,0.23980097671898404
