qid,db_id,cand,greedy,exec_ok,n_rows,result_key,exec_s,mean_logprob,sum_logprob,n_tokens,gold_ok,correct,sig_exec_ok,sig_nonempty,sig_logprob,sig_self_consistency,sig_gliclass,tax_uses_a_wrong_column,tax_misses_a_filter_condition,tax_joins_the_wrong_tables,tax_wrong_aggregation,tax_returns_extra_columns,tax_wrong_ordering_or_limit,tax_the_result_is_empty,tax_the_query_is_correct,sig_nli,sig_judge,stack_cheap,stack_cheap_gli,stack_cheap_gli_nli,stack_all
1471,debit_card_specializing,0,True,True,1,d091c83f77f3d9f4,0.027,-0.004530304514014844,-0.28540918438293517,63,True,True,1.0,1.0,-0.004530304514014844,1.0,0.8456583,0.0006641694,0.00026154192,6.0341892e-05,0.00016647235,0.00014522087,0.00052638445,0.007943524,0.99959594,0.37856337,0.9399141794179084,0.5619408897420783,0.7729803076086819,0.5299199494544925,0.5781855185880603
1471,debit_card_specializing,1,False,True,1,d091c83f77f3d9f4,0.003,-0.047772516239499775,-3.009668523088486,63,True,True,1.0,1.0,-0.047772516239499775,1.0,0.8866005,0.0006433793,0.00026888167,6.0070157e-05,0.00017171884,0.00015283973,0.00053933286,0.008837985,0.9995933,0.39366007,0.880801145444809,0.6970436035343356,0.8930461874643886,0.4981084498702992,0.5081484562089791
1471,debit_card_specializing,2,False,True,1,d091c83f77f3d9f4,0.002,-0.004387172555640729,-0.2763918710053659,63,True,True,1.0,1.0,-0.004387172555640729,1.0,0.8456583,0.0006641694,0.00026154192,6.0341892e-05,0.00016647235,0.00014522087,0.00052638445,0.007943524,0.99959594,0.37856337,0.9149023633677452,0.561464812304405,0.7724866920771328,0.5295535366600461,0.5658005149194805
1471,debit_card_specializing,3,False,True,1,d091c83f77f3d9f4,0.002,-0.004387172555640729,-0.2763918710053659,63,True,True,1.0,1.0,-0.004387172555640729,1.0,0.8456583,0.0006641694,0.00026154192,6.0341892e-05,0.00016647235,0.00014522087,0.00052638445,0.007943524,0.99959594,0.37856337,0.9046527719556072,0.561464812304405,0.7724866920771328,0.5295535366600461,0.5608633996505357
1471,debit_card_specializing,4,False,True,1,d091c83f77f3d9f4,0.002,-0.004387172555640729,-0.2763918710053659,63,True,True,1.0,1.0,-0.004387172555640729,1.0,0.8456583,0.0006641694,0.00026154192,6.0341892e-05,0.00016647235,0.00014522087,0.00052638445,0.007943524,0.99959594,0.37856337,0.9046527719556072,0.561464812304405,0.7724866920771328,0.5295535366600461,0.5608633996505357
1471,debit_card_specializing,5,False,True,1,d091c83f77f3d9f4,0.002,-0.047772516239499775,-3.009668523088486,63,True,True,1.0,1.0,-0.047772516239499775,1.0,0.8866005,0.0006433793,0.00026888167,6.0070157e-05,0.00017171884,0.00015283973,0.00053933286,0.008837985,0.9995933,0.39366007,0.880801145444809,0.6970436035343356,0.8930461874643886,0.4981084498702992,0.5081484562089791
1471,debit_card_specializing,6,False,True,1,d091c83f77f3d9f4,0.002,-0.047772516239499775,-3.009668523088486,63,True,True,1.0,1.0,-0.047772516239499775,1.0,0.8866005,0.0006433793,0.00026888167,6.0070157e-05,0.00017171884,0.00015283973,0.00053933286,0.008837985,0.9995933,0.39366007,0.880801145444809,0.6970436035343356,0.8930461874643886,0.4981084498702992,0.5081484562089791
1471,debit_card_specializing,7,False,True,1,d091c83f77f3d9f4,0.002,-0.004387172555640729,-0.2763918710053659,63,True,True,1.0,1.0,-0.004387172555640729,1.0,0.8456583,0.0006641694,0.00026154192,6.0341892e-05,0.00016647235,0.00014522087,0.00052638445,0.007943524,0.99959594,0.37856337,0.9046527719556072,0.561464812304405,0.7724866920771328,0.5295535366600461,0.5608633996505357
1471,debit_card_specializing,8,False,True,1,d091c83f77f3d9f4,0.002,-0.004387172555640729,-0.2763918710053659,63,True,True,1.0,1.0,-0.004387172555640729,1.0,0.8456574,0.0006641694,0.00026154192,6.0341892e-05,0.00016647235,0.00014522087,0.00052638445,0.007943524,0.99959594,0.37856337,0.9046527719556072,0.561464812304405,0.772486834206706,0.5295531783049423,0.5608633803773168
1472,debit_card_specializing,0,True,True,1,785d1bfd0b0dfd32,0.117,-0.039623741974746246,-2.7736619382322374,70,True,False,1.0,1.0,-0.039623741974746246,1.0,0.5549748,0.00042163377,5.9486818e-05,4.7555906e-05,0.00010219056,0.00015636104,0.0004788171,0.31548157,0.9993507,0.3803405,0.8807992170225556,0.8232036223576479,0.9999999999999671,0.9999999998549989,0.999999999926036
1472,debit_card_specializing,1,False,True,1,785d1bfd0b0dfd32,0.054,-0.009699573478350288,-0.6886697169628704,71,True,False,1.0,1.0,-0.009699573478350288,1.0,0.5549748,0.00042163377,5.9486818e-05,4.7555906e-05,0.00010219056,0.00015636104,0.0004788171,0.31548157,0.9993507,0.38037145,0.8519556482446448,0.8691454501418306,0.999999999999972,0.999999999904561,0.9999999999524891
1472,debit_card_specializing,2,False,True,1,785d1bfd0b0dfd32,0.476,-0.039303057742066626,-2.751214041944664,70,True,False,1.0,1.0,-0.039303057742066626,1.0,0.5549748,0.00042163377,5.9486818e-05,4.7555906e-05,0.00010219056,0.00015636104,0.0004788171,0.31548157,0.9993507,0.38057813,0.8807992170225556,0.8237569699320518,0.9999999999999674,0.9999999998546414,0.9999999999258589
1472,debit_card_specializing,3,False,True,1,785d1bfd0b0dfd32,0.052,-0.009699573478350288,-0.6886697169628704,71,True,False,1.0,1.0,-0.009699573478350288,1.0,0.5549748,0.00042163377,5.9486818e-05,4.7555906e-05,0.00010219056,0.00015636104,0.0004788171,0.31548157,0.9993507,0.38057813,0.8519556482446448,0.8691454501418306,0.999999999999972,0.9999999999039819,0.9999999999521982
1472,debit_card_specializing,4,False,True,1,785d1bfd0b0dfd32,0.051,-0.009699573478350288,-0.6886697169628704,71,True,False,1.0,1.0,-0.009699573478350288,1.0,0.5549748,0.00042163377,5.9486818e-05,4.7555906e-05,0.00010219056,0.00015636104,0.0004788171,0.31548157,0.9993507,0.38057813,0.8519556482446448,0.8691454501418306,0.999999999999972,0.9999999999039819,0.9999999999521982
1472,debit_card_specializing,5,False,True,1,785d1bfd0b0dfd32,0.05,-0.009699573478350288,-0.6886697169628704,71,True,False,1.0,1.0,-0.009699573478350288,1.0,0.5549748,0.00042163377,5.9486818e-05,4.7555906e-05,0.00010219056,0.00015636104,0.0004788171,0.31548157,0.9993507,0.38057813,0.8519556482446448,0.8691454501418306,0.999999999999972,0.9999999999039819,0.9999999999521982
1472,debit_card_specializing,6,False,True,1,785d1bfd0b0dfd32,0.052,-0.039303057742066626,-2.751214041944664,70,True,False,1.0,1.0,-0.039303057742066626,1.0,0.5549748,0.00042163377,5.9486818e-05,4.7555906e-05,0.00010219056,0.00015636104,0.0004788171,0.31548157,0.9993507,0.38057813,0.8807992170225556,0.8237569699320518,0.9999999999999674,0.9999999998546414,0.9999999999258589
1472,debit_card_specializing,7,False,True,1,785d1bfd0b0dfd32,0.051,-0.009699573478350288,-0.6886697169628704,71,True,False,1.0,1.0,-0.009699573478350288,1.0,0.5549748,0.00042163377,5.9486818e-05,4.7555906e-05,0.00010219056,0.00015636104,0.0004788171,0.31548157,0.9993507,0.38035396,0.8519556482446448,0.8691454501418306,0.999999999999972,0.9999999999046096,0.9999999999525138
1472,debit_card_specializing,8,False,True,1,785d1bfd0b0dfd32,0.05,-0.009699573478350288,-0.6886697169628704,71,True,False,1.0,1.0,-0.009699573478350288,1.0,0.5549748,0.00042163377,5.9486818e-05,4.7555906e-05,0.00010219056,0.00015636104,0.0004788171,0.31548157,0.9993507,0.38035396,0.8519556482446448,0.8691454501418306,0.999999999999972,0.9999999999046096,0.9999999999525138
1473,debit_card_specializing,0,True,True,1,a9973aa077e6291a,0.226,-0.010696137229979297,-1.21935964421764,114,True,True,1.0,1.0,-0.010696137229979297,1.0,0.8491996,0.00032754402,6.018145e-05,3.4086133e-05,7.361521e-05,0.00019466014,0.00030917788,0.0019452326,0.9996331,0.36215866,0.1192121865936031,0.5823298915314884,0.6078952406235701,0.777416302652907,0.45982171446126013
1473,debit_card_specializing,1,False,True,1,a9973aa077e6291a,0.135,-0.012141820218208378,-1.3841675048757551,114,True,True,1.0,1.0,-0.012141820218208378,1.0,0.8491996,0.00032754402,6.018145e-05,3.4086133e-05,7.361521e-05,0.00019466014,0.00030917788,0.0019452326,0.9996331,0.36215866,0.1192121865936031,0.5870726358424194,0.61464104533398,0.7799764137302683,0.46387297346659867
1473,debit_card_specializing,2,False,True,1,a9973aa077e6291a,0.138,-0.031746228837687705,-3.46033894330796,109,True,True,1.0,1.0,-0.031746228837687705,1.0,0.8491996,0.00032754402,6.018145e-05,3.4086133e-05,7.361521e-05,0.00019466014,0.00030917788,0.0019452326,0.9996331,0.36215866,0.1192121865936031,0.6494764656168531,0.7009541601740862,0.8125991318546231,0.5190604522934563
1473,debit_card_specializing,3,False,True,1,a9973aa077e6291a,0.574,-0.06547403993394231,-7.136670352799712,109,True,True,1.0,1.0,-0.06547403993394231,1.0,0.863087,0.0003133388,5.5441324e-05,3.1804277e-05,6.838379e-05,0.00018659173,0.0002894411,0.0022012503,0.999645,0.36426064,0.1066999781583469,0.7450554149233501,0.8278851851818447,0.8657311407014742,0.6072633360551608
1473,debit_card_specializing,4,False,True,1,a9973aa077e6291a,0.139,-0.012141820218208378,-1.3841675048757551,114,True,True,1.0,1.0,-0.012141820218208378,1.0,0.8491996,0.00032754402,6.018145e-05,3.4086133e-05,7.361521e-05,0.00019466014,0.00030917788,0.0019452326,0.9996331,0.3621776,0.1192121865936031,0.5870726358424194,0.61464104533398,0.7798234061134771,0.46363602833062995
1473,debit_card_specializing,5,False,True,1,a9973aa077e6291a,0.137,-0.05077940276499161,-5.890410720739027,116,True,True,1.0,1.0,-0.05077940276499161,1.0,0.96218234,0.00030296156,5.615748e-05,3.50562e-05,6.683356e-05,0.00018546432,0.00025298988,0.000792099,0.99975294,0.38587824,0.1066991922084635,0.7055530449954592,0.7726224888346548,0.6992134046907533,0.3052149929831705
1473,debit_card_specializing,6,False,True,1,a9973aa077e6291a,0.135,-0.06547403993394231,-7.136670352799712,109,True,True,1.0,1.0,-0.06547403993394231,1.0,0.863087,0.0003133388,5.5441324e-05,3.1804277e-05,6.838379e-05,0.00018659173,0.0002894411,0.0022012503,0.999645,0.36444703,0.1066999781583469,0.7450554149233501,0.8278851851818447,0.8647082065289923,0.6050248676113691
1473,debit_card_specializing,7,False,True,1,a9973aa077e6291a,0.133,-0.04175769901695253,-4.635104590881731,111,True,True,1.0,1.0,-0.04175769901695253,1.0,0.84887743,0.00031126474,5.913147e-05,3.2993183e-05,6.891524e-05,0.00018491446,0.0003078528,0.0017909406,0.99960667,0.35782257,0.0758634410634121,0.6796136692743802,0.7740113492894997,0.8815056910329077,0.6325290130617295
1473,debit_card_specializing,8,False,True,1,a9973aa077e6291a,0.134,-0.04175769901695253,-4.635104590881731,111,True,True,1.0,1.0,-0.04175769901695253,1.0,0.84887743,0.00031126474,5.913147e-05,3.2993183e-05,6.891524e-05,0.00018491446,0.0003078528,0.0017909406,0.99960667,0.35782912,0.0758634410634121,0.6796136692743802,0.7740113492894997,0.8814734885775934,0.632452421698085
1476,debit_card_specializing,0,True,True,1,ad4b93fee5eba3b4,0.258,-0.009953406310459675,-0.9555270058041287,96,True,True,1.0,1.0,-0.009953406310459675,1.0,0.5401748,0.00032964448,5.2173797e-05,4.6049954e-05,8.502441e-05,0.00014548448,0.00036161605,0.00622374,0.9996723,0.36242118,0.4378400034613069,0.8688023772650567,0.28972278473599156,0.7748677404167226,0.7825132133983045
1476,debit_card_specializing,1,False,True,1,ad4b93fee5eba3b4,0.046,-0.03556578388005242,-3.769973091285557,106,True,True,1.0,1.0,-0.03556578388005242,1.0,0.67873234,0.00039599775,7.5098666e-05,5.8239533e-05,0.00011351536,0.00018166995,0.00042167818,0.0056757955,0.99970514,0.35122082,0.5926803342327553,0.830105550211628,0.5572351677340829,0.8487351519789705,0.8429871480971486
1476,debit_card_specializing,2,False,True,1,ad4b93fee5eba3b4,0.098,-0.026884239890747046,-3.0110348677636694,112,True,True,1.0,1.0,-0.026884239890747046,1.0,0.60180074,0.00038253906,6.568801e-05,5.704576e-05,0.000109987996,0.00018505062,0.00047239516,0.017213842,0.9996032,0.361178,0.5000077496424515,0.8441493192004628,0.6932335770453133,0.8844047575050922,0.8878949252092746
1476,debit_card_specializing,3,False,True,1,ad4b93fee5eba3b4,0.093,-0.05036207849410556,-5.439104477363401,108,True,True,1.0,1.0,-0.05036207849410556,1.0,0.60180074,0.00038253906,6.568801e-05,5.704576e-05,0.000109987996,0.00018505062,0.00047239516,0.017213842,0.9996032,0.361178,0.5000077496424515,0.8038816807817554,0.6662879183153895,0.8463111877926629,0.8495501049173614
1476,debit_card_specializing,4,False,True,1,ad4b93fee5eba3b4,0.095,-0.026884239890747046,-3.0110348677636694,112,True,True,1.0,1.0,-0.026884239890747046,1.0,0.60180074,0.00038253906,6.568801e-05,5.704576e-05,0.000109987996,0.00018505062,0.00047239516,0.017213842,0.9996032,0.361178,0.5000077496424515,0.8441493192004628,0.6932335770453133,0.8844047575050922,0.8878949252092746
1476,debit_card_specializing,5,False,True,1,ad4b93fee5eba3b4,0.091,-0.013728050306913486,-1.3178928294636947,96,True,True,1.0,1.0,-0.013728050306913486,1.0,0.5401748,0.00032964448,5.2173797e-05,4.6049954e-05,8.502441e-05,0.00014548448,0.00036161605,0.00622374,0.9996723,0.36222324,0.4378400034613069,0.8636100733392172,0.2856428763902789,0.7665485295227282,0.7741370322471429
1476,debit_card_specializing,6,False,True,1,ad4b93fee5eba3b4,0.092,-0.026884239890747046,-3.0110348677636694,112,True,True,1.0,1.0,-0.026884239890747046,1.0,0.60180074,0.00038253906,6.568801e-05,5.704576e-05,0.000109987996,0.00018505062,0.00047239516,0.017213842,0.9996032,0.3613092,0.5000077496424515,0.8441493192004628,0.6932335770453133,0.8840116744245008,0.8875087644413072
1476,debit_card_specializing,7,False,True,1,ad4b93fee5eba3b4,0.069,-0.022068930267199784,-3.9503385178287616,179,True,True,1.0,1.0,-0.022068930267199784,1.0,0.66434115,0.00027815637,4.868551e-05,0.00011231129,6.769552e-05,0.00023917483,0.0003146173,0.0025978438,0.99969506,0.35340738,0.5312212606675629,0.8515224189893078,0.4188715890989675,0.9404399762251718,0.9373086058942751
1476,debit_card_specializing,8,False,True,1,ad4b93fee5eba3b4,0.091,-0.013728050306913486,-1.3178928294636947,96,True,True,1.0,1.0,-0.013728050306913486,1.0,0.5401748,0.00032964448,5.2173797e-05,4.6049954e-05,8.502441e-05,0.00014548448,0.00036161605,0.00622374,0.9996723,0.36222324,0.4378400034613069,0.8636100733392172,0.2856428763902789,0.7665485295227282,0.7741370322471429
1479,debit_card_specializing,0,True,True,1,20e1fccf7a91b018,0.525,-0.049312506279392106,-3.4025629332780554,69,True,True,1.0,1.0,-0.049312506279392106,1.0,0.7215922,0.0004413932,6.1799525e-05,3.2879478e-05,8.332097e-05,8.5139705e-05,0.00037357814,0.025016863,0.9995701,0.34174046,0.6224712358133196,0.7014191401032484,0.8851578508353882,0.9664711854441027,0.9531454649886394
1479,debit_card_specializing,1,False,True,1,20e1fccf7a91b018,0.506,-0.0821849836289469,-23.751460268765655,289,True,True,1.0,1.0,-0.0821849836289469,1.0,0.7416336,0.00045628438,6.1641724e-05,3.300684e-05,8.2869075e-05,8.7489156e-05,0.00038214927,0.021888167,0.9996132,0.34095863,0.6791888178484525,0.785528966304381,0.932222091258046,0.9757125195362478,0.9696323255506871
1479,debit_card_specializing,2,False,True,1,20e1fccf7a91b018,0.507,-0.07062563354637277,-18.36266472205692,260,True,True,1.0,1.0,-0.07062563354637277,1.0,0.7416336,0.00045628438,6.1641724e-05,3.300684e-05,8.2869075e-05,8.7489156e-05,0.00038214927,0.021888167,0.9996132,0.3409479,0.6791888178484525,0.7580488688790221,0.9163944908762106,0.9727460788624454,0.9655685493892228
1479,debit_card_specializing,3,False,True,1,20e1fccf7a91b018,0.519,-0.06709712444737402,-17.243960982975125,257,True,True,1.0,1.0,-0.06709712444737402,1.0,0.7416336,0.00045628438,6.1641724e-05,3.300684e-05,8.2869075e-05,8.7489156e-05,0.00038214927,0.021888167,0.9996132,0.3409479,0.6791888178484525,0.7491982384317014,0.9109302264520129,0.9717681364826702,0.9642211193069953
1479,debit_card_specializing,4,False,True,1,20e1fccf7a91b018,0.501,-0.06948103478783081,-17.99558801004818,259,True,True,1.0,1.0,-0.06948103478783081,1.0,0.7416336,0.00045628438,6.1641724e-05,3.300684e-05,8.2869075e-05,8.7489156e-05,0.00038214927,0.021888167,0.9996132,0.3409479,0.6791888178484525,0.7552013167453512,0.9146561969781222,0.9724325112161424,0.9651369127216645
1479,debit_card_specializing,5,False,True,1,20e1fccf7a91b018,0.496,-0.06149048184277557,-14.634734678580585,238,True,True,1.0,1.0,-0.06149048184277557,1.0,0.7416336,0.00045628438,6.1641724e-05,3.300684e-05,8.2869075e-05,8.7489156e-05,0.00038214927,0.021888167,0.9996132,0.3409479,0.6791888178484525,0.7346984874517998,0.9015836232374941,0.970143775972099,0.9619751277097401
1479,debit_card_specializing,6,False,True,1,20e1fccf7a91b018,0.537,-0.06888550387587365,-18.185773023230645,264,True,True,1.0,1.0,-0.06888550387587365,1.0,0.74370664,0.0004611771,6.182823e-05,3.333516e-05,8.265008e-05,8.936442e-05,0.00037836906,0.01827659,0.9996259,0.3396522,0.6513650884278905,0.7537108160600283,0.913132089520673,0.9731206498171814,0.9642874623808843
1479,debit_card_specializing,7,False,True,1,20e1fccf7a91b018,0.539,-0.06907225765137547,-17.82064247405487,258,True,True,1.0,1.0,-0.06907225765137547,1.0,0.7416336,0.00045628438,6.1641724e-05,3.300684e-05,8.2869075e-05,8.7489156e-05,0.00038214927,0.021888167,0.9996132,0.3410269,0.6791888178484525,0.7541788820387164,0.9140274885119174,0.9722194369581554,0.9648469560700302
1479,debit_card_specializing,8,False,True,1,20e1fccf7a91b018,0.553,-0.06978963455401328,-5.09464332244297,73,True,True,1.0,1.0,-0.06978963455401328,1.0,0.7215922,0.0004413932,6.1799525e-05,3.2879478e-05,8.332097e-05,8.5139705e-05,0.00037357814,0.025016863,0.9995701,0.3417358,0.6224712358133196,0.7559712812090723,0.9201456727501419,0.9726655590856238,0.9624508835452136
1480,debit_card_specializing,0,True,True,1,9478b27dc4103187,0.146,-0.01952183816745123,-1.620312567898452,83,True,True,1.0,1.0,-0.01952183816745123,0.4444444444444444,0.64074415,0.00028099376,2.8041599e-05,2.220517e-05,5.708189e-05,7.593734e-05,0.00022989063,0.08956007,0.9994772,0.33161855,0.7057920609659132,0.2730474122437161,0.31908100796840794,0.8718638307007351,0.8938063308262529
1480,debit_card_specializing,1,False,True,1,87da1c4b68ac3b2e,0.093,-0.030076794699441422,-2.767065112348611,92,True,False,1.0,1.0,-0.030076794699441422,0.3333333333333333,0.6451503,0.00026022116,3.2549622e-05,2.1910173e-05,5.3069154e-05,0.00010618516,0.0002335933,0.015199594,0.9995733,0.33426452,0.95257468528279,0.2454969590933154,0.47696512730790513,0.8955306609227331,0.9529303481985695
1480,debit_card_specializing,2,False,True,1,9478b27dc4103187,0.094,-0.02672629842546476,-2.218282769313575,83,True,True,1.0,1.0,-0.02672629842546476,0.4444444444444444,0.64074415,0.00028099376,2.8041599e-05,2.220517e-05,5.708189e-05,7.593734e-05,0.00022989063,0.08956007,0.9994772,0.33161855,0.7057920609659132,0.29278809581419435,0.3505732396253117,0.8799095877253161,0.9012734417431845
1480,debit_card_specializing,3,False,True,1,87da1c4b68ac3b2e,0.093,-0.030076794699441422,-2.767065112348611,92,True,False,1.0,1.0,-0.030076794699441422,0.3333333333333333,0.6451503,0.00026022116,3.2549622e-05,2.1910173e-05,5.3069154e-05,0.00010618516,0.0002335933,0.015199594,0.9995733,0.33426452,0.9579131458976332,0.2454969590933154,0.47696512730790513,0.8955306609227331,0.9533970264249437
1480,debit_card_specializing,4,False,True,1,7c2f12496a2dc024,0.532,-0.06387594822091036,-5.4294555987773805,85,True,False,1.0,1.0,-0.06387594822091036,0.2222222222222222,0.7108756,0.00031216253,3.1969095e-05,2.7485346e-05,6.102212e-05,7.858216e-05,0.00023623828,0.010505118,0.99964476,0.33012268,0.4378380882570193,0.2784230978455314,0.6076156311000582,0.9388825124926277,0.9268072198157308
1480,debit_card_specializing,5,False,True,1,87da1c4b68ac3b2e,0.093,-0.030076794699441422,-2.767065112348611,92,True,False,1.0,1.0,-0.030076794699441422,0.3333333333333333,0.6451503,0.00026022116,3.2549622e-05,2.1910173e-05,5.3069154e-05,0.00010618516,0.0002335933,0.015199594,0.9995733,0.33426452,0.952574995797278,0.2454969590933154,0.47696512730790513,0.8955306609227331,0.9529303754719283
1480,debit_card_specializing,6,False,True,1,9478b27dc4103187,0.092,-0.02672629842546476,-2.218282769313575,83,True,True,1.0,1.0,-0.02672629842546476,0.4444444444444444,0.64074415,0.00028099376,2.8041599e-05,2.220517e-05,5.708189e-05,7.593734e-05,0.00022989063,0.08956007,0.9994772,0.33161855,0.7549216254458564,0.29278809581419435,0.3505732396253117,0.8799095877253161,0.9095094291017235
1480,debit_card_specializing,7,False,True,1,7c2f12496a2dc024,0.089,-0.02786071498306479,-2.4517429185097015,88,True,False,1.0,1.0,-0.02786071498306479,0.2222222222222222,0.7152521,0.0003292409,3.292372e-05,2.8280347e-05,6.1680534e-05,8.292236e-05,0.00027229034,0.023606557,0.99961543,0.33039483,0.651362286440846,0.19171969621865315,0.3739145044075907,0.8946101382128326,0.910883034335039
1480,debit_card_specializing,8,False,True,1,9478b27dc4103187,0.144,-0.04298057951790897,-3.4814269409506267,81,True,True,1.0,1.0,-0.04298057951790897,0.4444444444444444,0.6175421,0.00026009665,2.5062485e-05,2.3550127e-05,4.9883503e-05,7.197844e-05,0.00021892379,0.05310022,0.9994579,0.33592296,0.7310713139040882,0.3402274873491622,0.5877861861992509,0.9221394905729423,0.9422824308112208
1481,debit_card_specializing,0,True,True,1,840db626bd434819,0.39,-0.03197384616053867,-11.222820002349074,351,True,False,1.0,1.0,-0.03197384616053867,0.2222222222222222,0.579838,0.0004152204,6.229393e-05,0.00010224631,9.969152e-05,0.00069083046,0.00041822513,0.0027558317,0.9991702,0.36001015,0.0259588718963708,0.20047876098048364,0.0005931386331231163,0.00018501655222763494,0.0002213522140367371
1481,debit_card_specializing,1,False,True,1,e94b51f198e22ef0,0.28,-0.13778322641265003,-68.34048030067441,496,True,False,1.0,1.0,-0.13778322641265003,0.2222222222222222,0.6029778,0.0004502649,6.130021e-05,0.00013302543,0.00013168526,0.0005359389,0.00041836768,0.001796457,0.9991222,0.52454764,0.0085774315744088,0.5115514863949095,0.04569645552020484,2.827895531943767e-06,1.5735811257601529e-06
1481,debit_card_specializing,2,False,True,1,09562f0041e24f14,19.283,-0.06912312112073908,-36.289638588388016,525,True,False,1.0,1.0,-0.06912312112073908,0.1111111111111111,0.6478669,0.0005803688,9.401976e-05,0.00016728371,0.00017927121,0.0007994149,0.000736023,0.021666514,0.9986076,0.36562964,0.0052201040170988,0.23729524438031313,0.0003717039800019754,3.795900554977853e-05,5.439018224836048e-05
1481,debit_card_specializing,3,False,True,1,e94b51f198e22ef0,0.663,-0.058244846603504555,-22.307776249142243,383,True,False,1.0,1.0,-0.058244846603504555,0.2222222222222222,0.6124585,0.00047083246,6.824705e-05,0.00013067668,0.00013507994,0.0005228387,0.0004593131,0.002449834,0.999044,0.3460894,0.0040701141245129,0.26339925159407274,0.01181138922585276,0.006850793887825486,0.006052511702011873
1481,debit_card_specializing,4,False,True,1,867a7f147a2e8119,0.765,-0.015185557128332123,-5.360501666301239,353,True,False,1.0,1.0,-0.015185557128332123,0.2222222222222222,0.59646565,0.00031140159,6.28687e-05,9.86192e-05,0.00013447732,0.0006121219,0.00043106917,0.004752096,0.9991339,0.46604988,0.033087919804341,0.16657195352973164,0.0024586807357793237,8.977010883939783e-06,6.653658756018445e-06
1481,debit_card_specializing,5,False,True,1,71368c2f28ea3065,0.549,-0.08285772666377404,-43.0860178651625,520,True,False,1.0,1.0,-0.08285772666377404,0.2222222222222222,0.61521536,0.00047248928,7.632182e-05,0.00010381213,0.00011284535,0.00063213956,0.0004417906,0.0026815569,0.9986933,0.35040176,0.0010322281112507,0.33273362136396967,0.0030809907270709157,0.0010338865165194974,0.001097885715785777
1481,debit_card_specializing,6,False,True,1,867a7f147a2e8119,0.729,-0.01890393391447934,-6.6730886718112075,353,True,False,1.0,1.0,-0.01890393391447934,0.2222222222222222,0.5798914,0.00031031005,6.104517e-05,9.709717e-05,0.00013503114,0.00058218156,0.00042448848,0.0043804003,0.9990433,0.4518126,0.0259583844633193,0.17366336050493913,0.003928247786151963,2.8210806092868314e-05,2.105023705992476e-05
1481,debit_card_specializing,7,False,True,1,840db626bd434819,0.636,-0.06868134051446721,-27.197810843729016,396,True,False,1.0,1.0,-0.06868134051446721,0.2222222222222222,0.5825085,0.0003984502,5.1697793e-05,9.4511364e-05,9.951476e-05,0.0005226518,0.00038335266,0.0031119555,0.9990471,0.5786715,0.0015011752898789,0.29165190174901007,0.010506178136114831,1.2878842204164503e-07,5.516323024170384e-08
1481,debit_card_specializing,8,False,True,1,71368c2f28ea3065,0.571,-0.045797467456342424,-14.059822509097124,307,True,False,1.0,1.0,-0.045797467456342424,0.2222222222222222,0.5651875,0.00045017738,6.4289925e-05,9.051399e-05,0.00010439834,0.00059127965,0.0003570067,0.0018552975,0.9990386,0.33896947,0.003172657686303,0.23209073435082128,0.0020584205593561712,0.0018001947317758706,0.0018796273650600423
1482,debit_card_specializing,0,True,True,3,fc5d3fa3ac3b3c2b,0.574,-0.016776154785630007,-6.106520341969322,364,True,False,1.0,1.0,-0.016776154785630007,1.0,0.6821246,0.0003803897,6.92676e-05,0.00012394435,7.03598e-05,0.0003190092,0.00039117085,0.00025225838,0.99863005,0.5665134,0.1645232099259485,0.6021635771594406,0.43425949038454087,2.8008254095650286e-05,6.455361624112627e-06
1482,debit_card_specializing,1,False,True,3,fc5d3fa3ac3b3c2b,0.537,-0.008855980500919897,-3.2147209218339228,363,True,False,1.0,1.0,-0.008855980500919897,1.0,0.6805851,0.00037211124,5.661465e-05,0.00011832818,6.854565e-05,0.00032364592,0.00038592267,0.0002330243,0.9987847,0.45738497,0.4378375143542651,0.5762710379568018,0.36251292997401285,0.0041283315462289985,0.0022936224916102156
1482,debit_card_specializing,2,False,True,3,fc5d3fa3ac3b3c2b,0.482,-0.008006541238517639,-2.8663417633893147,358,True,False,1.0,1.0,-0.008006541238517639,1.0,0.6928647,0.000377542,7.153844e-05,0.00012977862,6.947478e-05,0.00033044684,0.00040677818,0.00023706908,0.99863166,0.55537415,0.2018252975845464,0.5734663241272836,0.37919895687338134,3.948459452166061e-05,1.0183244450259553e-05
1482,debit_card_specializing,3,False,True,3,fc5d3fa3ac3b3c2b,0.057,-0.016040623051438174,-5.742543052414867,358,True,False,1.0,1.0,-0.016040623051438174,1.0,0.68755054,0.00038627826,7.561247e-05,0.0001290935,7.208593e-05,0.00032616977,0.00041866733,0.00025380502,0.99855894,0.5500846,0.1480571598224911,0.599780578812661,0.4338441440312019,5.781250383570042e-05,1.38195113368879e-05
1482,debit_card_specializing,4,False,True,3,fc5d3fa3ac3b3c2b,0.079,-0.008855980500919897,-3.2147209218339228,363,True,False,1.0,1.0,-0.008855980500919897,1.0,0.6805851,0.00037211124,5.661465e-05,0.00011832818,6.854565e-05,0.00032364592,0.00038592267,0.0002330243,0.9987847,0.45738497,0.4688045514284829,0.5762710379568018,0.36251292997401285,0.0041283315462289985,0.0024366603534633365
1482,debit_card_specializing,5,False,True,3,fc5d3fa3ac3b3c2b,0.057,-0.013260991898937716,-4.813740059314391,363,True,False,1.0,1.0,-0.013260991898937716,1.0,0.6777691,0.0003755911,6.0629314e-05,0.00011862373,6.9859445e-05,0.0003150297,0.00038938888,0.00024655962,0.9986779,0.52246135,0.3775555591755463,0.5907332022964773,0.41527035369728066,0.00023006102619827154,9.161272752030401e-05
1482,debit_card_specializing,6,False,True,3,fc5d3fa3ac3b3c2b,0.057,-0.013260991898937716,-4.813740059314391,363,True,False,1.0,1.0,-0.013260991898937716,1.0,0.6777691,0.0003755911,6.0629314e-05,0.00011862373,6.9859445e-05,0.0003150297,0.00038938888,0.00024655962,0.9986779,0.524342,0.3486618313580444,0.5907332022964773,0.41527035369728066,0.00021057801547193954,7.87593109546773e-05
1482,debit_card_specializing,7,False,True,3,fc5d3fa3ac3b3c2b,0.057,-0.010324797155743066,-3.8201749476249347,370,True,False,1.0,1.0,-0.010324797155743066,1.0,0.67264706,0.00039235363,6.849592e-05,0.000118327385,6.883077e-05,0.00033890447,0.0003858092,0.00022522792,0.9988167,0.52269185,0.2227117613369126,0.581109164520691,0.3128897790290146,0.00013272149928403928,4.089007654744029e-05
1482,debit_card_specializing,8,False,True,3,fc5d3fa3ac3b3c2b,0.057,-0.016040623051438174,-5.742543052414867,358,True,False,1.0,1.0,-0.016040623051438174,1.0,0.68755054,0.00038627826,7.561247e-05,0.0001290935,7.208593e-05,0.00032616977,0.00041866733,0.00025380502,0.99855894,0.55192375,0.148057389476355,0.599780578812661,0.4338441440312019,5.301925112462674e-05,1.259832223356185e-05
1483,debit_card_specializing,0,True,True,1,14e42d08b964f602,0.147,-0.10347280165697616,-4.03543926462207,39,True,True,1.0,1.0,-0.10347280165697616,1.0,0.90155554,0.00038026174,5.4717122e-05,2.4665658e-05,7.848779e-05,0.00017436534,0.00034750163,0.007178792,0.9997304,0.36168492,0.9706880148863052,0.685739474046479,0.7472742523547736,0.6646831702694489,0.598663977970438
1483,debit_card_specializing,1,False,True,1,14e42d08b964f602,0.005,-0.053163627434529404,-2.7113449991609997,51,True,True,1.0,1.0,-0.053163627434529404,1.0,0.9129613,0.00038909723,4.4900535e-05,2.6347665e-05,8.422977e-05,0.00018524428,0.00037302848,0.015902705,0.9996742,0.35191584,0.9669148693479684,0.7985856115044414,0.9139857523730197,0.910232915997561,0.8883673379927033
1483,debit_card_specializing,2,False,True,1,14e42d08b964f602,0.004,-0.10044004577392804,-4.218481922504978,42,True,True,1.0,1.0,-0.10044004577392804,1.0,0.9055743,0.00041932755,5.2981883e-05,2.6263877e-05,8.3495564e-05,0.0001933007,0.0003696532,0.013569604,0.99970454,0.353811,0.9770228721973108,0.6934453104531855,0.8779436453524847,0.8086084204211353,0.7659840741575379
1483,debit_card_specializing,3,False,True,1,14e42d08b964f602,0.004,-0.053163627434529404,-2.7113449991609997,51,True,True,1.0,1.0,-0.053163627434529404,1.0,0.9129613,0.00038909723,4.4900535e-05,2.6347665e-05,8.422977e-05,0.00018524428,0.00037302848,0.015902705,0.9996742,0.35200867,0.9626739497377104,0.7985856115044414,0.9139857523730197,0.9100107075449122,0.8882747634375641
1483,debit_card_specializing,4,False,True,1,14e42d08b964f602,0.004,-0.16155168825169525,-6.3005158418161145,39,True,True,1.0,1.0,-0.16155168825169525,1.0,0.90155554,0.00038026174,5.4717122e-05,2.4665658e-05,7.848779e-05,0.00017436534,0.00034750163,0.007178792,0.9997304,0.36166993,0.9706880148863052,0.5226948016390783,0.6852019543249895,0.4678297212717607,0.39254356181885847
1483,debit_card_specializing,5,False,True,1,14e42d08b964f602,0.004,-0.053163627434529404,-2.7113449991609997,51,True,True,1.0,1.0,-0.053163627434529404,1.0,0.9129613,0.00038909723,4.4900535e-05,2.6347665e-05,8.422977e-05,0.00018524428,0.00037302848,0.015902705,0.9996742,0.35200867,0.9626739497377104,0.7985856115044414,0.9139857523730197,0.9100107075449122,0.8882747634375641
1483,debit_card_specializing,6,False,True,1,14e42d08b964f602,0.004,-0.053163627434529404,-2.7113449991609997,51,True,True,1.0,1.0,-0.053163627434529404,1.0,0.9129613,0.00038909723,4.4900535e-05,2.6347665e-05,8.422977e-05,0.00018524428,0.00037302848,0.015902705,0.9996742,0.35200867,0.9669148693479684,0.7985856115044414,0.9139857523730197,0.9100107075449122,0.8880952374394371
1483,debit_card_specializing,7,False,True,1,14e42d08b964f602,0.007,-0.0582226581156047,-2.911132905780235,50,True,True,1.0,1.0,-0.0582226581156047,1.0,0.89423877,0.00047897638,5.4462715e-05,2.5606578e-05,9.4558236e-05,0.00019266037,0.00042883304,0.012588452,0.9997595,0.3556718,0.985936513982083,0.7887527751236437,0.9089983808645032,0.8603829660076939,0.8308537342470381
1483,debit_card_specializing,8,False,True,1,14e42d08b964f602,0.004,-0.04293566282419887,-1.8891691642647501,44,True,True,1.0,1.0,-0.04293566282419887,1.0,0.9055743,0.00041932755,5.2981883e-05,2.6263877e-05,8.3495564e-05,0.0001933007,0.0003696532,0.013569604,0.99970454,0.3537586,0.9796678635564164,0.8174089083248239,0.9069047523377914,0.9044788994544879,0.8823515565143076
1484,debit_card_specializing,0,True,True,1,8843685bacc0b4e4,0.009,-0.07324661852418436,-14.28309061221595,195,True,False,1.0,1.0,-0.07324661852418436,0.8888888888888888,0.9049235,0.0004704996,0.00010395954,0.000113471644,9.844971e-05,0.002396562,0.0004299888,0.0028121006,0.9996538,0.3667557,0.9706880935917366,0.7091506650310012,6.46916538309722e-13,2.5494639768098373e-15,1.5352019635261742e-13
1484,debit_card_specializing,1,False,True,1,8843685bacc0b4e4,0.001,-0.0910715927096685,-17.57681739296602,193,True,False,1.0,1.0,-0.0910715927096685,0.8888888888888888,0.9049235,0.0004704996,0.00010395954,0.000113471644,9.844971e-05,0.002396562,0.0004299888,0.0028121006,0.9996538,0.3667557,0.9706880935917366,0.7562232503214742,9.180538097362564e-13,3.061963193110548e-15,1.876931040353646e-13
1484,debit_card_specializing,2,False,True,1,8843685bacc0b4e4,0.001,-0.061584067323872844,-11.88572499350746,193,True,False,1.0,1.0,-0.061584067323872844,0.8888888888888888,0.9049235,0.0004704996,0.00010395954,0.000113471644,9.844971e-05,0.002396562,0.0004299888,0.0028121006,0.9996538,0.3667557,0.9706880935917366,0.6756162007819367,5.144989037077052e-13,2.2615181338007394e-15,1.346040088590229e-13
1484,debit_card_specializing,3,False,True,1,8843685bacc0b4e4,0.001,-0.07915886305061225,-10.607287648782041,134,True,False,1.0,1.0,-0.07915886305061225,0.8888888888888888,0.9049235,0.0004704996,0.00010395954,0.000113471644,9.844971e-05,0.002396562,0.0004299888,0.0028121006,0.9996538,0.3667557,0.9706880935917366,0.7253464584157415,7.265586802619671e-13,2.7091599009909403e-15,1.64102710978407e-13
1484,debit_card_specializing,4,False,True,1,8843685bacc0b4e4,0.001,-0.08400123558566887,-15.288224876591734,182,True,False,1.0,1.0,-0.08400123558566887,0.8888888888888888,0.9049235,0.0004704996,0.00010395954,0.000113471644,9.844971e-05,0.002396562,0.0004299888,0.0028121006,0.9996538,0.36675414,0.9706880935917366,0.7381858998490863,7.990404379774647e-13,2.8475905981433252e-15,1.733250280101753e-13
1484,debit_card_specializing,5,False,True,1,8843685bacc0b4e4,0.001,-0.03191605264694379,-3.4469336858699293,108,True,False,1.0,1.0,-0.03191605264694379,0.8888888888888888,0.87737083,0.0003836667,9.146173e-05,0.00027387514,8.440529e-05,0.003708789,0.00038573288,0.0022960561,0.99965036,0.36053896,0.957912865264446,0.582458332425628,2.741086495047348e-20,4.038314886490812e-24,2.4343609522849167e-21
1484,debit_card_specializing,6,False,True,1,5bed32e64987c082,0.001,-0.03723352954042625,-3.8722870722043297,104,True,True,1.0,1.0,-0.03723352954042625,0.1111111111111111,0.8865687,0.00039756257,9.939157e-05,0.00029777613,9.3406714e-05,0.00381282,0.00041404346,0.0037309546,0.9995999,0.36133316,0.2450923261631113,0.16820471496189596,9.708643483781004e-22,1.3065646371356592e-25,3.749689042300581e-23
1484,debit_card_specializing,7,False,True,1,8843685bacc0b4e4,0.001,-0.0708124259175181,-14.445734887173693,204,True,False,1.0,1.0,-0.0708124259175181,0.8888888888888888,0.9049235,0.0004704996,0.00010395954,0.000113471644,9.844971e-05,0.002396562,0.0004299888,0.0028121006,0.9996538,0.36685959,0.9706880935917366,0.7023212204352965,6.167203770307953e-13,2.474354490542563e-15,1.4858548269437712e-13
1484,debit_card_specializing,8,False,True,1,8843685bacc0b4e4,0.001,-0.07775425794802428,-4.587501218933433,59,True,False,1.0,1.0,-0.07775425794802428,0.8888888888888888,0.90424013,0.00044624685,0.00010216873,0.00011596323,9.3867646e-05,0.0025707239,0.00043824167,0.0039489893,0.9996408,0.37455252,0.952574809358858,0.7215498241232163,7.552580795339139e-14,1.374812380911995e-16,1.0635591442069732e-14
1486,debit_card_specializing,0,True,True,1,edcc692da5733a6e,0.003,-0.027755986196604108,-1.804139102779267,65,True,True,1.0,1.0,-0.027755986196604108,1.0,0.9468152,0.0006017918,0.000108439206,8.121973e-05,0.00021169978,0.0002496399,0.00083687104,0.04357143,0.9995254,0.33739975,0.000123394346458,0.6371069286018811,0.5961669545295233,0.8789168465274082,0.606525108009681
1486,debit_card_specializing,1,False,True,1,edcc692da5733a6e,0.003,-0.038812505153806416,-2.522812834997417,65,True,True,1.0,1.0,-0.038812505153806416,1.0,0.9468152,0.0006017918,0.000108439206,8.121973e-05,0.00021169978,0.0002496399,0.00083687104,0.04357143,0.9995254,0.33739975,0.000123394346458,0.6708885168241144,0.6471744380963501,0.8904973965942291,0.6358486073171463
1486,debit_card_specializing,2,False,True,1,edcc692da5733a6e,0.003,-0.02436843518414087,-1.6083167221532975,66,True,True,1.0,1.0,-0.02436843518414087,1.0,0.94447374,0.0005569981,0.00011386335,8.132328e-05,0.00020259908,0.00029273803,0.0008314775,0.037732273,0.99954647,0.3366063,5.8291117217205744e-05,0.626460594591035,0.5095579578471733,0.8323959521488092,0.537820809181659
1486,debit_card_specializing,3,False,True,1,edcc692da5733a6e,0.003,-0.054196987119578814,-3.5228041627726228,65,True,True,1.0,1.0,-0.054196987119578814,1.0,0.9468152,0.0006017918,0.000108439206,8.121973e-05,0.00021169978,0.0002496399,0.00083687104,0.04357143,0.9995254,0.33739975,0.000123394346458,0.7150534667260472,0.7127454394947768,0.9049886456586422,0.6749918579830082
1486,debit_card_specializing,4,False,True,1,edcc692da5733a6e,0.003,-0.054196987119578814,-3.5228041627726228,65,True,True,1.0,1.0,-0.054196987119578814,1.0,0.9468152,0.0006017918,0.000108439206,8.121973e-05,0.00021169978,0.0002496399,0.00083687104,0.04357143,0.9995254,0.33739975,0.000123394346458,0.7150534667260472,0.7127454394947768,0.9049886456586422,0.6749918579830082
1486,debit_card_specializing,5,False,True,1,edcc692da5733a6e,0.003,-0.02436843518414087,-1.6083167221532975,66,True,True,1.0,1.0,-0.02436843518414087,1.0,0.94447374,0.0005569981,0.00011386335,8.132328e-05,0.00020259908,0.00029273803,0.0008314775,0.037732273,0.99954647,0.3366063,5.8291117217205744e-05,0.626460594591035,0.5095579578471733,0.8323959521488092,0.537820809181659
1486,debit_card_specializing,6,False,True,1,edcc692da5733a6e,0.003,-0.02436843518414087,-1.6083167221532975,66,True,True,1.0,1.0,-0.02436843518414087,1.0,0.94447374,0.0005569981,0.00011386335,8.132328e-05,0.00020259908,0.00029273803,0.0008314775,0.037732273,0.99954647,0.3366185,5.8291117217205744e-05,0.626460594591035,0.5095579578471733,0.8323158339506387,0.5376682515558092
1486,debit_card_specializing,7,False,True,1,edcc692da5733a6e,0.003,-0.054196987119578814,-3.5228041627726228,65,True,True,1.0,1.0,-0.054196987119578814,1.0,0.9468152,0.0006017918,0.000108439206,8.121973e-05,0.00021169978,0.0002496399,0.00083687104,0.04357143,0.9995254,0.3373096,0.000123394346458,0.7150534667260472,0.7127454394947768,0.9053528223448987,0.6759859561628749
1486,debit_card_specializing,8,False,True,1,edcc692da5733a6e,0.003,-0.054196987119578814,-3.5228041627726228,65,True,True,1.0,1.0,-0.054196987119578814,1.0,0.9468152,0.0006017918,0.000108439206,8.121973e-05,0.00021169978,0.0002496399,0.00083687104,0.04357143,0.9995254,0.3373096,0.0001398215963966,0.7150534667260472,0.7127454394947768,0.9053528223448987,0.6759930017736839
1490,debit_card_specializing,0,True,True,1,c30c901b060755ae,0.033,-0.05092349602462864,-7.129289443448009,140,True,False,1.0,1.0,-0.05092349602462864,0.7777777777777778,0.9409609,0.00045217574,9.342498e-05,0.00016913442,0.00011674543,0.00013191915,0.00059711625,0.30166128,0.99943405,0.46183237,0.0534055303877333,0.5866759968429226,0.9999999999999876,0.9999999993871664,0.9999999997359887
1490,debit_card_specializing,1,False,True,1,c30c901b060755ae,0.032,-0.050982153738426246,-6.678662139733838,131,True,False,1.0,1.0,-0.050982153738426246,0.7777777777777778,0.935396,0.00044277566,9.470054e-05,0.00015695959,0.000116830626,0.0001133289,0.00063661096,0.54575247,0.9994005,0.48512134,0.3486694507875365,0.5865071415920978,1.0,1.0,1.0
1490,debit_card_specializing,2,False,True,1,c30c901b060755ae,0.031,-0.050982153738426246,-6.678662139733838,131,True,False,1.0,1.0,-0.050982153738426246,0.7777777777777778,0.935396,0.00044277566,9.470054e-05,0.00015695959,0.000116830626,0.0001133289,0.00063661096,0.54575247,0.9994005,0.4852521,0.407345314777206,0.5865071415920978,1.0,1.0,1.0
1490,debit_card_specializing,3,False,True,1,29db9224685392af,0.035,-0.05599939345223437,-8.84790416545303,158,True,True,1.0,1.0,-0.05599939345223437,0.1111111111111111,0.92801046,0.0005410077,9.177712e-05,0.00010650297,0.00013055364,0.0004632456,0.00047727345,0.00178896,0.99966717,0.38404885,0.8175781589073613,0.05358057557870472,0.05952729416907992,0.010215772888193463,0.008474321788818618
1490,debit_card_specializing,4,False,True,1,c30c901b060755ae,0.033,-0.050982153738426246,-6.678662139733838,131,True,False,1.0,1.0,-0.050982153738426246,0.7777777777777778,0.935396,0.00044277566,9.470054e-05,0.00015695959,0.000116830626,0.0001133289,0.00063661096,0.54575247,0.9994005,0.4857894,0.407345314777206,0.5865071415920978,1.0,1.0,1.0
1490,debit_card_specializing,5,False,True,1,c30c901b060755ae,0.032,-0.058705481673583707,-7.690418099239466,131,True,False,1.0,1.0,-0.058705481673583707,0.7777777777777778,0.93669033,0.0004424708,8.829526e-05,0.00014592266,0.00011081693,0.00010952122,0.00060591084,0.6110121,0.99940443,0.49868777,0.4073524387029006,0.5641110749253002,1.0,1.0,1.0
1490,debit_card_specializing,6,False,True,1,fb2b8eed173ba86f,0.027,-0.06903166092064929,-5.660596195493241,82,True,False,1.0,1.0,-0.06903166092064929,0.1111111111111111,0.9191189,0.00044584254,0.00011699997,7.375939e-05,0.00012988261,0.00016750717,0.0005868138,0.0019267778,0.9996842,0.3683655,0.4688055068781359,0.046256152749870445,0.030831610684723728,0.007854445350146549,0.007107883918917851
1490,debit_card_specializing,7,False,True,1,c30c901b060755ae,0.032,-0.0534996268880944,-7.489947764333216,140,True,False,1.0,1.0,-0.0534996268880944,0.7777777777777778,0.9409609,0.00045217574,9.342498e-05,0.00016913442,0.00011674543,0.00013191915,0.00059711625,0.30166128,0.99943405,0.46174613,0.0420906532459642,0.5792415289023168,0.9999999999999873,0.9999999993662501,0.9999999997280149
1490,debit_card_specializing,8,False,True,1,c30c901b060755ae,0.031,-0.058705481673583707,-7.690418099239466,131,True,False,1.0,1.0,-0.058705481673583707,0.7777777777777778,0.93669033,0.0004424708,8.829526e-05,0.00014592266,0.00011081693,0.00010952122,0.00060591084,0.6110121,0.99940443,0.49882212,0.4073524387029006,0.5641110749253002,1.0,1.0,1.0
1493,debit_card_specializing,0,True,True,1,c5570bb821fe95e1,0.067,-0.026498829745035753,-1.3779391467418591,52,True,True,1.0,1.0,-0.026498829745035753,1.0,0.828664,0.00040789906,6.5838896e-05,2.1256425e-05,0.00010763493,0.00013259929,0.0003428777,0.0007668662,0.9997867,0.3620418,0.8670390429123289,0.8447502734358934,0.6488980080923662,0.7421206749376114,0.7019614723265454
1493,debit_card_specializing,1,False,True,1,c5570bb821fe95e1,0.009,-0.026882059865680655,-1.3978671130153941,52,True,True,1.0,1.0,-0.026882059865680655,1.0,0.828664,0.00040789906,6.5838896e-05,2.1256425e-05,0.00010763493,0.00013259929,0.0003428777,0.0007668662,0.9997867,0.3620418,0.8670390429123289,0.8441527237518576,0.6484373353276834,0.741092016819967,0.7008047633256045
1493,debit_card_specializing,2,False,True,1,c5570bb821fe95e1,0.007,-0.04100149348262061,-2.296083635026754,56,True,True,1.0,1.0,-0.04100149348262061,1.0,0.828664,0.00040789906,6.5838896e-05,2.1256425e-05,0.00010763493,0.00013259929,0.0003428777,0.0007668662,0.9997867,0.3620418,0.8670390429123289,0.8208107593562932,0.631277800905481,0.7013795793007003,0.6564823543837238
1493,debit_card_specializing,3,False,True,1,c5570bb821fe95e1,0.007,-0.04836672678207156,-2.660169973013936,55,True,True,1.0,1.0,-0.04836672678207156,1.0,0.77843744,0.00039739814,8.076036e-05,2.1306882e-05,0.000114767776,0.00013264608,0.00032653505,0.0025807568,0.9997738,0.35227463,0.8670380243176284,0.8075890781128678,0.5820061037369458,0.7359023467816571,0.6978693219178669
1493,debit_card_specializing,4,False,True,1,c5570bb821fe95e1,0.374,-0.06020060148890567,-3.792637893801057,63,True,True,1.0,1.0,-0.06020060148890567,1.0,0.7843673,0.00040740258,6.664251e-05,2.0118065e-05,0.00010923502,0.00013903408,0.00031138823,0.0027666746,0.99977833,0.35501257,0.867038672474972,0.7848140614091168,0.5919439950217931,0.6936899166612877,0.6516057765415949
1493,debit_card_specializing,5,False,True,1,c5570bb821fe95e1,0.009,-0.026882059865680655,-1.3978671130153941,52,True,True,1.0,1.0,-0.026882059865680655,1.0,0.8286641,0.00040789906,6.5838896e-05,2.1256425e-05,0.00010763493,0.00013259929,0.0003428777,0.0007668662,0.9997867,0.3620151,0.8670390429123289,0.8441527237518576,0.6484374830475486,0.7412419615239891,0.7009700884082889
1493,debit_card_specializing,6,False,True,1,c5570bb821fe95e1,0.008,-0.026882059865680655,-1.3978671130153941,52,True,True,1.0,1.0,-0.026882059865680655,1.0,0.8286641,0.00040789906,6.5838896e-05,2.1256425e-05,0.00010763493,0.00013259929,0.0003428777,0.0007668662,0.9997867,0.3620151,0.8670407374314575,0.8441527237518576,0.6484374830475486,0.7412419615239891,0.7009699370087511
1493,debit_card_specializing,7,False,True,1,c5570bb821fe95e1,0.007,-0.04836672678207156,-2.660169973013936,55,True,True,1.0,1.0,-0.04836672678207156,1.0,0.77843696,0.00039739814,8.076036e-05,2.1306882e-05,0.000114767776,0.00013264608,0.00032653505,0.0025807568,0.9997738,0.3523835,0.893312055308793,0.8075890781128678,0.5820053470660813,0.7352824309567948,0.6948213064749257
1493,debit_card_specializing,8,False,True,1,c5570bb821fe95e1,0.044,-0.04100149348262061,-2.296083635026754,56,True,True,1.0,1.0,-0.04100149348262061,1.0,0.8286641,0.00040789906,6.5838896e-05,2.1256425e-05,0.00010763493,0.00013259929,0.0003428777,0.0007668662,0.9997867,0.3620151,0.8670407374314575,0.8208107593562932,0.6312779517355571,0.7015432608220493,0.6566600089621264
1498,debit_card_specializing,0,True,True,1,94648243ccdcc5a9,0.508,-0.0292036109239358,-1.0513299932616889,36,True,False,1.0,1.0,-0.0292036109239358,1.0,0.913809,0.00049290305,5.1224717e-05,2.194382e-05,8.9107096e-05,0.00015160265,0.00043634,0.014272781,0.9996743,0.39990774,0.9706881675126692,0.8404927021126722,0.9443333597699993,0.7530594243092751,0.7099846610562417
1498,debit_card_specializing,1,False,True,1,94648243ccdcc5a9,0.033,-0.035300647545199716,-1.2708233116271899,36,True,False,1.0,1.0,-0.035300647545199716,1.0,0.913809,0.00049290305,5.1224717e-05,2.194382e-05,8.9107096e-05,0.00015160265,0.00043634,0.014272781,0.9996743,0.3998836,0.9706881675126692,0.8305489594306619,0.9426184375805822,0.7369739331188779,0.6917167769938389
1498,debit_card_specializing,2,False,True,1,94648243ccdcc5a9,0.034,-0.042250220827122535,-1.5210079497764113,36,True,False,1.0,1.0,-0.042250220827122535,1.0,0.913809,0.00049290305,5.1224717e-05,2.194382e-05,8.9107096e-05,0.00015160265,0.00043634,0.014272781,0.9996743,0.3998836,0.9706881675126692,0.8186201795152646,0.9406032580896608,0.7176742321669963,0.6699606564491639
1498,debit_card_specializing,3,False,True,1,94648243ccdcc5a9,0.424,-0.035300647545199716,-1.2708233116271899,36,True,False,1.0,1.0,-0.035300647545199716,1.0,0.9138091,0.0004929056,5.122462e-05,2.1943863e-05,8.910726e-05,0.00015160251,0.00043633772,0.014272612,0.9996743,0.3998836,0.970688161697778,0.8305489594306619,0.9426184797162598,0.7369731527109203,0.6917160619367203
1498,debit_card_specializing,4,False,True,1,94648243ccdcc5a9,0.378,-0.035300647545199716,-1.2708233116271899,36,True,False,1.0,1.0,-0.035300647545199716,1.0,0.9138091,0.0004929056,5.122462e-05,2.1943863e-05,8.910726e-05,0.00015160251,0.00043633772,0.014272612,0.9996743,0.3998836,0.970688161697778,0.8305489594306619,0.9426184797162598,0.7369731527109203,0.6917160619367203
1498,debit_card_specializing,5,False,True,1,94648243ccdcc5a9,0.069,-0.035300647545199716,-1.2708233116271899,36,True,False,1.0,1.0,-0.035300647545199716,1.0,0.9138091,0.0004929056,5.122462e-05,2.1943863e-05,8.910726e-05,0.00015160251,0.00043633772,0.014272612,0.9996743,0.3998836,0.970688161697778,0.8305489594306619,0.9426184797162598,0.7369731527109203,0.6917160619367203
1498,debit_card_specializing,6,False,True,1,94648243ccdcc5a9,0.03,-0.042250220827122535,-1.5210079497764113,36,True,False,1.0,1.0,-0.042250220827122535,1.0,0.9138091,0.0004929056,5.122462e-05,2.1943863e-05,8.910726e-05,0.00015160251,0.00043633772,0.014272612,0.9996743,0.39997706,0.970688161697778,0.8186201795152646,0.9406033016118552,0.7171189422197461,0.6693494796357815
1498,debit_card_specializing,7,False,True,1,94648243ccdcc5a9,0.03,-0.042250220827122535,-1.5210079497764113,36,True,False,1.0,1.0,-0.042250220827122535,1.0,0.9138091,0.0004929056,5.122462e-05,2.1943863e-05,8.910726e-05,0.00015160251,0.00043633772,0.014272612,0.9996743,0.39997706,0.970688161697778,0.8186201795152646,0.9406033016118552,0.7171189422197461,0.6693494796357815
1498,debit_card_specializing,8,False,True,1,94648243ccdcc5a9,0.03,-0.035300647545199716,-1.2708233116271899,36,True,False,1.0,1.0,-0.035300647545199716,1.0,0.9138091,0.0004929056,5.122462e-05,2.1943863e-05,8.910726e-05,0.00015160251,0.00043633772,0.014272612,0.9996743,0.39997706,0.970688161697778,0.8305489594306619,0.9426184797162598,0.7364426624623651,0.6911273145054248
1500,debit_card_specializing,0,True,True,27,ca77711aea76fbfb,0.005,-0.003395944592874896,-0.14602561749362053,43,True,True,1.0,1.0,-0.003395944592874896,1.0,0.63579303,0.0010832972,0.00029645977,0.00015205114,0.00021215927,0.0005303773,0.001292418,5.891028e-05,0.9992797,0.32959828,0.9840937187899644,0.5581647859122039,0.046713787751515995,0.01896208785309872,0.08074105086320948
1500,debit_card_specializing,1,False,True,27,ca77711aea76fbfb,0.0,-0.06192553326796531,-2.6627979305225082,43,True,True,1.0,1.0,-0.06192553326796531,1.0,0.63579303,0.0010832972,0.00029645977,0.00015205114,0.00021215927,0.0005303773,0.001292418,5.891028e-05,0.9992797,0.32959828,0.9840937187899644,0.7358425645110379,0.13394740183355935,0.03406890992315034,0.1452439591555692
1500,debit_card_specializing,2,False,True,27,ca77711aea76fbfb,0.0,-0.003785455192573592,-0.16277457328066447,43,True,True,1.0,1.0,-0.003785455192573592,1.0,0.63579303,0.0010832972,0.00029645977,0.00015205114,0.00021215927,0.0005303773,0.001292418,5.891028e-05,0.9992797,0.32959828,0.9840937187899644,0.5594621858555351,0.04705559488870882,0.01903669158517965,0.08106761364081902
1500,debit_card_specializing,3,False,True,27,ca77711aea76fbfb,0.0,-0.003785455192573592,-0.16277457328066447,43,True,True,1.0,1.0,-0.003785455192573592,1.0,0.63579303,0.0010832972,0.00029645977,0.00015205114,0.00021215927,0.0005303773,0.001292418,5.891028e-05,0.9992797,0.32959828,0.9840937187899644,0.5594621858555351,0.04705559488870882,0.01903669158517965,0.08106761364081902
1500,debit_card_specializing,4,False,True,27,ca77711aea76fbfb,0.0,-0.06192553326796531,-2.6627979305225082,43,True,True,1.0,1.0,-0.06192553326796531,1.0,0.63579303,0.0010832972,0.00029645977,0.00015205114,0.00021215927,0.0005303773,0.001292418,5.891028e-05,0.9992797,0.32959828,0.9840937187899644,0.7358425645110379,0.13394740183355935,0.03406890992315034,0.1452439591555692
1500,debit_card_specializing,5,False,True,27,ca77711aea76fbfb,0.0,-0.003785455192573592,-0.16277457328066447,43,True,True,1.0,1.0,-0.003785455192573592,1.0,0.63579303,0.0010832972,0.00029645977,0.00015205114,0.00021215927,0.0005303773,0.001292418,5.891028e-05,0.9992797,0.32959828,0.9840937187899644,0.5594621858555351,0.04705559488870882,0.01903669158517965,0.08106761364081902
1500,debit_card_specializing,6,False,True,27,ca77711aea76fbfb,0.0,-0.06192553326796531,-2.6627979305225082,43,True,True,1.0,1.0,-0.06192553326796531,1.0,0.63579303,0.0010832972,0.00029645977,0.00015205114,0.00021215927,0.0005303773,0.001292418,5.891028e-05,0.9992797,0.32959828,0.9840937187899644,0.7358425645110379,0.13394740183355935,0.03406890992315034,0.1452439591555692
1500,debit_card_specializing,7,False,True,27,ca77711aea76fbfb,0.0,-0.06192553326796531,-2.6627979305225082,43,True,True,1.0,1.0,-0.06192553326796531,1.0,0.63579303,0.0010832972,0.00029645977,0.00015205114,0.00021215927,0.0005303773,0.001292418,5.891028e-05,0.9992797,0.32959828,0.9840937187899644,0.7358425645110379,0.13394740183355935,0.03406890992315034,0.1452439591555692
1500,debit_card_specializing,8,False,True,27,ca77711aea76fbfb,0.0,-0.003785455192573592,-0.16277457328066447,43,True,True,1.0,1.0,-0.003785455192573592,1.0,0.63579303,0.0010832972,0.00029645977,0.00015205114,0.00021215927,0.0005303773,0.001292418,5.891028e-05,0.9992797,0.32959828,0.9840937187899644,0.5594621858555351,0.04705559488870882,0.01903669158517965,0.08106761364081902
1501,debit_card_specializing,0,True,True,2,e1dc24145024f11f,0.006,-0.01329361695604477,-0.638093613890149,48,True,True,1.0,1.0,-0.01329361695604477,1.0,0.59678906,0.00094468385,0.00017384309,0.00018393235,0.00020402372,0.0002664596,0.0010002528,0.00011635601,0.9994006,0.3550683,0.9914225963896628,0.5908397631149376,0.6217171756218107,0.28271479832340934,0.5009946023217785
1501,debit_card_specializing,1,False,True,2,e1dc24145024f11f,0.0,-0.020754824359043574,-0.9132122717979172,44,True,True,1.0,1.0,-0.020754824359043574,1.0,0.59678906,0.0009446862,0.00017384309,0.00018393218,0.00020402372,0.0002664596,0.0010002533,0.000116356685,0.9994006,0.3550683,0.9914225963896628,0.6149674163597344,0.655510332577791,0.29851564326162083,0.5220078663015973
1501,debit_card_specializing,2,False,True,2,e1dc24145024f11f,0.0,-0.01391963772489276,-0.6681426107948525,48,True,True,1.0,1.0,-0.01391963772489276,1.0,0.59678906,0.0009446862,0.00017384309,0.00018393218,0.00020402372,0.0002664596,0.0010002533,0.000116356685,0.9994006,0.3550683,0.9914225963896628,0.5928828248938345,0.6246010244576401,0.2840182741565069,0.5027554341828088
1501,debit_card_specializing,3,False,True,2,e1dc24145024f11f,0.0,-0.07121185083772892,-3.4181688402109884,48,True,True,1.0,1.0,-0.07121185083772892,1.0,0.59678906,0.0009446862,0.00017384309,0.00018393218,0.00020402372,0.0002664596,0.0010002533,0.000116356685,0.9994006,0.35490787,0.9914225963896628,0.7594985092894713,0.8367444649892309,0.4186496592985075,0.6603962261475841
1501,debit_card_specializing,4,False,True,2,e1dc24145024f11f,0.0,-0.01391963772489276,-0.6681426107948525,48,True,True,1.0,1.0,-0.01391963772489276,1.0,0.59678906,0.0009446862,0.00017384309,0.00018393218,0.00020402372,0.0002664596,0.0010002533,0.000116356685,0.9994006,0.35490787,0.9914225963896628,0.5928828248938345,0.6246010244576401,0.28555612609605996,0.5047729475538356
1501,debit_card_specializing,5,False,True,2,e1dc24145024f11f,0.0,-0.07121185083772892,-3.4181688402109884,48,True,True,1.0,1.0,-0.07121185083772892,1.0,0.59678906,0.0009446862,0.00017384309,0.00018393218,0.00020402372,0.0002664596,0.0010002533,0.000116356685,0.9994006,0.35490787,0.9914225963896628,0.7594985092894713,0.8367444649892309,0.4186496592985075,0.6603962261475841
1501,debit_card_specializing,6,False,True,2,e1dc24145024f11f,0.0,-0.01391963772489276,-0.6681426107948525,48,True,True,1.0,1.0,-0.01391963772489276,1.0,0.59678906,0.0009446862,0.00017384309,0.00018393218,0.00020402372,0.0002664596,0.0010002533,0.000116356685,0.9994006,0.35490787,0.9914225963896628,0.5928828248938345,0.6246010244576401,0.28555612609605996,0.5047729475538356
1501,debit_card_specializing,7,False,True,2,e1dc24145024f11f,0.0,-0.07121185083772892,-3.4181688402109884,48,True,True,1.0,1.0,-0.07121185083772892,1.0,0.59678906,0.0009446862,0.00017384309,0.00018393218,0.00020402372,0.0002664596,0.0010002533,0.000116356685,0.9994006,0.35490787,0.9914225963896628,0.7594985092894713,0.8367444649892309,0.4186496592985075,0.6603962261475841
1501,debit_card_specializing,8,False,True,2,e1dc24145024f11f,0.0,-0.020754824359043574,-0.9132122717979172,44,True,True,1.0,1.0,-0.020754824359043574,1.0,0.59678906,0.0009446862,0.00017384309,0.00018393218,0.00020402372,0.0002664596,0.0010002533,0.000116356685,0.9994006,0.35490787,0.9914225963896628,0.6149674163597344,0.655510332577791,0.3000990911529493,0.5240212193069745
1505,debit_card_specializing,0,True,True,1,82996c9021d9cc07,0.277,-0.07095362721974155,-3.5476813609870774,50,True,True,1.0,1.0,-0.07095362721974155,1.0,0.79260486,0.00037697572,0.00013462962,8.283083e-05,0.00010820391,0.00019124923,0.0008648282,0.0006634163,0.99951875,0.37753916,0.9820140940882118,0.7624753903100885,0.45925124590814637,0.5568082178959226,0.478815277240062
1505,debit_card_specializing,1,False,True,1,82996c9021d9cc07,0.378,-0.01654553503810341,-0.9265499621337909,56,True,True,1.0,1.0,-0.01654553503810341,1.0,0.76192635,0.00038537744,0.00013127693,7.01309e-05,0.00011654534,0.00018310083,0.00090072723,0.0010340125,0.99949443,0.36933303,0.957912969179571,0.8596224994193059,0.47353054307882897,0.6985512494243606,0.6385485626997307
1505,debit_card_specializing,2,False,True,1,82996c9021d9cc07,0.026,-0.04212309757093374,-2.0640317809757533,49,True,True,1.0,1.0,-0.04212309757093374,1.0,0.76192635,0.00038537744,0.00013127693,7.01309e-05,0.00011654534,0.00018310083,0.00090072723,0.0010340125,0.99949443,0.36933303,0.91490308863489,0.8188441350884376,0.440067217838513,0.6182516982907018,0.5544837508562326
1505,debit_card_specializing,3,False,True,1,82996c9021d9cc07,0.065,-0.01654553503810341,-0.9265499621337909,56,True,True,1.0,1.0,-0.01654553503810341,1.0,0.76192635,0.00038537744,0.00013127693,7.01309e-05,0.00011654534,0.00018310083,0.00090072723,0.0010340125,0.99949443,0.36933303,0.957912969179571,0.8596224994193059,0.47353054307882897,0.6985512494243606,0.6385485626997307
1505,debit_card_specializing,4,False,True,1,82996c9021d9cc07,0.026,-0.01654553503810341,-0.9265499621337909,56,True,True,1.0,1.0,-0.01654553503810341,1.0,0.76192635,0.00038537744,0.00013127693,7.01309e-05,0.00011654534,0.00018310083,0.00090072723,0.0010340125,0.99949443,0.36933303,0.9669146342221678,0.8596224994193059,0.47353054307882897,0.6985512494243606,0.6376625069882565
1505,debit_card_specializing,5,False,True,1,82996c9021d9cc07,0.026,-0.04212309757093374,-2.0640317809757533,49,True,True,1.0,1.0,-0.04212309757093374,1.0,0.76192635,0.00038537744,0.00013127693,7.01309e-05,0.00011654534,0.00018310083,0.00090072723,0.0010340125,0.99949443,0.36932412,0.9241434752834304,0.8188441350884376,0.440067217838513,0.6183132337345547,0.5535755711964594
1505,debit_card_specializing,6,False,True,1,82996c9021d9cc07,0.026,-0.01654553503810341,-0.9265499621337909,56,True,True,1.0,1.0,-0.01654553503810341,1.0,0.76192635,0.00038537744,0.00013127693,7.01309e-05,0.00011654534,0.00018310083,0.00090072723,0.0010340125,0.99949443,0.36935648,0.9626737300101266,0.8596224994193059,0.47353054307882897,0.698406727956966,0.6379201596355253
1505,debit_card_specializing,7,False,True,1,82996c9021d9cc07,0.025,-0.01654553503810341,-0.9265499621337909,56,True,True,1.0,1.0,-0.01654553503810341,1.0,0.76192635,0.00038537744,0.00013127693,7.01309e-05,0.00011654534,0.00018310083,0.00090072723,0.0010340125,0.99949443,0.36935648,0.9626737300101266,0.8596224994193059,0.47353054307882897,0.698406727956966,0.6379201596355253
1505,debit_card_specializing,8,False,True,1,82996c9021d9cc07,0.028,-0.01654553503810341,-0.9265499621337909,56,True,True,1.0,1.0,-0.01654553503810341,1.0,0.7619252,0.00038537744,0.00013127693,7.01309e-05,0.00011654534,0.00018310083,0.00090072723,0.0010340125,0.99949443,0.36935648,0.9626737300101266,0.8596224994193059,0.47352868532948666,0.6984060063627401,0.6379194381737847
1506,debit_card_specializing,0,True,True,21,52f61da1abf0bd1b,0.01,-0.007537834104299206,-0.4070430416321571,54,True,True,1.0,1.0,-0.007537834104299206,1.0,0.6634967,0.0007005639,9.889881e-05,7.970029e-05,7.828806e-05,0.00037476528,0.00038859903,2.9437739e-05,0.99961424,0.35736525,0.9840937853784018,0.5719166899245393,0.042786512418477814,0.022262205061943176,0.050203926731155694
1506,debit_card_specializing,1,False,True,21,52f61da1abf0bd1b,0.001,-0.007537648705040067,-0.4070330300721636,54,True,True,1.0,1.0,-0.007537648705040067,1.0,0.6634967,0.0007005639,9.889881e-05,7.970029e-05,7.828806e-05,0.00037476528,0.00038859903,2.9437739e-05,0.99961424,0.35736525,0.9840937853784018,0.5719160766783092,0.04278636330731995,0.022262163592226023,0.05020382705504374
1506,debit_card_specializing,2,False,True,21,52f61da1abf0bd1b,0.0,-0.007537648705040067,-0.4070330300721636,54,True,True,1.0,1.0,-0.007537648705040067,1.0,0.6634967,0.0007005639,9.889881e-05,7.970029e-05,7.828806e-05,0.00037476528,0.00038859903,2.9437739e-05,0.99961424,0.35736525,0.9840937853784018,0.5719160766783092,0.04278636330731995,0.022262163592226023,0.05020382705504374
1506,debit_card_specializing,3,False,True,21,52f61da1abf0bd1b,0.0,-0.023330993314268654,-1.1665496657134327,50,True,True,1.0,1.0,-0.023330993314268654,1.0,0.6634967,0.0007005639,9.889881e-05,7.970029e-05,7.828806e-05,0.00037476528,0.00038859903,2.9437739e-05,0.99961424,0.35736525,0.9840937853784018,0.6231749313742078,0.05745050362941399,0.026082618556271638,0.05940766068854969
1506,debit_card_specializing,4,False,True,21,52f61da1abf0bd1b,0.0,-0.007537648705040067,-0.4070330300721636,54,True,True,1.0,1.0,-0.007537648705040067,1.0,0.6634967,0.0007005639,9.889881e-05,7.970029e-05,7.828806e-05,0.00037476528,0.00038859903,2.9437739e-05,0.99961424,0.35736525,0.9840937853784018,0.5719160766783092,0.04278636330731995,0.022262163592226023,0.05020382705504374
1506,debit_card_specializing,5,False,True,21,52f61da1abf0bd1b,0.0,-0.023330993314268654,-1.1665496657134327,50,True,True,1.0,1.0,-0.023330993314268654,1.0,0.6634967,0.0007005639,9.889881e-05,7.970029e-05,7.828806e-05,0.00037476528,0.00038859903,2.9437739e-05,0.99961424,0.35736525,0.9875684796038724,0.6231749313742078,0.05745050362941399,0.026082618556271638,0.05978900514402638
1506,debit_card_specializing,6,False,True,21,52f61da1abf0bd1b,0.0,-0.007537648705040067,-0.4070330300721636,54,True,True,1.0,1.0,-0.007537648705040067,1.0,0.6634967,0.0007005639,9.889881e-05,7.970029e-05,7.828806e-05,0.00037476528,0.00038859903,2.9437739e-05,0.99961424,0.35736525,0.9840937853784018,0.5719160766783092,0.04278636330731995,0.022262163592226023,0.05020382705504374
1506,debit_card_specializing,7,False,True,21,52f61da1abf0bd1b,0.0,-0.007537648705040067,-0.4070330300721636,54,True,True,1.0,1.0,-0.007537648705040067,1.0,0.6634967,0.0007005639,9.889881e-05,7.970029e-05,7.828806e-05,0.00037476528,0.00038859903,2.9437739e-05,0.99961424,0.35736525,0.9840937853784018,0.5719160766783092,0.04278636330731995,0.022262163592226023,0.05020382705504374
1506,debit_card_specializing,8,False,True,21,52f61da1abf0bd1b,0.0,-0.007537648705040067,-0.4070330300721636,54,True,True,1.0,1.0,-0.007537648705040067,1.0,0.6634967,0.0007005639,9.889881e-05,7.970029e-05,7.828806e-05,0.00037476528,0.00038859903,2.9437739e-05,0.99961424,0.35736525,0.9840937853784018,0.5719160766783092,0.04278636330731995,0.022262163592226023,0.05020382705504374
1507,debit_card_specializing,0,True,True,2,baef417857dfe3b2,0.0,-0.01798424203344733,-0.8812278596389191,49,True,True,1.0,1.0,-0.01798424203344733,1.0,0.371276,0.00096894527,0.00066012534,0.00022697043,0.00055811193,0.00022886906,0.0020095673,0.001333262,0.9828913,0.29894984,0.8933108120852973,0.6060670384208305,0.9995907882068042,0.998785035409507,0.9998170506033953
1507,debit_card_specializing,1,False,True,2,baef417857dfe3b2,0.0,-0.02966436421476108,-1.4238894823085317,48,True,True,1.0,1.0,-0.02966436421476108,1.0,0.348007,0.0008009643,0.0006472921,0.00024352963,0.000536003,0.00019937466,0.0019903395,0.0022706932,0.95136946,0.2909713,0.8670375295555512,0.6430466306614109,0.9998824124251579,0.9997566906022229,0.9999661465578378
1507,debit_card_specializing,2,False,True,2,baef417857dfe3b2,0.0,-0.017050621840612377,-0.8354804701900065,49,True,True,1.0,1.0,-0.017050621840612377,1.0,0.371276,0.00096894527,0.00066012534,0.00022697043,0.00055811193,0.00022886906,0.0020095673,0.001333262,0.9828913,0.29894984,0.8933108120852973,0.6030515710983352,0.9995832196727396,0.9987733372192121,0.9998151149652303
1507,debit_card_specializing,3,False,True,2,baef417857dfe3b2,0.0,-0.017050621840612377,-0.8354804701900065,49,True,True,1.0,1.0,-0.017050621840612377,1.0,0.371276,0.00096894527,0.00066012534,0.00022697043,0.00055811193,0.00022886906,0.0020095673,0.001333262,0.9828913,0.2990355,0.8933108120852973,0.6030515710983352,0.9995832196727396,0.9987683882159543,0.9998143166925323
1507,debit_card_specializing,4,False,True,2,baef417857dfe3b2,0.0,-0.029964024390369947,-1.3184170731762777,44,True,True,1.0,1.0,-0.029964024390369947,1.0,0.348007,0.0008009643,0.0006472921,0.00024352963,0.000536003,0.00019937466,0.0019903395,0.0022706932,0.95136946,0.2906747,0.8670375295555512,0.6439753761118656,0.9998831022672181,0.9997608000268404,0.9999667603976747
1507,debit_card_specializing,5,False,True,2,baef417857dfe3b2,0.0,-0.017050621840612377,-0.8354804701900065,49,True,True,1.0,1.0,-0.017050621840612377,1.0,0.371276,0.00096894527,0.00066012534,0.00022697043,0.00055811193,0.00022886906,0.0020095673,0.001333262,0.9828913,0.2989976,0.8933108120852973,0.6030515710983352,0.9995832196727396,0.9987705803420203,0.9998146703099671
1507,debit_card_specializing,6,False,True,2,baef417857dfe3b2,0.0,-0.017050621840612377,-0.8354804701900065,49,True,True,1.0,1.0,-0.017050621840612377,1.0,0.37127575,0.00096894527,0.00066012534,0.00022697043,0.00055811193,0.00022886906,0.0020095673,0.001333262,0.9828913,0.2989976,0.8933108120852973,0.6030515710983352,0.9995832197663255,0.998770579851387,0.9998146703059393
1507,debit_card_specializing,7,False,True,2,baef417857dfe3b2,0.0,-0.029964024390369947,-1.3184170731762777,44,True,True,1.0,1.0,-0.029964024390369947,1.0,0.34800717,0.0008009643,0.0006472921,0.00024352963,0.000536003,0.00019937466,0.0019903395,0.0022706932,0.95136946,0.2906747,0.8808003957741182,0.6439753761118656,0.9998831022493634,0.9997608000918171,0.9999676442232927
1507,debit_card_specializing,8,False,True,2,baef417857dfe3b2,0.0,-0.029964024390369947,-1.3184170731762777,44,True,True,1.0,1.0,-0.029964024390369947,1.0,0.34800717,0.0008009643,0.0006472921,0.00024352963,0.000536003,0.00019937466,0.0019903395,0.0022706932,0.95136946,0.29073295,0.8808003957741182,0.6439753761118656,0.9998831022493634,0.999760143610793,0.9999675492752181
1509,debit_card_specializing,0,True,True,1,d79ead7b4d67625b,0.001,-0.007491943961177338,-0.4345327497482856,58,True,True,1.0,1.0,-0.007491943961177338,1.0,0.9389792,0.00032177044,8.280541e-05,8.413424e-05,9.515387e-05,0.00014218,0.00044870275,0.00028857592,0.9997129,0.39133796,0.9796678707669682,0.8720971763206153,0.7866968060540103,0.8638609815028085,0.8210392970773343
1509,debit_card_specializing,1,False,True,1,d79ead7b4d67625b,0.0,-0.021300064364541578,-1.1502034756852453,54,True,True,1.0,1.0,-0.021300064364541578,1.0,0.9389792,0.00032177044,8.280541e-05,8.413424e-05,9.515387e-05,0.00014218,0.00044870275,0.00028857592,0.9997129,0.39133796,0.9770229095313968,0.8526726570584139,0.7742200876890641,0.8394740364057711,0.7901024078040159
1509,debit_card_specializing,2,False,True,1,d79ead7b4d67625b,0.0,-0.007394969824967108,-0.4289082498480923,58,True,True,1.0,1.0,-0.007394969824967108,1.0,0.9389792,0.00032177044,8.280541e-05,8.413424e-05,9.515387e-05,0.00014218,0.00044870275,0.00028857592,0.9997129,0.39133796,0.9796678707669682,0.8722255243475,0.7867826262600753,0.8640206518660086,0.8212445445846207
1509,debit_card_specializing,3,False,True,1,d79ead7b4d67625b,0.0,-0.007394969824967108,-0.4289082498480923,58,True,True,1.0,1.0,-0.007394969824967108,1.0,0.9389792,0.00032177044,8.280541e-05,8.413424e-05,9.515387e-05,0.00014218,0.00044870275,0.00028857592,0.9997129,0.39133796,0.9770229095313968,0.8722255243475,0.7867826262600753,0.8640206518660086,0.8214099911277788
1509,debit_card_specializing,4,False,True,1,d79ead7b4d67625b,0.0,-0.007394969824967108,-0.4289082498480923,58,True,True,1.0,1.0,-0.007394969824967108,1.0,0.9389792,0.00032177044,8.280541e-05,8.413424e-05,9.515387e-05,0.00014218,0.00044870275,0.00028857592,0.9997129,0.39133796,0.9770229095313968,0.8722255243475,0.7867826262600753,0.8640206518660086,0.8214099911277788
1509,debit_card_specializing,5,False,True,1,d79ead7b4d67625b,0.0,-0.007394969824967108,-0.4289082498480923,58,True,True,1.0,1.0,-0.007394969824967108,1.0,0.9389792,0.00032177044,8.280541e-05,8.413424e-05,9.515387e-05,0.00014218,0.00044870275,0.00028857592,0.9997129,0.39133796,0.979667836661297,0.8722255243475,0.7867826262600753,0.8640206518660086,0.8212445467187576
1509,debit_card_specializing,6,False,True,1,d79ead7b4d67625b,0.0,-0.007394969824967108,-0.4289082498480923,58,True,True,1.0,1.0,-0.007394969824967108,1.0,0.9389792,0.00032177044,8.280541e-05,8.413424e-05,9.515387e-05,0.00014218,0.00044870275,0.00028857592,0.9997129,0.39133796,0.9770229095313968,0.8722255243475,0.7867826262600753,0.8640206518660086,0.8214099911277788
1509,debit_card_specializing,7,False,True,1,d79ead7b4d67625b,0.0,-0.021300064364541578,-1.1502034756852453,54,True,True,1.0,1.0,-0.021300064364541578,1.0,0.9389792,0.00032177044,8.280541e-05,8.413424e-05,9.515387e-05,0.00014218,0.00044870275,0.00028857592,0.9997129,0.39133796,0.9770229095313968,0.8526726570584139,0.7742200876890641,0.8394740364057711,0.7901024078040159
1509,debit_card_specializing,8,False,True,1,d79ead7b4d67625b,0.0,-0.007394969824967108,-0.4289082498480923,58,True,True,1.0,1.0,-0.007394969824967108,1.0,0.9389792,0.00032177044,8.280541e-05,8.413424e-05,9.515387e-05,0.00014218,0.00044870275,0.00028857592,0.9997129,0.39133796,0.9770229095313968,0.8722255243475,0.7867826262600753,0.8640206518660086,0.8214099911277788
1514,debit_card_specializing,0,True,True,1,4f056700618034aa,0.011,-0.05862468149082093,-12.076684387109111,206,True,True,1.0,1.0,-0.05862468149082093,1.0,0.84653276,0.0006685189,0.00010030217,0.00010483757,0.000118008174,0.0001946774,0.000583766,0.0009715136,0.9997327,0.34470597,0.8670381728212434,0.7879565139060458,0.9166870632671935,0.943968450705518,0.9362536929760625
1514,debit_card_specializing,1,False,True,1,4f056700618034aa,0.0,-0.08057228390910431,-4.834337034546259,60,True,True,1.0,1.0,-0.08057228390910431,1.0,0.84653276,0.0006685189,0.00010030217,0.00010483757,0.000118008174,0.0001946774,0.000583766,0.0009715136,0.9997327,0.34469953,0.8670381728212434,0.7411816632081487,0.9074086080533718,0.9253207466510167,0.9145794521142018
1514,debit_card_specializing,2,False,True,1,4f056700618034aa,0.0,-0.09386298399598991,-24.310512854961388,259,True,True,1.0,1.0,-0.09386298399598991,1.0,0.84653276,0.0006685189,0.00010030217,0.00010483757,0.000118008174,0.0001946774,0.000583766,0.0009715136,0.9997327,0.34468463,0.7549209437448595,0.7097870777603668,0.9013480126565712,0.9114287719077705,0.90269854693423
1514,debit_card_specializing,3,False,True,1,4f056700618034aa,0.0,-0.04723902210117086,-2.834341326070252,60,True,True,1.0,1.0,-0.04723902210117086,1.0,0.84653276,0.0006685189,0.00010030217,0.00010483757,0.000118008174,0.0001946774,0.000583766,0.0009715136,0.9997327,0.34468463,0.8519548072264842,0.809660644300329,0.9211603101194693,0.9518591252107337,0.9457365795294618
1514,debit_card_specializing,4,False,True,1,4f056700618034aa,0.0,-0.04723902210117086,-2.834341326070252,60,True,True,1.0,1.0,-0.04723902210117086,1.0,0.84653276,0.0006685189,0.00010030236,0.000104837374,0.00011800841,0.00019467795,0.0005837676,0.00097151083,0.9997327,0.34468463,0.8670381728212434,0.809660644300329,0.9211600238781834,0.95185874282276,0.9454052542173068
1514,debit_card_specializing,5,False,True,1,4f056700618034aa,0.0,-0.015762129429019025,-0.9614898951701605,61,True,True,1.0,1.0,-0.015762129429019025,1.0,0.84653276,0.0006685189,0.00010030236,0.000104837374,0.00011800841,0.00019467795,0.0005837676,0.00097151083,0.9997327,0.34468463,0.8175777111601155,0.8607409405692151,0.9324056001330563,0.9684824418942722,0.9653225670001422
1514,debit_card_specializing,6,False,True,1,4f056700618034aa,0.0,-0.058345845359715154,-12.019244144101322,206,True,True,1.0,1.0,-0.058345845359715154,1.0,0.84653276,0.0006685189,0.00010030236,0.000104837374,0.00011800841,0.00019467795,0.0005837676,0.00097151083,0.9997327,0.34467825,0.8519548072264842,0.7885090191375563,0.9167990184827345,0.9442169773001413,0.936922287315655
1514,debit_card_specializing,7,False,True,1,4f056700618034aa,0.0,-0.08057228390910431,-4.834337034546259,60,True,True,1.0,1.0,-0.08057228390910431,1.0,0.84653276,0.0006685189,0.00010030236,0.000104837374,0.00011800841,0.00019467795,0.0005837676,0.00097151083,0.9997327,0.34477183,0.8519548072264842,0.7411816632081487,0.9074082769027049,0.9251738367412382,0.9149137099940415
1514,debit_card_specializing,8,False,True,3,4f056700618034aa,0.0,-0.062011705628711666,-12.464352831371045,201,True,True,1.0,1.0,-0.062011705628711666,1.0,0.7954902,0.000471984,8.0059835e-05,8.7360015e-05,7.89055e-05,0.00017060936,0.00039694266,3.2942502e-05,0.99971265,0.35477898,0.8670387224685312,0.7811610670165755,0.7057507328835187,0.8850683818705699,0.8648678162659612
1515,debit_card_specializing,0,True,True,1,8a4c9c8f685af599,0.004,-0.04402010240631685,-11.269146216017113,256,True,True,1.0,1.0,-0.04402010240631685,1.0,0.96008474,0.00062929094,0.00013905582,0.00015219518,0.00015909292,0.0002858039,0.000885912,0.0076532834,0.99965775,0.3286967,0.4378417113228411,0.815479737205007,0.9771352905536237,0.9899017491765908,0.9899296600478686
1515,debit_card_specializing,1,False,True,1,8a4c9c8f685af599,0.001,-0.18127445258692954,-76.67909344427119,423,True,True,1.0,1.0,-0.18127445258692954,1.0,0.96008474,0.00062929094,0.00013905582,0.00015219518,0.00015909292,0.0002858039,0.000885912,0.0076532834,0.99965775,0.3286967,0.377561146781047,0.4642410799923898,0.9539579107051289,0.9347876838038099,0.9331276548257925
1515,debit_card_specializing,2,False,True,1,8a4c9c8f685af599,0.0,-0.13197718136113637,-41.70478931011909,316,True,True,1.0,1.0,-0.13197718136113637,1.0,0.95391893,0.000595897,0.00014257658,0.00014942122,0.00013563248,0.00019740229,0.0008106511,0.004201735,0.9997023,0.3313072,0.5312155165163205,0.6087140706313856,0.9433749776155065,0.9614068917262146,0.9579949268246553
1515,debit_card_specializing,3,False,True,1,8a4c9c8f685af599,0.0,-0.1280607764578739,-44.30902865442437,346,True,True,1.0,1.0,-0.1280607764578739,1.0,0.95391893,0.0005958984,0.00014257642,0.00014942151,0.00013563261,0.00019740286,0.00081065303,0.0042017708,0.9997023,0.33125868,0.4073421559037387,0.6197295189451206,0.9444690262117011,0.9634418736146034,0.9622297580735267
1515,debit_card_specializing,4,False,True,1,8a4c9c8f685af599,0.0,-0.055089378701291845,-15.369936657660425,279,True,True,1.0,1.0,-0.055089378701291845,1.0,0.96008474,0.0006292921,0.00013905556,0.00015219563,0.00015909324,0.00028580445,0.000885912,0.0076532774,0.99965775,0.32866707,0.377561146781047,0.7948835645649618,0.975794076105431,0.9882382182738294,0.9885142804982757
1515,debit_card_specializing,5,False,True,1,8a4c9c8f685af599,0.0,-0.3288132903172654,-117.38634464326375,357,True,True,1.0,1.0,-0.3288132903172654,1.0,0.96008474,0.0006292921,0.00013905556,0.00015219563,0.00015909324,0.00028580445,0.000885912,0.0076532774,0.99965775,0.32866707,0.377561146781047,0.13071389464186883,0.9048969389923024,0.6449505059298553,0.6249127254313263
1515,debit_card_specializing,6,False,True,1,8a4c9c8f685af599,0.0,-0.16779089877719974,-43.45784278329473,259,True,True,1.0,1.0,-0.16779089877719974,1.0,0.96008474,0.0006292921,0.00013905556,0.00015219563,0.00015909324,0.00028580445,0.000885912,0.0076532774,0.99965775,0.32866707,0.377561146781047,0.5041944454957152,0.9569831782922062,0.945443460942744,0.9443257198331928
1515,debit_card_specializing,7,False,True,1,8a4c9c8f685af599,0.0,-0.07647290818651585,-21.259468475851406,278,True,True,1.0,1.0,-0.07647290818651585,1.0,0.96008474,0.0006292921,0.00013905556,0.00015219563,0.00015909324,0.00028580445,0.000885912,0.0076532774,0.99965775,0.32866707,0.377561146781047,0.7504065202190303,0.9729820408953589,0.9841956788367613,0.9844334172492644
1515,debit_card_specializing,8,False,True,1,8a4c9c8f685af599,0.0,-0.3323768376118042,-169.51218718202014,510,True,True,1.0,1.0,-0.3323768376118042,1.0,0.96008474,0.0006292921,0.00013905556,0.00015219563,0.00015909324,0.00028580445,0.000885912,0.0076532774,0.99965775,0.32863283,0.377561146781047,0.12598188395184495,0.9032669910798844,0.6336720131561698,0.6130402249627562
1521,debit_card_specializing,0,True,True,1,325131936857c50b,0.006,-0.04289380061183202,-3.5601854507820576,83,True,True,1.0,1.0,-0.04289380061183202,1.0,0.85133153,0.00048295953,7.283885e-05,0.000120740566,8.866456e-05,0.00013445104,0.00035830922,0.00093092443,0.9998259,0.3583056,0.9820140192684248,0.8174830644314299,0.8702145171782935,0.9634838420311451,0.953897650047075
1521,debit_card_specializing,1,False,True,1,325131936857c50b,0.0,-0.01952381423685766,-1.542381324711755,79,True,True,1.0,1.0,-0.01952381423685766,1.0,0.85133153,0.00048295953,7.283885e-05,0.000120740566,8.866456e-05,0.00013445104,0.00035830922,0.00093092443,0.9998259,0.3583056,0.9820140192684248,0.8553017781857835,0.8835128627154074,0.973406964774289,0.9666403103803717
1521,debit_card_specializing,2,False,True,1,325131936857c50b,0.0,-0.01952381423685766,-1.542381324711755,79,True,True,1.0,1.0,-0.01952381423685766,1.0,0.85133153,0.00048295953,7.283885e-05,0.000120740566,8.866456e-05,0.00013445104,0.00035830922,0.00093092443,0.9998259,0.3583056,0.9820140192684248,0.8553017781857835,0.8835128627154074,0.973406964774289,0.9666403103803717
1521,debit_card_specializing,3,False,True,1,325131936857c50b,0.0,-0.05013289834177754,-4.161030562367536,83,True,True,1.0,1.0,-0.05013289834177754,1.0,0.85133153,0.00048295953,7.283885e-05,0.000120740566,8.866456e-05,0.00013445104,0.00035830922,0.00093092443,0.9998259,0.3583056,0.9820140192684248,0.8043102317079737,0.8658407164663283,0.9597437153808268,0.9490863900676053
1521,debit_card_specializing,4,False,True,1,325131936857c50b,0.0,-0.009259828853993296,-0.7870854525894302,85,True,True,1.0,1.0,-0.009259828853993296,1.0,0.85133153,0.00048295953,7.283885e-05,0.000120740566,8.866456e-05,0.00013445104,0.00035830922,0.00093092443,0.9998259,0.3583056,0.979667968874286,0.8697379920592418,0.8889700726960184,0.9768858390765034,0.9711225837811002
1521,debit_card_specializing,5,False,True,1,325131936857c50b,0.0,-0.009259828853993296,-0.7870854525894302,85,True,True,1.0,1.0,-0.009259828853993296,1.0,0.85133153,0.00048295953,7.283885e-05,0.000120740566,8.866456e-05,0.00013445104,0.00035830922,0.00093092443,0.9998259,0.3583056,0.979667968874286,0.8697379920592418,0.8889700726960184,0.9768858390765034,0.9711225837811002
1521,debit_card_specializing,6,False,True,1,325131936857c50b,0.0,-0.009259828853993296,-0.7870854525894302,85,True,True,1.0,1.0,-0.009259828853993296,1.0,0.85133153,0.00048295953,7.283885e-05,0.000120740566,8.866456e-05,0.00013445104,0.00035830922,0.00093092443,0.9998259,0.3583056,0.979667968874286,0.8697379920592418,0.8889700726960184,0.9768858390765034,0.9711225837811002
1521,debit_card_specializing,7,False,True,1,325131936857c50b,0.0,-0.01952381423685766,-1.542381324711755,79,True,True,1.0,1.0,-0.01952381423685766,1.0,0.85133153,0.00048295953,7.283885e-05,0.000120740566,8.866456e-05,0.00013445104,0.00035830922,0.00093092443,0.9998259,0.3583056,0.9820141625287012,0.8553017781857835,0.8835128627154074,0.973406964774289,0.9666403084112316
1521,debit_card_specializing,8,False,True,1,325131936857c50b,0.0,-0.05013289834177754,-4.161030562367536,83,True,True,1.0,1.0,-0.05013289834177754,1.0,0.85133153,0.00048295953,7.283885e-05,0.000120740566,8.866456e-05,0.00013445104,0.00035830922,0.00093092443,0.9998259,0.3583056,0.9770229131993068,0.8043102317079737,0.8658407164663283,0.9597437153808268,0.9491890936121139
1524,debit_card_specializing,0,True,True,1,8a4c9c8f685af599,0.011,-0.02169439980278592,-1.2582751885615835,58,True,True,1.0,1.0,-0.02169439980278592,1.0,0.96951085,0.00050985295,9.20936e-05,0.00010804112,9.67111e-05,0.00015821867,0.00054457755,0.0024841228,0.99972135,0.33725393,0.679186130246081,0.6179687054346389,0.8163963617117727,0.9554386641821487,0.9338472266612445
1524,debit_card_specializing,1,False,True,1,8a4c9c8f685af599,0.0,-0.02071805848209442,-1.1602112749972875,56,True,True,1.0,1.0,-0.02071805848209442,1.0,0.965144,0.0004553732,9.016511e-05,0.00010652096,0.00010623459,0.00014524303,0.00059248746,0.0017949577,0.9997199,0.3353119,0.4073482827658261,0.6148497953078202,0.8903234997588566,0.9802112972784359,0.9509708834673956
1524,debit_card_specializing,2,False,True,1,8a4c9c8f685af599,0.0,-0.02071805848209442,-1.1602112749972875,56,True,True,1.0,1.0,-0.02071805848209442,1.0,0.965144,0.0004553732,9.016511e-05,0.00010652096,0.00010623459,0.00014524303,0.00059248746,0.0017949577,0.9997199,0.3353119,0.4688025047924112,0.6148497953078202,0.8903234997588566,0.9802112972784359,0.9562868156318801
1524,debit_card_specializing,3,False,True,1,8a4c9c8f685af599,0.0,-0.02071805848209442,-1.1602112749972875,56,True,True,1.0,1.0,-0.02071805848209442,1.0,0.965144,0.0004553732,9.016511e-05,0.00010652096,0.00010623459,0.00014524303,0.00059248746,0.0017949577,0.9997199,0.3353119,0.4073482827658261,0.6148497953078202,0.8903234997588566,0.9802112972784359,0.9509708834673956
1524,debit_card_specializing,4,False,True,1,8a4c9c8f685af599,0.0,-0.02071805848209442,-1.1602112749972875,56,True,True,1.0,1.0,-0.02071805848209442,1.0,0.965144,0.0004553732,9.016511e-05,0.00010652096,0.00010623459,0.00014524303,0.00059248746,0.0017949577,0.9997199,0.3353119,0.4688025047924112,0.6148497953078202,0.8903234997588566,0.9802112972784359,0.9562868156318801
1524,debit_card_specializing,5,False,True,1,8a4c9c8f685af599,0.0,-0.028180661267567013,-1.6344783535188867,58,True,True,1.0,1.0,-0.028180661267567013,1.0,0.96951085,0.00050985295,9.20936e-05,0.00010804112,9.67111e-05,0.00015821867,0.00054457755,0.0024841228,0.99972135,0.33717558,0.7057911521147099,0.6384324014208397,0.8347254621151565,0.9583393740659414,0.9413936080602813
1524,debit_card_specializing,6,False,True,1,8a4c9c8f685af599,0.0,-0.051988569203196854,-3.2232912905982047,62,True,True,1.0,1.0,-0.051988569203196854,1.0,0.9694457,0.00050074357,8.6721484e-05,0.00013125026,9.419807e-05,0.00016141123,0.0005022032,0.0013283037,0.99974984,0.34289524,0.6513655051325866,0.708935430021426,0.8974063232093831,0.9539257899392483,0.929143180102856
1524,debit_card_specializing,7,False,True,1,8a4c9c8f685af599,0.0,-0.02071805848209442,-1.1602112749972875,56,True,True,1.0,1.0,-0.02071805848209442,1.0,0.965144,0.0004553732,9.016511e-05,0.00010652096,0.00010623459,0.00014524303,0.00059248746,0.0017949577,0.9997199,0.33524454,0.4688025047924112,0.6148497953078202,0.8903234997588566,0.9802726949790098,0.9564282475194795
1524,debit_card_specializing,8,False,True,1,8a4c9c8f685af599,0.0,-0.028180661267567013,-1.6344783535188867,58,True,True,1.0,1.0,-0.028180661267567013,1.0,0.96951085,0.00050985295,9.20936e-05,0.00010804112,9.67111e-05,0.00015821867,0.00054457755,0.0024841228,0.99972135,0.33722213,0.679186130246081,0.6384324014208397,0.8347254621151565,0.9582518202797278,0.9383169242677112
1525,debit_card_specializing,0,True,True,1,cc6db7bedd18a244,0.025,-0.019610307590123437,-3.1572595220098734,161,True,True,1.0,1.0,-0.019610307590123437,1.0,0.7531366,0.00057628955,9.0323956e-05,0.00017881028,0.00013163002,0.00019096532,0.00050075905,0.005239095,0.99952924,0.34142113,0.2689552049112726,0.6112996507982279,0.81079542192999,0.8419309346638627,0.6917486178619862
1525,debit_card_specializing,1,False,True,1,cc6db7bedd18a244,0.023,-0.06229071498202517,-10.838584406872378,174,True,True,1.0,1.0,-0.06229071498202517,1.0,0.7326109,0.0006835799,9.543183e-05,0.00018816988,0.00015264835,0.00022653284,0.00053544616,0.006182996,0.99952316,0.33920124,0.2018255838439706,0.7368004566136787,0.8207627146497691,0.7559196208425798,0.5636609765753353
1525,debit_card_specializing,2,False,True,1,cc6db7bedd18a244,0.023,-0.01947158847094195,-3.134925743821654,161,True,True,1.0,1.0,-0.01947158847094195,1.0,0.7531366,0.00057628955,9.0323956e-05,0.00017881028,0.00013163002,0.00019096532,0.00050075905,0.005239095,0.99952924,0.34142113,0.2689552049112726,0.6108542390979018,0.8103771738055673,0.8417411311577763,0.6914150107660928
1525,debit_card_specializing,3,False,True,1,cc6db7bedd18a244,0.025,-0.037671668011416665,-6.479526897963666,172,True,True,1.0,1.0,-0.037671668011416665,1.0,0.7335003,0.00061562384,8.84391e-05,0.00016338928,0.00013677865,0.00024247105,0.0003790583,0.0023562002,0.99961483,0.34153756,0.1192078200146393,0.667476433886424,0.6356269872460942,0.6007557665980556,0.3411951029858277
1525,debit_card_specializing,4,False,True,1,cc6db7bedd18a244,0.024,-0.07179874143515615,-11.200603663884358,156,True,True,1.0,1.0,-0.07179874143515615,1.0,0.8115258,0.000740681,9.087593e-05,0.00014215926,0.00014642053,0.00024261419,0.00040853373,0.005182357,0.9995809,0.34071302,0.5312265387008039,0.7609438580275236,0.5949777076622604,0.5413297948428019,0.44643822374628966
1525,debit_card_specializing,5,False,True,1,cc6db7bedd18a244,0.024,-0.05501918173135014,-9.738395166448974,177,True,True,1.0,1.0,-0.05501918173135014,1.0,0.74068326,0.00071248907,0.00010031155,0.00018462006,0.00016344397,0.00024433015,0.0005647767,0.009341564,0.9994392,0.3410459,0.2227158472148434,0.7173113505441966,0.7391610245872595,0.6482545880455711,0.44540192074268653
1525,debit_card_specializing,6,False,True,1,cc6db7bedd18a244,0.023,-0.030681758599505785,-4.847717858721914,158,True,True,1.0,1.0,-0.030681758599505785,1.0,0.74110264,0.00055201363,8.806469e-05,0.00017169624,0.00012956644,0.00019358787,0.0005201513,0.009188761,0.99950016,0.34250447,0.3486614872685377,0.6461954600586916,0.8437834468112468,0.8612245837787419,0.7599191417476324
1525,debit_card_specializing,7,False,True,1,cc6db7bedd18a244,0.023,-0.03249791990811752,-5.459650544563743,168,True,True,1.0,1.0,-0.03249791990811752,1.0,0.7449425,0.0005999054,8.439234e-05,0.00015268402,0.00013731745,0.00024123464,0.00037908865,0.004681105,0.9995709,0.3406501,0.095357255827756,0.6517849303506381,0.5998962087909093,0.6212924711325839,0.3442486624043714
1525,debit_card_specializing,8,False,True,1,cc6db7bedd18a244,0.022,-0.01947158847094195,-3.134925743821654,161,True,True,1.0,1.0,-0.01947158847094195,1.0,0.7531366,0.00057628955,9.0323956e-05,0.00017881028,0.00013163002,0.00019096532,0.00050075905,0.005239095,0.99952924,0.34137416,0.2689552049112726,0.6108542390979018,0.8103771738055673,0.8420353788301828,0.6919189215028405
1526,debit_card_specializing,0,True,True,1,147f271ce8f4553a,0.334,-0.05017364199448588,-14.50018253640642,289,True,False,1.0,1.0,-0.05017364199448588,0.1111111111111111,0.35125855,0.0006271447,8.027939e-05,0.00014259058,0.00028257206,0.00014459796,0.00057814934,0.2455053,0.9983852,0.3261178,0.0085777506693734,0.0571976523546943,0.9999999980246974,0.9999992696941431,0.9999997112355693
1526,debit_card_specializing,1,False,True,503,9ba3c933144b6c46,0.107,-0.0723011909502107,-28.55897042533323,395,True,False,1.0,1.0,-0.0723011909502107,0.1111111111111111,0.33352414,0.0016132855,0.0004606342,0.000124736,0.0009580435,0.00016523946,0.0023679605,0.99612254,0.9382859,0.33133164,0.0019267273779794,0.04457376630432753,1.0,1.0,1.0
1526,debit_card_specializing,2,False,True,1,65f7a8a3e30f7035,0.1,-0.0699028599210813,-43.479578870912576,622,True,True,1.0,1.0,-0.0699028599210813,0.3333333333333333,0.37349746,0.0007850504,0.00015472884,0.000107168526,0.00045846257,0.0003277083,0.0010899127,0.0075545236,0.9993259,0.33438814,0.0124325051163219,0.12102985484868503,0.05553707411608873,0.01737675518082656,0.023599004092756753
1526,debit_card_specializing,3,False,True,1,9d06026b7afbf21d,0.014,-0.08156870068410103,-33.19846117842912,407,True,False,1.0,1.0,-0.08156870068410103,0.2222222222222222,0.3605356,0.00084538956,0.00021815948,0.00013639964,0.00060334156,0.00026057867,0.0016942885,0.11626009,0.9983138,0.3330989,0.1329743164630054,0.06610565236532864,0.9996502334580131,0.9245270606906307,0.9522560365277868
1526,debit_card_specializing,4,False,True,81,a63c36bda7192aa2,0.098,-0.07157209000049666,-27.555254650191216,385,True,False,1.0,1.0,-0.07157209000049666,0.1111111111111111,0.43755957,0.00047671693,7.746819e-05,0.00015123101,0.00016470352,0.0002854782,0.0002766863,5.258042e-05,0.99934167,0.32880127,0.0600923796477707,0.04494380825350029,0.0038249270994594516,0.03502440001618238,0.0437239360647209
1526,debit_card_specializing,5,False,True,1,65f7a8a3e30f7035,0.096,-0.04387425916490495,-22.639117729090955,516,True,True,1.0,1.0,-0.04387425916490495,0.3333333333333333,0.366298,0.0008215244,0.00013949687,0.00011149743,0.00046010912,0.00032389656,0.0011124399,0.0062589585,0.9993349,0.333213,0.1480559472318412,0.15792651988324516,0.06637345214966105,0.02534523116492171,0.032931951738294524
1526,debit_card_specializing,6,False,True,1,9d06026b7afbf21d,0.13,-0.05282592439400966,-20.17950311851169,382,True,False,1.0,1.0,-0.05282592439400966,0.2222222222222222,0.35547122,0.00077478983,0.00014326697,9.9233606e-05,0.00045662554,0.00027167943,0.0013839006,0.09302749,0.99885595,0.33152577,0.0140635533765467,0.0905519810795446,0.9926343099559228,0.7472924919436237,0.8303392504110674
1526,debit_card_specializing,7,False,True,1,65f7a8a3e30f7035,0.016,-0.05917237101002883,-32.66314879753592,552,True,True,1.0,1.0,-0.05917237101002883,0.3333333333333333,0.37252066,0.00084125675,0.00015404004,0.0001354921,0.00055017124,0.0003425495,0.0011063742,0.010422321,0.99936754,0.33424294,0.1067000801466078,0.13524762175364463,0.15456740613399308,0.038803079005363575,0.0510291563993019
1526,debit_card_specializing,8,False,True,0,97d170e1550eee4a,0.0,-0.04986777526286575,-18.201737970946,365,True,False,1.0,0.0,-0.04986777526286575,0.1111111111111111,0.33338833,0.0015655534,0.00040781216,0.0002502495,0.0010328577,0.00010663448,0.00217689,0.9987203,0.84329754,0.28407383,0.0024726067883784,0.05739376415027088,1.0,1.0,1.0
1528,debit_card_specializing,0,True,True,1,955b5370a7a1266f,0.001,-0.027455788213427444,-1.5649799281653642,57,True,True,1.0,1.0,-0.027455788213427444,1.0,0.38199666,0.000774448,0.00026300226,7.844679e-05,0.00034718905,0.00013758207,0.0014679884,0.04729319,0.99539584,0.33254138,0.0330877699768457,0.8432546370074703,0.9896511935704535,0.9718109503291917,0.9815434349774794
1528,debit_card_specializing,1,False,True,1,955b5370a7a1266f,0.0,-0.028301714059887167,-1.6131977014135686,57,True,True,1.0,1.0,-0.028301714059887167,1.0,0.38199666,0.000774448,0.00026300226,7.844679e-05,0.00034718905,0.00013758207,0.0014679884,0.04729319,0.99539584,0.332513,0.0330877699768457,0.841922785196846,0.9896053955766698,0.9715075246504903,0.9813366413739791
1528,debit_card_specializing,2,False,True,1,955b5370a7a1266f,0.0,-0.028301714059887167,-1.6131977014135686,57,True,True,1.0,1.0,-0.028301714059887167,1.0,0.38199666,0.000774448,0.00026300226,7.844679e-05,0.00034718905,0.00013758207,0.0014679884,0.04729319,0.99539584,0.332513,0.0330877699768457,0.841922785196846,0.9896053955766698,0.9715075246504903,0.9813366413739791
1528,debit_card_specializing,3,False,True,1,955b5370a7a1266f,0.0,-0.028301714059887167,-1.6131977014135686,57,True,True,1.0,1.0,-0.028301714059887167,1.0,0.38199666,0.000774448,0.00026300226,7.844679e-05,0.00034718905,0.00013758207,0.0014679884,0.04729319,0.99539584,0.332513,0.0330877699768457,0.841922785196846,0.9896053955766698,0.9715075246504903,0.9813366413739791
1528,debit_card_specializing,4,False,True,1,955b5370a7a1266f,0.0,-0.028301714059887167,-1.6131977014135686,57,True,True,1.0,1.0,-0.028301714059887167,1.0,0.38199666,0.000774448,0.00026300226,7.844679e-05,0.00034718905,0.00013758207,0.0014679884,0.04729319,0.99539584,0.332513,0.0330877699768457,0.841922785196846,0.9896053955766698,0.9715075246504903,0.9813366413739791
1528,debit_card_specializing,5,False,True,1,955b5370a7a1266f,0.0,-0.028301714059887167,-1.6131977014135686,57,True,True,1.0,1.0,-0.028301714059887167,1.0,0.38199666,0.000774448,0.00026300226,7.844679e-05,0.00034718905,0.00013758207,0.0014679884,0.04729319,0.99539584,0.332513,0.0330877699768457,0.841922785196846,0.9896053955766698,0.9715075246504903,0.9813366413739791
1528,debit_card_specializing,6,False,True,1,955b5370a7a1266f,0.0,-0.028301714059887167,-1.6131977014135686,57,True,True,1.0,1.0,-0.028301714059887167,1.0,0.38199666,0.000774448,0.00026300226,7.844679e-05,0.00034718905,0.00013758207,0.0014679884,0.04729319,0.99539584,0.332513,0.0330877699768457,0.841922785196846,0.9896053955766698,0.9715075246504903,0.9813366413739791
1528,debit_card_specializing,7,False,True,1,955b5370a7a1266f,0.0,-0.028301714059887167,-1.6131977014135686,57,True,True,1.0,1.0,-0.028301714059887167,1.0,0.38199666,0.000774448,0.00026300226,7.844679e-05,0.00034718905,0.00013758207,0.0014679884,0.04729319,0.99539584,0.332513,0.0330877699768457,0.841922785196846,0.9896053955766698,0.9715075246504903,0.9813366413739791
1528,debit_card_specializing,8,False,True,1,955b5370a7a1266f,0.0,-0.028301714059887167,-1.6131977014135686,57,True,True,1.0,1.0,-0.028301714059887167,1.0,0.38199666,0.000774448,0.00026300226,7.844679e-05,0.00034718905,0.00013758207,0.0014679884,0.04729319,0.99539584,0.332513,0.0330877699768457,0.841922785196846,0.9896053955766698,0.9715075246504903,0.9813366413739791
1529,debit_card_specializing,0,True,True,1,95ad987d7aa442b1,0.004,-0.02304408391332956,-1.5900417900197397,69,True,False,1.0,1.0,-0.02304408391332956,0.7777777777777778,0.78444856,0.0006735647,0.00019295432,5.8089554e-05,0.00016077254,0.00032313258,0.0007284679,0.0040193903,0.9996087,0.33809504,0.5312217007278812,0.48172073104828605,0.212285997641635,0.3365645081933753,0.3473286929393282
1529,debit_card_specializing,1,False,True,1,95ad987d7aa442b1,0.0,-0.021349499213237942,-1.4731154457134181,69,True,False,1.0,1.0,-0.021349499213237942,0.7777777777777778,0.78444856,0.0006735647,0.00019295432,5.8089554e-05,0.00016077254,0.00032313258,0.0007284679,0.0040193903,0.9996087,0.33809504,0.5312217007278812,0.47600742444731436,0.20677459239010257,0.33268731020543113,0.34301016489093955
1529,debit_card_specializing,2,False,True,1,af07bcacf0767677,0.0,-0.06905532902458561,-24.928973777875406,361,True,False,1.0,1.0,-0.06905532902458561,0.2222222222222222,0.7822764,0.00064033736,0.00014659208,9.416646e-05,0.00013309458,0.00032399478,0.0006151033,0.0010484942,0.9996879,0.3356285,0.5926803634028753,0.29269684344632596,0.10537237793175508,0.1634288281321184,0.24767612496418678
1529,debit_card_specializing,3,False,True,1,af07bcacf0767677,0.0,-0.09011953557870471,-28.6580123140281,318,True,False,1.0,1.0,-0.09011953557870471,0.2222222222222222,0.7106934,0.0007816781,0.00016120866,7.732397e-05,0.00018984191,0.00031528538,0.00091464026,0.0024356886,0.99956816,0.33566928,0.4073485177847359,0.35486143979883916,0.1942927729307829,0.23672734835891573,0.29347457798448406
1529,debit_card_specializing,4,False,True,1,95ad987d7aa442b1,0.0,-0.052939598965437644,-3.6528323286151974,69,True,False,1.0,1.0,-0.052939598965437644,0.7777777777777778,0.7760034,0.00069347356,0.00019620548,5.643186e-05,0.00016363329,0.00031462958,0.0007326919,0.0039269174,0.99959964,0.33797094,0.6513632263476148,0.5819414636637601,0.33570745752755576,0.4133949187868562,0.48969831885861814
1529,debit_card_specializing,5,False,True,1,95ad987d7aa442b1,0.0,-0.052939598965437644,-3.6528323286151974,69,True,False,1.0,1.0,-0.052939598965437644,0.7777777777777778,0.7760034,0.00069347356,0.00019620548,5.643186e-05,0.00016363329,0.00031462958,0.0007326919,0.0039269174,0.99959964,0.33797094,0.6513632263476148,0.5819414636637601,0.33570745752755576,0.4133949187868562,0.48969831885861814
1529,debit_card_specializing,6,False,True,1,95ad987d7aa442b1,0.0,-0.055655226449953826,-14.025117065388365,252,True,False,1.0,1.0,-0.055655226449953826,0.7777777777777778,0.82564735,0.00059090584,0.00017233017,6.047629e-05,0.00014407332,0.00027278872,0.0006596624,0.0023443284,0.9996761,0.3385009,0.294231038408331,0.590839621224813,0.5314416347132163,0.6833271353503578,0.5572460904650259
1529,debit_card_specializing,7,False,True,1,95ad987d7aa442b1,0.0,-0.052939598965437644,-3.6528323286151974,69,True,False,1.0,1.0,-0.052939598965437644,0.7777777777777778,0.7760034,0.00069347356,0.00019620548,5.643186e-05,0.00016363329,0.00031462958,0.0007326919,0.0039269174,0.99959964,0.33797094,0.6513632263476148,0.5819414636637601,0.3357074575275559,0.41339491878685625,0.48969831885861814
1529,debit_card_specializing,8,False,True,1,95ad987d7aa442b1,0.0,-0.021349499213237942,-1.4731154457134181,69,True,False,1.0,1.0,-0.021349499213237942,0.7777777777777778,0.78444856,0.0006735647,0.00019295432,5.8089554e-05,0.00016077254,0.00032313258,0.0007284679,0.0040193903,0.9996087,0.33815786,0.5312217007278812,0.47600742444731436,0.2067745923901025,0.33203128207431476,0.3422983552971891
1531,debit_card_specializing,0,True,True,1,f508f86f102e8bfc,0.004,-0.0271181098558518,-3.932125929098511,145,True,False,1.0,1.0,-0.0271181098558518,1.0,0.8650327,0.0004927774,9.879729e-05,0.0001377317,7.441927e-05,0.00026910278,0.00018973659,0.0002402039,0.9997255,0.34847403,0.7549215294974707,0.8437837314967369,0.8974474554328791,0.9859383610450287,0.9844577815863937
1531,debit_card_specializing,1,False,True,1,f508f86f102e8bfc,0.001,-0.023870506920368007,-3.461223503453361,145,True,False,1.0,1.0,-0.023870506920368007,1.0,0.8650327,0.0004927774,9.879729e-05,0.0001377317,7.441927e-05,0.00026910278,0.00018973659,0.0002402039,0.9997255,0.34847403,0.7549215294974707,0.8487981842458738,0.8990133180829518,0.9865552915133292,0.9851578715405889
1531,debit_card_specializing,2,False,True,1,f508f86f102e8bfc,0.0,-0.023870506920368007,-3.461223503453361,145,True,False,1.0,1.0,-0.023870506920368007,1.0,0.8650327,0.0004927774,9.879729e-05,0.0001377317,7.441927e-05,0.00026910278,0.00018973659,0.0002402039,0.9997255,0.34847403,0.754920376759226,0.8487981842458738,0.8990133180829518,0.9865552915133292,0.9851578787250883
1531,debit_card_specializing,3,False,True,1,f508f86f102e8bfc,0.0,-0.023870506920368007,-3.461223503453361,145,True,False,1.0,1.0,-0.023870506920368007,1.0,0.8650327,0.0004927774,9.879729e-05,0.0001377317,7.441927e-05,0.00026910278,0.00018973659,0.0002402039,0.9997255,0.34847403,0.754920376759226,0.8487981842458738,0.8990133180829518,0.9865552915133292,0.9851578787250883
1531,debit_card_specializing,4,False,True,1,f508f86f102e8bfc,0.0,-0.023870506920368007,-3.461223503453361,145,True,False,1.0,1.0,-0.023870506920368007,1.0,0.8650327,0.0004927774,9.879729e-05,0.0001377317,7.441927e-05,0.00026910278,0.00018973659,0.0002402039,0.9997255,0.34847403,0.754920376759226,0.8487981842458738,0.8990133180829518,0.9865552915133292,0.9851578787250883
1531,debit_card_specializing,5,False,True,1,f508f86f102e8bfc,0.0,-0.023870506920368007,-3.461223503453361,145,True,False,1.0,1.0,-0.023870506920368007,1.0,0.8650327,0.0004927774,9.879729e-05,0.0001377317,7.441927e-05,0.00026910278,0.00018973659,0.0002402039,0.9997255,0.34847403,0.754920376759226,0.8487981842458738,0.8990133180829518,0.9865552915133292,0.9851578787250883
1531,debit_card_specializing,6,False,True,1,f508f86f102e8bfc,0.0,-0.023870506920368007,-3.461223503453361,145,True,False,1.0,1.0,-0.023870506920368007,1.0,0.8650327,0.0004927774,9.879729e-05,0.0001377317,7.441927e-05,0.00026910278,0.00018973659,0.0002402039,0.9997255,0.34847403,0.754920376759226,0.8487981842458738,0.8990133180829518,0.9865552915133292,0.9851578787250883
1531,debit_card_specializing,7,False,True,1,f508f86f102e8bfc,0.0,-0.023870506920368007,-3.461223503453361,145,True,False,1.0,1.0,-0.023870506920368007,1.0,0.8650327,0.0004927774,9.879729e-05,0.0001377317,7.441927e-05,0.00026910278,0.00018973659,0.0002402039,0.9997255,0.34847403,0.7981905192072285,0.8487981842458738,0.8990133180829518,0.9865552915133292,0.9848857682583787
1531,debit_card_specializing,8,False,True,1,f508f86f102e8bfc,0.0,-0.023870506920368007,-3.461223503453361,145,True,False,1.0,1.0,-0.023870506920368007,1.0,0.8650327,0.0004927774,9.879729e-05,0.0001377317,7.441927e-05,0.00026910278,0.00018973659,0.0002402039,0.9997255,0.34847403,0.7773041303140392,0.8487981842458738,0.8990133180829518,0.9865552915133292,0.9850177231779853
1533,debit_card_specializing,0,True,True,10,23636fda05a4ba4a,0.0,-0.03071777068241916,-2.3959861132286946,78,True,False,1.0,1.0,-0.03071777068241916,1.0,0.4119871,0.00043211793,8.951529e-05,8.645066e-05,8.505531e-05,0.0005291664,0.0006837793,2.1025222e-05,0.99948335,0.331964,0.0600919395919072,0.8380682433533451,0.08219396475993897,0.7059088539028446,0.7581514760817564
1533,debit_card_specializing,1,False,True,10,23636fda05a4ba4a,0.0,-0.028236242984474788,-2.00477325189771,71,True,False,1.0,1.0,-0.028236242984474788,1.0,0.4119871,0.00043211793,8.951529e-05,8.645066e-05,8.505531e-05,0.0005291664,0.0006837793,2.1025222e-05,0.99948335,0.33197308,0.0675520469191221,0.8420261921865385,0.08318680156554925,0.7130186517090759,0.7640268735508893
1533,debit_card_specializing,2,False,True,10,23636fda05a4ba4a,0.0,-0.03826073960969042,-2.75477325189771,72,True,False,1.0,1.0,-0.03826073960969042,1.0,0.4119871,0.00043211793,8.951529e-05,8.645066e-05,8.505531e-05,0.0005291664,0.0006837793,2.1025222e-05,0.99948335,0.33197308,0.0675523251618585,0.8255461081181978,0.07924201163890655,0.6834502667218727,0.7369976097325148
1533,debit_card_specializing,3,False,True,10,23636fda05a4ba4a,0.0,-0.03826073960969042,-2.75477325189771,72,True,False,1.0,1.0,-0.03826073960969042,1.0,0.41198727,0.0004321181,8.951529e-05,8.6450586e-05,8.5055224e-05,0.0005291664,0.0006837793,2.1025222e-05,0.99948335,0.33197308,0.0675520469191221,0.8255461081181978,0.07924209175791465,0.6834501117249373,0.73699750253705
1533,debit_card_specializing,4,False,True,10,23636fda05a4ba4a,0.0,-0.03826073960969042,-2.75477325189771,72,True,False,1.0,1.0,-0.03826073960969042,1.0,0.41198727,0.0004321181,8.951529e-05,8.6450586e-05,8.5055224e-05,0.0005291664,0.0006837793,2.1025222e-05,0.99948335,0.33197308,0.0675520469191221,0.8255461081181978,0.07924209175791465,0.6834501117249373,0.73699750253705
1533,debit_card_specializing,5,False,True,10,23636fda05a4ba4a,0.0,-0.03826073960969042,-2.75477325189771,72,True,False,1.0,1.0,-0.03826073960969042,1.0,0.41198727,0.0004321181,8.951529e-05,8.6450586e-05,8.5055224e-05,0.0005291664,0.0006837793,2.1025222e-05,0.99948335,0.33197308,0.0675523251618585,0.8255461081181978,0.07924209175791465,0.6834501117249373,0.7369974795483916
1533,debit_card_specializing,6,False,True,10,23636fda05a4ba4a,0.0,-0.03826073960969042,-2.75477325189771,72,True,False,1.0,1.0,-0.03826073960969042,1.0,0.41198727,0.0004321181,8.951529e-05,8.6450586e-05,8.5055224e-05,0.0005291664,0.0006837793,2.1025222e-05,0.99948335,0.33197308,0.0675523251618585,0.8255461081181978,0.07924209175791465,0.6834501117249373,0.7369974795483916
1533,debit_card_specializing,7,False,True,10,23636fda05a4ba4a,0.0,-0.028236242984474788,-2.00477325189771,71,True,False,1.0,1.0,-0.028236242984474788,1.0,0.41198727,0.0004321181,8.951529e-05,8.6450586e-05,8.5055224e-05,0.0005291664,0.0006837793,2.1025222e-05,0.99948335,0.33197308,0.0675520469191221,0.8420261921865385,0.0831868853126648,0.7130185051108164,0.7640267524622394
1533,debit_card_specializing,8,False,True,10,23636fda05a4ba4a,0.0,-0.03826073960969042,-2.75477325189771,72,True,False,1.0,1.0,-0.03826073960969042,1.0,0.41198727,0.0004321181,8.951529e-05,8.6450586e-05,8.5055224e-05,0.0005291664,0.0006837793,2.1025222e-05,0.99948335,0.33197308,0.0675520469191221,0.8255461081181978,0.07924209175791465,0.6834501117249373,0.73699750253705
